source_unit_id,reign,source_entity_id,史料名,卷次,原纪年,网页公历标示,当日条次,直接记录网址,stable_locator,数字底本说明,证据等级,说明
QH-SU-KX-0001,kangxi,SRC-027,圣祖仁皇帝实录,卷1,顺治十八年正月初九日,1661,1/3,https://sillok.history.go.kr/mc/id/qsilok_005_0010_0010_0010_0030_0010,https://ctext.org/wiki.pl?if=gb&chapter=339259,卷1属于中国第一历史档案馆藏原皇史宬大红绫本所据范围；ctext卷页见稳定卷页列。,同时代·官方,即位礼与宣布次年为康熙元年的同日记录
QH-SU-KX-0300A,kangxi,SRC-027,圣祖仁皇帝实录,卷300,康熙六十一年十一月十三日,1722,1/2,https://sillok.history.go.kr/mc/id/qsilok_005_3000_0010_0010_0110_0010,https://ctext.org/wiki.pl?if=gb&chapter=799117,卷300属于故宫博物院图书馆藏原乾清宫小红绫本所据范围；ctext卷页见稳定卷页列。,同时代·官方,崩逝过程与御榻口谕。本条只写寝宫，未写畅春园或清溪书屋。口谕与同日第2/2条遗诏文本分层保存。页面仅标公历年1722。
QH-SU-KX-0300,kangxi,SRC-027,圣祖仁皇帝实录,卷300,康熙六十一年十一月十三日,1722,2/2,https://sillok.history.go.kr/mc/id/qsilok_005_3000_0010_0010_0110_0020,https://ctext.org/wiki.pl?if=gb&chapter=799117,卷300属于故宫博物院图书馆藏原乾清宫小红绫本所据范围；ctext卷页见稳定卷页列。,同时代·官方,遗诏文本；文本存在不等于遗诏形成与传达争议已解决
QH-SU-QSG-0214,kangxi,SRC-025,清史稿,卷214,圣祖四后列传,,孝诚至孝恭四传,https://zh.wikisource.org/wiki/清史稿/卷214,,维基文库《清史稿》卷214后妃传。后出纪传体，可与本纪矛盾，不作终审。,后出,圣祖孝诚、孝昭、孝懿、孝恭。身份须按时态称号记录，不得只用最终谥号。玉牒原件未见。
QH-SU-QSG-0006,kangxi,SRC-025,清史稿,卷6,康熙四年至二十年相关条,,本纪多日,https://zh.wikisource.org/wiki/清史稿/卷6,,维基文库《清史稿》卷6圣祖本纪一。后出本纪，不作终审。,后出,已核：四年九月辛卯册赫舍里氏；十三年五月丙寅胤礽生、皇后崩；十四年十二月丙寅立胤礽为皇太子；十六年八月丙寅册钮祜禄氏后、佟佳氏贵妃；十七年二月丁卯孝昭崩；二十年三月辛酉葬仁孝、孝昭于昌瑞山。立太子日与列传乙丑冲突。
QH-SU-QSG-0007,kangxi,SRC-025,清史稿,卷7,康熙二十八年七月,1689,本纪条,https://zh.wikisource.org/wiki/清史稿/卷7,,维基文库《清史稿》卷7圣祖本纪二。后出本纪，不作终审。,后出,二十八年秋七月癸卯册立贵妃佟氏为皇后；甲辰皇后崩，谥曰孝懿。
QH-SU-QSG-0009,kangxi,SRC-025,清史稿,卷9,雍正元年五月辛丑,1723,本纪条,https://zh.wikisource.org/wiki/清史稿/卷9,,维基文库《清史稿》卷9世宗本纪。后出本纪，不作终审。,后出,辛丑，仁寿皇太后崩，帝之生母也。徽号是否已上册，与后妃传「未上册」冲突。
QH-SU-KX-0048,kangxi,SRC-002,圣祖仁皇帝实录,卷48,康熙十三年六月庚申至辛酉,1674,庚申册谥；辛酉颁诏,https://ctext.org/wiki.pl?if=gb&chapter=693352,https://ctext.org/wiki.pl?if=gb&chapter=693352,ctext《清實錄康熙朝實錄》卷之四十八转录，不是韩国站条次级页面。维基文库卷之四十八本次未见正文。待回一史馆或韩国站核原本图像。,同时代·官方,庚申册谥册文称何舍里氏作朕元配、谥仁孝皇后。辛酉颁诏：五月初三日崩逝；六月二十七日册谥为仁孝皇后礼成。
QH-SU-QSG-0164,kangxi,SRC-025,清史稿,卷164,皇子世表四圣祖系,,圣祖系全表,https://zh.wikisource.org/wiki/清史稿/卷164,,维基文库《清史稿》卷164皇子世表四。后出表，不作玉牒替代，不作终审。,后出,圣祖系入序第一至第二十四子，缺第四子行；卷末另列早薨未入序诸子。第四子即后来世宗，子孙见卷165，不能读成康熙无第四子。胤礽行作十四年立太子、四十六年废，与本纪八四十七年废冲突。
QH-SU-QSG-0008,kangxi,SRC-025,清史稿,卷8,康熙四十七年至五十七年储位相关条,,本纪多日,https://zh.wikisource.org/wiki/清史稿/卷8,,维基文库《清史稿》卷8圣祖本纪三。后出本纪，不作终审。,后出,已核：四十七年九月丁丑拘执、丁酉颁废；十一月削胤禔、议储请胤禩不许、戊子释废太子；四十八年三月辛巳复立；五十一年九月庚戌再废锢咸安宫、十一月丁未告庙；五十七年二月癸卯朱天保请复立被诛。不得据此把崩逝改写成畅春园。
QH-SU-QSG-0220,kangxi,SRC-025,清史稿,卷220,理密亲王允礽传,,列传,https://zh.wikisource.org/wiki/清史稿/卷220,,维基文库《清史稿》卷220诸王传。后出列传，可与本纪矛盾，不作终审。,后出,理密亲王允礽：十四年十二月乙丑立为皇太子；四十七年九月废；四十八年三月辛巳复立；五十一年十月复废锢咸安宫。立储日、再废月份与本纪冲突。罪状、狂易、魇魅均为上谕/传文用词，不得写成已核诊断。
QH-SU-KX-0234A,kangxi,SRC-027,圣祖仁皇帝实录,卷234,康熙四十七年九月乙亥,1708,1/2,https://sillok.history.go.kr/mc/id/qsilok_005_2340_0010_0010_0020_0010,https://ctext.org/wiki.pl?if=gb&chapter=128180,卷234属于故宫博物院图书馆藏原乾清宫小红绫本所据范围；ctext卷页见稳定卷页列。,同时代·官方,九月初二乙亥驻跸布尔哈苏台。同条前有十八阿哥病「諒已無濟」谕，不得写成废太子原因。页面仅标公历年1708。
QH-SU-KX-0234B,kangxi,SRC-027,圣祖仁皇帝实录,卷234,康熙四十七年九月丁丑,1708,1/2,https://sillok.history.go.kr/mc/id/qsilok_005_2340_0010_0010_0030_0010,https://ctext.org/wiki.pl?if=gb&chapter=128180,卷234属于故宫博物院图书馆藏原乾清宫小红绫本所据范围；ctext卷页见稳定卷页列。,同时代·官方,九月初四丁丑长谕与拘执。上谕「生而剋母」等只记为用语，不得写成已核诊断或死因。与同日第2/2条允祄薨分层。页面仅标公历年1708。
QH-SU-KX-0234C,kangxi,SRC-027,圣祖仁皇帝实录,卷234,康熙四十七年九月丁丑,1708,2/2,https://sillok.history.go.kr/mc/id/qsilok_005_2340_0010_0010_0030_0020,https://ctext.org/wiki.pl?if=gb&chapter=128180,卷234属于故宫博物院图书馆藏原乾清宫小红绫本所据范围；ctext卷页见稳定卷页列。,同时代·官方,同日第2/2条：皇子允祄薨。不得与第1/2条拘执合成因果关系。页面仅标公历年1708。
QH-SU-KX-0234D,kangxi,SRC-027,圣祖仁皇帝实录,卷234,康熙四十七年九月丁酉,1708,1/2,https://sillok.history.go.kr/mc/id/qsilok_005_2340_0010_0010_0190_0010,https://ctext.org/wiki.pl?if=gb&chapter=128180,卷234属于故宫博物院图书馆藏原乾清宫小红绫本所据范围；ctext卷页见稳定卷页列。,同时代·官方,九月二十四丁酉颁诏废太子。诏书自述九月十八日告祭，与丁丑拘执、丁酉颁诏分三日。诏文「狂易成疾」只记为用语。页面仅标公历年1708。
QH-SU-KX-0234E,kangxi,SRC-027,圣祖仁皇帝实录,卷234,康熙四十七年九月戊戌,1708,1/2,https://sillok.history.go.kr/mc/id/qsilok_005_2340_0010_0010_0200_0010,https://ctext.org/wiki.pl?if=gb&chapter=128180,卷234属于故宫博物院图书馆藏原乾清宫小红绫本所据范围；ctext卷页见稳定卷页列。,同时代·官方,九月二十五戊戌上谕转述拘禁时允禔奏对。不得写成八爷党或镇魇已证。页面仅标公历年1708。
QH-SU-KX-0237A,kangxi,SRC-027,圣祖仁皇帝实录,卷237,康熙四十八年三月辛巳,1709,1/3,https://sillok.history.go.kr/mc/id/qsilok_005_2370_0010_0010_0070_0010,https://ctext.org/wiki.pl?if=gb&chapter=635544,卷237属于故宫博物院图书馆藏原乾清宫小红绫本所据范围；ctext卷页见稳定卷页列。,同时代·官方,三月初十辛巳授册宝复立皇太子并复封皇太子妃。当日1/3；2/3、3/3未拆入本单元。页面仅标公历年1709。
QH-SU-QSG-0166,kangxi,SRC-025,清史稿,卷166,公主表圣祖系,,圣祖二十女加抚育一女,https://zh.wikisource.org/wiki/清史稿/卷166,,维基文库《清史稿》卷166公主表。后出表，不作玉牒替代，不作终审。,后出,圣祖亲生女第一至第二十，另附抚弟恭亲王常宁第一女。和硕/固伦、下嫁、生薨按表登记。追进固伦不得写成生前进封。额驸同名不自动合并。玉牒原件未见。
QH-SU-KX-0058A,kangxi,SRC-027,圣祖仁皇帝实录,卷58,康熙十四年十二月十三日,1676,1/2,https://sillok.history.go.kr/mc/id/qsilok_005_0580_0010_0020_0090_0010,https://ctext.org/wiki.pl?if=gb&chapter=62491,卷58属于中国第一历史档案馆藏原皇史宬大红绫本所据范围；ctext卷页见稳定卷页列。,同时代·官方,立太子丙寅条。册立仪与正副使。同日第2/2条为户部折征军饷，不拆入。
QH-SU-KX-0251A,kangxi,SRC-027,圣祖仁皇帝实录,卷251,康熙五十一年九月三十日,1712,2/2,https://sillok.history.go.kr/mc/id/qsilok_005_2510_0010_0010_0250_0020,https://ctext.org/wiki.pl?if=gb&chapter=796471,卷251属于故宫博物院图书馆藏原乾清宫小红绫本所据范围；ctext卷页见稳定卷页列。,同时代·官方,再废第一日：谕诸皇子拘执看守，未写废字与咸安宫。同日第1/2条回驻见QH-SU-KX-0251C。明日指十月初一辛亥。
QH-SU-KX-0251C,kangxi,SRC-027,圣祖仁皇帝实录,卷251,康熙五十一年九月三十日,1712,1/2,https://sillok.history.go.kr/mc/id/qsilok_005_2510_0010_0010_0250_0010,https://ctext.org/wiki.pl?if=gb&chapter=796471,卷251属于故宫博物院图书馆藏原乾清宫小红绫本所据范围；ctext卷页见稳定卷页列。,同时代·官方,庚戌。上奉皇太后回驻畅春园。同日第2/2条才是拘执谕。不得写入咸安宫。不得改写卷300寝宫。
QH-SU-KX-0300C,kangxi,SRC-027,圣祖仁皇帝实录,卷300,康熙六十一年十一月七日,1722,1/1,https://sillok.history.go.kr/mc/id/qsilok_005_3000_0010_0010_0050_0010,https://ctext.org/wiki.pl?if=gb&chapter=799117,卷300属于故宫博物院图书馆藏原乾清宫小红绫本所据范围；ctext卷页见稳定卷页列。,同时代·官方,戊子。上不豫。自南苑回驻畅春园。这是不豫与回驻，不是崩日。甲午寝宫见QH-SU-KX-0300A，不得用本条改写崩地。
QH-SU-KX-0251B,kangxi,SRC-027,圣祖仁皇帝实录,卷251,康熙五十一年十月初一日,1712,4/64,https://sillok.history.go.kr/mc/id/qsilok_005_2510_0010_0020_0010_0040,https://ctext.org/wiki.pl?if=gb&chapter=796471,卷251属于故宫博物院图书馆藏原乾清宫小红绫本所据范围；ctext卷页见稳定卷页列。,同时代·官方,再废第二日：御笔朱书谕仍行废黜禁锢。同日第1-3条为祭祀与时宪历，不拆入。本条仍无咸安宫。
QH-SU-KX-0056A,kangxi,SRC-027,圣祖仁皇帝实录,卷56,康熙十四年六月癸亥,1675,1/3,https://sillok.history.go.kr/mc/id/qsilok_005_0560_0010_0010_0050_0010,https://ctext.org/wiki.pl?if=gb&chapter=876005,卷56属于中国第一历史档案馆藏原皇史宬大红绫本所据范围；ctext卷页见稳定卷页列。,同时代·官方,谕礼部以嫡子允礽为皇太子并选择吉期。不是册立当日。同日第2/3条为人事升迁，不拆入。页面仅标公历年1675。通行「六月初三日」与本条癸亥（初六）不符。
QH-SU-KX-QSG-0006B,kangxi,SRC-025,清史稿,卷6,康熙十二年至十九年（三藩之乱）,,本纪多日,https://zh.wikisource.org/wiki/清史稿/卷6,,维基文库《清史稿》卷6圣祖本纪一。后出本纪，不作终审。,后出,三藩之乱：尚可喜请老、吴三桂反、耿精忠反、王辅臣叛降、尚之信劫父降贼及降清、吴三桂僭号衡州及死、尚之信赐死。逐日以本纪为据，实录待回。
QH-SU-KX-QSG-0260,kangxi,SRC-025,清史稿,卷260,康熙二十二年（平台湾）,,施琅传,https://zh.wikisource.org/wiki/清史稿/卷260,,维基文库《清史稿》卷260施琅传。后出纪传体，不作终审。,后出,施琅复授水师提督、攻澎湖、郑克塽降、入台缴延平王印、封靖海侯。澎湖之战与台湾平分层记。
QH-SU-KX-QSG-0007B,kangxi,SRC-025,清史稿,卷7,康熙二十九至三十六年（三征噶尔丹）,,本纪多日,https://zh.wikisource.org/wiki/清史稿/卷7,,维基文库《清史稿》卷7圣祖本纪二。后出本纪，不作终审。,后出,噶尔丹入犯乌珠穆秦、乌兰布通之战、昭莫多之战、噶尔丹乞降及仰药死。逐日以本纪为据，实录待回。
QH-SU-KX-QSG-0007C,kangxi,SRC-025,清史稿,卷7,康熙二十三至二十八年（雅克萨与尼布楚）,,本纪多日,https://zh.wikisource.org/wiki/清史稿/卷7,,维基文库《清史稿》卷7圣祖本纪二。后出本纪，不作终审。,后出,罗刹那踞雅克萨、彭春攻雅克萨、萨布素再围、俄罗斯请解围、索额图赴尼布楚立约定界。逐日以本纪为据，实录/方略待回。
QH-SU-KX-QSG-0007D,kangxi,SRC-025,清史稿,卷7,康熙二十七年至三十三年（靳辅治河案）,,本纪多日,https://zh.wikisource.org/wiki/清史稿/卷7,,维基文库《清史稿》卷7圣祖本纪二。后出本纪，不作终审。,后出,靳辅于成龙会议治河、河工案靳辅削官、康熙二十八年复官、三十一年再任及卒于任。逐日以本纪为据，实录待回。
QH-SU-KX-QSG-0008A,kangxi,SRC-025,清史稿,卷8,康熙四十九年三月乙亥,1710,本纪条,https://zh.wikisource.org/wiki/清史稿/卷8,,维基文库《清史稿》卷8圣祖本纪三。后出本纪，不作终审。,后出,乙亥命编纂字典。五十五年成书见于字典序，本纪此卷未见成书条。
QH-SU-KX-QSG-0006C,kangxi,SRC-025,清史稿,卷6,康熙六年与十一年（世祖实录修成）,1672,本纪条,https://zh.wikisource.org/wiki/清史稿/卷6,,维基文库《清史稿》卷6圣祖本纪一。后出本纪，不作终审。,后出,六年九月丙午命修世祖实录；十一年五月乙丑世祖实录成。编纂主持者待核。
QH-SU-KX-QSG-0006D,kangxi,SRC-025,清史稿,卷6,康熙八年二月庚午,1669,本纪条,https://zh.wikisource.org/wiki/清史稿/卷6,,维基文库《清史稿》卷6圣祖本纪一，1928年民国排印本，后出本纪不作终审。,后出,命行南怀仁推算历法。
QH-SU-KX-QSG-0006E,kangxi,SRC-025,清史稿,卷6,康熙十三年二月,1674,本纪条,https://zh.wikisource.org/wiki/清史稿/卷6,,维基文库《清史稿》卷6圣祖本纪一，1928年民国排印本，后出本纪不作终审。,后出,钦天监新造仪象成。
QH-SU-KX-QSG-0006F,kangxi,SRC-025,清史稿,卷6,康熙十六年二月辛未,1677,本纪条,https://zh.wikisource.org/wiki/清史稿/卷6,,维基文库《清史稿》卷6圣祖本纪一，1928年民国排印本，后出本纪不作终审。,后出,以靳辅为河道总督。
QH-SU-KX-QSG-0006G,kangxi,SRC-025,清史稿,卷6,康熙十八年七月甲午,1679,本纪条,https://zh.wikisource.org/wiki/清史稿/卷6,,维基文库《清史稿》卷6圣祖本纪一，1928年民国排印本，后出本纪不作终审。,后出,靳辅疏报淮扬坝工成，涸出田地。
QH-SU-KX-QSG-0007E,kangxi,SRC-025,清史稿,卷7,康熙二十三年正月壬辰,1684,本纪条,https://zh.wikisource.org/wiki/清史稿/卷7,,维基文库《清史稿》卷7圣祖本纪二，1928年民国排印本，后出本纪不作终审。,后出,罗刹踞雅克萨、尼布潮二城，萨布素以兵临之。
QH-SU-KX-QSG-0007G,kangxi,SRC-025,清史稿,卷7,康熙二十四年十一月丙子,1685,本纪条,https://zh.wikisource.org/wiki/清史稿/卷7,,维基文库《清史稿》卷7圣祖本纪二，1928年民国排印本，后出本纪不作终审。,后出,靳辅、于成龙会议治河方略，靳辅议开六河建长堤。
QH-SU-KX-QSG-0007J,kangxi,SRC-025,清史稿,卷7,康熙二十九年七月癸卯,1690,本纪条,https://zh.wikisource.org/wiki/清史稿/卷7,,维基文库《清史稿》卷7圣祖本纪二，1928年民国排印本，后出本纪不作终审。,后出,噶尔丹入犯乌珠穆秦，上亲征发京师。
QH-SU-KX-QSG-0007M,kangxi,SRC-025,清史稿,卷7,康熙三十五年七月戊午,1696,本纪条,https://zh.wikisource.org/wiki/清史稿/卷7,,维基文库《清史稿》卷7圣祖本纪二，1928年民国排印本，后出本纪不作终审。,后出,以平定朔漠勒石太学。
QH-SU-KX-QSG-0272A,kangxi,SRC-025,清史稿,卷272,康熙五年,1666,列传汤若望,https://zh.wikisource.org/wiki/清史稿/卷272,,维基文库《清史稿》卷272汤若望杨光先南怀仁传，1928年民国排印本，列传补本纪细节。,后出,杨光先叩阍斥汤若望新法十谬，议凌迟得旨免死，自是废新法不用。
QH-SU-KX-QSG-0153A,kangxi,SRC-025,清史稿,卷153,康熙二十八年冬十二月,1689,邦交志一俄罗斯,https://zh.wikisource.org/wiki/清史稿/卷153,,维基文库《清史稿》卷153邦交志一·俄罗斯，1928年民国排印本，志书补本纪不载的边界条款。,后出,定黑龙江界立约七条：格尔必齐河、额尔古纳河为界，用满汉拉丁蒙古俄五体文字。
QH-SU-KX-QSG-0008B,kangxi,SRC-025,清史稿,卷8,康熙五十六年夏四月丙申,1717,本纪条,https://zh.wikisource.org/wiki/清史稿/卷8,,维基文库《清史稿》卷8圣祖本纪三，1928年民国排印本，后出本纪不作终审。,后出,碣石镇总兵陈昂奏天主教堂各省林立宜行禁止，从之。
QH-SU-KX-QSG-0006H,kangxi,SRC-025,清史稿,卷6,康熙二十年十一月辛亥,1681,本纪条,https://zh.wikisource.org/wiki/清史稿/卷6,,维基文库《清史稿》卷6圣祖本纪一，1928年民国排印本，后出本纪不作终审。,后出,王师十月二十八日入云南城，吴世璠自杀传首，云南平。
QH-SU-KX-TXGY-0001A,kangxi,SRC-029,庭训格言,全书,雍正八年编,1730,不为书所愚条,https://zh.wikisource.org/wiki/%E5%BA%AD%E8%A8%93%E6%A0%BC%E8%A8%80_%28%E5%9B%9B%E5%BA%AB%E5%85%A8%E6%9B%B8%E6%9C%AC%29,,维基文库标点排印。雍正朝追录康熙口训。不是原档。,同时代·官方,凡看书不为书所愚始善；斥风不鸣条雨不破块为粉饰空文。短引。
QH-SU-KX-TXGY-0001B,kangxi,SRC-029,庭训格言,全书,雍正八年编,1730,景山谤书条,https://zh.wikisource.org/wiki/%E5%BA%AD%E8%A8%93%E6%A0%BC%E8%A8%80_%28%E5%9B%9B%E5%BA%AB%E5%85%A8%E6%9B%B8%E6%9C%AC%29,,维基文库标点排印。雍正朝追录康熙口训。不是原档。,同时代·官方,三藩时景山路旁投谤书，朕置若罔闻。短引。
QH-SU-KX-TXGY-0001C,kangxi,SRC-029,庭训格言,全书,雍正八年编,1730,偏好投好条,https://zh.wikisource.org/wiki/%E5%BA%AD%E8%A8%93%E6%A0%BC%E8%A8%80_%28%E5%9B%9B%E5%BA%AB%E5%85%A8%E6%9B%B8%E6%9C%AC%29,,维基文库标点排印。雍正朝追录康熙口训。不是原档。,同时代·官方,一有偏好则下必投其所好以诱之；凡艺俱不能溺我。短引。
QH-SU-KX-SZSL-0001A,kangxi,SRC-031,圣祖仁皇帝实录,卷之一百七,康熙二十二年二月甲申,1683,甲申随驾条,https://zh.wikisource.org/wiki/清實錄/聖祖仁皇帝實錄/卷之一百七,https://ctext.org/wiki.pl?if=gb&chapter=227212,维基文库标点排印。官修编年层。同日施琅请剿澎湖条未拆入。ctext chapter 见稳定卷页。,同时代·官方,二月十二甲申。上幸五台山，命皇太子允礽随驾；是日启行，驻跸琉璃河。时允礽九岁是后出推算，本条只写随驾。
QH-SU-KX-SZSL-0002A,kangxi,SRC-031,圣祖仁皇帝实录,卷之一百七十,康熙三十五年正月甲戌,1696,甲戌疏请,https://zh.wikisource.org/wiki/清實錄/聖祖仁皇帝實錄/卷之一百七十,https://ctext.org/wiki.pl?if=gb&chapter=192384,维基文库标点排印。官修编年层。与同日得旨见QH-SU-KX-SZSL-0002B，同条不拆成两日。ctext chapter 见稳定卷页。,同时代·官方,正月十七甲戌。汉大学士九卿科道疏请特简中路大将军，似不必以稽诛小寇躬临壁垒。短引。
QH-SU-KX-SZSL-0002B,kangxi,SRC-031,圣祖仁皇帝实录,卷之一百七十,康熙三十五年正月甲戌,1696,甲戌得旨,https://zh.wikisource.org/wiki/清實錄/聖祖仁皇帝實錄/卷之一百七十,https://ctext.org/wiki.pl?if=gb&chapter=192384,维基文库标点排印。官修编年层。与同日疏请见QH-SU-KX-SZSL-0002A，同条不拆成两日。ctext chapter 见稳定卷页。,同时代·官方,正月十七甲戌得旨。上谕向年乌兰布通之役中贼计致噶尔丹遁走。短引。不得与本纪福全误信喇嘛并成一条。
QH-SU-KX-SZSL-0002C,kangxi,SRC-031,圣祖仁皇帝实录,卷之一百八十三,康熙三十六年五月癸卯,1697,癸卯平定回顾,https://zh.wikisource.org/wiki/清實錄/聖祖仁皇帝實錄/卷之一百八十三,https://ctext.org/wiki.pl?if=gb&chapter=226945,维基文库标点排印。官修编年层。同日礼部请上尊号，不许。ctext chapter 见稳定卷页。,同时代·官方,五月二十四癸卯。上谕回顾噶尔丹破回部一千二百余城，及受纳喀尔喀之内附。短引。
QH-SU-KX-SX-0001A,kangxi,SRC-055,聖祖仁皇帝聖訓（四庫全書本）,序,雍正九年十二月二十日,1732,雍正御制序实录为经圣训为纬,https://zh.wikisource.org/wiki/聖祖仁皇帝聖訓_(四庫全書本),,维基文库标点排印。四库刻本层。正文各卷本次未见可引分页。,同时代·官方,序称以实录为经以圣训为纬，于编年见因时之宜，于分类见随事之要。短引。不得写成实录，也不得写成六十卷正文已开。
QH-SU-KX-SX-0001B,kangxi,SRC-055,聖祖仁皇帝聖訓（四庫全書本）,序,雍正九年十二月二十日,1732,雍正御制序分门恭辑六十卷,https://zh.wikisource.org/wiki/聖祖仁皇帝聖訓_(四庫全書本),,维基文库标点排印。四库刻本层。六十卷本不是后出四十卷本。,同时代·官方,序称复令纂修诸臣分类恭辑圣训六十卷。短引。不得把四十卷本QH-W-073写成同一部。
QH-SU-KX-YZWJ-0001A,kangxi,SRC-058,聖祖仁皇帝御製文集（四庫全書本）,提要,乾隆三十九年二月,1774,四库馆臣提要初集至三集刊成,https://zh.wikisource.org/wiki/聖祖仁皇帝御製文集_(四庫全書本),,维基文库标点排印。四库馆臣案语层，不是康熙自撰，也不是文集正文。,同时代·官方,提要称康熙二十二年以前为初集，三十六年以前为二集，五十年以前为三集，告成于康熙五十三年七月。短引。
QH-SU-KX-YZWJ-0001B,kangxi,SRC-058,聖祖仁皇帝御製文集（四庫全書本）,提要,乾隆三十九年二月,1774,四库馆臣提要四集刊成与总卷,https://zh.wikisource.org/wiki/聖祖仁皇帝御製文集_(四庫全書本),,维基文库标点排印。四库馆臣案语层，不是康熙自撰，也不是文集正文。,同时代·官方,提要称五十一年以后迄六十一年为四集，刊成于雍正十年十二月；为卷都一百七十六。短引。不得写成四集正文已开。
QH-SU-YZ-QSG-0009A,yongzheng,SRC-025,清史稿,卷9,康熙六十一年十一月,1722,本纪条,https://zh.wikisource.org/wiki/清史稿/卷9,,维基文库《清史稿》卷9世宗本纪。后出本纪，不作终审。,后出,畅春园不豫、甲午大渐宣诏嗣位、圣祖崩、辛丑即位、明年雍正元年、四人总理事务、召胤禵。甲午=十一月十三日与实录崩日同；辛丑即位比遗诏文本晚七日。不得把改诏说写进本条。
QH-SU-YZ-QSG-0009B,yongzheng,SRC-025,清史稿,卷9,康熙六十一年十二月,1723,本纪条,https://zh.wikisource.org/wiki/清史稿/卷9,,维基文库《清史稿》卷9世宗本纪。后出本纪，不作终审。,后出,壬戌封廉亲王、怡亲王等。甲子命隆科多为吏部尚书。不得据此写成九子夺嫡结束。
QH-SU-YZ-QSG-0009C,yongzheng,SRC-025,清史稿,卷9,雍正元年三月甲申,1723,本纪条,https://zh.wikisource.org/wiki/清史稿/卷9,,维基文库《清史稿》卷9世宗本纪。后出本纪，不作终审。,后出,加隆科多、马齐、年羹尧太保；封年羹尧三等公。太保与公爵同日条，仍分主张。
QH-SU-YZ-QSG-0009D,yongzheng,SRC-025,清史稿,卷9,雍正元年八月甲子,1723,本纪条,https://zh.wikisource.org/wiki/清史稿/卷9,,维基文库《清史稿》卷9世宗本纪。后出本纪，不作终审。,后出,召王大臣九卿面谕建储：亲写密封藏正大光明匾额之后。自述去年十一月仓卒一言而定，是上谕用语，不是对改诏说的裁断。
QH-SU-YZ-QSG-0009E,yongzheng,SRC-025,清史稿,卷9,雍正元年九月至十二月,1723,本纪多日,https://zh.wikisource.org/wiki/清史稿/卷9,,维基文库《清史稿》卷9世宗本纪。后出本纪，不作终审。,后出,九月丁丑朔葬圣祖于景陵、孝恭皇后祔；十月戊申授年羹尧抚远大将军；十二月丁卯册嫡妃那拉氏为皇后、封年氏为贵妃。孝恭祔葬不能倒写成康熙朝皇后。
QH-SU-YZ-QSG-0009H,yongzheng,SRC-025,清史稿,卷9,雍正二年三月,1724,本纪条,https://zh.wikisource.org/wiki/清史稿/卷9,,维基文库《清史稿》卷9世宗本纪。后出本纪，不作终审。,后出,岳钟琪师抵贼巢，罗卜藏丹津遁，青海平。封年羹尧一等公、岳钟琪三等公。战况细节待方略与实录。
QH-SU-YZ-QSG-0009I,yongzheng,SRC-025,清史稿,卷9,雍正三年三月至十二月,1725,本纪多日,https://zh.wikisource.org/wiki/清史稿/卷9,,维基文库《清史稿》卷9世宗本纪。后出本纪，不作终审。,后出,辛酉责夕惕朝乾；四月调杭州将军；六月削太保；七月削隆科多太保、年羹尧黜为闲散；十二月甲戌议罪九十二款、赐死。赐死与列传自裁并存。
QH-SU-YZ-QSG-0009K,yongzheng,SRC-025,清史稿,卷9,雍正四年正月戊戌,1726,本纪条,https://zh.wikisource.org/wiki/清史稿/卷9,,维基文库《清史稿》卷9世宗本纪。后出本纪，不作终审。,后出,宣诏罪状皇八弟胤禩，易名阿其那。阿其那释义待满文与上谕专条，本条只记本纪用字。
QH-SU-YZ-QSG-0009L,yongzheng,SRC-025,清史稿,卷9,雍正五年六月至十月,1727,本纪多日,https://zh.wikisource.org/wiki/清史稿/卷9,,维基文库《清史稿》卷9世宗本纪。后出本纪，不作终审。,后出,六月隆科多以罪削爵；十月丁亥会审大罪五十，得旨著禁锢。款数与列传四十一款冲突。本纪此条未写畅春园外筑屋。世宗实录已钉六月八日调回、二十二日革爵，见QH-SU-YZ-QSL-0058A/B。
QH-SU-YZ-QSG-0009N,yongzheng,SRC-025,清史稿,卷9,雍正十年六月辛巳,1732,本纪条,https://zh.wikisource.org/wiki/清史稿/卷9,,维基文库《清史稿》卷9世宗本纪。后出本纪，不作终审。,后出,办理军机大臣议奏恤赠条下，本纪云军机大臣之设始于此。实录七年六月密办军需、年表七年六月始设军机房，三说并存，不得用本条否证或改写成七年。
QH-SU-YZ-QSG-0009M,yongzheng,SRC-025,清史稿,卷9,雍正十三年八月,1735,本纪条,https://zh.wikisource.org/wiki/清史稿/卷9,,维基文库《清史稿》卷9世宗本纪。后出本纪，不作终审。,后出,丁亥不豫，戊子大渐宣旨传位宝亲王弘历，己丑崩年五十八。本条未写圆明园，也未写丹药。地点与死因另层登记。乾隆二年三月葬泰陵。
QH-SU-YZ-QSG-0295A,yongzheng,SRC-025,清史稿,卷295,隆科多传,,列传,https://zh.wikisource.org/wiki/清史稿/卷295,,维基文库《清史稿》卷295列传八十二。后出列传，可与本纪矛盾，不作终审。,后出,隆科多：孝懿仁皇后弟；圣祖大渐召受顾命；五年四十一款，承旨者惟隆科多一人，畅春园外禁锢；六年六月死于禁所。
QH-SU-YZ-QSG-0295B,yongzheng,SRC-025,清史稿,卷295,年羹尧传,,列传,https://zh.wikisource.org/wiki/清史稿/卷295,,维基文库《清史稿》卷295列传八十二。后出列传，可与本纪矛盾，不作终审。,后出,年羹尧：世宗即位命管理大将军印务；三年十二月狱辞九十二款，狱中令自裁。自裁与本纪赐死并存。
QH-SU-YZ-QSL-0001C,yongzheng,SRC-027,世宗宪皇帝实录,卷1,康熙六十一年十一月十三日,1722,1/1,https://sillok.history.go.kr/mc/id/qsilok_006_0010_0010_0010_0020_0010,https://ctext.org/wiki.pl?if=gb&chapter=812457,世宗宪皇帝实录据中国第一历史档案馆藏原皇史宬大红绫本所据范围；ctext卷页见稳定卷页列。,同时代·官方,甲午条。先是追记十月癸酉幸南苑、戊子不豫回驻畅春园；本日记丑刻大渐、宣谕皇四子、趋进寝宫、戌刻宾天。不得用先是戊子改写圣祖实录甲午寝宫。同卷辛丑即位见0001A/B。
QH-SU-YZ-QSL-0058A,yongzheng,SRC-027,世宗宪皇帝实录,卷58,雍正五年六月八日,1727,3/5,https://sillok.history.go.kr/mc/id/qsilok_006_0580_0010_0010_0080_0030,https://ctext.org/wiki.pl?if=gb&chapter=951455,世宗宪皇帝实录据中国第一历史档案馆藏原皇史宬大红绫本所据范围；ctext卷页见稳定卷页列。,同时代·官方,癸巳。议政王大臣议隆科多私抄玉牒；得旨调回，令其速来。不是革爵当日。同日第1/5、2/5条为仓谷，不拆入。
QH-SU-YZ-QSL-0058B,yongzheng,SRC-027,世宗宪皇帝实录,卷58,雍正五年六月二十二日,1727,3/3,https://sillok.history.go.kr/mc/id/qsilok_006_0580_0010_0010_0180_0030,https://ctext.org/wiki.pl?if=gb&chapter=951455,世宗宪皇帝实录据中国第一历史档案馆藏原皇史宬大红绫本所据范围；ctext卷页见稳定卷页列。,同时代·官方,丁未。一等公隆科多缘罪革爵，弟庆复袭替。不是十月四十一款禁锢条。不得与本纪「六月」混成无日。
QH-SU-YZ-QSL-0001A,yongzheng,SRC-027,世宗宪皇帝实录,卷1,康熙六十一年十一月二十日,1722,1/5,https://sillok.history.go.kr/mc/id/qsilok_006_0010_0010_0010_0090_0010,https://ctext.org/wiki.pl?if=gb&chapter=812457,世宗宪皇帝实录据中国第一历史档案馆藏原皇史宬大红绫本所据范围；ctext卷页见稳定卷页列。,同时代·官方,即位礼辛丑条。素服诣梓宫前告受命于大行皇帝；御太和殿升座；中和乐设而不作；免宣庆贺表。
QH-SU-YZ-QSL-0001B,yongzheng,SRC-027,世宗宪皇帝实录,卷1,康熙六十一年十一月二十日,1722,2/5,https://sillok.history.go.kr/mc/id/qsilok_006_0010_0010_0010_0090_0020,https://ctext.org/wiki.pl?if=gb&chapter=812457,世宗宪皇帝实录据中国第一历史档案馆藏原皇史宬大红绫本所据范围；ctext卷页见稳定卷页列。,同时代·官方,即位诏：以明年为雍正元年；诏自述皇考升遐之日诏朕缵承大统；并述及皇二子两废。颁诏大赦条款未逐条拆入。
QH-SU-YZ-QSL-0159A,yongzheng,SRC-027,世宗宪皇帝实录,卷159,雍正十三年八月二十三日,1735,1/5,https://sillok.history.go.kr/mc/id/qsilok_006_1590_0010_0010_0220_0010,https://ctext.org/wiki.pl?if=gb&chapter=618795,世宗宪皇帝实录据中国第一历史档案馆藏原皇史宬大红绫本所据范围；ctext卷页见稳定卷页列。,同时代·官方,崩逝条：己丑子刻上崩。未写地点（不写圆明园），未写死因，未写疾大渐。
QH-SU-YZ-QSL-0039A,yongzheng,SRC-027,世宗宪皇帝实录,卷39,雍正三年十二月十一日,1726,1/3,https://sillok.history.go.kr/mc/id/qsilok_006_0390_0010_0010_0100_0010,https://ctext.org/wiki.pl?if=gb&chapter=543166,世宗宪皇帝实录据中国第一历史档案馆藏原皇史宬大红绫本所据范围；ctext卷页见稳定卷页列。,同时代·官方,年羹尧案：议政大臣列九十二款全目；得旨令其自裁；年富立斩、年遐龄年希尧革职免罪等处置同条，未逐条拆入。
QH-SU-YZ-QSL-0062A,yongzheng,SRC-027,世宗宪皇帝实录,卷62,雍正五年十月五日,1727,2/3,https://sillok.history.go.kr/mc/id/qsilok_006_0620_0010_0010_0050_0020,https://ctext.org/wiki.pl?if=gb&chapter=949424,世宗宪皇帝实录据中国第一历史档案馆藏原皇史宬大红绫本所据范围；ctext卷页见稳定卷页列。,同时代·官方,隆科多狱辞：顺承郡王锡保等列大不敬五、欺罔四、紊乱朝政三、奸党六、不法七、贪婪十六；上谕称四十一款，免正法，畅春园外附近空地造屋三间永远禁锢。同日第1/3条为丁亥李楠革职，第3/3条未拆入。细目未逐款拆入。
QH-SU-YZ-QSL-0120A,yongzheng,SRC-027,世宗宪皇帝实录,卷120,雍正十年六月二十六日,1732,1/1,https://sillok.history.go.kr/mc/id/qsilok_006_1200_0010_0010_0180_0010,https://ctext.org/wiki.pl?if=gb&chapter=483399,世宗宪皇帝实录据中国第一历史档案馆藏原皇史宬大红绫本所据范围；ctext卷页见稳定卷页列。,同时代·官方,办理军机大臣议奏追封阵亡台吉策勒克为辅国公，子密什克世袭罔替。全文无「军机大臣之设始于此」。本纪该句不得写入本单元。
QH-SU-YZ-QSL-0082A,yongzheng,SRC-027,世宗宪皇帝实录,卷82,雍正七年六月十日,1729,2/4,https://sillok.history.go.kr/mc/id/qsilok_006_0820_0010_0010_0090_0020,https://ctext.org/wiki.pl?if=gb&chapter=657040,世宗宪皇帝实录据中国第一历史档案馆藏原皇史宬大红绫本所据范围；ctext卷页见稳定卷页列。,同时代·官方,得旨：两路军机筹算已久；军需交怡亲王、张廷玉、蒋廷锡密为办理；西路专任岳钟琪；经理二年有余。全文无军机房、无办理军机处、无始设。同日第1/4条为惠延祖署延绥总兵，第3/4、4/4条未拆入。
QH-SU-YZ-QSG-0176A,yongzheng,SRC-025,清史稿,卷176,雍正七年六月,1729,军机大臣年表,https://zh.wikisource.org/wiki/清史稿/卷176,,维基文库《清史稿》卷176表十六军机大臣年表。后出史表，不作终审。,后出,年表年头作「六月，始设军机房」。同表记六月癸未命允祥、张廷玉、蒋廷锡密办军需。十年三月改称见QH-SU-YZ-QSG-0176B。始设句是年表总述，不是实录原文。
QH-SU-YZ-QSG-0176B,yongzheng,SRC-025,清史稿,卷176,雍正十年三月,1732,军机大臣年表,https://zh.wikisource.org/wiki/清史稿/卷176,,维基文库《清史稿》卷176表十六军机大臣年表。后出史表，不作终审。,后出,十年壬子：三月，改军机房称办理军机处。实录同月初三日是铸印议奏，未见改称句。会典未开。不得写成七年始设句。
QH-SU-YZ-QSL-0116A,yongzheng,SRC-027,世宗宪皇帝实录,卷116,雍正十年三月三日,1732,3/5,https://sillok.history.go.kr/mc/id/qsilok_006_1160_0010_0010_0030_0030,https://ctext.org/wiki.pl?if=gb&chapter=319082,世宗宪皇帝实录据中国第一历史档案馆藏原皇史宬大红绫本所据范围；ctext卷页见稳定卷页列。,同时代·官方,庚申。大学士等遵旨议奏办理军机处密行事件所需钤封印信；拟用办理军机印信字样；从之。全文无改称、无军机房、无始设。不得把本条写成改称办理军机处。同日第1-2、4-5条未拆入。
QH-SU-YZ-QSG-0165A,yongzheng,SRC-025,清史稿,卷165,皇子世表五世宗系,,世表,https://zh.wikisource.org/wiki/清史稿/卷165,,维基文库《清史稿》卷165皇子世表五。后出史表，不作玉牒替代，不作终审。,后出,目录已核：本卷为皇子世表五，含世宗系。入序弘晖、弘昀、弘时、弘昼、弘曕；缺第四子行。末列弘昐、福宜、福惠、福沛。第八子未见。玉牒未见。
QH-SU-YZ-QSG-0166B,yongzheng,SRC-025,清史稿,卷166,公主表世宗系,,公主表,https://zh.wikisource.org/wiki/清史稿/卷166,,维基文库《清史稿》卷166公主表。后出表，不作玉牒替代，不作终审。,后出,目录已核：世宗公主在卷166，不在卷167。卷167是外戚表。亲生四女加抚育三女。
QH-SU-YZ-QSG-0214B,yongzheng,SRC-025,清史稿,卷214,后妃传世宗段,,后妃传,https://zh.wikisource.org/wiki/清史稿/卷214,,维基文库《清史稿》卷214后妃传世宗段。后出纪传体，可与本纪矛盾，不作终审。,后出,孝敬、孝圣、敦肃、纯慤及齐妃、谦妃、懋嫔。时态称号按原文。谦妃子作弘適，与世表弘曕异写。
QH-SU-YZ-DYJML-0001A,yongzheng,SRC-028,大义觉迷录,卷一,雍正七年,1729,华夷短引,https://zh.wikisource.org/wiki/大義覺迷錄/卷一,,维基文库标点排印。御制谕旨汇编。不是原刻本。,同时代·官方,满洲犹籍贯；舜东夷文王西夷。自辩口径。不得扩成全书华夷论纲。
QH-SU-YZ-DYJML-0001B,yongzheng,SRC-028,大义觉迷录,卷一,雍正七年,1729,传位场面短引,https://zh.wikisource.org/wiki/大義覺迷錄/卷一,,维基文库标点排印。御制谕旨汇编。不是原刻本。,同时代·官方,后来衔名：淳亲王、怡亲王、阿其那、塞思黑、原任理藩院尚书。仍是七皇子加隆科多。不得改写圣祖实录卷300。
QH-SU-YZ-DYJML-0003A,yongzheng,SRC-028,大义觉迷录,卷三,雍正七年,1729,改诏传闻短引,https://zh.wikisource.org/wiki/大義覺迷錄/卷三,,维基文库标点排印。御制谕旨汇编。不是原刻本。,同时代·官方,耿六格供称转述太监谈论「十」改「于」。不是曾静原供。不是案档。不得写已证伪。
QH-SU-YZ-DYJML-0003B,yongzheng,SRC-028,大义觉迷录,卷三,雍正七年,1729,改诏驳语短引,https://zh.wikisource.org/wiki/大義覺迷錄/卷三,,维基文库标点排印。御制谕旨汇编。不是原刻本。,同时代·官方,自辩驳「欲传允禵、隆科多更改遗诏」。与传闻分行。不得写成已证伪改诏。
QH-SU-YZ-QSL-0081A,yongzheng,SRC-027,世宗宪皇帝实录,卷81,雍正七年五月二十一日,1729,1/2,https://sillok.history.go.kr/mc/id/qsilok_006_0810_0010_0010_0190_0010,https://ctext.org/wiki.pl?if=gb&chapter=356218,世宗宪皇帝实录据中国第一历史档案馆藏原皇史宬大红绫本所据范围；ctext卷页见稳定卷页列。,同时代·官方,乙丑。先是追记曾静遣张熙投书岳钟琪；审讯牵出吕留良；命会议治罪吕氏。不是六年九月当日条。同日第2/2条与本案无关。
QH-SU-YZ-QSL-0086A,yongzheng,SRC-027,世宗宪皇帝实录,卷86,雍正七年九月十二日,1729,1/1,https://sillok.history.go.kr/mc/id/qsilok_006_0860_0010_0010_0100_0010,https://ctext.org/wiki.pl?if=gb&chapter=783113,世宗宪皇帝实录据中国第一历史档案馆藏原皇史宬大红绫本所据范围；ctext卷页见稳定卷页列。,同时代·官方,癸未华夷上谕；令通行颁布天下各府州县。全文无大义觉迷录书名。不得写成刊成该书。
QH-SU-YZ-QSL-0087A,yongzheng,SRC-027,世宗宪皇帝实录,卷87,雍正七年十月六日,1729,1/4,https://sillok.history.go.kr/mc/id/qsilok_006_0870_0010_0010_0050_0010,https://ctext.org/wiki.pl?if=gb&chapter=251902,世宗宪皇帝实录据中国第一历史档案馆藏原皇史宬大红绫本所据范围；ctext卷页见稳定卷页列。,同时代·官方,丁未九卿请诛；上谕不行诛戮、可以宽宥。同日第2/4条为李绂蔡珽。未见刊书名。
QH-SU-YZ-QSG-0009P,yongzheng,SRC-025,清史稿,卷9,雍正七年五月乙丑,1729,本纪条,https://zh.wikisource.org/wiki/清史稿/卷9,,维基文库《清史稿》卷9世宗本纪。后出本纪，不作终审。,后出,先是岳钟琪疏言张熙投递逆书；命提曾静张熙至京；明诏斥责吕留良。与实录同日异文。
QH-SU-YZ-QSG-0009R,yongzheng,SRC-025,清史稿,卷9,雍正六年四月与十二年六月（耗羡两条谕）,,本纪条,https://zh.wikisource.org/wiki/清史稿/卷9,,维基文库《清史稿》卷9世宗本纪。后出本纪，不作终审。,后出,六年壬寅谕耗羡不可归公；十二年乙亥敕户部清查各省耗羡。诺岷山西起点为通说，本纪未载，待回实录。
QH-SU-YZ-QSG-0121A,yongzheng,SRC-025,清史稿,卷121,雍正二年,1724,食货志赋役,https://zh.wikisource.org/wiki/清史稿/卷121,,维基文库《清史稿》卷121食货志·赋役，1928年民国排印本，志书补本纪之不足。,后出,山西巡抚诺敏、布政使高成龄请提解火耗归公，分给官吏养廉。
QH-SU-YZ-QSG-0121B,yongzheng,SRC-025,清史稿,卷121,雍正,,食货志赋役,https://zh.wikisource.org/wiki/清史稿/卷121,,维基文库《清史稿》卷121食货志·赋役，1928年民国排印本，志书补本纪之不足。,后出,定为官给养廉之制；各省文职养廉二百八十余万两。
QH-SU-YZ-DYJML-0001C,yongzheng,SRC-028,大义觉迷录,卷一,雍正七年,1729,上谕一开篇,https://zh.wikisource.org/wiki/大義覺迷錄/卷一,,维基文库标点排印。御制谕旨汇编。不是原刻本。,同时代·官方,有德者可为天下君。上谕一立论短引。不得扩成全书论纲。
QH-SU-YZ-DYJML-0001D,yongzheng,SRC-028,大义觉迷录,卷一,雍正七年,1729,上谕一华夷出处,https://zh.wikisource.org/wiki/大義覺迷錄/卷一,,维基文库标点排印。御制谕旨汇编。不是原刻本。,同时代·官方,华夷之说起于晋宋六朝偏安。短引。
QH-SU-YZ-DYJML-0001E,yongzheng,SRC-028,大义觉迷录,卷一,雍正七年,1729,上谕一疆土,https://zh.wikisource.org/wiki/大義覺迷錄/卷一,,维基文库标点排印。御制谕旨汇编。不是原刻本。,同时代·官方,蒙古极边俱归版图；疆土开拓为臣民大幸。短引。
QH-SU-YZ-DYJML-0001F,yongzheng,SRC-028,大义觉迷录,卷一,雍正七年,1729,上谕二颁告逻辑,https://zh.wikisource.org/wiki/大義覺迷錄/卷一,,维基文库标点排印。御制谕旨汇编。不是原刻本。,同时代·官方,无愧歉则明目张胆宣示播告。自辩颁告逻辑短引。
QH-SU-YZ-DYJML-0001G,yongzheng,SRC-028,大义觉迷录,卷一,雍正七年,1729,上谕二兄弟伏冥诛,https://zh.wikisource.org/wiki/大義覺迷錄/卷一,,维基文库标点排印。御制谕旨汇编。不是原刻本。,同时代·官方,阿其那塞思黑禁锢中伏冥诛；朕尚未加以诛戮。短引。
QH-SU-YZ-DYJML-0001H,yongzheng,SRC-028,大义觉迷录,卷一,雍正七年,1729,上谕二人禽之辨,https://zh.wikisource.org/wiki/大義覺迷錄/卷一,,维基文库标点排印。御制谕旨汇编。不是原刻本。,同时代·官方,识尊亲大义明上下定分谓之人；沦丧天常绝灭人纪谓之禽兽。短引。
QH-SU-YZ-DYJML-0001I,yongzheng,SRC-028,大义觉迷录,卷一,雍正七年,1729,口供二错会经旨,https://zh.wikisource.org/wiki/大義覺迷錄/卷一,,维基文库标点排印。御制谕旨汇编。不是原刻本。,同时代·官方,曾静供华夷之辨出于错会春秋经旨。讯问供词短引。
QH-SU-YZ-DYJML-0001J,yongzheng,SRC-028,大义觉迷录,卷一,雍正七年,1729,口供三未曾亲见,https://zh.wikisource.org/wiki/大義覺迷錄/卷一,,维基文库标点排印。御制谕旨汇编。不是原刻本。,同时代·官方,曾静供耳闻圣德目未亲见。讯问供词短引。
QH-SU-YZ-DYJML-0001K,yongzheng,SRC-028,大义觉迷录,卷一,雍正七年,1729,口供四土田富户,https://zh.wikisource.org/wiki/大義覺迷錄/卷一,,维基文库标点排印。御制谕旨汇编。不是原刻本。,同时代·官方,逆书土田尽为富户所收富者日富贫者日贫。讯问引逆书短引。
QH-SU-YZ-DYJML-0004A,yongzheng,SRC-028,大义觉迷录,卷四,雍正七年,1729,上谕曾吕之分,https://zh.wikisource.org/wiki/大義覺迷錄/卷四,,维基文库标点排印。御制谕旨汇编。不是原刻本。,同时代·官方,曾静误听流言讥及朕躬；吕留良自出胸臆上诬圣祖。定罪分级短引。
QH-SU-YZ-DYJML-0004B,yongzheng,SRC-028,大义觉迷录,卷四,雍正七年,1729,上谕吕留良生平,https://zh.wikisource.org/wiki/大義覺迷錄/卷四,,维基文库标点排印。御制谕旨汇编。不是原刻本。,同时代·官方,康熙六年考校失利弃去青衿忽追思明代深怨本朝。生平拆解短引。
QH-SU-YZ-DYJML-0004C,yongzheng,SRC-028,大义觉迷录,卷四,雍正七年,1729,曾静供归罪吕留良,https://zh.wikisource.org/wiki/大義覺迷錄/卷四,,维基文库标点排印。御制谕旨汇编。不是原刻本。,同时代·官方,曾静供吕留良假托春秋之义寄说于孔子口中。讯问供词短引。
QH-SU-YZ-DYJML-0004D,yongzheng,SRC-028,大义觉迷录,卷四,雍正七年,1729,曾静归仁说,https://zh.wikisource.org/wiki/大義覺迷錄/卷四,,维基文库标点排印。御制谕旨汇编。不是原刻本。,同时代·官方,曾静归仁说：麒麟凤凰不必尽出中土。囚犯著述短引。
QH-SU-YZ-DYJML-0002A,yongzheng,SRC-028,大义觉迷录,卷二,雍正七年,1729,口供雍正钱谣言,https://zh.wikisource.org/wiki/大義覺迷錄/卷二,,维基文库标点排印。御制谕旨汇编。不是原刻本。,同时代·官方,雍正钱铸不成杀铸匠谣言生成链。讯问供词短引。
QH-SU-YZ-DYJML-0002B,yongzheng,SRC-028,大义觉迷录,卷二,雍正七年,1729,口供五星联珠,https://zh.wikisource.org/wiki/大義覺迷錄/卷二,,维基文库标点排印。御制谕旨汇编。不是原刻本。,同时代·官方,长沙见五星联珠日月合璧告示以为复井田封建。讯问供词短引。
QH-SU-YZ-DYJML-0003C,yongzheng,SRC-028,大义觉迷录,卷三,雍正七年,1729,口供犯官传说,https://zh.wikisource.org/wiki/大義覺迷錄/卷三,,维基文库标点排印。御制谕旨汇编。不是原刻本。,同时代·官方,收妃嫔谣言出于衡州路上押解犯官传说；来源不可追。讯问供词短引。
QH-SU-YZ-DYJML-0001L,yongzheng,SRC-028,大义觉迷录,卷一,雍正七年,1729,口供六再醮之喻,https://zh.wikisource.org/wiki/大義覺迷錄/卷一,,维基文库标点排印。御制谕旨汇编。不是原刻本。,同时代·官方,逆书人臣择主如女子从夫；上谕以再醮反套曾静。讯问短引。
QH-SU-YZ-DYJML-0001M,yongzheng,SRC-028,大义觉迷录,卷一,雍正七年,1729,口供十三杀砍之问,https://zh.wikisource.org/wiki/大義覺迷錄/卷一,,维基文库标点排印。御制谕旨汇编。不是原刻本。,同时代·官方,逆书夷狄只有杀而已矣砍而已矣；问还是要杀还是要砍。讯问短引。
QH-SU-YZ-DYJML-0001N,yongzheng,SRC-028,大义觉迷录,卷一,雍正七年,1729,口供八尊吕之由,https://zh.wikisource.org/wiki/大義覺迷錄/卷一,,维基文库标点排印。御制谕旨汇编。不是原刻本。,同时代·官方,曾静因吕留良所选程墨房书评点服膺，以为本朝第一等人物；初不知其为人行事。讯问短引。
QH-SU-YZ-YZWJ-0001A,yongzheng,SRC-029,世宗宪皇帝御制文集,诗卷目录,雍正八年,1730,端阳周年小序,https://zh.wikisource.org/wiki/世宗憲皇帝御製文集_(四庫全書本),,维基文库四库全书本诗卷目录页；诗题小序为雍正亲笔散文层；诗正文本页不存。,同时代·官方,颁赐诸王大臣之际念及怡贤亲王仙游已周一载，不禁凄然涕下。短引小序。
QH-SU-YZ-YZWJ-0001B,yongzheng,SRC-029,世宗宪皇帝御制文集,诗卷目录,雍正十年,1732,定窆亲临小序,https://zh.wikisource.org/wiki/世宗憲皇帝御製文集_(四庫全書本),,维基文库四库全书本诗卷目录页；诗题小序为雍正亲笔散文层；诗正文本页不存。,同时代·官方,壬子岁九月七日吾弟怡贤亲王定窆于水东村；亲临奠送稍伸积痛。短引小序。
QH-SU-YZ-YZWJ-0001C,yongzheng,SRC-029,世宗宪皇帝御制文集,巻之五,雍正朝,1726,朋党论开端天尊地卑君臣之分,https://zh.wikisource.org/wiki/世宗憲皇帝御製文集_(四庫全書本)/全覽,,维基文库四库全书本全览。四库刻本层，不是原刊本。,同时代·官方,朋党论开端：天尊地卑而君臣之分定。短引。不证当时已经无朋党。
QH-SU-YZ-YZWJ-0001D,yongzheng,SRC-029,世宗宪皇帝御制文集,巻之八,雍正八年,1730,庭训格言序开端皇考性秉生安,https://zh.wikisource.org/wiki/世宗憲皇帝御製文集_(四庫全書本)/全覽,,维基文库四库全书本全览。文集序层，不是庭训格言正文。,同时代·官方,庭训格言序：钦惟皇考圣祖仁皇帝性秉生安，道参化育。短引。不得写成庭训格言正文已开。
QH-SU-YZ-YZWJ-0001E,yongzheng,SRC-029,世宗宪皇帝御制文集,巻之六,雍正二年,1724,圣谕广训序开端圣祖特颁上谕十六条,https://zh.wikisource.org/wiki/世宗憲皇帝御製文集_(四庫全書本)/全覽,,维基文库四库全书本全览。文集序层，不是《圣谕广训》本书序。,同时代·官方,圣谕广训序：圣祖特颁上谕十六条，晓谕八旗及直省兵民人等。短引。不得与广训本书序并成一层。
QH-SU-YZ-YZWJ-0001F,yongzheng,SRC-029,世宗宪皇帝御制文集,巻之八,乾隆三年前,1735,硃批谕旨序开端向在藩邸未谙政事,https://zh.wikisource.org/wiki/世宗憲皇帝御製文集_(四庫全書本)/全覽,,维基文库四库全书本全览。文集序层，不是朱批原折，也不是刻本卷三。,同时代·官方,硃批谕旨序：朕向在藩邸未谙政事，不识一人，毫无阅历闻见。短引。不得写成原折已开。
QH-SU-YZ-YZWJ-0001G,yongzheng,SRC-029,世宗宪皇帝御制文集,巻之四,康熙六十一年十一月二十日,1722,登极诏开端德妃之子与缵承大统,https://zh.wikisource.org/wiki/世宗憲皇帝御製文集_(四庫全書本)/全覽,,维基文库四库全书本全览。文集诏书层，不是实录日条，也不是遗诏原件。,同时代·官方,登极诏自称皇考大行皇帝德妃之子；升遐之日诏朕缵承大统。短引。二皇子两废是诏书叙事，不作废案终审。
QH-SU-YZ-YZWJ-0001H,yongzheng,SRC-029,世宗宪皇帝御制文集,巻之五,雍正朝,1726,性理论开端性缘理而立理从性而生,https://zh.wikisource.org/wiki/世宗憲皇帝御製文集_(四庫全書本)/全覽,,维基文库四库全书本全览。四库刻本层，不是原刊本。,同时代·官方,性理论开端：性之与理，就上而言即无极太极。短引。不证理学已经裁定。
QH-SU-YZ-YZWJ-0001I,yongzheng,SRC-029,世宗宪皇帝御制文集,巻之五,雍正三年二月,1725,七曜会聚记开端天象与人事相应,https://zh.wikisource.org/wiki/世宗憲皇帝御製文集_(四庫全書本)/全覽,,维基文库四库全书本全览。四库刻本层，不是原刊本。,同时代·官方,七曜会聚记：天之垂象与人事相应；雍正三年春历官奏二月二日庚午七曜会聚。短引。不证天瑞已经应验，也不证庆贺已经举行。
QH-SU-YZ-YZWJ-0001J,yongzheng,SRC-029,世宗宪皇帝御制文集,巻之六,雍正朝,1726,数理精蕴序开端律历渊源一百卷,https://zh.wikisource.org/wiki/世宗憲皇帝御製文集_(四庫全書本)/全覽,,维基文库四库全书本全览。文集序层，不是《数理精蕴》或《律历渊源》本书。,同时代·官方,数理精蕴序：汇辑成书总一百卷，名为律历渊源。短引。不得写成三部本书已开。
QH-SU-YZ-YZWJ-0001K,yongzheng,SRC-029,世宗宪皇帝御制文集,巻之七,雍正四年,1726,古今图书集成序开端命广罗群籍统为一书,https://zh.wikisource.org/wiki/世宗憲皇帝御製文集_(四庫全書本)/全覽,,维基文库四库全书本全览。文集序层，不是《古今图书集成》本书。,同时代·官方,古今图书集成序：命广罗群籍分门别类统为一书。短引。不得写成万卷本书已开，也不证陈梦雷初编细节。
QH-SU-YZ-YZWJ-0001L,yongzheng,SRC-029,世宗宪皇帝御制文集,巻之七,雍正朝,1726,音韵阐微序开端声音之道微矣,https://zh.wikisource.org/wiki/世宗憲皇帝御製文集_(四庫全書本)/全覽,,维基文库四库全书本全览。文集序层，不是《音韵阐微》本书。,同时代·官方,音韵阐微序：声音之道微矣，天地有自然之声。短引。不得写成韵书本书已开。
QH-SU-YZ-YZWJ-0001M,yongzheng,SRC-029,世宗宪皇帝御制文集,巻之八,雍正朝,1726,大清会典序开端书契肇兴百官以治,https://zh.wikisource.org/wiki/世宗憲皇帝御製文集_(四庫全書本)/全覽,,维基文库四库全书本全览。文集序层，不是会典本书。康熙、雍正、乾隆会典不是同一部。,同时代·官方,大清会典序：自昔书契肇兴，百官以治。短引。不得写成会典本书已开，也不证五朝会典已经并成一书。
QH-SU-YZ-YZWJ-0001N,yongzheng,SRC-029,世宗宪皇帝御制文集,巻之八,雍正九年,1731,圣祖仁皇帝圣训序阅时九载书成千卷,https://zh.wikisource.org/wiki/世宗憲皇帝御製文集_(四庫全書本)/全覽,,维基文库四库全书本全览。文集圣训序层，不是圣训本书序，也不是实录本书。阅时九载在圣训序，不在实录序。,同时代·官方,圣祖仁皇帝圣训序：爰命大学士等纂修圣祖仁皇帝实录，阅时九载书成千卷。短引。不得写成实录正文已开。
QH-SU-YZ-YZWJ-0001P,yongzheng,SRC-029,世宗宪皇帝御制文集,巻之八,雍正九年,1731,圣祖仁皇帝实录序临御宝阼六十余年,https://zh.wikisource.org/wiki/世宗憲皇帝御製文集_(四庫全書本)/全覽,,维基文库四库全书本全览。文集实录序层，不是《圣祖实录》本书。,同时代·官方,圣祖仁皇帝实录序：临御宝阼六十余年，历服绵长超越千古。短引。不得写成实录正文已开。
QH-SU-YZ-YZWJ-0001O,yongzheng,SRC-029,世宗宪皇帝御制文集,巻之八,雍正朝,1732,悦心集序开端生平澹泊为怀,https://zh.wikisource.org/wiki/世宗憲皇帝御製文集_(四庫全書本)/全覽,,维基文库四库全书本全览。文集序层，不是《悦心集》本书。,同时代·官方,悦心集序：朕生平澹泊为怀，恬静自好。短引。不得写成选辑正文已开。
QH-SU-YZ-YZWJ-0001Q,yongzheng,SRC-029,世宗宪皇帝御制文集,巻之九,雍正朝,1726,执中成宪御论开端家语舜之为君,https://zh.wikisource.org/wiki/世宗憲皇帝御製文集_(四庫全書本)/全覽,,维基文库四库全书本全览。文集杂著层，不是另开《执中成宪》本书。,同时代·官方,执中成宪御论：家语舜之为君也，其政好生而恶杀。短引。不证当时已经好生恶杀。
QH-SU-YZ-YZWJ-0001R,yongzheng,SRC-029,世宗宪皇帝御制文集,巻之十,雍正朝,1726,经筵讲义开端忠恕二字,https://zh.wikisource.org/wiki/世宗憲皇帝御製文集_(四庫全書本)/全覽,,维基文库四库全书本全览。正文标题作講義，目录作講議。文集杂著层，不是经筵档册。,同时代·官方,经筵讲义：忠恕二字，朕以为忠者诚也，恕者应也。短引。目录講議与正文講義分层。不证当时已经一以贯之。
QH-SU-YZ-YZWJ-0001S,yongzheng,SRC-029,世宗宪皇帝御制文集,巻之十一,雍正八年,1730,和硕怡贤亲王遗稿题辞开端天资高卓,https://zh.wikisource.org/wiki/世宗憲皇帝御製文集_(四庫全書本)/全覽,,维基文库四库全书本全览。文集题辞层，不是诗正文，也不是实录功勤条。,同时代·官方,和硕怡贤亲王遗稿题辞：朕弟怡贤亲王天资高卓颖悟绝伦。短引。诗三十二首未见可引分页。
QH-SU-YZ-YZWJ-0001T,yongzheng,SRC-029,世宗宪皇帝御制文集,巻之十三,雍正朝,1725,景陵圣德神功碑开端山陵礼毕宜建穹碑,https://zh.wikisource.org/wiki/世宗憲皇帝御製文集_(四庫全書本)/全覽,,维基文库四库全书本全览。文集碑文层，不是景陵原石，也不是实录葬条。,同时代·官方,景陵圣德神功碑：既奉册宝恭上尊谥，山陵礼毕，宜建穹碑颂扬功德。短引。不得写成原石已开。
QH-SU-YZ-YZWJ-0001U,yongzheng,SRC-029,世宗宪皇帝御制文集,巻之十三,雍正朝,1725,景陵圣德神功碑叙曰圣祖为世祖第三子,https://zh.wikisource.org/wiki/世宗憲皇帝御製文集_(四庫全書本)/全覽,,维基文库四库全书本全览。文集碑文层，不是景陵原石，也不是实录。,同时代·官方,景陵圣德神功碑叙曰：圣祖……仁皇帝，世祖……章皇帝第三子也。短引。谥号全称是碑文自称，不作另开玉牒。
QH-SU-YZ-YZWJ-0001V,yongzheng,SRC-029,世宗宪皇帝御制文集,巻之十四,雍正元年,1723,历代帝王庙碑文康熙六十一年命议增祀,https://zh.wikisource.org/wiki/世宗憲皇帝御製文集_(四庫全書本)/全覽,,维基文库四库全书本全览。文集碑文层，不是庙中原石，也不是实录日条。,同时代·官方,历代帝王庙碑文：康熙六十一年特颁谕旨，命廷臣详悉从容确议具奏。短引。不得写成实录该日条已开。
QH-SU-YZ-YZWJ-0001W,yongzheng,SRC-029,世宗宪皇帝御制文集,巻之十四,雍正元年,1723,历代帝王庙碑文旧祀二十一位今增一百四十三位,https://zh.wikisource.org/wiki/世宗憲皇帝御製文集_(四庫全書本)/全覽,,维基文库四库全书本全览。文集碑文层，不是庙中原石，也不是牌位清册。,同时代·官方,历代帝王庙碑文：旧崇祀帝王二十一位，今增一百四十三位。短引。只证碑文自称增祀数，不证牌位已经逐位核验。
QH-SU-YZ-YZWJ-0001X,yongzheng,SRC-029,世宗宪皇帝御制文集,巻之十四,雍正朝,1726,育婴堂碑文开端抚御寰瀛子育兆庶,https://zh.wikisource.org/wiki/世宗憲皇帝御製文集_(四庫全書本)/全覽,,维基文库四库全书本全览。文集碑文层，不是堂中原石，也不是育婴堂档册。,同时代·官方,育婴堂碑文：朕抚御寰瀛，子育兆庶。短引。不证当时已经周遍九州。
QH-SU-YZ-YZWJ-0001Y,yongzheng,SRC-029,世宗宪皇帝御制文集,巻之十四,雍正朝,1726,育婴堂碑文广渠门内旧堂锡额赐帑,https://zh.wikisource.org/wiki/世宗憲皇帝御製文集_(四庫全書本)/全覽,,维基文库四库全书本全览。文集碑文层，不是堂中原石，也不是府尹档册。,同时代·官方,育婴堂碑文：京师广渠门内旧有育婴堂一区；锡之题额，又赐帑金。短引。不证规制已经完备，也不证九州已经仿行。
QH-SU-YZ-YZWJ-0001Z,yongzheng,SRC-029,世宗宪皇帝御制文集,巻之十四,雍正二年,1724,平定青海告成太学碑文命年羹尧为抚远大将军,https://zh.wikisource.org/wiki/世宗憲皇帝御製文集_(四庫全書本)/全覽,,维基文库四库全书本全览。文集碑文层，不是太学原石，也不是实录日条。目录作青海平定，正文作平定青海。,同时代·官方,平定青海告成太学碑文：命川陕总督太保公年羹尧为抚远大将军，声罪致讨。短引。不证战果已经终审，也不覆盖年案死法冲突组。
QH-SU-YZ-YZWJ-0002A,yongzheng,SRC-029,世宗宪皇帝御制文集,巻之十四,雍正二年,1724,平定青海告成太学碑文元年十月师始出塞,https://zh.wikisource.org/wiki/世宗憲皇帝御製文集_(四庫全書本)/全覽,,维基文库四库全书本全览。文集碑文层，不是太学原石，也不是实录日条。,同时代·官方,平定青海告成太学碑文：以雍正元年十月师始出塞。短引。只证碑文自称出师月份。不证逐日战报已经打开。
QH-SU-YZ-YZWJ-0002B,yongzheng,SRC-029,世宗宪皇帝御制文集,巻之十四,雍正二年,1724,黑龙潭碑文开端京师之西有黑龙潭,https://zh.wikisource.org/wiki/世宗憲皇帝御製文集_(四庫全書本)/全覽,,维基文库四库全书本全览。文集碑文层，不是潭中原石。,同时代·官方,黑龙潭碑文：京师之西有黑龙潭焉，地灵所钟，实能兴致云雨。短引。不证灵应已经核验。
QH-SU-YZ-YZWJ-0002C,yongzheng,SRC-029,世宗宪皇帝御制文集,巻之十四,雍正二年,1724,黑龙潭碑文康熙二十年重建祠庙,https://zh.wikisource.org/wiki/世宗憲皇帝御製文集_(四庫全書本)/全覽,,维基文库四库全书本全览。文集碑文层，不是圣祖原碑，也不是实录日条。,同时代·官方,黑龙潭碑文：康熙二十年乃重建祠庙，御制碑文勒之珉石。短引。不得写成圣祖原碑已开。
QH-SU-YZ-YZWJ-0002D,yongzheng,SRC-029,世宗宪皇帝御制文集,巻之十五,雍正五年,1727,黄河澄清碑记驰奏桃源冰开水清,https://zh.wikisource.org/wiki/世宗憲皇帝御製文集_(四庫全書本)/全覽,,维基文库四库全书本全览。文集碑记层，不是原石，也不是实录日条。,同时代·官方,黄河澄清碑记：黄河自陕西府谷县历山西河南山东以至江南之桃源，冰开水清湛然澄澈。短引。不证河水已经澄清。
QH-SU-YZ-YZWJ-0002E,yongzheng,SRC-029,世宗宪皇帝御制文集,巻之十五,雍正五年,1727,黄河澄清碑记陕西山西清三十六日,https://zh.wikisource.org/wiki/世宗憲皇帝御製文集_(四庫全書本)/全覽,,维基文库四库全书本全览。文集碑记层，不是原石，也不是河道总督原奏。,同时代·官方,黄河澄清碑记：其在陕西山西始见于雍正四年十二月八日乙丑，迄于雍正五年正月十三日庚子，凡三十有六日。短引。只证碑记自称日数。
QH-SU-YZ-YZWJ-0002F,yongzheng,SRC-029,世宗宪皇帝御制文集,巻之十五,雍正朝,1727,善因寺碑文圣祖驻跸多伦诺尔创建汇宗寺,https://zh.wikisource.org/wiki/世宗憲皇帝御製文集_(四庫全書本)/全覽,,维基文库四库全书本全览。文集碑文层，不是寺中原石，也不是实录日条。,同时代·官方,善因寺碑文：驻跸多伦诺尔之地，受喀尔喀诸部君长朝谒；爰于斯地创建汇宗寺。短引。不得写成实录亲征条已开。
QH-SU-YZ-YZWJ-0002G,yongzheng,SRC-029,世宗宪皇帝御制文集,巻之十五,雍正朝,1727,善因寺碑文发帑金十万两赐额善因,https://zh.wikisource.org/wiki/世宗憲皇帝御製文集_(四庫全書本)/全覽,,维基文库四库全书本全览。文集碑文层，不是寺中原石，也不是工部档册。,同时代·官方,善因寺碑文：发帑金十万两于汇宗寺之西南里许复建寺宇，赐额曰善因。短引。只证碑文自称，不证银数已经核销。
QH-SU-YZ-YZWJ-0002H,yongzheng,SRC-029,世宗宪皇帝御制文集,巻之十六,雍正朝,1728,修建阙里圣庙碑文康熙甲子临幸阙里,https://zh.wikisource.org/wiki/世宗憲皇帝御製文集_(四庫全書本)/全覽,,维基文库四库全书本全览。文集碑文层，不是阙里原石，也不是实录东巡条。,同时代·官方,修建阙里圣庙碑文：康熙甲子东巡狩临幸阙里，谒奠庙林。短引。不得写成实录东巡条已开。
QH-SU-YZ-YZWJ-0002I,yongzheng,SRC-029,世宗宪皇帝御制文集,巻之十六,雍正二年,1724,修建阙里圣庙碑文二年不戒于火发帑兴修,https://zh.wikisource.org/wiki/世宗憲皇帝御製文集_(四庫全書本)/全覽,,维基文库四库全书本全览。文集碑文层，不是阙里原石，也不是工部档册。,同时代·官方,修建阙里圣庙碑文：雍正二年阙里圣庙不戒于火，有司奏告，旋发帑兴修。短引。不证工程已经竣工。
QH-SU-YZ-YZWJ-0002J,yongzheng,SRC-029,世宗宪皇帝御制文集,巻之十六,雍正八年,1730,和硕怡贤亲王碑文开端朕弟怡贤亲王,https://zh.wikisource.org/wiki/世宗憲皇帝御製文集_(四庫全書本)/全覽,,维基文库四库全书本全览。文集碑文层，不是墓碑原石，也不是诗题小序。,同时代·官方,和硕怡贤亲王碑文：如朕弟怡贤亲王，则于古有光者也。短引。不得与诗题小序并成一篇。
QH-SU-YZ-YZWJ-0002K,yongzheng,SRC-029,世宗宪皇帝御制文集,巻之十六,雍正八年,1730,和硕怡贤亲王碑文缵绍之初特加恩命晋授王封,https://zh.wikisource.org/wiki/世宗憲皇帝御製文集_(四庫全書本)/全覽,,维基文库四库全书本全览。文集碑文层，不是墓碑原石，也不是实录功勤条。,同时代·官方,和硕怡贤亲王碑文：缵绍之初，慎选亲贤之寄，特加恩命，晋授王封。短引。不证功勤已经终审。
QH-SU-YZ-YZWJ-0002L,yongzheng,SRC-029,世宗宪皇帝御制文集,巻之十六,雍正朝,1730,惠济庙碑文康熙三十七年锡嘉名永定,https://zh.wikisource.org/wiki/世宗憲皇帝御製文集_(四庫全書本)/全覽,,维基文库四库全书本全览。文集碑文层，不是庙中原石，也不是实录河工条。,同时代·官方,惠济庙碑文：康熙三十七年，圣祖亲临指授疏导之方，爰锡嘉名。短引。不得写成实录河工条已开。
QH-SU-YZ-YZWJ-0002M,yongzheng,SRC-029,世宗宪皇帝御制文集,巻之十六,雍正八年,1730,惠济庙碑文赐额惠济经始于七年冬,https://zh.wikisource.org/wiki/世宗憲皇帝御製文集_(四庫全書本)/全覽,,维基文库四库全书本全览。文集碑文层，不是庙中原石，也不是工部档册。,同时代·官方,惠济庙碑文：经始于雍正七年冬，逾一年役竣；爰赐庙名曰惠济。短引。不证河工已经安澜。
QH-SU-YZ-YZWJ-0002N,yongzheng,SRC-029,世宗宪皇帝御制文集,巻之十七,雍正朝,1730,贤良祠碑文开端尔和硕怡贤亲王,https://zh.wikisource.org/wiki/世宗憲皇帝御製文集_(四庫全書本)/全覽,,维基文库四库全书本全览。文集碑文层，不是祠中原石，也不是诗题小序。,同时代·官方,贤良祠碑文：尔和硕怡贤亲王忠孝自天敬勤成性。短引。不得与诗题小序、墓碑并成一篇。
QH-SU-YZ-YZWJ-0002O,yongzheng,SRC-029,世宗宪皇帝御制文集,巻之十七,雍正朝,1730,贤良祠碑文既祠宇之告成叙官阶而列位,https://zh.wikisource.org/wiki/世宗憲皇帝御製文集_(四庫全書本)/全覽,,维基文库四库全书本全览。文集碑文层，不是祠中原石，也不是入祀清册。,同时代·官方,贤良祠碑文：既祠宇之告成，叙官阶而列位。短引。不证入祀名单已经逐位核验。
QH-SU-YZ-YZWJ-0002P,yongzheng,SRC-029,世宗宪皇帝御制文集,巻之十七,雍正朝,1732,高家堰碑文圣祖高堰堤工尤廑睿虑,https://zh.wikisource.org/wiki/世宗憲皇帝御製文集_(四庫全書本)/全覽,,维基文库四库全书本全览。文集碑文层，不是堰上原石，也不是实录河工条。,同时代·官方,高家堰碑文：而高堰堤工尤廑睿虑。短引。不得写成实录河工条已开。
QH-SU-YZ-YZWJ-0002Q,yongzheng,SRC-029,世宗宪皇帝御制文集,巻之十七,雍正十年,1732,高家堰碑文八年二月经始十年六月告竣,https://zh.wikisource.org/wiki/世宗憲皇帝御製文集_(四庫全書本)/全覽,,维基文库四库全书本全览。文集碑文层，不是堰上原石，也不是工部档册。,同时代·官方,高家堰碑文：经始于雍正八年二月，越雍正十年六月大工告竣。短引。不证工程已经核销。
QH-SU-YZ-YZWJ-0002R,yongzheng,SRC-029,世宗宪皇帝御制文集,巻之十七,雍正朝,1730,昭忠寺碑文开端疆场用命因敌忾以效忠,https://zh.wikisource.org/wiki/世宗憲皇帝御製文集_(四庫全書本)/全覽,,维基文库四库全书本全览。文集碑文层，不是寺中原石。,同时代·官方,昭忠寺碑文：朕惟疆场用命，因敌忾以效忠。短引。不证当时已经尽忠。
QH-SU-YZ-YZWJ-0002S,yongzheng,SRC-029,世宗宪皇帝御制文集,巻之十七,雍正朝,1730,昭忠寺碑文考厥官资定其位次,https://zh.wikisource.org/wiki/世宗憲皇帝御製文集_(四庫全書本)/全覽,,维基文库四库全书本全览。文集碑文层，不是寺中原石，也不是入祀清册。,同时代·官方,昭忠寺碑文：考厥官资，定其位次。短引。不证入祀名单已经逐位核验。
QH-SU-YZ-YZWJ-0002T,yongzheng,SRC-029,世宗宪皇帝御制文集,巻之十七,雍正朝,1733,普陀山普济寺碑文圣祖巡幸浙西遣官兴建,https://zh.wikisource.org/wiki/世宗憲皇帝御製文集_(四庫全書本)/全覽,,维基文库四库全书本全览。文集碑文层，不是寺中原石，也不是实录南巡条。,同时代·官方,普陀山普济寺碑文：圣祖仁皇帝巡幸浙西，遣官兴建殿宇。短引。不得写成实录南巡条已开。
QH-SU-YZ-YZWJ-0002U,yongzheng,SRC-029,世宗宪皇帝御制文集,巻之十七,雍正十一年,1733,普陀山普济寺碑文九年九月经始十一年六月告成,https://zh.wikisource.org/wiki/世宗憲皇帝御製文集_(四庫全書本)/全覽,,维基文库四库全书本全览。文集碑文层，不是寺中原石，也不是工部档册。,同时代·官方,普陀山普济寺碑文：经始于雍正九年九月，雍正十一年六月告成。短引。不证工程已经核销。
QH-SU-YZ-YZWJ-0002V,yongzheng,SRC-029,世宗宪皇帝御制文集,巻之十七,雍正朝,1733,普陀山法雨寺碑文圣祖发帑重新赐额立碑,https://zh.wikisource.org/wiki/世宗憲皇帝御製文集_(四庫全書本)/全覽,,维基文库四库全书本全览。文集碑文层，不是寺中原石，也不是圣祖原碑。,同时代·官方,普陀山法雨寺碑文：圣祖既修建普济寺，复念兹寺为海氛所震荡，发帑重新，赐额立碑。短引。不得写成圣祖原碑已开。
QH-SU-YZ-YZWJ-0002W,yongzheng,SRC-029,世宗宪皇帝御制文集,巻之十七,雍正十一年,1733,普陀山法雨寺碑文与普济寺大工同时告竣,https://zh.wikisource.org/wiki/世宗憲皇帝御製文集_(四庫全書本)/全覽,,维基文库四库全书本全览。文集碑文层，不是寺中原石，也不是工部档册。,同时代·官方,普陀山法雨寺碑文：与普济寺大工同时告竣。短引。不证工程已经核销。
QH-SU-YZ-YZWJ-0002X,yongzheng,SRC-029,世宗宪皇帝御制文集,巻之十七,雍正朝,1733,崇恩寺碑文开端在江南荆溪之磬山,https://zh.wikisource.org/wiki/世宗憲皇帝御製文集_(四庫全書本)/全覽,,维基文库四库全书本全览。文集碑文层，不是寺中原石。,同时代·官方,崇恩寺碑文：崇恩寺在江南荆溪之磬山，故明天隐修禅师演法道场也。短引。不证法系已经终审。
QH-SU-YZ-YZWJ-0002Y,yongzheng,SRC-029,世宗宪皇帝御制文集,巻之十七,雍正十二年,1734,崇恩寺碑文十一年经始明年二月告成,https://zh.wikisource.org/wiki/世宗憲皇帝御製文集_(四庫全書本)/全覽,,维基文库四库全书本全览。文集碑文层，不是寺中原石，也不是工部档册。,同时代·官方,崇恩寺碑文：经始于雍正十一年，越明年二月告成。短引。不证工程已经核销。
QH-SU-YZ-YZWJ-0002Z,yongzheng,SRC-029,世宗宪皇帝御制文集,巻之十七,雍正朝,1734,报恩寺碑文玉琳琇年始二十四即开堂,https://zh.wikisource.org/wiki/世宗憲皇帝御製文集_(四庫全書本)/全覽,,维基文库四库全书本全览。文集碑文层，不是寺中原石，也不是语录本书。,同时代·官方,报恩寺碑文：国师绍法磬山，年始二十有四即开堂于吴兴之报恩寺。短引。不证法系已经终审。
QH-SU-YZ-YZWJ-0003A,yongzheng,SRC-029,世宗宪皇帝御制文集,巻之十七,雍正朝,1734,报恩寺碑文选其语录刊布丛林并命增葺,https://zh.wikisource.org/wiki/世宗憲皇帝御製文集_(四庫全書本)/全覽,,维基文库四库全书本全览。文集碑文层，不是语录本书，也不是工部档册。,同时代·官方,报恩寺碑文：朕既选其语录刊布丛林，复念报恩法席宜加修整。短引。不得写成语录本书已开。
QH-SU-YZ-YZWJ-0003B,yongzheng,SRC-029,世宗宪皇帝御制文集,巻之十七,雍正朝,1732,十方普觉寺碑文西山寿安唐时古刹,https://zh.wikisource.org/wiki/世宗憲皇帝御製文集_(四庫全書本)/全覽,,维基文库四库全书本全览。文集碑文层，不是寺中原石。,同时代·官方,十方普觉寺碑文：西山寿安有唐时古刹。短引。不证寺史已经终审。
QH-SU-YZ-YZWJ-0003C,yongzheng,SRC-029,世宗宪皇帝御制文集,巻之十七,雍正朝,1732,十方普觉寺碑文怡贤亲王庀工修建,https://zh.wikisource.org/wiki/世宗憲皇帝御製文集_(四庫全書本)/全覽,,维基文库四库全书本全览。文集碑文层，不是寺中原石，也不是诗题小序。,同时代·官方,十方普觉寺碑文：朕弟和硕怡贤亲王以无相悉檀庀工修建。短引。不得与诗题小序、墓碑并成一篇。
QH-SU-YZ-YZWJ-0003D,yongzheng,SRC-029,世宗宪皇帝御制文集,巻之十七,雍正朝,1734,紫阳道院碑文开端性命无二途仙佛无二道,https://zh.wikisource.org/wiki/世宗憲皇帝御製文集_(四庫全書本)/全覽,,维基文库四库全书本全览。文集碑文层，不是院中原石，也不是《悟真篇》本书。,同时代·官方,紫阳道院碑文：性命无二途，仙佛无二道。短引。不得写成《悟真篇》本书已开。
QH-SU-YZ-YZWJ-0003E,yongzheng,SRC-029,世宗宪皇帝御制文集,巻之十七,雍正朝,1734,紫阳道院碑文特命发帑遣官载加整葺,https://zh.wikisource.org/wiki/世宗憲皇帝御製文集_(四庫全書本)/全覽,,维基文库四库全书本全览。文集碑文层，不是院中原石，也不是工部档册。,同时代·官方,紫阳道院碑文：特命发帑遣官，载加整葺。短引。不证工程已经核销。
QH-SU-YZ-YZWJ-0003F,yongzheng,SRC-029,世宗宪皇帝御制文集,巻之十七,雍正朝,1734,天竺寺碑文圣祖巡幸浙西重新香界,https://zh.wikisource.org/wiki/世宗憲皇帝御製文集_(四庫全書本)/全覽,,维基文库四库全书本全览。文集碑文层，不是寺中原石，也不是实录南巡条。,同时代·官方,天竺寺碑文：圣祖仁皇帝巡幸浙西，重新香界。短引。不得写成实录南巡条已开。
QH-SU-YZ-YZWJ-0003G,yongzheng,SRC-029,世宗宪皇帝御制文集,巻之十七,雍正十二年,1734,天竺寺碑文十二年十一月工竣,https://zh.wikisource.org/wiki/世宗憲皇帝御製文集_(四庫全書本)/全覽,,维基文库四库全书本全览。文集碑文层，不是寺中原石，也不是工部档册。,同时代·官方,天竺寺碑文：雍正十二年十一月工竣。短引。不证工程已经核销。
QH-SU-YZ-YZWJ-0003H,yongzheng,SRC-029,世宗宪皇帝御制文集,巻之十八,雍正朝,1730,历代帝王庙祭文崇祀凡二十有一君,https://zh.wikisource.org/wiki/世宗憲皇帝御製文集_(四庫全書本)/全覽,,维基文库四库全书本全览。文集祭文层，不是庙中原石，也不是入祀清册。,同时代·官方,历代帝王庙祭文：崇祀帝王庙者凡二十有一君。短引。不得与帝王庙碑文并成一篇。不证入祀名单已经逐位核验。
QH-SU-YZ-YZWJ-0003I,yongzheng,SRC-029,世宗宪皇帝御制文集,巻之十八,雍正朝,1730,追封孔子五代告祭文并跻祀典特晋王封,https://zh.wikisource.org/wiki/世宗憲皇帝御製文集_(四庫全書本)/全覽,,维基文库四库全书本全览。文集祭文层，不是庙中原石，也不是玉牒。,同时代·官方,追封孔子五代告祭文：并跻祀典，特晋王封。短引。不得写成玉牒已开。
QH-SU-YZ-YZWJ-0003J,yongzheng,SRC-029,世宗宪皇帝御制文集,巻之十八,雍正朝,1730,文庙增定从祀告祭文开端道宗前圣尊万世之师资,https://zh.wikisource.org/wiki/世宗憲皇帝御製文集_(四庫全書本)/全覽,,维基文库四库全书本全览。文集祭文层，不是庙中原石。,同时代·官方,文庙增定从祀告祭文：道宗前圣，尊万世之师资。短引。不证从祀已经终审。
QH-SU-YZ-YZWJ-0003K,yongzheng,SRC-029,世宗宪皇帝御制文集,巻之十八,雍正朝,1730,文庙增定从祀告祭文林放等二十六人新造牌位,https://zh.wikisource.org/wiki/世宗憲皇帝御製文集_(四庫全書本)/全覽,,维基文库四库全书本全览。文集祭文层，不是庙中原石，也不是牌位清册。,同时代·官方,文庙增定从祀告祭文：以林放等二十六人新造牌位安奉两庑。短引。不证二十六人名单已经逐位核验。
QH-SU-YZ-YZWJ-0003L,yongzheng,SRC-029,世宗宪皇帝御制文集,巻之十八,雍正朝,1724,阙里告祭文杏坛回禄像位幸存榱楹俱烬,https://zh.wikisource.org/wiki/世宗憲皇帝御製文集_(四庫全書本)/全覽,,维基文库四库全书本全览。文集祭文层，不是庙中原石，也不是修建阙里圣庙碑文。,同时代·官方,阙里告祭文：不谓杏坛之地忽生回禄之灾，虽像位幸存而榱楹俱烬。短引。不得与修建阙里圣庙碑文并成一篇。不证竣工。
QH-SU-YZ-YZWJ-0003M,yongzheng,SRC-029,世宗宪皇帝御制文集,巻之十八,雍正朝,1724,阙里告祭文阙里云遥用专官而展祭,https://zh.wikisource.org/wiki/世宗憲皇帝御製文集_(四庫全書本)/全覽,,维基文库四库全书本全览。文集祭文层，不是庙中原石，也不是实录东巡条。,同时代·官方,阙里告祭文：阙里云遥，用专官而展祭。短引。不得写成亲诣阙里已开。
QH-SU-YZ-YZWJ-0003N,yongzheng,SRC-029,世宗宪皇帝御制文集,巻之十八,雍正朝,1730,太学文庙祭文开端金声玉振集神圣之大成,https://zh.wikisource.org/wiki/世宗憲皇帝御製文集_(四庫全書本)/全覽,,维基文库四库全书本全览。文集祭文层，不是庙中原石，也不是阙里告祭文。,同时代·官方,太学文庙祭文：金声玉振，集神圣之大成。短引。不得与阙里告祭并成一篇。
QH-SU-YZ-YZWJ-0003O,yongzheng,SRC-029,世宗宪皇帝御制文集,巻之十八,雍正朝,1730,太学文庙祭文将升画栋忽睹卿云,https://zh.wikisource.org/wiki/世宗憲皇帝御製文集_(四庫全書本)/全覽,,维基文库四库全书本全览。文集祭文层，不是庙中原石，也不是钦天监档。,同时代·官方,太学文庙祭文：将升画栋，选卜良辰，忽睹卿云光辉晴昼。短引。不证天瑞已经应验。
QH-SU-YZ-YZWJ-0003P,yongzheng,SRC-029,世宗宪皇帝御制文集,巻之十八,雍正朝,1730,先师孔子诞辰告祭文开端金声玉振开宇宙之文明,https://zh.wikisource.org/wiki/世宗憲皇帝御製文集_(四庫全書本)/全覽,,维基文库四库全书本全览。文集祭文层，不是庙中原石，也不是太学文庙祭文。,同时代·官方,先师孔子诞辰告祭文：金声玉振，开宇宙之文明。短引。不得与太学文庙祭文并成一篇。
QH-SU-YZ-YZWJ-0003Q,yongzheng,SRC-029,世宗宪皇帝御制文集,巻之十八,雍正八年,1730,先师孔子诞辰告祭文岁逢庚戌序属仲秋,https://zh.wikisource.org/wiki/世宗憲皇帝御製文集_(四庫全書本)/全覽,,维基文库四库全书本全览。文集祭文层，不是庙中原石，也不是会典祀典条。,同时代·官方,先师孔子诞辰告祭文：岁逢庚戌，序属仲秋，推之长历即尼山降诞之时。短引。不证祀典已经逐岁落实。
QH-SU-YZ-YZWJ-0003R,yongzheng,SRC-029,世宗宪皇帝御制文集,巻之十八,雍正朝,1730,圣庙告成祭文开端达天尽性树万世之师模,https://zh.wikisource.org/wiki/世宗憲皇帝御製文集_(四庫全書本)/全覽,,维基文库四库全书本全览。文集祭文层，不是庙中原石，也不是修建阙里圣庙碑文。,同时代·官方,圣庙告成祭文：达天尽性，树万世之师模。短引。不得与修建阙里圣庙碑文并成一篇。
QH-SU-YZ-YZWJ-0003S,yongzheng,SRC-029,世宗宪皇帝御制文集,巻之十八,雍正朝,1730,圣庙告成祭文特遣皇五子弘昼等亲诣几筵,https://zh.wikisource.org/wiki/世宗憲皇帝御製文集_(四庫全書本)/全覽,,维基文库四库全书本全览。文集祭文层，不是庙中原石，也不是起居注。,同时代·官方,圣庙告成祭文：特遣皇五子弘昼等亲诣几筵，敬行祭告。短引。不得写成皇帝亲诣已开。不证竣工已经核销。
QH-SU-YZ-YZWJ-0003T,yongzheng,SRC-029,世宗宪皇帝御制文集,巻之十八,雍正朝,1723,日月合璧五星联珠告祭景陵文圣祖道迈羲轩,https://zh.wikisource.org/wiki/世宗憲皇帝御製文集_(四庫全書本)/全覽,,维基文库四库全书本全览。文集祭文层，不是景陵原石，也不是景陵圣德神功碑。,同时代·官方,日月合璧五星联珠告祭景陵文：钦惟皇考圣祖仁皇帝道迈羲轩。短引。不得与景陵圣德神功碑并成一篇。
QH-SU-YZ-YZWJ-0003U,yongzheng,SRC-029,世宗宪皇帝御制文集,巻之十八,雍正元年,1723,日月合璧五星联珠告祭景陵文仲春二曜璧合五星珠联,https://zh.wikisource.org/wiki/世宗憲皇帝御製文集_(四庫全書本)/全覽,,维基文库四库全书本全览。文集祭文层，不是景陵原石，也不是钦天监档。,同时代·官方,日月合璧五星联珠告祭景陵文：候届仲春，日当初吉，二曜同躔而璧合，五星聚舍以珠联。短引。不证天瑞已经应验。
QH-SU-YZ-YZWJ-0003V,yongzheng,SRC-029,世宗宪皇帝御制文集,巻之十八,雍正朝,1723,景陵悬匾告祭文开端陵园葱郁森警卫于百神,https://zh.wikisource.org/wiki/世宗憲皇帝御製文集_(四庫全書本)/全覽,,维基文库四库全书本全览。文集祭文层，不是景陵原石。目录作悬扁，正文作悬匾，分层保留。,同时代·官方,景陵悬匾告祭文：陵园葱郁，森警卫于百神。短引。不得与景陵圣德神功碑并成一篇。
QH-SU-YZ-YZWJ-0003W,yongzheng,SRC-029,世宗宪皇帝御制文集,巻之十八,雍正朝,1723,景陵悬匾告祭文因山启隧巨榜丰碑,https://zh.wikisource.org/wiki/世宗憲皇帝御製文集_(四庫全書本)/全覽,,维基文库四库全书本全览。文集祭文层，不是景陵原石，也不是工部档册。目录作悬扁，正文作悬匾，分层保留。,同时代·官方,景陵悬匾告祭文：因山启隧已占灵淑之征，巨榜丰碑宜极尊崇之制。短引。不证匾额已经核销。
QH-SU-YZ-YZWJ-0003X,yongzheng,SRC-029,世宗宪皇帝御制文集,巻之十八,雍正朝,1727,黄河澄清告祭景陵文圣祖道济群生恩濡万国,https://zh.wikisource.org/wiki/世宗憲皇帝御製文集_(四庫全書本)/全覽,,维基文库四库全书本全览。文集祭文层，不是景陵原石，也不是黄河澄清碑记。,同时代·官方,黄河澄清告祭景陵文：钦惟皇考圣祖仁皇帝道济群生恩濡万国。短引。不得与黄河澄清碑记并成一篇。
QH-SU-YZ-YZWJ-0003Y,yongzheng,SRC-029,世宗宪皇帝御制文集,巻之十八,雍正五年,1727,黄河澄清告祭景陵文由陕州至桃源地连五省,https://zh.wikisource.org/wiki/世宗憲皇帝御製文集_(四庫全書本)/全覽,,维基文库四库全书本全览。文集祭文层，不是景陵原石，也不是黄河澄清碑记。,同时代·官方,黄河澄清告祭景陵文：由陕州而至桃源，地连五省，自嘉平而逾献岁，时阅三旬。短引。不得与碑记并成一篇。不证河水已经澄清。
QH-SU-YZ-YZWJ-0003Z,yongzheng,SRC-029,世宗宪皇帝御制文集,巻之十八,康熙朝,1722,北镇庙祭文昔奉谒陵之命曾申诣庙之虔,https://zh.wikisource.org/wiki/世宗憲皇帝御製文集_(四庫全書本)/全覽,,维基文库四库全书本全览。文集祭文层，不是庙中原石，也不是实录谒陵条。,同时代·官方,北镇庙祭文：朕昔奉谒陵之命，曾申诣庙之虔。短引。不得写成谒陵逐日已开。
QH-SU-YZ-YZWJ-0004A,yongzheng,SRC-029,世宗宪皇帝御制文集,巻之十八,雍正朝,1723,北镇庙祭文绍承宝位复发帑以增修,https://zh.wikisource.org/wiki/世宗憲皇帝御製文集_(四庫全書本)/全覽,,维基文库四库全书本全览。文集祭文层，不是庙中原石，也不是工部档册。,同时代·官方,北镇庙祭文：绍承宝位，复发帑以增修。短引。不证工程已经核销。
QH-SU-YZ-YZWJ-0004B,yongzheng,SRC-029,世宗宪皇帝御制文集,巻之十八,雍正朝,1725,追封关帝三代祭文开端秉两间之正气毓圣有基,https://zh.wikisource.org/wiki/世宗憲皇帝御製文集_(四庫全書本)/全覽,,维基文库四库全书本全览。文集祭文层，不是庙中原石，也不是会典封典条。,同时代·官方,追封关帝三代祭文：秉两间之正气，毓圣有基。短引。不得写成会典封典已开。
QH-SU-YZ-YZWJ-0004C,yongzheng,SRC-029,世宗宪皇帝御制文集,巻之十八,雍正朝,1725,追封关帝三代祭文诏礼臣建上公于三世,https://zh.wikisource.org/wiki/世宗憲皇帝御製文集_(四庫全書本)/全覽,,维基文库四库全书本全览。文集祭文层，不是庙中原石，也不是玉牒。,同时代·官方,追封关帝三代祭文：爰诏礼臣特隆封典，建上公于三世。短引。不得写成玉牒已开。不证谱牒已经改写。
QH-SU-YZ-YZWJ-0004D,yongzheng,SRC-029,世宗宪皇帝御制文集,巻之十八,雍正朝,1725,关帝告祭文开端敦大伦而表范忠冠古今,https://zh.wikisource.org/wiki/世宗憲皇帝御製文集_(四庫全書本)/全覽,,维基文库四库全书本全览。文集祭文层，不是庙中原石，也不是追封关帝三代祭文。,同时代·官方,关帝告祭文：敦大伦而表范，忠冠古今。短引。不得与追封关帝三代祭文并成一篇。
QH-SU-YZ-YZWJ-0004E,yongzheng,SRC-029,世宗宪皇帝御制文集,巻之十八,雍正朝,1725,关帝告祭文廷臣稽门绪锡上公之显号,https://zh.wikisource.org/wiki/世宗憲皇帝御製文集_(四庫全書本)/全覽,,维基文库四库全书本全览。文集祭文层，不是庙中原石，也不是会典封典条。,同时代·官方,关帝告祭文：爰命廷臣聿稽门绪，千秋华胄美三叶之芳规，五等崇班锡上公之显号。短引。不得与追封关帝三代祭文并成一篇。不证谱牒已经改写。
QH-SU-YZ-YZWJ-0004F,yongzheng,SRC-029,世宗宪皇帝御制文集,巻之十八,雍正朝,1730,清和宣惠风伯之神祭文开端惟神象著箕星德符巽卦,https://zh.wikisource.org/wiki/世宗憲皇帝御製文集_(四庫全書本)/全覽,,维基文库四库全书本全览。文集祭文层，不是庙中原石，也不是会典封典条。目录作惠，正文作恵，分层保留。,同时代·官方,清和宣惠风伯之神祭文：惟神象著箕星，德符巽卦。短引。不得写成会典封典已开。
QH-SU-YZ-YZWJ-0004G,yongzheng,SRC-029,世宗宪皇帝御制文集,巻之十八,雍正朝,1730,清和宣惠风伯之神祭文特封为清和宣惠风伯之神,https://zh.wikisource.org/wiki/世宗憲皇帝御製文集_(四庫全書本)/全覽,,维基文库四库全书本全览。文集祭文层，不是庙中原石，也不是河臣原奏。目录作惠，正文作恵，分层保留。,同时代·官方,清和宣惠风伯之神祭文：是用特封为清和宣惠风伯之神。短引。不得写成会典封典已开。不证安澜已经核验。
QH-SU-YZ-YZWJ-0004H,yongzheng,SRC-029,世宗宪皇帝御制文集,巻之十九,雍正朝,1730,都城隍庙祭文开端灵爽丕昭作皇都之保障,https://zh.wikisource.org/wiki/世宗憲皇帝御製文集_(四庫全書本)/全覽,,维基文库四库全书本全览。文集祭文层，不是庙中原石，也不是巻之二十碑亭告成祭文。,同时代·官方,都城隍庙祭文：灵爽丕昭，作皇都之保障。短引。不得与都城隍庙碑亭告成祭文并成一篇。
QH-SU-YZ-YZWJ-0004I,yongzheng,SRC-029,世宗宪皇帝御制文集,巻之十九,雍正朝,1730,都城隍庙祭文发金钱于内府命董理于大臣,https://zh.wikisource.org/wiki/世宗憲皇帝御製文集_(四庫全書本)/全覽,,维基文库四库全书本全览。文集祭文层，不是庙中原石，也不是内府档册。,同时代·官方,都城隍庙祭文：发金钱于内府，命董理于大臣。短引。不得写成内府档册已开。不证工程已经核销。
QH-SU-YZ-YZWJ-0004J,yongzheng,SRC-029,世宗宪皇帝御制文集,巻之十九,雍正朝,1730,运河神祭文开端国家挽运全藉漕渠,https://zh.wikisource.org/wiki/世宗憲皇帝御製文集_(四庫全書本)/全覽,,维基文库四库全书本全览。文集祭文层，不是庙中原石，也不是漕运档册。,同时代·官方,运河神祭文：国家挽运全藉漕渠，河水畅流最需雨泽。短引。不得写成漕运档册已开。
QH-SU-YZ-YZWJ-0004K,yongzheng,SRC-029,世宗宪皇帝御制文集,巻之十九,雍正朝,1730,运河神祭文春夏之交愆阳间告水浅运艰,https://zh.wikisource.org/wiki/世宗憲皇帝御製文集_(四庫全書本)/全覽,,维基文库四库全书本全览。文集祭文层，不是庙中原石，也不是河臣原奏。,同时代·官方,运河神祭文：春夏之交愆阳间告，缘河一带愆雨泽之施，以致水浅运艰。短引。不证漕运已经阻滞终审。
QH-SU-YZ-YZWJ-0004L,yongzheng,SRC-029,世宗宪皇帝御制文集,巻之十九,雍正朝,1727,黄河神祭文开端源通星汉派衍昆仑,https://zh.wikisource.org/wiki/世宗憲皇帝御製文集_(四庫全書本)/全覽,,维基文库四库全书本全览。文集祭文层，不是庙中原石，也不是黄河澄清碑记。,同时代·官方,黄河神祭文：惟神源通星汉，派衍昆仑。短引。不得与黄河澄清碑记并成一篇。
QH-SU-YZ-YZWJ-0004M,yongzheng,SRC-029,世宗宪皇帝御制文集,巻之十九,雍正朝,1727,黄河神祭文决口合龙既奏安澜旋呈清泚,https://zh.wikisource.org/wiki/世宗憲皇帝御製文集_(四庫全書本)/全覽,,维基文库四库全书本全览。文集祭文层，不是庙中原石，也不是黄河澄清告祭景陵文。,同时代·官方,黄河神祭文：顷者决口合龙，民居攸奠，既奏安澜之绩，旋呈清泚之祥。短引。不得与碑记或景陵告祭并成一篇。不证河水已经澄清。
QH-SU-YZ-YZWJ-0004N,yongzheng,SRC-029,世宗宪皇帝御制文集,巻之十九,雍正朝,1730,河神祭文甲开端朕注心河务礼敬明神,https://zh.wikisource.org/wiki/世宗憲皇帝御製文集_(四庫全書本)/全覽,,维基文库四库全书本全览。文集祭文层，不是庙中原石，也不是黄河神祭文。,同时代·官方,河神祭文甲：朕注心河务，礼敬明神，历岁以来休征屡著。短引。不得与黄河神祭文或后一篇河神祭文并成一篇。
QH-SU-YZ-YZWJ-0004O,yongzheng,SRC-029,世宗宪皇帝御制文集,巻之十九,雍正朝,1730,河神祭文甲三旬之内早奏安澜,https://zh.wikisource.org/wiki/世宗憲皇帝御製文集_(四庫全書本)/全覽,,维基文库四库全书本全览。文集祭文层，不是庙中原石，也不是河臣原奏。,同时代·官方,河神祭文甲：三旬之内早奏安澜，无縻费于金钱。短引。不证工程已经核销。
QH-SU-YZ-YZWJ-0004P,yongzheng,SRC-029,世宗宪皇帝御制文集,巻之十九,雍正朝,1730,河神祭文乙开端功昭四渎德冠群灵,https://zh.wikisource.org/wiki/世宗憲皇帝御製文集_(四庫全書本)/全覽,,维基文库四库全书本全览。文集祭文层，不是庙中原石，也不是前一篇河神祭文。,同时代·官方,河神祭文乙：惟神功昭四渎，德冠群灵。短引。不得与河神祭文甲并成一篇。
QH-SU-YZ-YZWJ-0004Q,yongzheng,SRC-029,世宗宪皇帝御制文集,巻之十九,雍正朝,1730,河神祭文乙长阡广陌增二万顷之良畴,https://zh.wikisource.org/wiki/世宗憲皇帝御製文集_(四庫全書本)/全覽,,维基文库四库全书本全览。文集祭文层，不是庙中原石，也不是鱼鳞册。,同时代·官方,河神祭文乙：长阡广陌，增二万顷之良畴。短引。不证田亩已经清丈。
QH-SU-YZ-YZWJ-0004R,yongzheng,SRC-029,世宗宪皇帝御制文集,巻之十九,雍正朝,1730,河源神祭文开端象应汉津源疏昆阆,https://zh.wikisource.org/wiki/世宗憲皇帝御製文集_(四庫全書本)/全覽,,维基文库四库全书本全览。文集祭文层，不是庙中原石，也不是河神祭文。,同时代·官方,河源神祭文：惟神象应汉津，源疏昆阆。短引。不得与河神祭文并成一篇。
QH-SU-YZ-YZWJ-0004S,yongzheng,SRC-029,世宗宪皇帝御制文集,巻之十九,雍正朝,1730,河源神祭文乘天时而收地力盈二万顷之膏腴,https://zh.wikisource.org/wiki/世宗憲皇帝御製文集_(四庫全書本)/全覽,,维基文库四库全书本全览。文集祭文层，不是庙中原石，也不是鱼鳞册。,同时代·官方,河源神祭文：乘天时而收地力，盈二万顷之膏腴。短引。不得与河神祭文乙并成一篇。不证田亩已经清丈。
QH-SU-YZ-YZWJ-0004T,yongzheng,SRC-029,世宗宪皇帝御制文集,巻之十九,雍正朝,1730,河神祭文丙开端灵发昆仑源通星宿,https://zh.wikisource.org/wiki/世宗憲皇帝御製文集_(四庫全書本)/全覽,,维基文库四库全书本全览。文集祭文层，不是庙中原石，也不是河源神祭文。,同时代·官方,河神祭文丙：惟神灵发昆仑，源通星宿。短引。不得与河源神祭文或前两篇河神祭文并成一篇。
QH-SU-YZ-YZWJ-0004U,yongzheng,SRC-029,世宗宪皇帝御制文集,巻之十九,雍正朝,1730,河神祭文丙波恬浪静澄清上彻乎荣光,https://zh.wikisource.org/wiki/世宗憲皇帝御製文集_(四庫全書本)/全覽,,维基文库四库全书本全览。文集祭文层，不是庙中原石，也不是黄河澄清碑记。,同时代·官方,河神祭文丙：波恬浪静，澄清上彻乎荣光。短引。不得与黄河神祭文并成一篇。不证河水已经澄清。
QH-SU-YZ-YZWJ-0004V,yongzheng,SRC-029,世宗宪皇帝御制文集,巻之十九,雍正朝,1730,清口河神祭文开端源开星宿派导龙门,https://zh.wikisource.org/wiki/世宗憲皇帝御製文集_(四庫全書本)/全覽,,维基文库四库全书本全览。文集祭文层，不是庙中原石，也不是河神祭文。,同时代·官方,清口河神祭文：惟神源开星宿，派导龙门。短引。不得与河神祭文并成一篇。
QH-SU-YZ-YZWJ-0004W,yongzheng,SRC-029,世宗宪皇帝御制文集,巻之十九,雍正朝,1730,清口河神祭文漕运万艘循长堤而安挽,https://zh.wikisource.org/wiki/世宗憲皇帝御製文集_(四庫全書本)/全覽,,维基文库四库全书本全览。文集祭文层，不是庙中原石，也不是漕运档册。,同时代·官方,清口河神祭文：漕运万艘循长堤而安挽。短引。不证漕运已经安澜终审。
QH-SU-YZ-YZWJ-0004X,yongzheng,SRC-029,世宗宪皇帝御制文集,巻之十九,雍正朝,1730,武陟县河神祭文开端泽滋坤壤象应天津,https://zh.wikisource.org/wiki/世宗憲皇帝御製文集_(四庫全書本)/全覽,,维基文库四库全书本全览。文集祭文层，不是庙中原石，也不是清口河神祭文。,同时代·官方,武陟县河神祭文：惟神泽滋坤壤，象应天津。短引。不得与清口河神祭文并成一篇。
QH-SU-YZ-YZWJ-0004Y,yongzheng,SRC-029,世宗宪皇帝御制文集,巻之十九,雍正朝,1730,武陟县河神祭文仪封北岸兰邑南堤,https://zh.wikisource.org/wiki/世宗憲皇帝御製文集_(四庫全書本)/全覽,,维基文库四库全书本全览。文集祭文层，不是庙中原石，也不是河臣原奏。,同时代·官方,武陟县河神祭文：仪封北岸濬深渠而迅浪通流，兰邑南堤汕引河而中直泻。短引。不证工程已经核销。
QH-SU-YZ-YZWJ-0004Z,yongzheng,SRC-029,世宗宪皇帝御制文集,巻之十九,康熙朝,1698,永定河神庙告成祭文显佑于皇考之时肇祀于卢沟之北,https://zh.wikisource.org/wiki/世宗憲皇帝御製文集_(四庫全書本)/全覽,,维基文库四库全书本全览。文集祭文层，不是庙中原石，也不是惠济庙碑文。,同时代·官方,永定河神庙告成祭文：显佑于皇考之时，肇祀于卢沟之北。短引。不得与惠济庙碑文并成一篇。不得写成永定河逐日已开。
QH-SU-YZ-YZWJ-0005A,yongzheng,SRC-029,世宗宪皇帝御制文集,巻之十九,雍正朝,1730,永定河神庙告成祭文石景实处上游宜建庙以安神,https://zh.wikisource.org/wiki/世宗憲皇帝御製文集_(四庫全書本)/全覽,,维基文库四库全书本全览。文集祭文层，不是庙中原石，也不是工部档册。,同时代·官方,永定河神庙告成祭文：朕思石景实处上游，宜建庙以安神。短引。不证工程已经核销。
QH-SU-YZ-YZWJ-0005B,yongzheng,SRC-029,世宗宪皇帝御制文集,巻之十九,康熙朝,1698,奉安石景山永定河神像祭文睿谟指授于当年嘉名肇锡,https://zh.wikisource.org/wiki/世宗憲皇帝御製文集_(四庫全書本)/全覽,,维基文库四库全书本全览。文集祭文层，不是庙中原石，也不是惠济庙碑文。,同时代·官方,奉安石景山永定河神像祭文：睿谟指授于当年，嘉名肇锡。短引。不得与惠济庙碑文或告成祭文并成一篇。不得写成永定河逐日已开。
QH-SU-YZ-YZWJ-0005C,yongzheng,SRC-029,世宗宪皇帝御制文集,巻之十九,雍正朝,1730,奉安石景山永定河神像祭文洒翰而题巨榜製文以勒丰碑,https://zh.wikisource.org/wiki/世宗憲皇帝御製文集_(四庫全書本)/全覽,,维基文库四库全书本全览。文集祭文层，不是庙中原石，也不是工部档册。,同时代·官方,奉安石景山永定河神像祭文：洒翰而题巨榜，製文以勒丰碑。短引。不证匾额已经核销。
QH-SU-YZ-YZWJ-0005D,yongzheng,SRC-029,世宗宪皇帝御制文集,巻之十九,雍正朝,1730,清口河神祭文乙开端朕轸念民生廑怀河务,https://zh.wikisource.org/wiki/世宗憲皇帝御製文集_(四庫全書本)/全覽,,维基文库四库全书本全览。文集祭文层，不是庙中原石，也不是前一篇清口河神祭文。,同时代·官方,清口河神祭文乙：朕轸念民生，廑怀河务。短引。不得与前一篇清口河神祭文并成一篇。
QH-SU-YZ-YZWJ-0005E,yongzheng,SRC-029,世宗宪皇帝御制文集,巻之十九,雍正朝,1730,清口河神祭文乙洪波万派循轨道以安流,https://zh.wikisource.org/wiki/世宗憲皇帝御製文集_(四庫全書本)/全覽,,维基文库四库全书本全览。文集祭文层，不是庙中原石，也不是河臣原奏。,同时代·官方,清口河神祭文乙：洪波万派循轨道以安流。短引。不证漕运已经安澜终审。
QH-SU-YZ-YZWJ-0005F,yongzheng,SRC-029,世宗宪皇帝御制文集,巻之十九,雍正朝,1730,浙江海神祭文开端明神受职于天恩覃泽国,https://zh.wikisource.org/wiki/世宗憲皇帝御製文集_(四庫全書本)/全覽,,维基文库四库全书本全览。文集祭文层，不是庙中原石，也不是清口河神祭文。,同时代·官方,浙江海神祭文：明神受职于天，恩覃泽国。短引。不得与清口河神祭文并成一篇。
QH-SU-YZ-YZWJ-0005G,yongzheng,SRC-029,世宗宪皇帝御制文集,巻之十九,雍正朝,1730,浙江海神祭文风潮鼓盪冲溃堤防,https://zh.wikisource.org/wiki/世宗憲皇帝御製文集_(四庫全書本)/全覽,,维基文库四库全书本全览。文集祭文层，不是庙中原石，也不是海塘档册。,同时代·官方,浙江海神祭文：廼者风潮鼓盪，冲溃堤防。短引。不证海塘已经核销。
QH-SU-YZ-YZWJ-0005H,yongzheng,SRC-029,世宗宪皇帝御制文集,巻之十九,雍正朝,1730,河源神祭文乙开端源从天汉泽润坤舆,https://zh.wikisource.org/wiki/世宗憲皇帝御製文集_(四庫全書本)/全覽,,维基文库四库全书本全览。文集祭文层，不是庙中原石，也不是前一篇河源神祭文。,同时代·官方,河源神祭文乙：惟神源从天汉，泽润坤舆。短引。不得与前一篇河源神祭文并成一篇。
QH-SU-YZ-YZWJ-0005I,yongzheng,SRC-029,世宗宪皇帝御制文集,巻之十九,雍正朝,1730,河源神祭文乙惟甘陕之岩疆实边陲之重地,https://zh.wikisource.org/wiki/世宗憲皇帝御製文集_(四庫全書本)/全覽,,维基文库四库全书本全览。文集祭文层，不是庙中原石，也不是边政档册。,同时代·官方,河源神祭文乙：惟甘陕之岩疆，实边陲之重地。短引。不得写成边政档册已开。
QH-SU-YZ-YZWJ-0005J,yongzheng,SRC-029,世宗宪皇帝御制文集,巻之十九,雍正朝,1730,河神祭文丁开端朕心殷河务敬礼明神,https://zh.wikisource.org/wiki/世宗憲皇帝御製文集_(四庫全書本)/全覽,,维基文库四库全书本全览。文集祭文层，不是庙中原石，也不是前三篇河神祭文。,同时代·官方,河神祭文丁：朕心殷河务，敬礼明神。短引。不得与前三篇河神祭文并成一篇。
QH-SU-YZ-YZWJ-0005K,yongzheng,SRC-029,世宗宪皇帝御制文集,巻之十九,雍正朝,1730,河神祭文丁睢宁之境正当河道之冲,https://zh.wikisource.org/wiki/世宗憲皇帝御製文集_(四庫全書本)/全覽,,维基文库四库全书本全览。文集祭文层，不是庙中原石，也不是河臣原奏。,同时代·官方,河神祭文丁：惟是睢宁之境，正当河道之冲。短引。不证工程已经核销。
QH-SU-YZ-YZWJ-0005L,yongzheng,SRC-029,世宗宪皇帝御制文集,巻之十九,雍正朝,1730,祈雨祭风神文开端朕奉天子民刻刻以雨旸时若为念,https://zh.wikisource.org/wiki/世宗憲皇帝御製文集_(四庫全書本)/全覽,,维基文库四库全书本全览。文集祭文层，不是庙中原石，也不是清和宣惠风伯之神祭文。,同时代·官方,祈雨祭风神文：朕奉天子民，刻刻以雨旸时若为念。短引。不得与清和宣惠风伯之神祭文并成一篇。
QH-SU-YZ-YZWJ-0005M,yongzheng,SRC-029,世宗宪皇帝御制文集,巻之十九,雍正朝,1730,祈雨祭风神文今春三月膏雨愆期恒风示儆,https://zh.wikisource.org/wiki/世宗憲皇帝御製文集_(四庫全書本)/全覽,,维基文库四库全书本全览。文集祭文层，不是庙中原石，也不是起居注。,同时代·官方,祈雨祭风神文：乃今春三月膏雨愆期，恒风示儆。短引。不证已经得雨。
QH-SU-YZ-YZWJ-0005N,yongzheng,SRC-029,世宗宪皇帝御制文集,巻之十九,雍正朝,1730,太岁坛诸神祈雨祝文开端朕承眷命抚御蒸黎,https://zh.wikisource.org/wiki/世宗憲皇帝御製文集_(四庫全書本)/全覽,,维基文库四库全书本全览。文集祭文层，不是庙中原石，也不是太常档册。目录作嵗，分层保留。,同时代·官方,太岁坛诸神祈雨祝文：朕承眷命，抚御蒸黎。短引。不得与祈雨祭风神文并成一篇。
QH-SU-YZ-YZWJ-0005O,yongzheng,SRC-029,世宗宪皇帝御制文集,巻之十九,雍正朝,1730,太岁坛诸神祈雨祝文时当仲夏雨泽愆期,https://zh.wikisource.org/wiki/世宗憲皇帝御製文集_(四庫全書本)/全覽,,维基文库四库全书本全览。文集祭文层，不是庙中原石，也不是起居注。,同时代·官方,太岁坛诸神祈雨祝文：乃者时当仲夏，雨泽愆期。短引。不证已经得雨。
QH-SU-YZ-YZWJ-0005P,yongzheng,SRC-029,世宗宪皇帝御制文集,巻之二十,康熙朝,1722,历代帝王庙碑亭告成祭文皇考综百王之盛德定万世之公评,https://zh.wikisource.org/wiki/世宗憲皇帝御製文集_(四庫全書本)/全覽,,维基文库四库全书本全览。文集祭文层，不是庙中原石，也不是历代帝王庙碑文。,同时代·官方,历代帝王庙碑亭告成祭文：我皇考圣祖仁皇帝综百王之盛德，定万世之公评。短引。不得与帝王庙碑文或巻之十八祭文并成一篇。
QH-SU-YZ-YZWJ-0005Q,yongzheng,SRC-029,世宗宪皇帝御制文集,巻之二十,雍正朝,1730,历代帝王庙碑亭告成祭文丰碑式建爰洒翰以摛文,https://zh.wikisource.org/wiki/世宗憲皇帝御製文集_(四庫全書本)/全覽,,维基文库四库全书本全览。文集祭文层，不是庙中原石，也不是工部档册。,同时代·官方,历代帝王庙碑亭告成祭文：丰碑式建，爰洒翰以摛文。短引。不证碑亭已经核销。
QH-SU-YZ-YZWJ-0005R,yongzheng,SRC-029,世宗宪皇帝御制文集,巻之二十,雍正朝,1730,关帝庙碑亭告成祭文开端英风炳著丽皎日于中天,https://zh.wikisource.org/wiki/世宗憲皇帝御製文集_(四庫全書本)/全覽,,维基文库四库全书本全览。文集祭文层，不是庙中原石，也不是関帝告祭文。目录作闗，正文作關，分层保留。,同时代·官方,关帝庙碑亭告成祭文：英风炳著，丽皎日于中天。短引。不得与関帝告祭文或追封关帝三代祭文并成一篇。
QH-SU-YZ-YZWJ-0005S,yongzheng,SRC-029,世宗宪皇帝御制文集,巻之二十,雍正朝,1730,关帝庙碑亭告成祭文晋秩上公专祠后殿,https://zh.wikisource.org/wiki/世宗憲皇帝御製文集_(四庫全書本)/全覽,,维基文库四库全书本全览。文集祭文层，不是庙中原石，也不是会典封典条。,同时代·官方,关帝庙碑亭告成祭文：晋秩上公，专祠后殿。短引。不得与追封关帝三代祭文并成一篇。不证谱牒已经改写。
QH-SU-YZ-YZWJ-0005T,yongzheng,SRC-029,世宗宪皇帝御制文集,巻之二十,雍正朝,1730,都城隍庙碑亭告成祭文开端明威有赫资翊卫于金汤,https://zh.wikisource.org/wiki/世宗憲皇帝御製文集_(四庫全書本)/全覽,,维基文库四库全书本全览。文集祭文层，不是庙中原石，也不是巻之十九都城隍庙祭文。,同时代·官方,都城隍庙碑亭告成祭文：明威有赫，资翊卫于金汤。短引。不得与巻之十九都城隍庙祭文并成一篇。
QH-SU-YZ-YZWJ-0005U,yongzheng,SRC-029,世宗宪皇帝御制文集,巻之二十,雍正朝,1730,都城隍庙碑亭告成祭文聿新丹雘爰勒青珉,https://zh.wikisource.org/wiki/世宗憲皇帝御製文集_(四庫全書本)/全覽,,维基文库四库全书本全览。文集祭文层，不是庙中原石，也不是工部档册。,同时代·官方,都城隍庙碑亭告成祭文：兹者聿新丹雘，爰勒青珉。短引。不证碑亭已经核销。
QH-SU-YZ-YZWJ-0005V,yongzheng,SRC-029,世宗宪皇帝御制文集,巻之二十,康熙朝,1722,明太祖并十三陵祭文圣祖谓有明太祖创业维勤,https://zh.wikisource.org/wiki/世宗憲皇帝御製文集_(四庫全書本)/全覽,,维基文库四库全书本全览。文集祭文层，不是陵中原石，也不是实录谒陵条。,同时代·官方,明太祖并十三陵祭文：谓有明太祖创业维勤，宅心克广。短引。不得写成谒陵逐日已开。
QH-SU-YZ-YZWJ-0005W,yongzheng,SRC-029,世宗宪皇帝御制文集,巻之二十,雍正朝,1730,明太祖并十三陵祭文授为一等侯列五等之班,https://zh.wikisource.org/wiki/世宗憲皇帝御製文集_(四庫全書本)/全覽,,维基文库四库全书本全览。文集祭文层，不是会典封典条，也不是玉牒。全览人名缺字，不取人名。,同时代·官方,明太祖并十三陵祭文：授为一等侯，列五等之班。短引。不得写成会典封典已开。不证谱牒已经改写。
QH-SU-YZ-YZWJ-0005X,yongzheng,SRC-029,世宗宪皇帝御制文集,巻之二十,雍正朝,1730,贤良祠祭文开端功铭钟鼎尚书垂元祀之文,https://zh.wikisource.org/wiki/世宗憲皇帝御製文集_(四庫全書本)/全覽,,维基文库四库全书本全览。文集祭文层，不是祠中原石，也不是贤良祠碑文。,同时代·官方,贤良祠祭文：功铭钟鼎，尚书垂元祀之文。短引。不得与贤良祠碑文并成一篇。
QH-SU-YZ-YZWJ-0005Y,yongzheng,SRC-029,世宗宪皇帝御制文集,巻之二十,雍正朝,1730,贤良祠祭文既祠宇之告成序官阶而列次,https://zh.wikisource.org/wiki/世宗憲皇帝御製文集_(四庫全書本)/全覽,,维基文库四库全书本全览。文集祭文层，不是祠中原石，也不是入祀清册。,同时代·官方,贤良祠祭文：既祠宇之告成，序官阶而列次。短引。不得与贤良祠碑文并成一篇。不证入祀名单已经逐位核验。
QH-SU-YZ-YZWJ-0005Z,yongzheng,SRC-029,世宗宪皇帝御制文集,巻之二十,康熙朝,1722,和硕怡亲王初次祭文惟王为皇考圣祖仁皇帝之子,https://zh.wikisource.org/wiki/世宗憲皇帝御製文集_(四庫全書本)/全覽,,维基文库四库全书本全览。文集祭文层，不是玉牒，也不是怡贤亲王碑文。,同时代·官方,和硕怡亲王初次祭文：惟王为皇考圣祖仁皇帝之子，朕之亲弟也。短引。不得写成玉牒已开。
QH-SU-YZ-YZWJ-0006A,yongzheng,SRC-029,世宗宪皇帝御制文集,巻之二十,雍正朝,1730,和硕怡亲王初次祭文命王总理之是膺,https://zh.wikisource.org/wiki/世宗憲皇帝御製文集_(四庫全書本)/全覽,,维基文库四库全书本全览。文集祭文层，不是实录日条，也不是怡贤亲王碑文。,同时代·官方,和硕怡亲王初次祭文：当朕鸿基之初绍，命王总理之是膺。短引。不得与怡贤亲王碑文并成一篇。不证总理逐日已开。
QH-SU-YZ-YZWJ-0006B,yongzheng,SRC-029,世宗宪皇帝御制文集,巻之二十,康熙朝,1722,和硕怡贤亲王祭文遵奉皇考之命授弟算学,https://zh.wikisource.org/wiki/世宗憲皇帝御製文集_(四庫全書本)/全覽,,维基文库四库全书本全览。文集祭文层，不是起居注，也不是初次祭文。,同时代·官方,和硕怡贤亲王祭文：比长遵奉皇考之命，授弟算学，日事讨论。短引。不得写成起居注已开。
QH-SU-YZ-YZWJ-0006C,yongzheng,SRC-029,世宗宪皇帝御制文集,巻之二十,雍正朝,1730,和硕怡贤亲王祭文贤弟仙逝倏已阅三载,https://zh.wikisource.org/wiki/世宗憲皇帝御製文集_(四庫全書本)/全覽,,维基文库四库全书本全览。文集祭文层，不是实录日条，也不是初次祭文。,同时代·官方,和硕怡贤亲王祭文：呜呼哀哉，贤弟仙逝，倏已阅三载矣。短引。不得与初次祭文并成一篇。不证葬期已经核销。
QH-SU-YZ-YZWJ-0006D,yongzheng,SRC-029,世宗宪皇帝御制文集,巻之二十,雍正八年五月初四日,1730,诔和硕怡亲王诔并序以疾薨于位春秋四十有五,https://zh.wikisource.org/wiki/世宗憲皇帝御製文集_(四庫全書本)/全覽,,维基文库四库全书本全览。文集诔文层，不是实录日条，也不是祭文。,同时代·官方,诔和硕怡亲王诔并序：雍正八年五月初四日，和硕怡亲王以疾薨于位，春秋四十有五。短引。不得与祭文并成一篇。不证实录该日已开。
QH-SU-YZ-YZWJ-0006E,yongzheng,SRC-029,世宗宪皇帝御制文集,巻之二十,雍正朝,1730,诔和硕怡亲王诔八载之恪恭如一,https://zh.wikisource.org/wiki/世宗憲皇帝御製文集_(四庫全書本)/全覽,,维基文库四库全书本全览。文集诔文层，不是实录日条，也不是初次祭文。,同时代·官方,诔和硕怡亲王诔：八载之恪恭如一。短引。不得与祭文并成一篇。不证总理逐日已开。
QH-SU-YZ-YZWJ-0006F,yongzheng,SRC-029,世宗宪皇帝御制文集,巻之二十一,康熙朝,1722,雍邸集春园读书开端一片芳菲上苑东,https://zh.wikisource.org/wiki/世宗憲皇帝御製文集_(四庫全書本)/全覽,,维基文库四库全书本全览。文集诗层，不是诗题小序，也不是实录日条。,同时代·官方,春园读书：一片芳菲上苑东，昼长人坐落花风。短引。不得与即位后祭文并成一篇。不得写成起居注已开。
QH-SU-YZ-YZWJ-0006G,yongzheng,SRC-029,世宗宪皇帝御制文集,巻之二十一,康熙朝,1722,雍邸集春园读书讽咏芸编兴不穷,https://zh.wikisource.org/wiki/世宗憲皇帝御製文集_(四庫全書本)/全覽,,维基文库四库全书本全览。文集诗层，不是诗题小序，也不是起居注。,同时代·官方,春园读书：韶光脉脉春如海，讽咏芸编兴不穷。短引。不得写成读书逐日已开。
QH-SU-YZ-YZWJ-0006H,yongzheng,SRC-029,世宗宪皇帝御制文集,巻之二十一,康熙朝,1722,雍邸集咏自鸣钟开端巧制符天律阴阳一弹包,https://zh.wikisource.org/wiki/世宗憲皇帝御製文集_(四庫全書本)/全覽,,维基文库四库全书本全览。文集诗层，不是西洋钟档册，也不是春园读书。,同时代·官方,咏自鸣钟：巧制符天律，阴阳一弹包。短引。不得与春园读书并成一篇。
QH-SU-YZ-YZWJ-0006I,yongzheng,SRC-029,世宗宪皇帝御制文集,巻之二十一,康熙朝,1722,雍邸集咏自鸣钟晷刻毫无爽晨昏定不淆,https://zh.wikisource.org/wiki/世宗憲皇帝御製文集_(四庫全書本)/全覽,,维基文库四库全书本全览。文集诗层，不是西洋钟档册，也不是起居注。,同时代·官方,咏自鸣钟：晷刻毫无爽，晨昏定不淆。短引。不证钟表已经核销。
QH-SU-YZ-YZWJ-0006J,yongzheng,SRC-029,世宗宪皇帝御制文集,巻之二十一,康熙朝,1722,雍邸集山池晚步开端夕阳斜映绿波清,https://zh.wikisource.org/wiki/世宗憲皇帝御製文集_(四庫全書本)/全覽,,维基文库四库全书本全览。文集诗层，不是诗题小序，也不是咏自鸣钟。,同时代·官方,山池晚步：夕阳斜映绿波清，闲傍长桥步履行。短引。不得与咏自鸣钟并成一篇。
QH-SU-YZ-YZWJ-0006K,yongzheng,SRC-029,世宗宪皇帝御制文集,巻之二十一,康熙朝,1722,雍邸集山池晚步徙倚景光天欲暮,https://zh.wikisource.org/wiki/世宗憲皇帝御製文集_(四庫全書本)/全覽,,维基文库四库全书本全览。文集诗层，不是起居注，也不是春园读书。,同时代·官方,山池晚步：徙倚景光天欲暮，凌虚楼阁带霞明。短引。不得写成起居注已开。
QH-SU-YZ-YZWJ-0006L,yongzheng,SRC-029,世宗宪皇帝御制文集,巻之二十一,康熙朝,1722,雍邸集春日泛舟开端兰舟宛转浪纹平,https://zh.wikisource.org/wiki/世宗憲皇帝御製文集_(四庫全書本)/全覽,,维基文库四库全书本全览。文集诗层，不是诗题小序，也不是山池晚步。,同时代·官方,春日泛舟：兰舟宛转浪纹平，一棹容与荡晚晴。短引。不得与山池晚步并成一篇。
QH-SU-YZ-YZWJ-0006M,yongzheng,SRC-029,世宗宪皇帝御制文集,巻之二十一,康熙朝,1722,雍邸集春日泛舟始知仙境有蓬瀛,https://zh.wikisource.org/wiki/世宗憲皇帝御製文集_(四庫全書本)/全覽,,维基文库四库全书本全览。文集诗层，不是起居注，也不是实录日条。,同时代·官方,春日泛舟：缥缈中流凭览胜，始知仙境有蓬瀛。短引。不得写成起居注已开。
QH-SU-YZ-YZWJ-0006N,yongzheng,SRC-029,世宗宪皇帝御制文集,巻之二十一,康熙朝,1722,雍邸集夜坐开端独坐幽园里窗开竹影斜,https://zh.wikisource.org/wiki/世宗憲皇帝御製文集_(四庫全書本)/全覽,,维基文库四库全书本全览。文集诗层，不是诗题小序，也不是春日泛舟。,同时代·官方,夜坐：独坐幽园里，窗开竹影斜。短引。不得与春日泛舟并成一篇。
QH-SU-YZ-YZWJ-0006O,yongzheng,SRC-029,世宗宪皇帝御制文集,巻之二十一,康熙朝,1722,雍邸集夜坐悠然怡静境把卷待烹茶,https://zh.wikisource.org/wiki/世宗憲皇帝御製文集_(四庫全書本)/全覽,,维基文库四库全书本全览。文集诗层，不是起居注，也不是春园读书。,同时代·官方,夜坐：悠然怡静境，把卷待烹茶。短引。不得写成起居注已开。
QH-SU-YZ-YZWJ-0006P,yongzheng,SRC-029,世宗宪皇帝御制文集,巻之二十一,康熙朝,1722,雍邸集春暮登楼开端坐惜芳华晚登楼独举觞,https://zh.wikisource.org/wiki/世宗憲皇帝御製文集_(四庫全書本)/全覽,,维基文库四库全书本全览。文集诗层，不是诗题小序，也不是夜坐。,同时代·官方,春暮登楼：坐惜芳华晚，登楼独举觞。短引。不得与夜坐并成一篇。
QH-SU-YZ-YZWJ-0006Q,yongzheng,SRC-029,世宗宪皇帝御制文集,巻之二十一,康熙朝,1722,雍邸集春暮登楼凭栏无限思新月逗清光,https://zh.wikisource.org/wiki/世宗憲皇帝御製文集_(四庫全書本)/全覽,,维基文库四库全书本全览。文集诗层，不是起居注，也不是实录日条。,同时代·官方,春暮登楼：凭栏无限思，新月逗清光。短引。不得写成起居注已开。
QH-SU-YZ-YZWJ-0006R,yongzheng,SRC-029,世宗宪皇帝御制文集,巻之二十一,康熙朝,1722,雍邸集月夜对落花有感开端落花满径月朦胧,https://zh.wikisource.org/wiki/世宗憲皇帝御製文集_(四庫全書本)/全覽,,维基文库四库全书本全览。文集诗层，不是诗题小序，也不是春暮登楼。,同时代·官方,月夜对落花有感：落花满径月朦胧，夜静闲吟料峭风。短引。不得与春暮登楼并成一篇。
QH-SU-YZ-YZWJ-0006S,yongzheng,SRC-029,世宗宪皇帝御制文集,巻之二十一,康熙朝,1722,雍邸集月夜对落花有感萋萋芳草春将去,https://zh.wikisource.org/wiki/世宗憲皇帝御製文集_(四庫全書本)/全覽,,维基文库四库全书本全览。文集诗层，不是起居注，也不是实录日条。,同时代·官方,月夜对落花有感：萋萋芳草春将去，冉冉韶光酒莫空。短引。不得写成起居注已开。
QH-SU-YZ-YZWJ-0006T,yongzheng,SRC-029,世宗宪皇帝御制文集,巻之二十一,康熙朝,1722,雍邸集月下独酌开端春月娟娟映水清,https://zh.wikisource.org/wiki/世宗憲皇帝御製文集_(四庫全書本)/全覽,,维基文库四库全书本全览。文集诗层，不是诗题小序，也不是月夜对落花有感。,同时代·官方,月下独酌：春月娟娟映水清，一斟一酌听泉声。短引。不得与月夜对落花有感并成一篇。
QH-SU-YZ-YZWJ-0006U,yongzheng,SRC-029,世宗宪皇帝御制文集,巻之二十一,康熙朝,1722,雍邸集月下独酌微风暗拂花枝动,https://zh.wikisource.org/wiki/世宗憲皇帝御製文集_(四庫全書本)/全覽,,维基文库四库全书本全览。文集诗层，不是起居注，也不是实录日条。,同时代·官方,月下独酌：微风暗拂花枝动，几点残红扑酒罂。短引。不得写成起居注已开。
QH-SU-YZ-YZWJ-0006V,yongzheng,SRC-029,世宗宪皇帝御制文集,巻之二十一,康熙朝,1722,雍邸集春院小饮开端春深红紫映楼台,https://zh.wikisource.org/wiki/世宗憲皇帝御製文集_(四庫全書本)/全覽,,维基文库四库全书本全览。文集诗层，不是诗题小序，也不是月下独酌。,同时代·官方,春院小饮：春深红紫映楼台，槛外风香花尽开。短引。不得与月下独酌并成一篇。
QH-SU-YZ-YZWJ-0006W,yongzheng,SRC-029,世宗宪皇帝御制文集,巻之二十一,康熙朝,1722,雍邸集春院小饮东海玉盘看乍涌,https://zh.wikisource.org/wiki/世宗憲皇帝御製文集_(四庫全書本)/全覽,,维基文库四库全书本全览。文集诗层，不是起居注，也不是实录日条。,同时代·官方,春院小饮：东海玉盘看乍涌，恰逢童子抱尊来。短引。不得写成起居注已开。
QH-SU-YZ-YZWJ-0006X,yongzheng,SRC-029,世宗宪皇帝御制文集,巻之二十一,康熙朝,1722,雍邸集雨霁开端节届清和春未赊,https://zh.wikisource.org/wiki/世宗憲皇帝御製文集_(四庫全書本)/全覽,,维基文库四库全书本全览。文集诗层，不是诗题小序，也不是春院小饮。,同时代·官方,雨霁：节届清和春未赊，看山不厌半云遮。短引。不得与春院小饮并成一篇。
QH-SU-YZ-YZWJ-0006Y,yongzheng,SRC-029,世宗宪皇帝御制文集,巻之二十一,康熙朝,1722,雍邸集雨霁微风扇暖蒸新雨,https://zh.wikisource.org/wiki/世宗憲皇帝御製文集_(四庫全書本)/全覽,,维基文库四库全书本全览。文集诗层，不是起居注，也不是祈雨祭文。,同时代·官方,雨霁：微风扇暖蒸新雨，为我催开后院花。短引。不得与祈雨祭风神文并成一篇。不得写成起居注已开。
QH-SU-YZ-YZWJ-0006Z,yongzheng,SRC-029,世宗宪皇帝御制文集,巻之二十一,康熙朝,1722,雍邸集暮春开端春暮饶佳景闲行踏碧苔,https://zh.wikisource.org/wiki/世宗憲皇帝御製文集_(四庫全書本)/全覽,,维基文库四库全书本全览。文集诗层，不是诗题小序，也不是春暮登楼。,同时代·官方,暮春：春暮饶佳景，闲行踏碧苔。短引。不得与春暮登楼并成一篇。
QH-SU-YZ-YZWJ-0007A,yongzheng,SRC-029,世宗宪皇帝御制文集,巻之二十一,康熙朝,1722,雍邸集暮春流光将入夏更有牡丹开,https://zh.wikisource.org/wiki/世宗憲皇帝御製文集_(四庫全書本)/全覽,,维基文库四库全书本全览。文集诗层，不是起居注，也不是实录日条。,同时代·官方,暮春：流光将入夏，更有牡丹开。短引。不得写成起居注已开。
QH-SU-YZ-YZWJ-0007B,yongzheng,SRC-029,世宗宪皇帝御制文集,巻之二十一,康熙朝,1722,雍邸集立夏开端熏风吹水绿于苔,https://zh.wikisource.org/wiki/世宗憲皇帝御製文集_(四庫全書本)/全覽,,维基文库四库全书本全览。文集诗层，不是诗题小序，也不是暮春。,同时代·官方,立夏：熏风吹水绿于苔，羲驭徐催朱夏来。短引。不得与暮春并成一篇。
QH-SU-YZ-YZWJ-0007C,yongzheng,SRC-029,世宗宪皇帝御制文集,巻之二十一,康熙朝,1722,雍邸集立夏堤畔龙鳞皴古柏,https://zh.wikisource.org/wiki/世宗憲皇帝御製文集_(四庫全書本)/全覽,,维基文库四库全书本全览。文集诗层，不是起居注，也不是实录日条。,同时代·官方,立夏：堤畔龙鳞皴古柏，庭前兔目绽新槐。短引。不得写成起居注已开。
QH-SU-YZ-YZWJ-0007D,yongzheng,SRC-029,世宗宪皇帝御制文集,巻之二十一,康熙朝,1722,雍邸集畅春园芍药花开作开端首夏清和殿阁开,https://zh.wikisource.org/wiki/世宗憲皇帝御製文集_(四庫全書本)/全覽,,维基文库四库全书本全览。文集诗层，不是圣祖起居注，也不是立夏。,同时代·官方,畅春园芍药花开作：首夏清和殿阁开，园中景物足徘徊。短引。不得写成畅春园逐日已开。
QH-SU-YZ-YZWJ-0007E,yongzheng,SRC-029,世宗宪皇帝御制文集,巻之二十一,康熙朝,1722,雍邸集畅春园芍药花开作更怜芍药临风好,https://zh.wikisource.org/wiki/世宗憲皇帝御製文集_(四庫全書本)/全覽,,维基文库四库全书本全览。文集诗层，不是圣祖起居注，也不是实录日条。,同时代·官方,畅春园芍药花开作：更怜芍药临风好，香袭书帷锦作堆。短引。不得写成起居注已开。
QH-SU-YZ-YZWJ-0007F,yongzheng,SRC-029,世宗宪皇帝御制文集,巻之二十一,康熙朝,1722,雍邸集花间小饮开端长夏初临芍药开,https://zh.wikisource.org/wiki/世宗憲皇帝御製文集_(四庫全書本)/全覽,,维基文库四库全书本全览。文集诗层，不是诗题小序，也不是畅春园芍药花开作。,同时代·官方,花间小饮：长夏初临芍药开，薰风拂席送香来。短引。不得与畅春园芍药花开作并成一篇。
QH-SU-YZ-YZWJ-0007G,yongzheng,SRC-029,世宗宪皇帝御制文集,巻之二十一,康熙朝,1722,雍邸集花间小饮仙姿绰约翻红袖,https://zh.wikisource.org/wiki/世宗憲皇帝御製文集_(四庫全書本)/全覽,,维基文库四库全书本全览。文集诗层，不是起居注，也不是实录日条。,同时代·官方,花间小饮：仙姿绰约翻红袖，月影婆娑照绿杯。短引。不得写成起居注已开。
QH-SU-YZ-YZWJ-0007H,yongzheng,SRC-029,世宗宪皇帝御制文集,巻之二十一,康熙朝,1722,雍邸集晓晴开端晓起浮窗日色明,https://zh.wikisource.org/wiki/世宗憲皇帝御製文集_(四庫全書本)/全覽,,维基文库四库全书本全览。文集诗层，不是诗题小序，也不是花间小饮。,同时代·官方,晓晴：晓起浮窗日色明，苔痕滋碧露光莹。短引。不得与花间小饮并成一篇。
QH-SU-YZ-YZWJ-0007I,yongzheng,SRC-029,世宗宪皇帝御制文集,巻之二十一,康熙朝,1722,雍邸集晓晴春云漠漠寒偏峭,https://zh.wikisource.org/wiki/世宗憲皇帝御製文集_(四庫全書本)/全覽,,维基文库四库全书本全览。文集诗层，不是起居注，也不是实录日条。,同时代·官方,晓晴：春云漠漠寒偏峭，默乞天公十日晴。短引。不得写成起居注已开。
QH-SU-YZ-YZWJ-0007J,yongzheng,SRC-029,世宗宪皇帝御制文集,巻之二十一,康熙朝,1722,雍邸集宫中直宿作开端宝殿烛辉煌承恩宿未央,https://zh.wikisource.org/wiki/世宗憲皇帝御製文集_(四庫全書本)/全覽,,维基文库四库全书本全览。文集诗层，不是起居注，也不是晓晴。,同时代·官方,宫中直宿作：宝殿烛辉煌，承恩宿未央。短引。不得与晓晴并成一篇。不得写成起居注已开。
QH-SU-YZ-YZWJ-0007K,yongzheng,SRC-029,世宗宪皇帝御制文集,巻之二十一,康熙朝,1722,雍邸集宫中直宿作太平无一事常愿奉君王,https://zh.wikisource.org/wiki/世宗憲皇帝御製文集_(四庫全書本)/全覽,,维基文库四库全书本全览。文集诗层，不是起居注，也不是实录日条。,同时代·官方,宫中直宿作：太平无一事，常愿奉君王。短引。不得写成起居注已开。
QH-SU-YZ-DYJML-0003D,yongzheng,SRC-028,大义觉迷录,卷三,雍正七年,1729,上谕召允禵自辩,https://zh.wikisource.org/wiki/大義覺迷錄/卷三,,维基文库标点排印。御制谕旨汇编。不是原刻本。,同时代·官方,召允禵来京非防范疑忌；以允禵庸劣威不足以服众；言防范者皆奸党高增允禵声价之论。上谕短引。
QH-SU-YZ-DYJML-0001O,yongzheng,SRC-028,大义觉迷录,卷一,雍正七年,1729,口供十二井田病根,https://zh.wikisource.org/wiki/大義覺迷錄/卷一,,维基文库标点排印。御制谕旨汇编。不是原刻本。,同时代·官方,孟子井田章心中快活；吕留良评语竟以为行得；遂深信其说，执死法子，自许舍我其谁。讯问短引。
QH-SU-YZ-ZPYZ-0001A,yongzheng,SRC-033,硃批諭㫖（四库全书本）,卷三,雍正元年,1723,批杨名时奏折是字朱批,https://zh.wikisource.org/wiki/硃批諭_(四庫全書本)/卷003,,维基文库标点排印。四库刻本层，非原件。,同时代·官方,取与之际任尔自为，但须还朕一是字；督抚羡余岂可限以科则拘以绳墨，惟视秉心何如耳。朱批短引。
QH-SU-YZ-ZPYZ-0001B,yongzheng,SRC-033,硃批諭（四库全书本）,卷三,雍正五年,1727,批杨名时谢恩折东隅桑榆朱批,https://zh.wikisource.org/wiki/硃批諭_(四庫全書本)/卷003,,维基文库标点排印。四库刻本层，非原件。,同时代·官方,此奏若出于至诚，失之东隅收之桑榆未为晚；否则仍属无益；将此数折批谕与鄂尔泰看。朱批短引。
QH-SU-YZ-ZPYZ-0001C,yongzheng,SRC-033,硃批諭（四库全书本）,卷三,雍正五年,1727,批杨名时荐人折恐未必朱批,https://zh.wikisource.org/wiki/硃批諭_(四庫全書本)/卷003,,维基文库标点排印。四库刻本层，非原件。,同时代·官方,恐未必如杨名时所荐之科甲中人物；杨名时回奏不胜悚惧。朱批短引。
QH-SU-YZ-GZ-0001A,yongzheng,SRC-042,钦定宫中现行则例,卷一,雍正元年,1723,六月二十二日宝座礼节谕,https://zh.wikisource.org/wiki/欽定宮中現行則例/卷一,,维基文库标点排印。宫规上谕汇编层。,同时代·官方,雍正元年六月二十二日谕：新进太监扫地挟苕菷竟从宝座前昂然直走全无敬畏；嗣后凡有宝座之处行走经过必存恭敬之心急趋数步；问话遇泥水只须躬身答应不必跪奏。短引。
QH-SU-YZ-GZ-0001B,yongzheng,SRC-042,钦定宫中现行则例,卷一,雍正元年,1724,十一月二十八日使臣进内纪律谕,https://zh.wikisource.org/wiki/欽定宮中現行則例/卷一,,维基文库标点排印。宫规上谕汇编层。,同时代·官方,雍正元年十一月二十八日谕：凡王大臣及外国使臣进内太监俱要整肃规矩不许斜倚跛立互相私语；太监不思向上转向外人，外人岂能与尔作主，实乃至愚。短引。
QH-SU-YZ-DYJML-0003E,yongzheng,SRC-028,大义觉迷录,卷三,雍正七年,1729,上谕引太后谕云驳允禵分外之亲,https://zh.wikisource.org/wiki/大義覺迷錄/卷三,,维基文库标点排印。自辩层。,同时代·官方,上谕引太后谕云：我只知皇帝是我亲子，允禵不过与众阿哥一般耳；未有与我分外更亲处也。短引。
QH-SU-YZ-DYJML-0001P,yongzheng,SRC-028,大义觉迷录,卷一,雍正七年,1729,口供一顺天民心与见闻,https://zh.wikisource.org/wiki/大義覺迷錄/卷一,,维基文库标点排印。御制谕旨汇编。不是原刻本。,同时代·官方,曾静供称泛说自古帝王兴起与在位皆顺天命得民心；又以山僻见闻解释此前不知本朝功德。口供一短引。
QH-SU-YZ-DYJML-0001Q,yongzheng,SRC-028,大义觉迷录,卷一,雍正七年,1729,口供五洞庭水灾呼号,https://zh.wikisource.org/wiki/大義覺迷錄/卷一,,维基文库标点排印。御制谕旨汇编。不是原刻本。,同时代·官方,曾静供称呼号者为洞庭湖滨偶遭水灾而不能安业之民；并承认逃散者未必遍受赈济。口供五短引。
QH-SU-YZ-DYJML-0001R,yongzheng,SRC-028,大义觉迷录,卷一,雍正七年,1729,口供七明亡之恨,https://zh.wikisource.org/wiki/大義覺迷錄/卷一,,维基文库标点排印。御制谕旨汇编。不是原刻本。,同时代·官方,口供中曾静把此前不知明亡源头归因于失父早与长期居山僻；其后接入官方的李自成与清军入关正当性叙事。口供七短引。
QH-SU-YZ-DYJML-0001S,yongzheng,SRC-028,大义觉迷录,卷一,雍正七年,1729,口供九荣辱死生,https://zh.wikisource.org/wiki/大義覺迷錄/卷一,,维基文库标点排印。御制谕旨汇编。不是原刻本。,同时代·官方,曾静供称此前荣辱死生大义源于错解经义与误听谣言；今以悔罪称为虽死犹生。口供九短引。
QH-SU-YZ-DYJML-0001T,yongzheng,SRC-028,大义觉迷录,卷一,雍正七年,1729,口供十传言源头,https://zh.wikisource.org/wiki/大義覺迷錄/卷一,,维基文库标点排印。御制谕旨汇编。不是原刻本。,同时代·官方,口供要求曾静逐一交代传言来源；他列出何立忠、陈帝锡、陈象侯等转述线索，同时称未见陈帝锡、名字也不确定。口供十短引。
QH-SU-YZ-DYJML-0001U,yongzheng,SRC-028,大义觉迷录,卷一,雍正七年,1729,口供十一山崩川竭,https://zh.wikisource.org/wiki/大義覺迷錄/卷一,,维基文库标点排印。御制谕旨汇编。不是原刻本。,同时代·官方,口供区分山崩传闻来源不可忆与川竭误写；曾静承认文字责任但未钉灾异真伪。口供十一短引。
QH-SU-YZ-DYJML-0002C,yongzheng,SRC-028,大义觉迷录,卷二,雍正七年,1729,口供二科举风俗,https://zh.wikisource.org/wiki/大義覺迷錄/卷二,,维基文库标点排印。御制谕旨汇编。不是原刻本。,同时代·官方,曾静解释永兴应试人数与风俗趋下之说；供词把批评改写为看轻举子。口供二短引。
QH-SU-YZ-DYJML-0002D,yongzheng,SRC-028,大义觉迷录,卷二,雍正七年,1729,口供三刘之珩格物集,https://zh.wikisource.org/wiki/大義覺迷錄/卷二,,维基文库标点排印。御制谕旨汇编。不是原刻本。,同时代·官方,供出刘之珩、刘光斗与《格物集》来源；称书专言物理。口供三短引。
QH-SU-YZ-DYJML-0002E,yongzheng,SRC-028,大义觉迷录,卷二,雍正七年,1729,口供四儒者做君,https://zh.wikisource.org/wiki/大義覺迷錄/卷二,,维基文库标点排印。御制谕旨汇编。不是原刻本。,同时代·官方,曾静解释儒者做君是指君德须有孔孟程朱之学德，不是说儒生直接篡位。口供四短引。
QH-SU-YZ-DYJML-0002F,yongzheng,SRC-028,大义觉迷录,卷二,雍正七年,1729,口供五推尊张熙廖易,https://zh.wikisource.org/wiki/大義覺迷錄/卷二,,维基文库标点排印。御制谕旨汇编。不是原刻本。,同时代·官方,曾静把张熙、廖易推尊自己的话改释为知识大小与亲见经验之误。口供五短引。
QH-SU-YZ-DYJML-0002G,yongzheng,SRC-028,大义觉迷录,卷二,雍正七年,1729,口供六华夷君臣,https://zh.wikisource.org/wiki/大義覺迷錄/卷二,,维基文库标点排印。御制谕旨汇编。不是原刻本。,同时代·官方,曾静承认雍正五至六年写下华夷大于君臣之说并改口归罪于误读吕留良。口供六短引。
QH-SU-YZ-DYJML-0002H,yongzheng,SRC-028,大义觉迷录,卷二,雍正七年,1729,口供七大义看错,https://zh.wikisource.org/wiki/大義覺迷錄/卷二,,维基文库标点排印。御制谕旨汇编。不是原刻本。,同时代·官方,曾静以知上一错导致发言行事逆天背理解释此前论述。口供七短引。
QH-SU-YZ-DYJML-0002I,yongzheng,SRC-028,大义觉迷录,卷二,雍正七年,1729,口供八天下一家,https://zh.wikisource.org/wiki/大義覺迷錄/卷二,,维基文库标点排印。御制谕旨汇编。不是原刻本。,同时代·官方,曾静称天下一家万物一源为本心之言并否认受外诱。口供八短引。
QH-SU-YZ-DYJML-0002J,yongzheng,SRC-028,大义觉迷录,卷二,雍正七年,1729,口供九无君说,https://zh.wikisource.org/wiki/大義覺迷錄/卷二,,维基文库标点排印。御制谕旨汇编。不是原刻本。,同时代·官方,曾静解释无君与天荒地塌之说来自吕留良诗文的误读。口供九短引。
QH-SU-YZ-DYJML-0002K,yongzheng,SRC-028,大义觉迷录,卷二,雍正七年,1729,口供十书五经,https://zh.wikisource.org/wiki/大義覺迷錄/卷二,,维基文库标点排印。御制谕旨汇编。不是原刻本。,同时代·官方,曾静解释四书五经取士与修己治人的关系；承认先前把科举批成争名夺利。口供十短引。
QH-SU-YZ-DYJML-0002L,yongzheng,SRC-028,大义觉迷录,卷二,雍正七年,1729,口供十一市井江湖,https://zh.wikisource.org/wiki/大義覺迷錄/卷二,,维基文库标点排印。御制谕旨汇编。不是原刻本。,同时代·官方,曾静解释把吕留良写成市井江湖钻刺打点者是譬喻。口供十一短引。
QH-SU-YZ-DYJML-0002M,yongzheng,SRC-028,大义觉迷录,卷二,雍正七年,1729,口供十二管中窥天,https://zh.wikisource.org/wiki/大義覺迷錄/卷二,,维基文库标点排印。御制谕旨汇编。不是原刻本。,同时代·官方,曾静以山野眼界小和管中窥天说明误信传闻。口供十二短引。
QH-SU-YZ-DYJML-0002N,yongzheng,SRC-028,大义觉迷录,卷二,雍正七年,1729,口供十三华夷想象,https://zh.wikisource.org/wiki/大義覺迷錄/卷二,,维基文库标点排印。御制谕旨汇编。不是原刻本。,同时代·官方,曾静承认未出山谷未见外境人而凭想象写华夷之分。口供十三短引。
QH-SU-YZ-DYJML-0002O,yongzheng,SRC-028,大义觉迷录,卷二,雍正七年,1729,口供十四归罪吕留良,https://zh.wikisource.org/wiki/大義覺迷錄/卷二,,维基文库标点排印。御制谕旨汇编。不是原刻本。,同时代·官方,曾静供称自身狂悖言行尽为吕留良之说所陷。口供十四短引。
QH-SU-YZ-DYJML-0002P,yongzheng,SRC-028,大义觉迷录,卷二,雍正七年,1729,口供十五山野见闻,https://zh.wikisource.org/wiki/大義覺迷錄/卷二,,维基文库标点排印。御制谕旨汇编。不是原刻本。,同时代·官方,曾静把此前心服吕留良归因于山野僻性与见闻不足。口供十五短引。
QH-SU-YZ-DYJML-0002Q,yongzheng,SRC-028,大义觉迷录,卷二,雍正七年,1729,口供十六陈梅鼎,https://zh.wikisource.org/wiki/大義覺迷錄/卷二,,维基文库标点排印。御制谕旨汇编。不是原刻本。,同时代·官方,供出陈梅鼎为安仁县百姓并称康熙五十二年老死。口供十六短引。
QH-SU-YZ-DYJML-0002R,yongzheng,SRC-028,大义觉迷录,卷二,雍正七年,1729,口供十七因时立政,https://zh.wikisource.org/wiki/大義覺迷錄/卷二,,维基文库标点排印。御制谕旨汇编。不是原刻本。,同时代·官方,曾静称不知雍正因时立政的政策损益与治道。口供十七短引。
QH-SU-YZ-DYJML-0002S,yongzheng,SRC-028,大义觉迷录,卷二,雍正七年,1729,口供十九山西急公,https://zh.wikisource.org/wiki/大義覺迷錄/卷二,,维基文库标点排印。御制谕旨汇编。不是原刻本。,同时代·官方,山西运送军需自备车骡不领脚价一事被用来讯问湖南民心；曾静以愚顽认罪。口供十九短引。
QH-SU-YZ-DYJML-0002T,yongzheng,SRC-028,大义觉迷录,卷二,雍正七年,1729,口供二十湖南山西民心,https://zh.wikisource.org/wiki/大義覺迷錄/卷二,,维基文库标点排印。御制谕旨汇编。不是原刻本。,同时代·官方,上谕以湖南与山西民风对照追问曾静；供词接续君民父子论。口供二十短引。
QH-SU-YZ-DYJML-0002U,yongzheng,SRC-028,大义觉迷录,卷二,雍正七年,1729,口供二十一忠民义士,https://zh.wikisource.org/wiki/大義覺迷錄/卷二,,维基文库标点排印。御制谕旨汇编。不是原刻本。,同时代·官方,上谕追问感戴圣祖却劝岳钟琪叛逆的矛盾；曾静供认无可解说。口供二十一短引。
QH-SU-YZ-DYJML-0002V,yongzheng,SRC-028,大义觉迷录,卷二,雍正七年,1729,口供二十二庆云祥瑞,https://zh.wikisource.org/wiki/大義覺迷錄/卷二,,维基文库标点排印。御制谕旨汇编。不是原刻本。,同时代·官方,庆云出现被用来解释君民感应与地方灾异；曾静供天人感应之说。口供二十二短引。
QH-SU-YZ-DYJML-0002W,yongzheng,SRC-028,大义觉迷录,卷二,雍正七年,1729,口供二十三天人感应,https://zh.wikisource.org/wiki/大義覺迷錄/卷二,,维基文库标点排印。御制谕旨汇编。不是原刻本。,同时代·官方,曾静重复天人感应并称此前已供；供词形成循环论证。口供二十三短引。
QH-SU-YZ-DYJML-0002X,yongzheng,SRC-028,大义觉迷录,卷二,雍正七年,1729,口供二十四道无处不有,https://zh.wikisource.org/wiki/大義覺迷錄/卷二,,维基文库标点排印。御制谕旨汇编。不是原刻本。,同时代·官方,曾静以道无处不有人人具备但受气禀物欲遮蔽收束卷二。口供二十四短引。
QH-SU-YZ-DYJML-0003F,yongzheng,SRC-028,大义觉迷录,卷三,雍正七年,1729,杭奕禄讯问一灾祸归罪,https://zh.wikisource.org/wiki/大義覺迷錄/卷三,,维基文库标点排印。御制谕旨汇编。不是原刻本。,同时代·官方,上谕把地方灾祸归因于曾静一人；讯问供词以坐井观天和见闻狭小回应。卷三供词一短引。
QH-SU-YZ-DYJML-0003G,yongzheng,SRC-028,大义觉迷录,卷三,雍正七年,1729,杭奕禄讯问二田业雨露,https://zh.wikisource.org/wiki/大義覺迷錄/卷三,,维基文库标点排印。御制谕旨汇编。不是原刻本。,同时代·官方,供词承认有田者多受恩惠无田者可能憾于不均；不作土地分配统计。卷三供词二短引。
QH-SU-YZ-DYJML-0003H,yongzheng,SRC-028,大义觉迷录,卷三,雍正七年,1729,杭奕禄讯问三平粜水银,https://zh.wikisource.org/wiki/大義覺迷錄/卷三,,维基文库标点排印。御制谕旨汇编。不是原刻本。,同时代·官方,供词说明四川运米平粜与广东变卖水银的官方解释并交代传言来源。卷三供词三短引。
QH-SU-YZ-DYJML-0003I,yongzheng,SRC-028,大义觉迷录,卷三,雍正七年,1729,杭奕禄讯问四好杀传闻,https://zh.wikisource.org/wiki/大義覺迷錄/卷三,,维基文库标点排印。御制谕旨汇编。不是原刻本。,同时代·官方,上谕要求指出极好杀人的具体死者日期和传言人；不据此证明没有滥刑。卷三供词四短引。
QH-SU-YZ-DYJML-0003J,yongzheng,SRC-028,大义觉迷录,卷三,雍正七年,1729,张熙供词购书与吕留良,https://zh.wikisource.org/wiki/大義覺迷錄/卷三,,维基文库标点排印。御制谕旨汇编。不是原刻本。,同时代·官方,张熙供述到浙江吕留良家买书并因诗稿和时文评点推尊吕留良。卷三上谕供词一短引。
QH-SU-YZ-DYJML-0003K,yongzheng,SRC-028,大义觉迷录,卷三,雍正七年,1729,岳钟琪审讯叙述,https://zh.wikisource.org/wiki/大義覺迷錄/卷三,,维基文库标点排印。御制谕旨汇编。不是原刻本。,同时代·官方,供词称岳钟琪停止夹讯以礼相待；仅登记刊本供述，不当审讯案档原件。卷三上谕供词二短引。
QH-SU-YZ-DYJML-0003L,yongzheng,SRC-028,大义觉迷录,卷三,雍正七年,1729,跪读大礼记注孝道,https://zh.wikisource.org/wiki/大義覺迷錄/卷三,,维基文库标点排印。御制谕旨汇编。不是原刻本。,同时代·官方,曾静以孝为百行之源并极度颂扬雍正至孝至仁。卷三跪读供词一短引。
QH-SU-YZ-DYJML-0003M,yongzheng,SRC-028,大义觉迷录,卷三,雍正七年,1729,跪读朱批天君,https://zh.wikisource.org/wiki/大義覺迷錄/卷三,,维基文库标点排印。御制谕旨汇编。不是原刻本。,同时代·官方,曾静把君心君德等同天心天德并称颂朱批政教。卷三跪读供词二短引。
QH-SU-YZ-DYJML-0003N,yongzheng,SRC-028,大义觉迷录,卷三,雍正七年,1729,覆讯认罪真伪,https://zh.wikisource.org/wiki/大義覺迷錄/卷三,,维基文库标点排印。御制谕旨汇编。不是原刻本。,同时代·官方,覆讯题本明列悔罪供词可能出于畏惧也可能出于本心；保留真实性疑问。卷三刑部覆讯短引。
QH-SU-YZ-DYJML-0003O,yongzheng,SRC-028,大义觉迷录,卷三,雍正七年,1729,上谕宽宥的事实门槛,https://zh.wikisource.org/wiki/大義覺迷錄/卷三,,维基文库标点排印。御制谕旨汇编。不是原刻本。,同时代·官方,雍正以有一事属实或字字皆虚设定诽谤与宽宥的二分门槛。卷三上谕一短引。
QH-SU-YZ-DYJML-0003P,yongzheng,SRC-028,大义觉迷录,卷三,雍正七年,1729,上谕胁从宽典,https://zh.wikisource.org/wiki/大義覺迷錄/卷三,,维基文库标点排印。御制谕旨汇编。不是原刻本。,同时代·官方,上谕以殲厥渠魁脅從罔治解释发遣边方和保全性命。卷三上谕二短引。
QH-SU-YZ-DYJML-0003Q,yongzheng,SRC-028,大义觉迷录,卷三,雍正七年,1729,上谕兄弟罪迹共知,https://zh.wikisource.org/wiki/大義覺迷錄/卷三,,维基文库标点排印。御制谕旨汇编。不是原刻本。,同时代·官方,上谕称诸王大臣所参阿其那等罪迹为举朝共见共闻；不替代具体案情。卷三上谕三短引。
QH-SU-YZ-DYJML-0003R,yongzheng,SRC-028,大义觉迷录,卷三,雍正七年,1729,诸王大臣再疏请诛,https://zh.wikisource.org/wiki/大義覺迷錄/卷三,,维基文库标点排印。御制谕旨汇编。不是原刻本。,同时代·官方,题本请求明正典刑以昭国宪快人心；属群臣请诛修辞，不作全国民意。卷三题本短引。
QH-SU-YZ-DYJML-0003S,yongzheng,SRC-028,大义觉迷录,卷三,雍正七年,1729,上谕宽宥责任自任,https://zh.wikisource.org/wiki/大義覺迷錄/卷三,,维基文库标点排印。御制谕旨汇编。不是原刻本。,同时代·官方,最后上谕称宽宥曾静由皇帝自身承担并命臣工不必再奏。卷三收尾上谕短引。
QH-SU-YZ-DYJML-0004E,yongzheng,SRC-028,大义觉迷录,卷四,雍正七年,1729,曾静等供词二众供定罪,https://zh.wikisource.org/wiki/大義覺迷錄/卷四,,维基文库标点排印。御制谕旨汇编。不是原刻本。,同时代·官方,众供词称见吕留良抄藏残稿后才知其凶悍悖逆；集体供述与官府定性分层。卷四供词二短引。
QH-SU-YZ-DYJML-0004F,yongzheng,SRC-028,大义觉迷录,卷四,雍正七年,1729,上谕严鸿逵异象,https://zh.wikisource.org/wiki/大義覺迷錄/卷四,,维基文库标点排印。御制谕旨汇编。不是原刻本。,同时代·官方,严鸿逵日记记索伦地裂喷火等异象；上谕称边外异事古来甚多不足为奇。卷四上谕一短引。
QH-SU-YZ-DYJML-0004G,yongzheng,SRC-028,大义觉迷录,卷四,雍正七年,1729,上谕附录归仁说编辑说明,https://zh.wikisource.org/wiki/大義覺迷錄/卷四,,维基文库标点排印。御制谕旨汇编。不是原刻本。,同时代·官方,上谕解释将曾静归仁说附于各供词之后并否认仅因颂圣而保存。卷四上谕二短引。
QH-SU-YZ-SYGX-0001A,yongzheng,SRC-053,聖諭廣訓（四庫全書本）,序,雍正二年,1724,圣谕广训序万言得名条,https://zh.wikisource.org/wiki/聖諭廣訓_(四庫全書本),,维基文库标点排印。四库刻本层，不是雍正二年原刊本。,同时代·官方,序称寻绎圣祖上谕十六条、推衍得万言、名曰圣谕广训。短引。
QH-SU-YZ-SYGX-0001B,yongzheng,SRC-053,聖諭廣訓（四庫全書本）,敦孝弟以重人伦,雍正二年,1724,十六条首条敦孝弟开端,https://zh.wikisource.org/wiki/聖諭廣訓_(四庫全書本),,维基文库标点排印。四库刻本层，不是雍正二年原刊本。,同时代·官方,首条称圣谕十六条首以孝弟开其端，先申孝弟之义。短引。其余十五条未开。
QH-SU-YZ-SYGX-0001C,yongzheng,SRC-053,聖諭廣訓（四庫全書本）,篤宗族以昭雍睦,雍正二年,1724,十六条第二条笃宗族开端,https://zh.wikisource.org/wiki/聖諭廣訓_(四庫全書本),,维基文库标点排印。四库刻本层，不是雍正二年原刊本。,同时代·官方,第二条称圣祖既谕敦孝弟即继之曰笃宗族以昭雍睦；宗族由人伦而推。短引。其余十四条未开。
QH-SU-YZ-SYGX-0001D,yongzheng,SRC-053,聖諭廣訓（四庫全書本）,和鄉黨以息爭訟,雍正二年,1724,十六条第三条和乡党开端,https://zh.wikisource.org/wiki/聖諭廣訓_(四庫全書本),,维基文库标点排印。四库刻本层，不是雍正二年原刊本。,同时代·官方,第三条称圣祖悯人心好竞，特布训于乡党曰和所以息争讼于未萌。短引。其余十三条未开。
QH-SU-YZ-SYGX-0001E,yongzheng,SRC-053,聖諭廣訓（四庫全書本）,重農桑以足衣食,雍正二年,1724,十六条第四条重农桑开端,https://zh.wikisource.org/wiki/聖諭廣訓_(四庫全書本),,维基文库标点排印。四库刻本层，不是雍正二年原刊本。,同时代·官方,第四条称养民之本在于衣食，农桑者衣食所由出；一夫不耕或受之饥，一女不织或受之寒。短引。其余十一条未开。
QH-SU-YZ-SYGX-0001F,yongzheng,SRC-053,聖諭廣訓（四庫全書本）,尚節儉以惜財用,雍正二年,1724,十六条第五条尚节俭开端,https://zh.wikisource.org/wiki/聖諭廣訓_(四庫全書本),,维基文库标点排印。四库刻本层，不是雍正二年原刊本。,同时代·官方,第五条称生人不能一日而无用即不可一日而无财，必留有余之财而后可供不时之用，故节俭尚焉。短引。其余十一条未开。
QH-SU-YZ-SYGX-0001G,yongzheng,SRC-053,聖諭廣訓（四庫全書本）,隆學校以端士習,雍正二年,1724,十六条第六条隆学校开端,https://zh.wikisource.org/wiki/聖諭廣訓_(四庫全書本),,维基文库标点排印。四库刻本层，不是雍正二年原刊本。,同时代·官方,第六条称古者家有塾党有庠州有序国有学；圣祖寿考作人特隆学校。短引。其余十条未开。
QH-SU-YZ-SYGX-0001H,yongzheng,SRC-053,聖諭廣訓（四庫全書本）,黜異端以崇正學,雍正二年,1724,十六条第七条黜異端开端,https://zh.wikisource.org/wiki/聖諭廣訓_(四庫全書本),,维基文库标点排印。四库刻本层，不是雍正二年原刊本。,同时代·官方,第七条称欲厚风俗先正人心，欲正人心先端学术；非圣之书不经之典皆为異端所宜屏绝。短引。其余九条未开。
QH-SU-YZ-SYGX-0001I,yongzheng,SRC-053,聖諭廣訓（四庫全書本）,講法律以儆愚頑,雍正二年,1724,十六条第八条讲法律开端,https://zh.wikisource.org/wiki/聖諭廣訓_(四庫全書本),,维基文库标点排印。四库刻本层，不是雍正二年原刊本。,同时代·官方,第八条称法律者帝王不得已而用之也；惩创于已然不若警惕于未然。短引。其余八条未开。
QH-SU-YZ-SYGX-0001J,yongzheng,SRC-053,聖諭廣訓（四庫全書本）,明禮讓以厚風俗,雍正二年,1724,十六条第九条明礼让开端,https://zh.wikisource.org/wiki/聖諭廣訓_(四庫全書本),,维基文库标点排印。四库刻本层，不是雍正二年原刊本。,同时代·官方,第九条称礼为天地之经万物之序；礼之用贵于和而礼之实存乎让。短引。其余七条未开。
QH-SU-YZ-SYGX-0001K,yongzheng,SRC-053,聖諭廣訓（四庫全書本）,務本業以定民志,雍正二年,1724,十六条第十条务本业开端,https://zh.wikisource.org/wiki/聖諭廣訓_(四庫全書本),,维基文库标点排印。四库刻本层，不是雍正二年原刊本。,同时代·官方,第十条称上天生民必各付一业使为立身之本；此孟子之所谓恒产即圣祖之所谓本业。短引。其余六条未开。
QH-SU-YZ-SYGX-0001L,yongzheng,SRC-053,聖諭廣訓（四庫全書本）,訓子弟以禁非為,雍正二年,1724,十六条第十一条训子弟开端,https://zh.wikisource.org/wiki/聖諭廣訓_(四庫全書本),,维基文库标点排印。四库刻本层，不是雍正二年原刊本。,同时代·官方,第十一条称子弟之率不谨皆由父兄之教不先。短引。其余五条未开。
QH-SU-YZ-SYGX-0001M,yongzheng,SRC-053,聖諭廣訓（四庫全書本）,息誣告以全善良,雍正二年,1724,十六条第十二条息诬告开端,https://zh.wikisource.org/wiki/聖諭廣訓_(四庫全書本),,维基文库标点排印。四库刻本层，不是雍正二年原刊本。,同时代·官方,第十二条称圣谕不曰禁而曰息，谓与其治之以法不如感之使自化。短引。其余四条未开。
QH-SU-YZ-SYGX-0001N,yongzheng,SRC-053,聖諭廣訓（四庫全書本）,誡匿逃以免株連,雍正二年,1724,十六条第十三条诫匿逃开端,https://zh.wikisource.org/wiki/聖諭廣訓_(四庫全書本),,维基文库标点排印。四库刻本层，不是雍正二年原刊本。,同时代·官方,第十三条称八旗人员不奉使令潜往他乡即为逃人，容留者罪并及之。短引。其余三条未开。
QH-SU-YZ-SYGX-0001O,yongzheng,SRC-053,聖諭廣訓（四庫全書本）,完錢糧以省催科,雍正二年,1724,十六条第十四条完钱粮开端,https://zh.wikisource.org/wiki/聖諭廣訓_(四庫全書本),,维基文库标点排印。四库刻本层，不是雍正二年原刊本。,同时代·官方,第十四条称自昔画野分州任土作贡而赋税以兴；取诸天下还为天下用之。短引。其余二条未开。
QH-SU-YZ-SYGX-0001P,yongzheng,SRC-053,聖諭廣訓（四庫全書本）,聨保甲以弭盜賊,雍正二年,1724,十六条第十五条联保甲开端,https://zh.wikisource.org/wiki/聖諭廣訓_(四庫全書本),,维基文库标点排印。四库刻本层，不是雍正二年原刊本。,同时代·官方,第十五条称从来安民在于弭盗，而最善者莫如保甲。短引。末条未开。
QH-SU-YZ-SYGX-0001Q,yongzheng,SRC-053,聖諭廣訓（四庫全書本）,解讐忿以重身命,雍正二年,1724,十六条第十六条解仇忿开端,https://zh.wikisource.org/wiki/聖諭廣訓_(四庫全書本),,维基文库标点排印。四库刻本层，不是雍正二年原刊本。,同时代·官方,第十六条称人道莫大于守身；十六条终之以重身命。短引。朔望宣讲落实未开。
QH-SU-YZ-SX-0001A,yongzheng,SRC-054,世宗憲皇帝聖訓（四庫全書本）,序,乾隆五年,1740,乾隆御制圣训序体圣祖之心条,https://zh.wikisource.org/wiki/世宗憲皇帝聖訓_(四庫全書本),,维基文库标点排印。四库刻本层。乾隆序，不是卷一正文。,同时代·官方,序称御极十有三年，体圣祖之心以为心，法圣祖之政以为政。短引。不得写成实录，也不得与卷一圣德并成一篇。
QH-SU-YZ-SX-0001B,yongzheng,SRC-054,世宗憲皇帝聖訓（四庫全書本）,卷一圣德,雍正元年七月丙午,1723,圣德一开端自古帝王抚御寰区,https://zh.wikisource.org/wiki/世宗憲皇帝聖訓_(四庫全書本)/卷01,,维基文库四库全书本卷一。圣训分类辑录层，不是实录日条，也不是乾隆序。,同时代·官方,圣德一：雍正元年癸卯七月丙午上谕。朕惟自古帝王抚御寰区，治化隆盛。短引。不得与乾隆序并成一篇。
QH-SU-YZ-SX-0001C,yongzheng,SRC-054,世宗憲皇帝聖訓（四庫全書本）,卷一圣德,雍正元年七月丙午,1723,圣德一诞日毋得建立祝寿道场,https://zh.wikisource.org/wiki/世宗憲皇帝聖訓_(四庫全書本)/卷01,,维基文库四库全书本卷一。圣训分类辑录层，不是实录日条，也不是起居注。,同时代·官方,圣德一：特宣布中外，于朕诞日毋得建立祝寿道场。短引。不证京师及直省已经停建。
QH-SU-YZ-SX-0001D,yongzheng,SRC-054,世宗憲皇帝聖訓（四庫全書本）,卷一圣德,雍正元年十一月丁酉,1723,圣德一十一月丁酉孔子道冠古今,https://zh.wikisource.org/wiki/世宗憲皇帝聖訓_(四庫全書本)/卷01,,维基文库四库全书本卷一。圣训分类辑录层，不是实录日条，也不是诞日道场条。,同时代·官方,圣德一：十一月丁酉上谕礼部，孔子道冠古今，为万世师表。短引。不得与七月丙午诞日条并成一篇。
QH-SU-YZ-SX-0001E,yongzheng,SRC-054,世宗憲皇帝聖訓（四庫全書本）,卷一圣德,雍正元年十一月丁酉,1723,圣德一国学修葺朕将亲诣,https://zh.wikisource.org/wiki/世宗憲皇帝聖訓_(四庫全書本)/卷01,,维基文库四库全书本卷一。圣训分类辑录层，不是实录日条，也不是工部档册。,同时代·官方,圣德一：俾庙貌聿新，以申景慕，朕将亲诣焉。短引。不证已经亲诣，也不证工程已经核销。
QH-SU-YZ-SX-0001F,yongzheng,SRC-054,世宗憲皇帝聖訓（四庫全書本）,卷一圣德,雍正二年二月辛酉,1724,圣德一二月辛酉帝王临雍大典,https://zh.wikisource.org/wiki/世宗憲皇帝聖訓_(四庫全書本)/卷01,,维基文库四库全书本卷一。圣训分类辑录层，不是实录日条，也不是十一月丁酉国学条。,同时代·官方,圣德一：雍正二年甲辰二月辛酉上谕礼部，帝王临雍大典所以尊师重道为教化之本。短引。不得与十一月丁酉国学条并成一篇。
QH-SU-YZ-SX-0001G,yongzheng,SRC-054,世宗憲皇帝聖訓（四庫全書本）,卷一圣德,雍正二年二月辛酉,1724,圣德一奏章记注幸字改为诣字,https://zh.wikisource.org/wiki/世宗憲皇帝聖訓_(四庫全書本)/卷01,,维基文库四库全书本卷一。圣训分类辑录层，不是实录日条，也不是会典本书。,同时代·官方,圣德一：嗣后一应奏章记注将幸字改为诣字，以申崇敬。短引。不证已经亲诣。
QH-SU-YZ-SX-0001H,yongzheng,SRC-054,世宗憲皇帝聖訓（四庫全書本）,卷一圣德,雍正二年六月甲午,1724,圣德一六月甲午阙里圣庙灾,https://zh.wikisource.org/wiki/世宗憲皇帝聖訓_(四庫全書本)/卷01,,维基文库四库全书本卷一。圣训分类辑录层，不是实录日条，也不是修建阙里圣庙碑文。,同时代·官方,圣德一：六月甲午衍圣公孔传铎奏报阙里圣庙灾，六月初九日申时大雷电火自鸱吻中出。短引。不得与临雍条或阙里碑文并成一篇。
QH-SU-YZ-SX-0001I,yongzheng,SRC-054,世宗憲皇帝聖訓（四庫全書本）,卷一圣德,雍正二年六月甲午,1724,圣德一先师大成殿及两庑俱毁,https://zh.wikisource.org/wiki/世宗憲皇帝聖訓_(四庫全書本)/卷01,,维基文库四库全书本卷一。圣训分类辑录层，不是工部档册，也不是阙里原石。,同时代·官方,圣德一：先师大成殿及两庑俱毁，圣像神位移奉新建崇圣祠内，幸得无恙。短引。不得与修建阙里圣庙碑文并成一篇。不证工程已经核销。
QH-SU-YZ-SX-0001J,yongzheng,SRC-054,世宗憲皇帝聖訓（四庫全書本）,卷一圣德,雍正二年六月甲午,1724,圣德一拟亲诣国学文庙虔申祭奠,https://zh.wikisource.org/wiki/世宗憲皇帝聖訓_(四庫全書本)/卷01,,维基文库四库全书本卷一。圣训分类辑录层，不是实录日条，也不是元年十一月丁酉国学条。,同时代·官方,圣德一：谨拟亲诣国学文庙虔申祭奠，宣读告文。短引。不得与元年国学条并成一篇。不证已经亲诣。
QH-SU-YZ-SX-0001K,yongzheng,SRC-054,世宗憲皇帝聖訓（四庫全書本）,卷一圣德,雍正二年六月甲午,1724,圣德一遣工部堂官会同该抚兴修,https://zh.wikisource.org/wiki/世宗憲皇帝聖訓_(四庫全書本)/卷01,,维基文库四库全书本卷一。圣训分类辑录层，不是工部档册，也不是修建阙里圣庙碑文。,同时代·官方,圣德一：遣工部堂官一员会同该抚作速计材料工择日兴修。短引。不得与修建阙里圣庙碑文并成一篇。不证工程已经核销。
QH-SU-YZ-SX-0001L,yongzheng,SRC-054,世宗憲皇帝聖訓（四庫全書本）,卷一圣德,雍正二年七月甲辰,1724,圣德一七月甲辰飞鸦食蝗不得为瑞,https://zh.wikisource.org/wiki/世宗憲皇帝聖訓_(四庫全書本)/卷01,,维基文库四库全书本卷一。圣训分类辑录层，不是实录日条，也不是七曜会聚记。,同时代·官方,圣德一：七月甲辰，若以飞鸦食蝗为瑞，则起蝗之初得无有由乎。短引。不得与阙里灾条或七曜会聚记并成一篇。
QH-SU-YZ-SX-0001M,yongzheng,SRC-054,世宗憲皇帝聖訓（四庫全書本）,卷一圣德,雍正二年七月甲辰,1724,圣德一飞鸦食蝗发抄史馆俱不必行,https://zh.wikisource.org/wiki/世宗憲皇帝聖訓_(四庫全書本)/卷01,,维基文库四库全书本卷一。圣训分类辑录层，不是实录日条，也不是起居注。,同时代·官方,圣德一：非以为瑞也，其发抄及宣付史馆俱不必行。短引。不证蝗灾已经核销。
QH-SU-YZ-SX-0001N,yongzheng,SRC-054,世宗憲皇帝聖訓（四庫全書本）,卷一圣德,雍正三年正月戊辰,1725,圣德一正月戊辰钦天监奏日月合璧五星联珠,https://zh.wikisource.org/wiki/世宗憲皇帝聖訓_(四庫全書本)/卷01,,维基文库四库全书本卷一。圣训分类辑录层，不是实录日条，也不是七曜会聚记。,同时代·官方,圣德一：据钦天监奏称雍正三年二月二日庚午日月合璧以同明五星联珠而共贯。短引。不得与飞鸦食蝗或七曜会聚记并成一篇。
QH-SU-YZ-SX-0001O,yongzheng,SRC-054,世宗憲皇帝聖訓（四庫全書本）,卷一圣德,雍正三年正月戊辰,1725,圣德一朕方临御二载有何功德遽能致此嘉祥,https://zh.wikisource.org/wiki/世宗憲皇帝聖訓_(四庫全書本)/卷01,,维基文库四库全书本卷一。圣训分类辑录层，不是实录日条，也不是七曜会聚记。,同时代·官方,圣德一：朕方临御二载，有何功德遽能致此嘉祥。短引。不证天瑞已经应验。
QH-SU-YZ-SX-0001P,yongzheng,SRC-054,世宗憲皇帝聖訓（四庫全書本）,卷一圣德,雍正三年二月己巳,1725,圣德一二月己巳请升殿庆贺,https://zh.wikisource.org/wiki/世宗憲皇帝聖訓_(四庫全書本)/卷01,,维基文库四库全书本卷一。圣训分类辑录层，不是实录日条，也不是正月戊辰条。,同时代·官方,圣德一：据奏二月二日庚午日月合璧五星联珠为亘古难逢之大瑞，请升殿庆贺。短引。不得与正月戊辰条并成一篇。
QH-SU-YZ-SX-0001Q,yongzheng,SRC-054,世宗憲皇帝聖訓（四庫全書本）,卷一圣德,雍正三年二月己巳,1725,圣德一在皇考为福钟善庆之余,https://zh.wikisource.org/wiki/世宗憲皇帝聖訓_(四庫全書本)/卷01,,维基文库四库全书本卷一。圣训分类辑录层，不是实录日条，也不是七曜会聚记。,同时代·官方,圣德一：在皇考为福钟善庆之余，在朕躬为迎迓天庥之始。短引。不证已经升殿，也不证天瑞已经应验。
QH-SU-YZ-SX-0001R,yongzheng,SRC-054,世宗憲皇帝聖訓（四庫全書本）,卷一圣德,雍正三年二月己巳,1725,圣德一升殿受贺不必举行,https://zh.wikisource.org/wiki/世宗憲皇帝聖訓_(四庫全書本)/卷01,,维基文库四库全书本卷一。圣训分类辑录层，不是实录日条，也不是会典本书。,同时代·官方,圣德一：升殿受贺不必举行。短引。不得与正月戊辰条并成一篇。不证典礼已经改订。
QH-SU-YZ-SX-0001S,yongzheng,SRC-054,世宗憲皇帝聖訓（四庫全書本）,卷一圣德,雍正三年二月己巳,1725,圣德一应遣官告祭景陵,https://zh.wikisource.org/wiki/世宗憲皇帝聖訓_(四庫全書本)/卷01,,维基文库四库全书本卷一。圣训分类辑录层，不是实录日条，也不是日月合璧五星联珠告祭景陵文。,同时代·官方,圣德一：应遣官告祭景陵，以昭祥瑞之自。短引。不得与告祭景陵文并成一篇。不证已经告祭。
QH-SU-YZ-SX-0001T,yongzheng,SRC-054,世宗憲皇帝聖訓（四庫全書本）,卷一圣德,雍正三年二月庚午,1725,圣德一庚午复奏请升殿受贺,https://zh.wikisource.org/wiki/世宗憲皇帝聖訓_(四庫全書本)/卷01,,维基文库四库全书本卷一。圣训分类辑录层，不是实录日条，也不是二月己巳条。,同时代·官方,圣德一：庚午诸王大臣等复奏请皇上升殿受贺。短引。不得与二月己巳条并成一篇。
QH-SU-YZ-SX-0001U,yongzheng,SRC-054,世宗憲皇帝聖訓（四庫全書本）,卷一圣德,雍正三年二月庚午,1725,圣德一所奏升殿庆贺不必行,https://zh.wikisource.org/wiki/世宗憲皇帝聖訓_(四庫全書本)/卷01,,维基文库四库全书本卷一。圣训分类辑录层，不是实录日条，也不是会典本书。,同时代·官方,圣德一：所奏升殿庆贺不必行。短引。不证典礼已经改订。
QH-SU-YZ-SX-0001V,yongzheng,SRC-054,世宗憲皇帝聖訓（四庫全書本）,卷一圣德,雍正三年四月己巳,1725,圣德一四月己巳凡人谁无父母,https://zh.wikisource.org/wiki/世宗憲皇帝聖訓_(四庫全書本)/卷01,,维基文库四库全书本卷一。圣训分类辑录层，不是实录日条，也不是吏部原议。,同时代·官方,圣德一：四月己巳，凡人谁无父母，为人子者无不欲其父母常存。短引。不得与庚午升殿条并成一篇。
QH-SU-YZ-SX-0001W,yongzheng,SRC-054,世宗憲皇帝聖訓（四庫全書本）,卷一圣德,雍正三年四月己巳,1725,圣德一不仁之语不忍降旨将本发回,https://zh.wikisource.org/wiki/世宗憲皇帝聖訓_(四庫全書本)/卷01,,维基文库四库全书本卷一。圣训分类辑录层，不是实录日条，也不是吏部原议。,同时代·官方,圣德一：似此不仁之语，朕不惟不忍降旨，亦不忍阅览。短引。不证董玘已经终养。
QH-SU-YZ-SX-0001X,yongzheng,SRC-054,世宗憲皇帝聖訓（四庫全書本）,卷一圣德,雍正三年四月癸未,1725,圣德一四月癸未山东河南尚未得雨,https://zh.wikisource.org/wiki/世宗憲皇帝聖訓_(四庫全書本)/卷01,,维基文库四库全书本卷一。圣训分类辑录层，不是实录日条，也不是祈雨祭文。,同时代·官方,圣德一：今年京城附近地方虽雨水霑足，然山东河南两省尚未得雨。短引。不得与四月己巳董玘条或祈雨祭文并成一篇。
QH-SU-YZ-SX-0001Y,yongzheng,SRC-054,世宗憲皇帝聖訓（四庫全書本）,卷一圣德,雍正三年四月癸未,1725,圣德一进膳肴羞宜为撤减,https://zh.wikisource.org/wiki/世宗憲皇帝聖訓_(四庫全書本)/卷01,,维基文库四库全书本卷一。圣训分类辑录层，不是实录日条，也不是内府档册。,同时代·官方,圣德一：进膳肴羞宜为撤减，著每日只用菜蔬二器饼饵二器满菜二器。短引。不证已经得雨。
QH-SU-YZ-SX-0001Z,yongzheng,SRC-054,世宗憲皇帝聖訓（四庫全書本）,卷一圣德,雍正三年五月癸丑,1725,圣德一五月癸丑蠲租赐复行吾心之所安,https://zh.wikisource.org/wiki/世宗憲皇帝聖訓_(四庫全書本)/卷01,,维基文库四库全书本卷一。圣训分类辑录层，不是实录日条，也不是四月癸未减膳条。,同时代·官方,圣德一：朕轸念民生，蠲租赐复，不过行吾心之所安。短引。不得与四月癸未减膳条并成一篇。
QH-SU-YZ-SX-0002A,yongzheng,SRC-054,世宗憲皇帝聖訓（四庫全書本）,卷一圣德,雍正三年五月癸丑,1725,圣德一碑亭建造之处概行停止,https://zh.wikisource.org/wiki/世宗憲皇帝聖訓_(四庫全書本)/卷01,,维基文库四库全书本卷一。圣训分类辑录层，不是实录日条，也不是诞日道场条。,同时代·官方,圣德一：其碑亭建造之处，概行停止。短引。不得与诞日道场条并成一篇。不证苏松已经停建。
QH-SU-YZ-SX-0002B,yongzheng,SRC-054,世宗憲皇帝聖訓（四庫全書本）,卷一圣德,雍正三年八月癸酉,1725,圣德一八月癸酉古有讳名之礼,https://zh.wikisource.org/wiki/世宗憲皇帝聖訓_(四庫全書本)/卷01,,维基文库四库全书本卷一。圣训分类辑录层，不是实录日条，也不是会典本书。,同时代·官方,圣德一：八月癸酉，古有讳名之礼，所以昭诚敬致尊崇也。短引。不得与五月癸丑蠲租条并成一篇。
QH-SU-YZ-SX-0002C,yongzheng,SRC-054,世宗憲皇帝聖訓（四庫全書本）,卷一圣德,雍正三年八月癸酉,1725,圣德一直省地名有同圣讳者会议,https://zh.wikisource.org/wiki/世宗憲皇帝聖訓_(四庫全書本)/卷01,,维基文库四库全书本卷一。圣训分类辑录层，不是实录日条，也不是十二月圣讳条。,同时代·官方,圣德一：凡直省地名有同圣讳者，或改读某音，或另易他字。短引。不得与十二月圣讳条并成一篇。不证地名已经改易。
QH-SU-YZ-SX-0002D,yongzheng,SRC-054,世宗憲皇帝聖訓（四庫全書本）,卷一圣德,雍正三年九月壬寅,1725,圣德一九月壬寅耤田嘉谷虽有九穗之瑞,https://zh.wikisource.org/wiki/世宗憲皇帝聖訓_(四庫全書本)/卷01,,维基文库四库全书本卷一。圣训分类辑录层，不是实录日条，也不是飞鸦食蝗条。,同时代·官方,圣德一：九月壬寅，耤田嘉谷虽有九穗之瑞，但今岁畿辅地方被水，小民乏食。短引。不得与飞鸦食蝗或日月合璧条并成一篇。
QH-SU-YZ-SX-0002E,yongzheng,SRC-054,世宗憲皇帝聖訓（四庫全書本）,卷一圣德,雍正三年九月壬寅,1725,圣德一所请撰文勒石不必行,https://zh.wikisource.org/wiki/世宗憲皇帝聖訓_(四庫全書本)/卷01,,维基文库四库全书本卷一。圣训分类辑录层，不是实录日条，也不是五月癸丑禁碑亭条。,同时代·官方,圣德一：所请撰文勒石不必行。短引。不得与五月癸丑禁碑亭条并成一篇。不证嘉禾已经核验。
QH-SU-YZ-SX-0002F,yongzheng,SRC-054,世宗憲皇帝聖訓（四庫全書本）,卷一圣德,雍正三年十二月庚寅,1725,圣德一十二月庚寅四书五经外并用邱字,https://zh.wikisource.org/wiki/世宗憲皇帝聖訓_(四庫全書本)/卷01,,维基文库四库全书本卷一。圣训分类辑录层，不是实录日条，也不是八月癸酉讳名条。,同时代·官方,圣德一：嗣后除四书五经外，凡遇此字并用邱字。短引。不得与八月癸酉讳名条并成一篇。
QH-SU-YZ-SX-0002G,yongzheng,SRC-054,世宗憲皇帝聖訓（四庫全書本）,卷一圣德,雍正三年十二月庚寅,1725,圣德一地名亦不必改易但加偏旁读作期音,https://zh.wikisource.org/wiki/世宗憲皇帝聖訓_(四庫全書本)/卷01,,维基文库四库全书本卷一。圣训分类辑录层，不是会典本书，也不是八月癸酉讳名条。,同时代·官方,圣德一：地名亦不必改易，但加偏旁读作期音。短引。不得与八月癸酉改读或另易并成一篇。不证地名已经改易。
QH-SU-YZ-SX-0002H,yongzheng,SRC-054,世宗憲皇帝聖訓（四庫全書本）,卷一圣德,雍正四年八月丁卯,1726,圣德一四年八月丁卯亲祭先师孔子,https://zh.wikisource.org/wiki/世宗憲皇帝聖訓_(四庫全書本)/卷01,,维基文库四库全书本卷一。圣训分类辑录层，不是实录日条，也不是元年十一月丁酉国学条。,同时代·官方,圣德一：四年八月丁卯上亲祭先师孔子，仪注内开献帛进酒皆不跪。短引。不得与元年国学条或二年临雍条并成一篇。
QH-SU-YZ-SX-0002I,yongzheng,SRC-054,世宗憲皇帝聖訓（四庫全書本）,卷一圣德,雍正四年八月丁卯,1726,圣德一朕今跪献非误也可记档案,https://zh.wikisource.org/wiki/世宗憲皇帝聖訓_(四庫全書本)/卷01,,维基文库四库全书本卷一。圣训分类辑录层，不是会典本书，也不是太常档。,同时代·官方,圣德一：朕今跪献非误也，可记档案，以后照此遵行。短引。不证典礼已经改订。
QH-SU-YZ-SX-0002J,yongzheng,SRC-054,世宗憲皇帝聖訓（四庫全書本）,卷一圣德,雍正四年十月庚申,1726,圣德一四年十月庚申万寿节降旨停止,https://zh.wikisource.org/wiki/世宗憲皇帝聖訓_(四庫全書本)/卷01,,维基文库四库全书本卷一。圣训分类辑录层，不是实录日条，也不是元年七月丙午诞日道场条。,同时代·官方,圣德一：今年朕万寿节礼部奏请庆贺，朕降旨停止。短引。不得与元年诞日道场条或四年八月亲祭条并成一篇。
QH-SU-YZ-SX-0002K,yongzheng,SRC-054,世宗憲皇帝聖訓（四庫全書本）,卷一圣德,雍正四年十月庚申,1726,圣德一万寿节不行庆贺礼著仍遵前旨,https://zh.wikisource.org/wiki/世宗憲皇帝聖訓_(四庫全書本)/卷01,,维基文库四库全书本卷一。圣训分类辑录层，不是实录日条，也不是会典本书。,同时代·官方,圣德一：如万寿节不行庆贺礼，乃事之易行者，著仍遵前旨。短引。不证已经停办。
QH-SU-YZ-SX-0002L,yongzheng,SRC-054,世宗憲皇帝聖訓（四庫全書本）,卷一圣德,雍正五年二月甲子,1727,圣德一五年第二月甲子圣祖万寿永远遵行,https://zh.wikisource.org/wiki/世宗憲皇帝聖訓_(四庫全書本)/卷01,,维基文库四库全书本卷一。圣训分类辑录层，不是实录日条，也不是四年十月庚申万寿条。,同时代·官方,圣德一：三月十八日为皇考圣祖仁皇帝万寿圣节，旧例于是日虔诚斋肃禁止屠宰，今应永远遵行。短引。不得与四年万寿停庆贺或元年诞日道场并成一篇。
QH-SU-YZ-SX-0002M,yongzheng,SRC-054,世宗憲皇帝聖訓（四庫全書本）,卷一圣德,雍正五年二月甲子,1727,圣德一孔子圣诞亦应虔肃致敬,https://zh.wikisource.org/wiki/世宗憲皇帝聖訓_(四庫全書本)/卷01,,维基文库四库全书本卷一。圣训分类辑录层，不是实录日条，也不是元年十一月丁酉国学条。,同时代·官方,圣德一：至圣先师孔子师表万世，八月二十七日为圣诞之期，亦应虔肃致敬。短引。不得与元年国学条并成一篇。不证已经永远遵行。
QH-SU-YZ-SX-0002N,yongzheng,SRC-054,世宗憲皇帝聖訓（四庫全書本）,卷一圣德,雍正五年闰三月乙酉,1727,圣德一闰三月乙酉会试举人设经坛甚为虚妄,https://zh.wikisource.org/wiki/世宗憲皇帝聖訓_(四庫全書本)/卷01,,维基文库四库全书本卷一。圣训分类辑录层，不是实录日条，也不是四年十月庚申万寿条。,同时代·官方,圣德一：特于京城寺庙设立经坛以申颂祝之意，此举甚为虚妄。短引。不得与四年万寿停庆贺或五年二月甲子条并成一篇。
QH-SU-YZ-SX-0002O,yongzheng,SRC-054,世宗憲皇帝聖訓（四庫全書本）,卷一圣德,雍正五年闰三月乙酉,1727,圣德一其所设经坛即行禁止,https://zh.wikisource.org/wiki/世宗憲皇帝聖訓_(四庫全書本)/卷01,,维基文库四库全书本卷一。圣训分类辑录层，不是实录日条，也不是元年七月丙午诞日道场条。,同时代·官方,圣德一：其所设经坛即行禁止。短引。不得与元年诞日道场条并成一篇。不证已经停建。
QH-SU-YZ-SX-0002P,yongzheng,SRC-054,世宗憲皇帝聖訓（四庫全書本）,卷一圣德,雍正五年闰三月乙酉,1727,圣德一督抚购觅玩好以为进献尤为不可,https://zh.wikisource.org/wiki/世宗憲皇帝聖訓_(四庫全書本)/卷01,,维基文库四库全书本卷一。圣训分类辑录层，不是实录日条，也不是同日禁经坛句。,同时代·官方,圣德一：欲购觅玩好之物以为进献者，此举尤为不可。短引。不得与同日禁经坛句或四年万寿停庆贺并成一篇。
QH-SU-YZ-SX-0002Q,yongzheng,SRC-054,世宗憲皇帝聖訓（四庫全書本）,卷一圣德,雍正五年闰三月乙酉,1727,圣德一别有玩赏之物概不寓目,https://zh.wikisource.org/wiki/世宗憲皇帝聖訓_(四庫全書本)/卷01,,维基文库四库全书本卷一。圣训分类辑录层，不是内府档册，也不是会典本书。,同时代·官方,圣德一：傥别有玩赏之物，概不寓目。短引。不证督抚已经停献。
QH-SU-YZ-SX-0002R,yongzheng,SRC-054,世宗憲皇帝聖訓（四庫全書本）,卷一圣德,雍正五年闰三月乙酉,1727,圣德一藩邸数十年所蓄器玩颇有,https://zh.wikisource.org/wiki/世宗憲皇帝聖訓_(四庫全書本)/卷01,,维基文库四库全书本卷一。圣训分类辑录层，不是内府档册，也不是藩邸清册。,同时代·官方,圣德一：在藩邸数十年所蓄器玩颇有。短引。不得与同日禁经坛句并成一篇。不证藩邸藏品已经核验。
QH-SU-YZ-SX-0002S,yongzheng,SRC-054,世宗憲皇帝聖訓（四庫全書本）,卷一圣德,雍正五年闰三月乙酉,1727,圣德一二阿哥在东宫时广蓄奇巧,https://zh.wikisource.org/wiki/世宗憲皇帝聖訓_(四庫全書本)/卷01,,维基文库四库全书本卷一。圣训分类辑录层，不是实录日条，也不是东宫档。,同时代·官方,圣德一：当日二阿哥在东宫时广蓄奇巧珍贵之物，数倍于皇考宫中之所有。短引。只证圣训自称。不证已经广蓄。
QH-SU-YZ-SX-0002T,yongzheng,SRC-054,世宗憲皇帝聖訓（四庫全書本）,卷一圣德,雍正五年闰三月乙酉,1727,圣德一行一利民之政胜于献希世之珍,https://zh.wikisource.org/wiki/世宗憲皇帝聖訓_(四庫全書本)/卷01,,维基文库四库全书本卷一。圣训分类辑录层，不是实录日条，也不是同日禁经坛句。,同时代·官方,圣德一：行一利民之政，胜于献希世之珍也。短引。不得与同日禁经坛句并成一篇。
QH-SU-YZ-SX-0002U,yongzheng,SRC-054,世宗憲皇帝聖訓（四庫全書本）,卷一圣德,雍正五年闰三月乙酉,1727,圣德一荐一可用之才胜于贡连城之宝,https://zh.wikisource.org/wiki/世宗憲皇帝聖訓_(四庫全書本)/卷01,,维基文库四库全书本卷一。圣训分类辑录层，不是吏部档册，也不是会典本书。,同时代·官方,圣德一：荐一可用之才，胜于贡连城之宝也。短引。不证已经荐才。
QH-SU-YZ-SX-0002V,yongzheng,SRC-054,世宗憲皇帝聖訓（四庫全書本）,卷一圣德,雍正五年闰三月乙酉,1727,圣德一皇考五十万寿朕再三恳请不蒙俞允,https://zh.wikisource.org/wiki/世宗憲皇帝聖訓_(四庫全書本)/卷01,,维基文库四库全书本卷一。圣训分类辑录层，不是实录日条，也不是四年十月庚申万寿条。,同时代·官方,圣德一：当年皇考五十万寿时，朕再三恳请庆贺，不蒙俞允。短引。不得与四年万寿停庆贺并成一篇。
QH-SU-YZ-SX-0002W,yongzheng,SRC-054,世宗憲皇帝聖訓（四庫全書本）,卷一圣德,雍正五年闰三月乙酉,1727,圣德一设立经坛建立碑亭皇考甚鄙而厌之,https://zh.wikisource.org/wiki/世宗憲皇帝聖訓_(四庫全書本)/卷01,,维基文库四库全书本卷一。圣训分类辑录层，不是实录日条，也不是同日禁经坛句。,同时代·官方,圣德一：至于设立经坛建立碑亭等事，在皇考当日甚鄙而厌之。短引。不得与同日禁经坛句并成一篇。不证已经停建。
QH-SU-YZ-SX-0002X,yongzheng,SRC-054,世宗憲皇帝聖訓（四庫全書本）,卷一圣德,雍正五年四月辛丑,1727,圣德一四月辛丑朕今年五十已有谕旨不行庆贺礼,https://zh.wikisource.org/wiki/世宗憲皇帝聖訓_(四庫全書本)/卷01,,维基文库四库全书本卷一。圣训分类辑录层，不是实录日条，也不是闰三月乙酉条。,同时代·官方,圣德一：四月辛丑，朕今年五十已有谕旨不行庆贺礼。短引。不得与闰三月乙酉或四年十月庚申并成一篇。
QH-SU-YZ-SX-0002Y,yongzheng,SRC-054,世宗憲皇帝聖訓（四庫全書本）,卷一圣德,雍正五年四月辛丑,1727,圣德一外任诸臣俱不必具本奏请来京,https://zh.wikisource.org/wiki/世宗憲皇帝聖訓_(四庫全書本)/卷01,,维基文库四库全书本卷一。圣训分类辑录层，不是实录日条，也不是会典本书。,同时代·官方,圣德一：外任诸臣俱不必具本奏请来京，只照常年之例行。短引。不证已经停办。
QH-SU-YZ-SX-0002Z,yongzheng,SRC-054,世宗憲皇帝聖訓（四庫全書本）,卷一圣德,雍正五年四月辛丑,1727,圣德一各省耆民欲来京庆祝著地方官切止之,https://zh.wikisource.org/wiki/世宗憲皇帝聖訓_(四庫全書本)/卷01,,维基文库四库全书本卷一。圣训分类辑录层，不是实录日条，也不是闰三月乙酉条。,同时代·官方,圣德一：其各省耆民等若有欲来京庆祝者，著地方官切止之。短引。不得与闰三月乙酉并成一篇。
QH-SU-YZ-SX-0003A,yongzheng,SRC-054,世宗憲皇帝聖訓（四庫全書本）,卷一圣德,雍正五年四月辛丑,1727,圣德一指称万寿建立经坛或聚集梨园尤宜严禁,https://zh.wikisource.org/wiki/世宗憲皇帝聖訓_(四庫全書本)/卷01,,维基文库四库全书本卷一。圣训分类辑录层，不是实录日条，也不是闰三月禁经坛句。,同时代·官方,圣德一：若有指称万寿建立经坛或聚集梨园喧哗糜费者，尤宜严禁。短引。不得与闰三月禁经坛句并成一篇。不证已经停建。
QH-SU-YZ-SX-0003B,yongzheng,SRC-054,世宗憲皇帝聖訓（四庫全書本）,卷一圣德,雍正五年六月丙申,1727,圣德一六月丙申御制黄河澄清碑文,https://zh.wikisource.org/wiki/世宗憲皇帝聖訓_(四庫全書本)/卷01,,维基文库四库全书本卷一。圣训分类辑录层，不是文集巻之十五黄河澄清碑记，也不是原石。,同时代·官方,圣德一：六月丙申御制黄河澄清碑文。短引。不得与文集巻之十五同题碑记并成一篇。
QH-SU-YZ-SX-0003C,yongzheng,SRC-054,世宗憲皇帝聖訓（四庫全書本）,卷一圣德,雍正五年六月丙申,1727,圣德一黄河自陕西府谷县历山西河南山东以至江南桃源冰开水清,https://zh.wikisource.org/wiki/世宗憲皇帝聖訓_(四庫全書本)/卷01,,维基文库四库全书本卷一。圣训分类辑录层，不是河臣原奏，也不是文集巻之十五。,同时代·官方,圣德一：黄河自陕西府谷县历山西河南山东以至江南之桃源冰开水清。短引。不证天瑞已经应验。
QH-SU-YZ-SX-0003D,yongzheng,SRC-054,世宗憲皇帝聖訓（四庫全書本）,卷一圣德,雍正五年十月己亥,1727,圣德一十月己亥不以祥瑞为尚,https://zh.wikisource.org/wiki/世宗憲皇帝聖訓_(四庫全書本)/卷01,,维基文库四库全书本卷一。圣训分类辑录层，不是实录日条，也不是九月壬寅耤田嘉禾条。,同时代·官方,圣德一：自古圣帝贤王皆务实心实政，不以祥瑞为尚。短引。不得与九月壬寅耤田嘉禾或飞鸦食蝗并成一篇。
QH-SU-YZ-SX-0003E,yongzheng,SRC-054,世宗憲皇帝聖訓（四庫全書本）,卷一圣德,雍正五年十月己亥,1727,圣德一五年以后嘉禾俱停其进献奏闻,https://zh.wikisource.org/wiki/世宗憲皇帝聖訓_(四庫全書本)/卷01,,维基文库四库全书本卷一。圣训分类辑录层，不是实录日条，也不是户部档册。,同时代·官方,圣德一：著将雍正五年以后各省田亩所产嘉禾俱停其进献奏闻。短引。不证已经停进。
QH-SU-YZ-SX-0003F,yongzheng,SRC-054,世宗憲皇帝聖訓（四庫全書本）,卷一圣德,雍正五年十一月丙子,1727,圣德一十一月丙子恭读圣祖实录必虔加顶礼,https://zh.wikisource.org/wiki/世宗憲皇帝聖訓_(四庫全書本)/卷01,,维基文库四库全书本卷一。圣训分类辑录层，不是圣祖实录本书，也不是乾隆御制序。,同时代·官方,圣德一：朕每恭读圣祖仁皇帝实录，必虔加顶礼然后展诵。短引。不得与十月己亥停进嘉禾或乾隆序并成一篇。
QH-SU-YZ-SX-0003G,yongzheng,SRC-054,世宗憲皇帝聖訓（四庫全書本）,卷一圣德,雍正五年十一月丙子,1727,圣德一每遇圣祖尊号必顶礼致敬不敢平视,https://zh.wikisource.org/wiki/世宗憲皇帝聖訓_(四庫全書本)/卷01,,维基文库四库全书本卷一。圣训分类辑录层，不是圣祖实录本书，也不是起居注。,同时代·官方,圣德一：每遇圣祖尊号，必顶礼致敬，不敢平视。短引。只证圣训自称。不证每次已经顶礼。
QH-SU-YZ-SX-0004A,yongzheng,SRC-054,世宗憲皇帝聖訓（四庫全書本）,卷二圣德,雍正六年二月丙戌,1728,圣德二二月丙戌景慧渡海遭风漂没,https://zh.wikisource.org/wiki/世宗憲皇帝聖訓_(四庫全書本)/卷02,,维基文库四库全书本卷二。圣训分类辑录层，不是实录日条，也不是卷一圣德。,同时代·官方,圣德二：据广东总督孔毓珣奏称龙门协副将景慧奉该管总兵官调取考验渡海遭风漂没。短引。不得与卷一或十一月己酉进献条并成一篇。
QH-SU-YZ-SX-0004B,yongzheng,SRC-054,世宗憲皇帝聖訓（四庫全書本）,卷二圣德,雍正六年二月丙戌,1728,圣德二遭风当照军功身故当照阵亡优恤,https://zh.wikisource.org/wiki/世宗憲皇帝聖訓_(四庫全書本)/卷02,,维基文库四库全书本卷二。圣训分类辑录层，不是会典本书，也不是兵部档册。,同时代·官方,圣德二：当照军功加恩，傥有不幸至于身故者，当照阵亡之例优恤。短引。不证已经著为例。
QH-SU-YZ-SX-0004C,yongzheng,SRC-054,世宗憲皇帝聖訓（四庫全書本）,卷二圣德,雍正六年十一月己酉,1728,圣德二十一月己酉令诸臣不必进献仪物,https://zh.wikisource.org/wiki/世宗憲皇帝聖訓_(四庫全書本)/卷02,,维基文库四库全书本卷二。圣训分类辑录层，不是实录日条，也不是卷一闰三月乙酉禁进献条。,同时代·官方,圣德二：朕御极之初即降谕旨令诸臣不必进献仪物。短引。不得与二月丙戌渡海条或卷一闰三月乙酉并成一篇。
QH-SU-YZ-SX-0004D,yongzheng,SRC-054,世宗憲皇帝聖訓（四庫全書本）,卷二圣德,雍正六年十一月己酉,1728,圣德二仍进献古玩并方物土宜亦行摈却,https://zh.wikisource.org/wiki/世宗憲皇帝聖訓_(四庫全書本)/卷02,,维基文库四库全书本卷二。圣训分类辑录层，不是内府档册，也不是会典本书。,同时代·官方,圣德二：傥或仍有进献古玩者，则并其方物土宜亦行摈却。短引。不证督抚已经停献。
QH-SU-YZ-SX-0004E,yongzheng,SRC-054,世宗憲皇帝聖訓（四庫全書本）,卷二圣德,雍正七年三月甲寅,1729,圣德二三月甲寅陵寝所在尤当加意防卫,https://zh.wikisource.org/wiki/世宗憲皇帝聖訓_(四庫全書本)/卷02,,维基文库四库全书本卷二。圣训分类辑录层，不是实录日条，也不是景陵告祭文。,同时代·官方,圣德二：其陵寝所在尤当加意防卫，勿使亵慢。短引。不得与十一月己酉进献条或景陵告祭文并成一篇。
QH-SU-YZ-SX-0004F,yongzheng,SRC-054,世宗憲皇帝聖訓（四庫全書本）,卷二圣德,雍正七年三月甲寅,1729,圣德二应行修葺动用本省存公银两,https://zh.wikisource.org/wiki/世宗憲皇帝聖訓_(四庫全書本)/卷02,,维基文库四库全书本卷二。圣训分类辑录层，不是工部档册，也不是会典本书。,同时代·官方,圣德二：若有应行修葺之处，著动用本省存公银两委员料理。短引。不证工程已经核销。
QH-SU-YZ-SX-0004G,yongzheng,SRC-054,世宗憲皇帝聖訓（四庫全書本）,卷二圣德,雍正七年三月甲寅,1729,圣德二明太祖陵在江宁著加意防护,https://zh.wikisource.org/wiki/世宗憲皇帝聖訓_(四庫全書本)/卷02,,维基文库四库全书本卷二。圣训分类辑录层，不是实录日条，也不是十三陵祭文。,同时代·官方,圣德二：明太祖陵在江宁，昔我圣祖仁皇帝屡次南巡皆亲临祭奠。短引。不得与景陵告祭文或十三陵祭文并成一篇。
QH-SU-YZ-SX-0004H,yongzheng,SRC-054,世宗憲皇帝聖訓（四庫全書本）,卷二圣德,雍正七年三月甲寅,1729,圣德二昌平明代十二陵设立太监陵户,https://zh.wikisource.org/wiki/世宗憲皇帝聖訓_(四庫全書本)/卷02,,维基文库四库全书本卷二。圣训分类辑录层，不是工部档册，也不是十三陵祭文。,同时代·官方,圣德二：其明代十二陵之在昌平州者，自本朝定鼎以来即设立太监陵户，给以地亩。短引。不证已经防护。
QH-SU-YZ-SX-0004I,yongzheng,SRC-054,世宗憲皇帝聖訓（四庫全書本）,卷二圣德,雍正七年五月戊申,1729,圣德二五月戊申奏章间有颂扬背理之词,https://zh.wikisource.org/wiki/世宗憲皇帝聖訓_(四庫全書本)/卷02,,维基文库四库全书本卷二。圣训分类辑录层，不是实录日条，也不是三月甲寅防护陵寝条。,同时代·官方,圣德二：朕见臣工等奏章间有用山川效灵洪福齐天及一切颂扬背理之词。短引。不得与三月甲寅或觉迷录并成一篇。
QH-SU-YZ-SX-0004J,yongzheng,SRC-054,世宗憲皇帝聖訓（四庫全書本）,卷二圣德,雍正七年五月戊申,1729,圣德二孔传铎奏贺庆云本内竟用乾坤效灵,https://zh.wikisource.org/wiki/世宗憲皇帝聖訓_(四庫全書本)/卷02,,维基文库四库全书本卷二。圣训分类辑录层，不是实录日条，也不是会典本书。,同时代·官方,圣德二：乃昨衍圣公孔传铎奏贺庆云本内竟用乾坤效灵之语。短引。不证已经参奏。
QH-SU-YZ-SX-0004K,yongzheng,SRC-054,世宗憲皇帝聖訓（四庫全書本）,卷二圣德,雍正七年八月庚申,1729,圣德二八月庚申湖州万蚕同织瑞茧,https://zh.wikisource.org/wiki/世宗憲皇帝聖訓_(四庫全書本)/卷02,,维基文库四库全书本卷二。圣训分类辑录层，不是实录日条，也不是卷一十月己亥停进嘉禾条。,同时代·官方,圣德二：浙江署督性桂署抚蔡仕舢等奏进湖州居民王文隆家万蚕同织瑞茧一幅。短引。不得与五月戊申或卷一停进嘉禾并成一篇。
QH-SU-YZ-SX-0004L,yongzheng,SRC-054,世宗憲皇帝聖訓（四庫全書本）,卷二圣德,雍正七年八月庚申,1729,圣德二朕素不言祥瑞蚕桑普盛乃所谓祥瑞,https://zh.wikisource.org/wiki/世宗憲皇帝聖訓_(四庫全書本)/卷02,,维基文库四库全书本卷二。圣训分类辑录层，不是实录日条，也不是户部档册。,同时代·官方,圣德二：朕素不言祥瑞。短引。不证瑞茧已经核验。
QH-SU-YZ-SX-0004M,yongzheng,SRC-054,世宗憲皇帝聖訓（四庫全書本）,卷二圣德,雍正八年正月戊戌,1730,圣德二正月戊戌唐执玉奏凤凰见于房山,https://zh.wikisource.org/wiki/世宗憲皇帝聖訓_(四庫全書本)/卷02,,维基文库四库全书本卷二。圣训分类辑录层，不是实录日条，也不是七年八月庚申瑞茧条。,同时代·官方,圣德二：署直隶总督唐执玉奏正月二十日凤凰见于房山。短引。不得与八月庚申瑞茧或五月戊申并成一篇。
QH-SU-YZ-SX-0004N,yongzheng,SRC-054,世宗憲皇帝聖訓（四庫全書本）,卷二圣德,雍正八年正月戊戌,1730,圣德二此事犹疑而未信,https://zh.wikisource.org/wiki/世宗憲皇帝聖訓_(四庫全書本)/卷02,,维基文库四库全书本卷二。圣训分类辑录层，不是实录日条，也不是户部档册。,同时代·官方,圣德二：此事犹疑而未信也。短引。不证凤凰已经核验。
QH-SU-YZ-SX-0004O,yongzheng,SRC-054,世宗憲皇帝聖訓（四庫全書本）,卷二圣德,雍正八年四月己酉,1730,圣德二四月己酉京师一带雨泽愆期,https://zh.wikisource.org/wiki/世宗憲皇帝聖訓_(四庫全書本)/卷02,,维基文库四库全书本卷二。圣训分类辑录层，不是实录日条，也不是祈雨祭文。,同时代·官方,圣德二：今年三月京师一带雨泽愆期，朕衷甚为忧虑。短引。不得与正月戊戌凤凰条或祈雨祭文并成一篇。
QH-SU-YZ-SX-0004P,yongzheng,SRC-054,世宗憲皇帝聖訓（四庫全書本）,卷二圣德,雍正八年四月己酉,1730,圣德二政务中有清查旗地宽免积欠二件,https://zh.wikisource.org/wiki/世宗憲皇帝聖訓_(四庫全書本)/卷02,,维基文库四库全书本卷二。圣训分类辑录层，不是户部档册，也不是会典本书。,同时代·官方,圣德二：惟是政务中有清查旗地宽免积欠二件，乃近来降旨施行之事。短引。不证已经清查。
QH-SU-YZ-SX-0004Q,yongzheng,SRC-054,世宗憲皇帝聖訓（四庫全書本）,卷二圣德,雍正八年四月戊午,1730,圣德二四月戊午风水地内田亩加倍赏给,https://zh.wikisource.org/wiki/世宗憲皇帝聖訓_(四庫全書本)/卷02,,维基文库四库全书本卷二。圣训分类辑录层，不是工部档册，也不是四月己酉雨泽条。,同时代·官方,圣德二：风水地内所有民间田亩，按其升粮科则，照应得之价加倍赏给。短引。不得与四月己酉或景陵告祭文并成一篇。
QH-SU-YZ-SX-0004R,yongzheng,SRC-054,世宗憲皇帝聖訓（四庫全書本）,卷二圣德,雍正八年四月戊午,1730,圣德二村庄庐舍加倍先给银两,https://zh.wikisource.org/wiki/世宗憲皇帝聖訓_(四庫全書本)/卷02,,维基文库四库全书本卷二。圣训分类辑录层，不是内库档册，也不是会典本书。,同时代·官方,圣德二：村庄庐舍悉照房屋间檩加倍先给银两。短引。不证已经拨换。
QH-SU-YZ-SX-0004S,yongzheng,SRC-054,世宗憲皇帝聖訓（四庫全書本）,卷二圣德,雍正八年四月己未,1730,圣德二四月己未拟于今岁秋冬开恩宽免,https://zh.wikisource.org/wiki/世宗憲皇帝聖訓_(四庫全書本)/卷02,,维基文库四库全书本卷二。圣训分类辑录层，不是实录日条，也不是四月戊午太平峪条。,同时代·官方,圣德二：拟于今岁秋冬之间开恩宽免以示奖励。短引。不得与四月戊午或四月己酉并成一篇。
QH-SU-YZ-SX-0004T,yongzheng,SRC-054,世宗憲皇帝聖訓（四庫全書本）,卷二圣德,雍正八年四月己未,1730,圣德二革职降级留任罚俸停升悉行宽免准其开复,https://zh.wikisource.org/wiki/世宗憲皇帝聖訓_(四庫全書本)/卷02,,维基文库四库全书本卷二。圣训分类辑录层，不是吏部档册，也不是会典本书。,同时代·官方,圣德二：著将内外满汉文武大小官员一应革职降级留任及罚俸停升之案悉行宽免准其开复。短引。不证已经开复。
QH-SU-YZ-SX-0004U,yongzheng,SRC-054,世宗憲皇帝聖訓（四庫全書本）,卷二圣德,雍正八年四月辛酉,1730,圣德二四月辛酉清查旗地宽免积欠出于独断,https://zh.wikisource.org/wiki/世宗憲皇帝聖訓_(四庫全書本)/卷02,,维基文库四库全书本卷二。圣训分类辑录层，不是实录日条，也不是四月己酉雨泽条。,同时代·官方,圣德二：惟有清查旗地宽免积欠二事出于朕心之独断。短引。不得与四月己酉或四月己未并成一篇。
QH-SU-YZ-SX-0004V,yongzheng,SRC-054,世宗憲皇帝聖訓（四庫全書本）,卷二圣德,雍正八年四月辛酉,1730,圣德二并不由于臣工条奏亦未咨询廷臣,https://zh.wikisource.org/wiki/世宗憲皇帝聖訓_(四庫全書本)/卷02,,维基文库四库全书本卷二。圣训分类辑录层，不是户部档册，也不是会典本书。,同时代·官方,圣德二：并不由于臣工之条奏，亦未咨询商度于廷臣。短引。不证已经清查。
QH-SU-YZ-SX-0004W,yongzheng,SRC-054,世宗憲皇帝聖訓（四庫全書本）,卷二圣德,雍正八年六月甲辰,1730,圣德二六月甲辰周书洪范休征咎征各以其类应,https://zh.wikisource.org/wiki/世宗憲皇帝聖訓_(四庫全書本)/卷02,,维基文库四库全书本卷二。圣训分类辑录层，不是实录日条，也不是祈雨祭文。,同时代·官方,圣德二：周书洪范言人身五事若有得失，在天之休征咎征即各以其类应之。短引。不得与四月己酉雨泽条或祈雨祭文并成一篇。
QH-SU-YZ-SX-0004X,yongzheng,SRC-054,世宗憲皇帝聖訓（四庫全書本）,卷二圣德,雍正八年六月甲辰,1730,圣德二近見直省雨泽均调麦秋丰稔,https://zh.wikisource.org/wiki/世宗憲皇帝聖訓_(四庫全書本)/卷02,,维基文库四库全书本卷二。圣训分类辑录层，不是户部档册，也不是实录日条。,同时代·官方,圣德二：近見直省各处奏报雨泽颇觉均调，麦秋亦属丰稔，朕心深慰。短引。不证雨泽已经核验。
QH-SU-YZ-SX-0004Y,yongzheng,SRC-054,世宗憲皇帝聖訓（四庫全書本）,卷二圣德,雍正八年六月丙辰,1730,圣德二六月丙辰田文镜奏豫省恭建万寿碑亭,https://zh.wikisource.org/wiki/世宗憲皇帝聖訓_(四庫全書本)/卷02,,维基文库四库全书本卷二。圣训分类辑录层，不是实录日条，也不是闰三月乙酉禁碑亭句。,同时代·官方,圣德二：河东总督田文镜奏豫省士民感戴皇仁恭建万寿碑亭。短引。不得与六月甲辰或闰三月禁碑亭并成一篇。
QH-SU-YZ-SX-0004Z,yongzheng,SRC-054,世宗憲皇帝聖訓（四庫全書本）,卷二圣德,雍正八年六月丙辰,1730,圣德二建立万寿碑亭镂金刻石皆属粉饰虚文,https://zh.wikisource.org/wiki/世宗憲皇帝聖訓_(四庫全書本)/卷02,,维基文库四库全书本卷二。圣训分类辑录层，不是工部档册，也不是四年十月万寿停庆贺。,同时代·官方,圣德二：建立万寿碑亭镂金刻石之举，皆属粉饰虚文，朕所不取。短引。不证已经谕止。
QH-SU-YZ-SX-0005A,yongzheng,SRC-054,世宗憲皇帝聖訓（四庫全書本）,卷二圣德,雍正八年十一月己巳,1730,圣德二十一月己巳特设圣庙执事官,https://zh.wikisource.org/wiki/世宗憲皇帝聖訓_(四庫全書本)/卷02,,维基文库四库全书本卷二。圣训分类辑录层，不是实录日条，也不是元年十一月丁酉国学条。,同时代·官方,圣德二：今欲特设圣庙执事官，三品者二员，四品者四员。短引。不得与六月丙辰万寿碑亭、元年国学或修建阙里圣庙碑文并成一篇。
QH-SU-YZ-SX-0005B,yongzheng,SRC-054,世宗憲皇帝聖訓（四庫全書本）,卷二圣德,雍正八年十一月己巳,1730,圣德二执事人员著衍圣公于孔氏子孙内选择,https://zh.wikisource.org/wiki/世宗憲皇帝聖訓_(四庫全書本)/卷02,,维基文库四库全书本卷二。圣训分类辑录层，不是吏部档册，也不是会典本书。,同时代·官方,圣德二：凡此人员，著衍圣公于孔氏子孙内选择。短引。不证已经充补。
QH-SU-YZ-SX-0005C,yongzheng,SRC-054,世宗憲皇帝聖訓（四庫全書本）,卷二圣德,雍正八年十二月壬戌,1730,圣德二十二月壬戌孔林享堂墙垣年久倾圮,https://zh.wikisource.org/wiki/世宗憲皇帝聖訓_(四庫全書本)/卷02,,维基文库四库全书本卷二。圣训分类辑录层，不是实录日条，也不是十一月己巳执事官条。,同时代·官方,圣德二：恭谒孔林周视规制，见享堂墙垣间有年久倾圮之处。短引。不得与十一月己巳、元年国学或修建阙里圣庙碑文并成一篇。
QH-SU-YZ-SX-0005D,yongzheng,SRC-054,世宗憲皇帝聖訓（四庫全書本）,卷二圣德,雍正八年十二月壬戌,1730,圣德二庙貌已经鼎新林园允宜修葺,https://zh.wikisource.org/wiki/世宗憲皇帝聖訓_(四庫全書本)/卷02,,维基文库四库全书本卷二。圣训分类辑录层，不是工部档册，也不是修建阙里圣庙碑文。,同时代·官方,圣德二：今庙貌已经鼎新，林园允宜修葺。短引。不证工程已经核销。
QH-SU-YZ-SX-0005E,yongzheng,SRC-054,世宗憲皇帝聖訓（四庫全書本）,卷二圣德,雍正十年七月丁亥,1732,圣德二十年七月丁亥钜野县牛产瑞麟,https://zh.wikisource.org/wiki/世宗憲皇帝聖訓_(四庫全書本)/卷02,,维基文库四库全书本卷二。圣训分类辑录层，不是实录日条，也不是七年八月庚申瑞茧条。,同时代·官方,圣德二：山东巡抚岳濬疏报钜野县牛产瑞麟。短引。不得与瑞茧、凤凰见于房山或实录并成一篇。
QH-SU-YZ-SX-0005F,yongzheng,SRC-054,世宗憲皇帝聖訓（四庫全書本）,卷二圣德,雍正十年七月丁亥,1732,圣德二奏请诏付史馆宣示中外皆属虚文,https://zh.wikisource.org/wiki/世宗憲皇帝聖訓_(四庫全書本)/卷02,,维基文库四库全书本卷二。圣训分类辑录层，不是户部档册，也不是会典本书。,同时代·官方,圣德二：该抚奏请诏付史馆宣示中外皆属虚文。短引。不证瑞麟已经核验。
QH-SU-YZ-SX-0005G,yongzheng,SRC-054,世宗憲皇帝聖訓（四庫全書本）,卷二圣德,雍正十年七月己酉,1732,圣德二十年七月己酉南嶽庙宇碑亭宜加重葺,https://zh.wikisource.org/wiki/世宗憲皇帝聖訓_(四庫全書本)/卷02,,维基文库四库全书本卷二。圣训分类辑录层，不是实录日条，也不是七月丁亥瑞麟条。,同时代·官方,圣德二：据湖南巡抚赵弘恩奏称南嶽为朕主寿之山，庙宇碑亭宜加重葺。短引。不得与七月丁亥瑞麟或六月丙辰万寿碑亭并成一篇。
QH-SU-YZ-SX-0005H,yongzheng,SRC-054,世宗憲皇帝聖訓（四庫全書本）,卷二圣德,雍正十年七月己酉,1732,圣德二南嶽之神佑我楚民庙貌久未修理,https://zh.wikisource.org/wiki/世宗憲皇帝聖訓_(四庫全書本)/卷02,,维基文库四库全书本卷二。圣训分类辑录层，不是工部档册，也不是会典本书。,同时代·官方,圣德二：南嶽之神佑我楚民，庙貌久未修理，应照该抚所请敬谨举行。短引。不证工程已经核销。
QH-SU-YZ-SX-0005I,yongzheng,SRC-054,世宗憲皇帝聖訓（四庫全書本）,卷二圣德,雍正十年十月癸酉,1732,圣德二十年十月癸酉朕从来不言符瑞,https://zh.wikisource.org/wiki/世宗憲皇帝聖訓_(四庫全書本)/卷02,,维基文库四库全书本卷二。圣训分类辑录层，不是实录日条，也不是七月丁亥瑞麟条。,同时代·官方,圣德二：朕从来不言符瑞，时时训谕天下臣民屏虚文而务实行。短引。不得与七月丁亥瑞麟、七年八月庚申瑞茧或景陵告祭文并成一篇。
QH-SU-YZ-SX-0005J,yongzheng,SRC-054,世宗憲皇帝聖訓（四庫全書本）,卷二圣德,雍正十年十月癸酉,1732,圣德二瑞芝适产于景陵天人协应,https://zh.wikisource.org/wiki/世宗憲皇帝聖訓_(四庫全書本)/卷02,,维基文库四库全书本卷二。圣训分类辑录层，不是景陵告祭文，也不是原石。,同时代·官方,圣德二：瑞芝适产于景陵，天人协应，信而有征。短引。不证瑞芝已经核验。
QH-SU-YZ-SX-0005K,yongzheng,SRC-054,世宗憲皇帝聖訓（四庫全書本）,卷二圣德,雍正十年十二月壬申,1732,圣德二十二月壬申各省嘉禾瑞谷悉令停其奏报,https://zh.wikisource.org/wiki/世宗憲皇帝聖訓_(四庫全書本)/卷02,,维基文库四库全书本卷二。圣训分类辑录层，不是实录日条，也不是五年十月己亥停进嘉禾条。,同时代·官方,圣德二：数年以来各省嘉禾瑞谷悉令停其奏报。短引。不得与十月癸酉景陵瑞芝或五年十月己亥停进嘉禾并成一篇。
QH-SU-YZ-SX-0005L,yongzheng,SRC-054,世宗憲皇帝聖訓（四庫全書本）,卷二圣德,雍正十年十二月壬申,1732,圣德二所请颁示中外宣付史馆之处不必行,https://zh.wikisource.org/wiki/世宗憲皇帝聖訓_(四庫全書本)/卷02,,维基文库四库全书本卷二。圣训分类辑录层，不是户部档册，也不是会典本书。,同时代·官方,圣德二：所请颁示中外宣付史馆之处不必行。短引。不证广东瑞禾已经核验。
QH-SU-YZ-SX-0005M,yongzheng,SRC-054,世宗憲皇帝聖訓（四庫全書本）,卷二圣德,雍正十一年正月壬子,1733,圣德二十一年正月壬子沿途安设水缸甚多,https://zh.wikisource.org/wiki/世宗憲皇帝聖訓_(四庫全書本)/卷02,,维基文库四库全书本卷二。圣训分类辑录层，不是实录日条，也不是景陵告祭文。,同时代·官方,圣德二：朕躬谒陵寝，见沿途地方安设水缸甚多。短引。不得与十二月壬申广东瑞禾或景陵告祭文并成一篇。
QH-SU-YZ-SX-0005N,yongzheng,SRC-054,世宗憲皇帝聖訓（四庫全書本）,卷二圣德,雍正十一年正月壬子,1733,圣德二洒道清尘为迎合朕心之举错谬已甚,https://zh.wikisource.org/wiki/世宗憲皇帝聖訓_(四庫全書本)/卷02,,维基文库四库全书本卷二。圣训分类辑录层，不是工部档册，也不是会典本书。,同时代·官方,圣德二：若只以洒道清尘为迎合朕心之举，错谬已甚。短引。不证已经查明。
QH-SU-YZ-SX-0005O,yongzheng,SRC-054,世宗憲皇帝聖訓（四庫全書本）,卷二圣德,雍正十一年七月庚子,1733,圣德二十一年七月庚子盐亭县牛产瑞麟,https://zh.wikisource.org/wiki/世宗憲皇帝聖訓_(四庫全書本)/卷02,,维基文库四库全书本卷二。圣训分类辑录层，不是实录日条，也不是十年七月丁亥钜野瑞麟条。,同时代·官方,圣德二：四川总督黄廷桂奏潼川州盐亭县牛产瑞麟。短引。不得与十年七月丁亥钜野瑞麟或正月壬子沿途水缸并成一篇。
QH-SU-YZ-SX-0005P,yongzheng,SRC-054,世宗憲皇帝聖訓（四庫全書本）,卷二圣德,雍正十一年七月庚子,1733,圣德二今川省瑞麟再见朕心倍加愧悚,https://zh.wikisource.org/wiki/世宗憲皇帝聖訓_(四庫全書本)/卷02,,维基文库四库全书本卷二。圣训分类辑录层，不是户部档册，也不是会典本书。,同时代·官方,圣德二：今川省瑞麟再见，朕心倍加愧悚。短引。不证瑞麟已经核验。
QH-SU-YZ-SX-0005Q,yongzheng,SRC-054,世宗憲皇帝聖訓（四庫全書本）,卷二圣德,雍正十二年四月庚午,1734,圣德二十二年四月庚午一切器具但取朴素适用,https://zh.wikisource.org/wiki/世宗憲皇帝聖訓_(四庫全書本)/卷02,,维基文库四库全书本卷二。圣训分类辑录层，不是实录日条，也不是六年十一月己酉停进献条。,同时代·官方,圣德二：朕于一切器具但取朴素适用，不尚华丽工巧。短引。不得与十一年七月庚子盐亭瑞麟或六年十一月己酉停进献并成一篇。
QH-SU-YZ-SX-0005R,yongzheng,SRC-054,世宗憲皇帝聖訓（四庫全書本）,卷二圣德,雍正十二年四月庚午,1734,圣德二从前广东曾进象牙席朕甚不取,https://zh.wikisource.org/wiki/世宗憲皇帝聖訓_(四庫全書本)/卷02,,维基文库四库全书本卷二。圣训分类辑录层，不是内府档册，也不是会典本书。,同时代·官方,圣德二：从前广东曾进象牙席，朕甚不取。短引。不证已经禁绝。
QH-SU-YZ-SX-0005S,yongzheng,SRC-054,世宗憲皇帝聖訓（四庫全書本）,卷二圣德,雍正十二年十月己巳,1734,圣德二十二年十月己巳景陵宝城山产瑞芝九本,https://zh.wikisource.org/wiki/世宗憲皇帝聖訓_(四庫全書本)/卷02,,维基文库四库全书本卷二。圣训分类辑录层，不是实录日条，也不是十年十月癸酉景陵瑞芝条。,同时代·官方,圣德二：诸王大臣等奏景陵宝城山产瑞芝九本，恭请宣付史馆。短引。不得与十年十月癸酉或景陵告祭文并成一篇。
QH-SU-YZ-SX-0005T,yongzheng,SRC-054,世宗憲皇帝聖訓（四庫全書本）,卷二圣德,雍正十二年十月己巳,1734,圣德二三秀之瑞已经四见,https://zh.wikisource.org/wiki/世宗憲皇帝聖訓_(四庫全書本)/卷02,,维基文库四库全书本卷二。圣训分类辑录层，不是原石，也不是景陵告祭文。,同时代·官方,圣德二：屈指数年以来，三秀之瑞已经四见。短引。不证瑞芝已经核验。
QH-SU-YZ-SX-0005U,yongzheng,SRC-054,世宗憲皇帝聖訓（四庫全書本）,卷二圣德,雍正十二年十二月乙卯,1734,圣德二十二月乙卯台湾北路大甲西等社余党就擒,https://zh.wikisource.org/wiki/世宗憲皇帝聖訓_(四庫全書本)/卷02,,维基文库四库全书本卷二。圣训分类辑录层，不是实录日条，也不是十月己巳景陵瑞芝条。,同时代·官方,圣德二：从前台湾北路大甲西等社顽番不法，官兵已经剿灭，余党亦已就擒。短引。不得与十月己巳瑞芝九本并成一篇。
QH-SU-YZ-SX-0005V,yongzheng,SRC-054,世宗憲皇帝聖訓（四庫全書本）,卷二圣德,雍正十二年十二月乙卯,1734,圣德二番眷散处各社未必知情免其根究,https://zh.wikisource.org/wiki/世宗憲皇帝聖訓_(四庫全書本)/卷02,,维基文库四库全书本卷二。圣训分类辑录层，不是兵部档册，也不是会典本书。,同时代·官方,圣德二：其眷属散处各社未必知情，今当平定之时，若一一搜查不无牵累惊扰，用是格外加恩免其根究。短引。不证已经免究。
QH-SU-YZ-SX-0005W,yongzheng,SRC-054,世宗憲皇帝聖訓（四庫全書本）,卷二圣德,雍正十三年正月己卯,1735,圣德二十三年正月己卯庆云见于云南广东宁阳产麒麟,https://zh.wikisource.org/wiki/世宗憲皇帝聖訓_(四庫全書本)/卷02,,维基文库四库全书本卷二。圣训分类辑录层，不是实录日条，也不是十年七月丁亥钜野瑞麟条。,同时代·官方,圣德二：雍正十二年十月二十九日庆云见于云南之大理等府，又见于广东之高州府，又山东宁阳县产毓麒麟。短引。不得与十二月乙卯番眷免究或钜野瑞麟并成一篇。
QH-SU-YZ-SX-0005X,yongzheng,SRC-054,世宗憲皇帝聖訓（四庫全書本）,卷二圣德,雍正十三年正月己卯,1735,圣德二朕向来不言祥瑞非为谦让之虚文,https://zh.wikisource.org/wiki/世宗憲皇帝聖訓_(四庫全書本)/卷02,,维基文库四库全书本卷二。圣训分类辑录层，不是十年十月癸酉景陵瑞芝条，也不是会典本书。,同时代·官方,圣德二：朕向来不言祥瑞，非为谦让之虚文。短引。不证庆云麒麟已经核验。
QH-SU-YZ-SX-0005Y,yongzheng,SRC-054,世宗憲皇帝聖訓（四庫全書本）,卷二圣德,雍正十三年六月辛卯,1735,圣德二十三年六月辛卯自古地方官员有进献方物之礼,https://zh.wikisource.org/wiki/世宗憲皇帝聖訓_(四庫全書本)/卷02,,维基文库四库全书本卷二。圣训分类辑录层，不是实录日条，也不是六年十一月己酉停进献条。,同时代·官方,圣德二：自古地方官员有进献方物之礼。短引。不得与正月己卯庆云麒麟或六年十一月己酉停进献并成一篇。
QH-SU-YZ-SX-0005Z,yongzheng,SRC-054,世宗憲皇帝聖訓（四庫全書本）,卷二圣德,雍正十三年六月辛卯,1735,圣德二著将从前贡物之数再减一半,https://zh.wikisource.org/wiki/世宗憲皇帝聖訓_(四庫全書本)/卷02,,维基文库四库全书本卷二。圣训分类辑录层，不是户部档册，也不是会典本书。,同时代·官方,圣德二：自接奉此旨为始，著将从前贡物之数再减一半。短引。不证已经减半。卷二可见正文至此。
QH-SU-YZ-SX-0006A,yongzheng,SRC-054,世宗憲皇帝聖訓（四庫全書本）,卷三圣孝,康熙六十一年十一月丙申,1722,圣孝诸王大臣合词奏请节哀并劝进饘粥,https://zh.wikisource.org/wiki/世宗憲皇帝聖訓_(四庫全書本)/卷03,,维基文库四库全书本卷三。圣训分类辑录层，不是实录日条，也不是卷二圣德。,同时代·官方,圣孝：诸王大臣等合词奏请节哀，并劝进饘粥。短引。不得与卷二十三年六月辛卯进献方物并成一篇。
QH-SU-YZ-SX-0006B,yongzheng,SRC-054,世宗憲皇帝聖訓（四庫全書本）,卷三圣孝,康熙六十一年十一月丙申,1722,圣孝尽孝尽哀乃为子之道奚能自己,https://zh.wikisource.org/wiki/世宗憲皇帝聖訓_(四庫全書本)/卷03,,维基文库四库全书本卷三。圣训分类辑录层，不是起居注，也不是会典本书。,同时代·官方,圣孝：尽孝尽哀乃为子之道，奚能自己。短引。不证已经进粥。
QH-SU-YZ-SX-0006C,yongzheng,SRC-054,世宗憲皇帝聖訓（四庫全書本）,卷三圣孝,康熙六十一年十一月丁酉,1722,圣孝所议安奉之处或在南海子或在郑家庄,https://zh.wikisource.org/wiki/世宗憲皇帝聖訓_(四庫全書本)/卷03,,维基文库四库全书本卷三。圣训分类辑录层，不是实录日条，也不是十一月丙申节哀条。,同时代·官方,圣孝：今王大臣等所议安奉之处，或在南海子，或在郑家庄。短引。不得与丙申节哀或畅春园崩地并成一篇。
QH-SU-YZ-SX-0006D,yongzheng,SRC-054,世宗憲皇帝聖訓（四庫全書本）,卷三圣孝,康熙六十一年十一月丁酉,1722,圣孝朕意亦欲安奉于景山寿皇殿,https://zh.wikisource.org/wiki/世宗憲皇帝聖訓_(四庫全書本)/卷03,,维基文库四库全书本卷三。圣训分类辑录层，不是工部档册，也不是会典本书。,同时代·官方,圣孝：朕意亦欲安奉于景山寿皇殿。短引。不证已经安奉。
QH-SU-YZ-SX-0006E,yongzheng,SRC-054,世宗憲皇帝聖訓（四庫全書本）,卷三圣孝,康熙六十一年十一月辛丑,1722,圣孝十一月辛丑亲授神器属于藐躬,https://zh.wikisource.org/wiki/世宗憲皇帝聖訓_(四庫全書本)/卷03,,维基文库四库全书本卷三。圣训分类辑录层，不是实录日条，也不是十一月丁酉安奉梓宫条。,同时代·官方,圣孝：亲授神器属于藐躬。短引。不得与丁酉安奉梓宫或畅春园崩地并成一篇。
QH-SU-YZ-SX-0006F,yongzheng,SRC-054,世宗憲皇帝聖訓（四庫全書本）,卷三圣孝,康熙六十一年十一月辛丑,1722,圣孝朕当永遵成宪不敢少有更张,https://zh.wikisource.org/wiki/世宗憲皇帝聖訓_(四庫全書本)/卷03,,维基文库四库全书本卷三。圣训分类辑录层，不是即位实录条，也不是会典本书。,同时代·官方,圣孝：朕当永遵成宪，不敢少有更张，何止三年无改。短引。不证已经无改。
QH-SU-YZ-SX-0006G,yongzheng,SRC-054,世宗憲皇帝聖訓（四庫全書本）,卷三圣孝,康熙六十一年十一月辛丑,1722,圣孝是日上谕礼部宜升尊谥,https://zh.wikisource.org/wiki/世宗憲皇帝聖訓_(四庫全書本)/卷03,,维基文库四库全书本卷三。圣训分类辑录层，不是实录日条，也不是即位诏本文。,同时代·官方,圣孝：谨考彝章，宜升尊谥。短引。不得与即位诏或畅春园崩地并成一篇。
QH-SU-YZ-SX-0006H,yongzheng,SRC-054,世宗憲皇帝聖訓（四庫全書本）,卷三圣孝,康熙六十一年十一月辛丑,1722,圣孝尔部详察典礼具奏,https://zh.wikisource.org/wiki/世宗憲皇帝聖訓_(四庫全書本)/卷03,,维基文库四库全书本卷三。圣训分类辑录层，不是礼部档册，也不是会典本书。,同时代·官方,圣孝：尔部详察典礼具奏。短引。不证尊谥已经拟定。
QH-SU-YZ-SX-0006I,yongzheng,SRC-054,世宗憲皇帝聖訓（四庫全書本）,卷三圣孝,康熙六十一年十一月辛丑,1722,圣孝是日上谕礼部恭上皇太后尊号,https://zh.wikisource.org/wiki/世宗憲皇帝聖訓_(四庫全書本)/卷03,,维基文库四库全书本卷三。圣训分类辑录层，不是实录日条，也不是是日尊谥条。,同时代·官方,圣孝：式考旧章，恭上皇太后尊号。短引。不得与是日尊谥或孝恭康熙朝皇后并成一篇。
QH-SU-YZ-SX-0006J,yongzheng,SRC-054,世宗憲皇帝聖訓（四庫全書本）,卷三圣孝,康熙六十一年十一月辛丑,1722,圣孝皇太后尊号尔部详察典礼具奏,https://zh.wikisource.org/wiki/世宗憲皇帝聖訓_(四庫全書本)/卷03,,维基文库四库全书本卷三。圣训分类辑录层，不是礼部档册，也不是会典本书。,同时代·官方,圣孝：尔部详察典礼具奏。短引。不证尊号已经拟定。
QH-SU-YZ-SX-0006K,yongzheng,SRC-054,世宗憲皇帝聖訓（四庫全書本）,卷三圣孝,康熙六十一年十一月壬寅,1722,圣孝壬寅请遵遗诏二十七日释服,https://zh.wikisource.org/wiki/世宗憲皇帝聖訓_(四庫全書本)/卷03,,维基文库四库全书本卷三。圣训分类辑录层，不是实录日条，也不是辛丑皇太后尊号条。,同时代·官方,圣孝：诸王大臣请遵大行皇帝遗诏二十七日释服。短引。不得与辛丑尊号或丙申节哀并成一篇。
QH-SU-YZ-SX-0006L,yongzheng,SRC-054,世宗憲皇帝聖訓（四庫全書本）,卷三圣孝,康熙六十一年十一月壬寅,1722,圣孝本朝旧制释服亦待百日之期,https://zh.wikisource.org/wiki/世宗憲皇帝聖訓_(四庫全書本)/卷03,,维基文库四库全书本卷三。圣训分类辑录层，不是会典本书，也不是礼部档册。,同时代·官方,圣孝：本朝旧制释服亦待百日之期。短引。不证已经百日释服。
QH-SU-YZ-SX-0006M,yongzheng,SRC-054,世宗憲皇帝聖訓（四庫全書本）,卷三圣孝,康熙六十一年十一月甲辰,1722,圣孝甲辰郊庙祀典不可久阙恳请二十七日释服,https://zh.wikisource.org/wiki/世宗憲皇帝聖訓_(四庫全書本)/卷03,,维基文库四库全书本卷三。圣训分类辑录层，不是实录日条，也不是壬寅请释服条。,同时代·官方,圣孝：诸王大臣等以郊庙祀典不可久阙，考据典礼，合词恳请遵大行皇帝遗诏以二十七日释服。短引。不得与壬寅请释服或辛丑尊号并成一篇。
QH-SU-YZ-SX-0006N,yongzheng,SRC-054,世宗憲皇帝聖訓（四庫全書本）,卷三圣孝,康熙六十一年十一月甲辰,1722,圣孝虽勉从所请朕之哀思因兹愈切,https://zh.wikisource.org/wiki/世宗憲皇帝聖訓_(四庫全書本)/卷03,,维基文库四库全书本卷三。圣训分类辑录层，不是礼部档册，也不是会典本书。,同时代·官方,圣孝：虽勉从所请，朕之哀思因兹愈切矣。短引。不证已经释服。
QH-SU-YZ-SX-0006O,yongzheng,SRC-054,世宗憲皇帝聖訓（四庫全書本）,卷三圣孝,康熙六十一年十一月乙巳,1722,圣孝乙巳请亲定大行皇帝尊谥庙号,https://zh.wikisource.org/wiki/世宗憲皇帝聖訓_(四庫全書本)/卷03,,维基文库四库全书本卷三。圣训分类辑录层，不是实录日条，也不是辛丑是日尊谥条。,同时代·官方,圣孝：大行皇帝尊谥庙号乃追崇大典。短引。不得与甲辰郊庙释服或辛丑是日尊谥并成一篇。
QH-SU-YZ-SX-0006P,yongzheng,SRC-054,世宗憲皇帝聖訓（四庫全書本）,卷三圣孝,康熙六十一年十一月乙巳,1722,圣孝朕意宜崇祖号方副丰功,https://zh.wikisource.org/wiki/世宗憲皇帝聖訓_(四庫全書本)/卷03,,维基文库四库全书本卷三。圣训分类辑录层，不是礼部档册，也不是会典本书。,同时代·官方,圣孝：朕意宜崇祖号，方副丰功。短引。不证庙号已经钦定。
QH-SU-YZ-SX-0006Q,yongzheng,SRC-054,世宗憲皇帝聖訓（四庫全書本）,卷三圣孝,康熙六十一年十二月甲寅,1722,圣孝十二月甲寅奉安梓宫于寿皇殿,https://zh.wikisource.org/wiki/世宗憲皇帝聖訓_(四庫全書本)/卷03,,维基文库四库全书本卷三。圣训分类辑录层，不是实录日条，也不是十一月丁酉安奉条。,同时代·官方,圣孝：奉安大行皇帝梓宫于寿皇殿。短引。不得与乙巳尊谥庙号或丁酉安奉并成一篇。
QH-SU-YZ-SX-0006R,yongzheng,SRC-054,世宗憲皇帝聖訓（四庫全書本）,卷三圣孝,康熙六十一年十二月甲寅,1722,圣孝朕未释服之前必每日三次亲诣献食,https://zh.wikisource.org/wiki/世宗憲皇帝聖訓_(四庫全書本)/卷03,,维基文库四库全书本卷三。圣训分类辑录层，不是工部档册，也不是会典本书。,同时代·官方,圣孝：今梓宫奉移寿皇殿，朕未释服之前，必每日三次亲诣献食。短引。不证已经三次献食。其余各卷未开。
QH-SU-QL-QSG-0015A,qianlong,SRC-025,清史稿,卷15,乾隆六十年十二月,,本纪条,https://zh.wikisource.org/wiki/清史稿/卷15,,维基文库《清史稿》卷15高宗本纪六转录；后出本纪，不作终审。,后出,归政后奏事称太上皇、元旦传位的预告。
QH-SU-QL-QSG-0015B,qianlong,SRC-025,清史稿,卷15,嘉庆元年正月戊申朔,,本纪条,https://zh.wikisource.org/wiki/清史稿/卷15,,维基文库《清史稿》卷15高宗本纪六转录；后出本纪，不作终审。,后出,授受大典、立皇太子为皇帝、太上皇继续裁决军国重务、宫中时宪书仍用乾隆年号。干支与卷16戊辰冲突。
QH-SU-QL-QSG-0015C,qianlong,SRC-025,清史稿,卷15,嘉庆四年正月壬戌,,本纪条,https://zh.wikisource.org/wiki/清史稿/卷15,,维基文库《清史稿》卷15高宗本纪六转录；后出本纪，不作终审。,后出,高宗崩，寿八十有九。
QH-SU-QL-QSL-0005A,qianlong,SRC-027,高宗纯皇帝实录,卷5,雍正十三年十月十九日,1735,1/5,https://sillok.history.go.kr/mc/id/qsilok_007_0005_0010_0010_0040_0010,,高宗纯皇帝实录韩国站数字文本。官修编年。,同时代·官方,甲申：停讲解大义觉迷录；颁发原书彙送礼部；候再降谕旨。不是销毁句。同日共5条。
QH-SU-QL-QSL-0009A,qianlong,SRC-027,高宗纯皇帝实录,卷9,雍正十三年十二月十九日,1735,1/22,https://sillok.history.go.kr/mc/id/qsilok_007_0009_0010_0010_0040_0010,,高宗纯皇帝实录韩国站数字文本。官修编年。,同时代·官方,甲申：曾静张熙著照法司所拟凌迟处死。不是磔于市。日期是雍正十三年十二月不是乾隆元年。
QH-SU-QL-QSG-0010A,qianlong,SRC-025,清史稿,卷10,雍正十三年十月壬申,1735,本纪条,https://zh.wikisource.org/wiki/清史稿/卷10,,维基文库《清史稿》卷10高宗本纪一。后出本纪，不作终审。,后出,十月壬申命治曾静张熙罪。在乾隆元年正月之前。实录卷4同日七条无此旨。
QH-SU-QL-QSG-0010B,qianlong,SRC-025,清史稿,卷10,雍正十三年十二月甲申,1735,本纪条,https://zh.wikisource.org/wiki/清史稿/卷10,,维基文库《清史稿》卷10高宗本纪一。后出本纪，不作终审。,后出,十二月甲申磔曾静张熙于市。实录同日作凌迟处死。不是乾隆元年。
QH-SU-QL-QSL-0004A,qianlong,SRC-027,高宗纯皇帝实录,卷4,雍正十三年十月七日,1735,1/7,https://sillok.history.go.kr/mc/id/qsilok_007_0004_0010_0010_0070_0010,,高宗纯皇帝实录韩国站数字文本。官修编年。,同时代·官方,壬申第1/7条：豁免江南等省漕项芦课学租。同日七条均无曾静。不得把本纪命治罪写入本条。
QH-SU-QL-QSG-0214B,qianlong,SRC-025,清史稿,卷214,乾隆朝（后妃传）,,后妃传,https://zh.wikisource.org/wiki/清史稿/卷214,,维基文库《清史稿》卷214后妃传高宗段。后出纪传体，不作终审。,后出,高宗孝贤纯皇后、继后乌拉那拉氏、孝仪纯皇后。册后、崩薨、剪发遣回、追封、生母关系均为后妃传记载，玉牒未见。
QH-SU-QL-QSG-0221,qianlong,SRC-025,清史稿,卷221,乾隆帝（高宗诸子）,,诸王七,https://zh.wikisource.org/wiki/清史稿/卷221,,维基文库《清史稿》卷221诸王七高宗诸子。后出纪传体，不作终审。,后出,高宗十七子总说；定安亲王永璜、端慧太子永琏、哲亲王永琮。密建皇储、疮殇、追封均为诸王传记载，玉牒未见。
QH-SU-QL-QSG-0014A,qianlong,SRC-025,清史稿,卷14,乾隆四十一年十一月与四十七年正月（四库两条）,,本纪条,https://zh.wikisource.org/wiki/清史稿/卷14,,维基文库《清史稿》卷14高宗本纪。后出本纪，不作终审。,后出,四十一年甲申命四库全书馆详核违禁书分别改毁；四十七年丙寅四库全书成。开馆三十八年为通说，本纪此卷未见，待回卷13。
QH-SU-QL-QSG-0011A,qianlong,SRC-025,清史稿,卷11,乾隆十二年三月己酉,1747,本纪条,https://zh.wikisource.org/wiki/清史稿/卷11,,维基文库《清史稿》卷11高宗本纪二，1928年民国排印本，后出本纪不作终审。,后出,命张广泗进剿大金川土司莎罗奔。
QH-SU-QL-QSG-0012A,qianlong,SRC-025,清史稿,卷12,乾隆二十三年正月丙午,1758,本纪条,https://zh.wikisource.org/wiki/清史稿/卷12,,维基文库《清史稿》卷12高宗本纪三，1928年民国排印本，后出本纪不作终审。,后出,俄罗斯呈验阿睦尔撒纳尸，哈萨克称臣纳贡，宣谕中外。
QH-SU-QL-QSG-0012B,qianlong,SRC-025,清史稿,卷12,乾隆二十四年十月庚子,1759,本纪条,https://zh.wikisource.org/wiki/清史稿/卷12,,维基文库《清史稿》卷12高宗本纪三，1928年民国排印本，后出本纪不作终审。,后出,巴达克山献霍集占首级，回部全平。
QH-SU-QL-QSG-0013A,qianlong,SRC-025,清史稿,卷13,乾隆三十四年二月丙寅,1769,本纪条,https://zh.wikisource.org/wiki/清史稿/卷13,,维基文库《清史稿》卷13高宗本纪四，1928年民国排印本，后出本纪不作终审。,后出,谕用兵缅甸轻敌致衄，明瑞败绩猛育死之。
QH-SU-QL-QSG-0014B,qianlong,SRC-025,清史稿,卷14,乾隆四十一年二月己酉,1776,本纪条,https://zh.wikisource.org/wiki/清史稿/卷14,,维基文库《清史稿》卷14高宗本纪五，1928年民国排印本，后出本纪不作终审。,后出,阿桂奏索诺木等出降，檻送京师，两金川平。
QH-SU-QL-QSG-0015D,qianlong,SRC-025,清史稿,卷15,乾隆五十一年十二月丙寅,1786,本纪条,https://zh.wikisource.org/wiki/清史稿/卷15,,维基文库《清史稿》卷15高宗本纪六，1928年民国排印本，后出本纪不作终审。,后出,福建彰化县贼匪林爽文作乱，陷县城。
QH-SU-QL-QSG-0015E,qianlong,SRC-025,清史稿,卷15,乾隆五十三年三月壬申,1788,本纪条,https://zh.wikisource.org/wiki/清史稿/卷15,,维基文库《清史稿》卷15高宗本纪六，1928年民国排印本，后出本纪不作终审。,后出,林爽文伏诛。
QH-SU-QL-QSG-0015F,qianlong,SRC-025,清史稿,卷15,乾隆五十三年六月戊申,1788,本纪条,https://zh.wikisource.org/wiki/清史稿/卷15,,维基文库《清史稿》卷15高宗本纪六，1928年民国排印本，后出本纪不作终审。,后出,安南阮惠等叛逐国王黎维祁。
QH-SU-QL-QSG-0015G,qianlong,SRC-025,清史稿,卷15,乾隆五十三年七月戊子,1788,本纪条,https://zh.wikisource.org/wiki/清史稿/卷15,,维基文库《清史稿》卷15高宗本纪六，1928年民国排印本，后出本纪不作终审。,后出,廓尔喀据后藏济咙、聂拉木。
QH-SU-QL-GZSL-0001A,qianlong,SRC-031,高宗纯皇帝实录,卷之四百七十四,乾隆十九年,1754,班第奏擒乌梁海条,https://zh.wikisource.org/wiki/清實錄/大清高宗純皇帝實錄/卷之四百七十四,,维基文库标点排印。官修编年层。,同时代·官方,平伊犁之役开端的干报：擒宰桑车根等及属人三十余口，获马牛羊甚夥。短引。
QH-SU-QL-GZSL-0002A,qianlong,SRC-040,高宗纯皇帝实录,卷之一千四百八十六,乾隆六十年,1795,传位诏自述三代继位条,https://zh.wikisource.org/wiki/清實錄/大清高宗純皇帝實錄/卷之一千四百八十六,,维基文库标点排印。官修编年层。,同时代·官方,诏自述圣祖大渐隆科多宣传顾命、皇考宣示密缄召鄂尔泰张廷玉展缄、今明颁诏旨亲御殿廷付授神器，以今视昔孰逾于此。短引。
QH-SU-QL-GZSL-0002B,qianlong,SRC-040,高宗纯皇帝实录,卷之一千四百九十二,乾隆六十年,1795,十二月太上皇谕仍称朕条,https://zh.wikisource.org/wiki/清實錄/大清高宗純皇帝實錄/卷之一千四百九十二,,维基文库标点排印。官修编年层。,同时代·官方,禅位后太上皇谕仍称朕，安排嗣皇帝皇后重华宫行礼班次；贵妃妃嫔职分不至在朕前行礼。短引。
QH-SU-QL-GZ-0001A,qianlong,SRC-042,钦定宫中现行则例,卷一,乾隆四十九年,1784,正月十五日绵德谕储嗣论,https://zh.wikisource.org/wiki/欽定宮中現行則例/卷一,,维基文库标点排印。宫规上谕汇编层。,同时代·官方,乾隆四十九年正月十五日谕皇孙绵德：引明洪武懿文太子既没刘三吾议立建文酿成永乐靖难之变，皆刘三吾一言丧邦；朕深鉴历代建储之失，再三宣谕并令纂辑储贰金鉴为万世法戒。短引。
QH-SU-QL-GZ-0001B,qianlong,SRC-042,钦定宫中现行则例,卷一,乾隆四十八年,1783,十一月初八日火烛开门谕,https://zh.wikisource.org/wiki/欽定宮中現行則例/卷一,,维基文库标点排印。宫规上谕汇编层。,同时代·官方,乾隆四十八年十一月初八日谕：嗣后宫内等处倘遇有火烛之事，总管等即行开门，放外边王公大臣进内扑救，并量其相近之门开放，不可著外边人等绕远。短引。
QH-SU-JQ-QSG-0016A,jiaqing,SRC-025,清史稿,卷16,嘉庆元年正月戊辰朔,,本纪条,https://zh.wikisource.org/wiki/清史稿/卷16,,维基文库《清史稿》卷16仁宗本纪转录；后出本纪，不作终审。,后出,内禅、授玺、即位、尊太上皇与训政。干支与卷15戊申冲突。
QH-SU-JQ-QSG-0016B,jiaqing,SRC-025,清史稿,卷16,嘉庆四年正月壬戌至丁丑,,本纪条,https://zh.wikisource.org/wiki/清史稿/卷16,,维基文库《清史稿》卷16仁宗本纪转录；后出本纪，不作终审。,后出,壬戌太上皇崩与始亲政；丁卯和珅、福长安下狱；丁丑和珅赐死于狱。
QH-SU-JQ-QSG-0319A,jiaqing,SRC-025,清史稿,卷319,和珅传；嘉庆四年正月,,列传,https://zh.wikisource.org/wiki/清史稿/卷319,,维基文库《清史稿》卷319列传转录；页面标 Textquality 50%，引用须继续对影印本。,后出,和珅任官、王念孙弹劾、二十大罪上谕与赐自尽。上谕指控不自动等于逐款独立证实。
QH-SU-NH-QSG-0001A,tianming,SRC-025,清史稿,卷1,明万历十一年癸未,1583,本纪条,https://zh.wikisource.org/wiki/清史稿/卷1,,维基文库《清史稿》卷1太祖本纪。后出本纪，不作终审。前三朝实录经改写，本条不能顶实录。,后出,太祖既归有甲十三；是岁癸未起兵。不得把十三副遗甲写成已核件数或起兵神话。
QH-SU-NH-QSG-0001B,tianming,SRC-025,清史稿,卷1,天命元年正月壬申朔,1616,本纪条,https://zh.wikisource.org/wiki/清史稿/卷1,,维基文库《清史稿》卷1太祖本纪。后出本纪，不作终审。,后出,即位建元天命，定国号曰金。不得写成大清，也不得写成已经称帝。
QH-SU-NH-QSG-0001C,tianming,SRC-025,清史稿,卷1,天命三年二月壬寅,1618,本纪条,https://zh.wikisource.org/wiki/清史稿/卷1,,维基文库《清史稿》卷1太祖本纪。后出本纪，不作终审。,后出,伐明以七大恨告天。本条不录七条全文；条数与措辞各本差异另层。
QH-SU-HT-QSG-0002A,tiancong,SRC-025,清史稿,卷2,天命十一年九月庚午朔,1626,本纪条,https://zh.wikisource.org/wiki/清史稿/卷2,,维基文库《清史稿》卷2太宗本纪一。后出本纪，不作终审。,后出,即位于沈阳，诏以明年为天聪元年。这是继汗位，不是称帝。
QH-SU-HT-QSG-0003A,tiancong,SRC-025,清史稿,卷3,崇德元年四月乙酉,1636,本纪条,https://zh.wikisource.org/wiki/清史稿/卷3,,维基文库《清史稿》卷3太宗本纪二。后出本纪，不作终审。,后出,祭告天地行受尊号礼，定有天下之号曰大清，改元崇德。汗位与帝位分年。
QH-SU-SZ-QSG-0004A,shunzhi,SRC-025,清史稿,卷4,崇德八年八月丁亥,1643,本纪条,https://zh.wikisource.org/wiki/清史稿/卷4,,维基文库《清史稿》卷4世祖本纪一。后出本纪，不作终审。,后出,即皇帝位于笃恭殿，诏以明年为顺治元年。盛京即位，不是入北京。
QH-SU-SZ-QSG-0004B,shunzhi,SRC-025,清史稿,卷4,顺治元年四月己卯,1644,本纪条,https://zh.wikisource.org/wiki/清史稿/卷4,,维基文库《清史稿》卷4世祖本纪一。后出本纪，不作终审。,后出,师至山海关，三桂开关出迎，大军入关。本纪写的是多尔衮军，不是幼帝亲征。
QH-SU-SZ-QSG-0004C,shunzhi,SRC-025,清史稿,卷4,顺治元年十月乙卯朔,1644,本纪条,https://zh.wikisource.org/wiki/清史稿/卷4,,维基文库《清史稿》卷4世祖本纪一。后出本纪，不作终审。,后出,定鼎燕京，仍建有天下之号曰大清，纪元顺治。盛京即位、入关、北京登极分三层。
QH-SU-DG-QSG-0017A,daoguang,SRC-025,清史稿,卷17,嘉庆二十五年八月庚戌,1820,本纪条,https://zh.wikisource.org/wiki/清史稿/卷17,,维基文库《清史稿》卷17宣宗本纪一。后出本纪，不作终审。,后出,即皇帝位于太和殿，以明年为道光元年。不得把绵宁改旻宁写成这一句。
QH-SU-DG-QSG-0019A,daoguang,SRC-025,清史稿,卷19,道光二十二年七月,1842,本纪条,https://zh.wikisource.org/wiki/清史稿/卷19,,维基文库《清史稿》卷19宣宗本纪三。后出本纪，不作终审。,后出,英船寇江宁；命议款；耆英请定约钤御宝。本条不代替条约原件，也不写静海寺议约已核。
QH-SU-XF-QSG-0020A,xianfeng,SRC-025,清史稿,卷20,咸丰十年八月己巳至丁丑,1860,本纪条,https://zh.wikisource.org/wiki/清史稿/卷20,,维基文库《清史稿》卷20文宗本纪。后出本纪，不作终审。,后出,上幸木兰，自圆明园启銮；丁丑驻跸避暑山庄。本纪用「幸木兰」，不得改写成北狩或逃离。
QH-SU-TZ-QSG-0021A,tongzhi,SRC-025,清史稿,卷21,咸丰十一年七月至十月,1861,本纪条,https://zh.wikisource.org/wiki/清史稿/卷21,,维基文库《清史稿》卷21穆宗本纪一。后出本纪，不作终审。,后出,七月定年号祺祥；十月甲子御太和殿即皇帝位，以明年为同治元年。祺祥只拟用，不是正式纪年。
QH-SU-GX-QSG-0023A,guangxu,SRC-025,清史稿,卷23,同治十三年十二月癸酉,1875,本纪条,https://zh.wikisource.org/wiki/清史稿/卷23,,维基文库《清史稿》卷23德宗本纪一。后出本纪，不作终审。,后出,懿旨以上继文宗为子，入承大统，为嗣皇帝。俟嗣皇帝有子即承继大行皇帝。不得写成过继给同治。
QH-SU-XT-QSG-0025A,xuantong,SRC-025,清史稿,卷25,宣统三年十二月戊午,1912,本纪条,https://zh.wikisource.org/wiki/清史稿/卷25,,维基文库《清史稿》卷25宣统皇帝本纪。后出本纪，不作终审。,后出,特率皇帝将统治权公诸全国；即由袁世凯以全权组织临时共和政府。本纪收束作「遂逊位」。不得写成宣统本人决策，也不得把伪满续上。
QH-SU-NH-QSG-0228A,tianming,SRC-025,清史稿,卷228,太祖起兵十六年（己亥二月辛亥朔）,1599,额尔德尼传,https://zh.wikisource.org/wiki/清史稿/卷228,,维基文库《清史稿》卷228额尔德尼传。后出列传，不作终审。,后出,太祖召额尔德尼、噶盖以蒙古字协满洲语制国书，行于国中，满洲有文字自此始。老满文无圈点，新满文为皇太极时达海改制，勿混。
QH-SU-XF-QSG-0020B,xianfeng,SRC-025,清史稿,卷20,咸丰六年十一月乙卯朔,1856,本纪条,https://zh.wikisource.org/wiki/清史稿/卷20,,维基文库《清史稿》卷20文宗本纪。后出本纪，不作终审。,后出,乙卯朔，宣宗实录成。宣宗实录告成年份的通行著录有四年、六年两说，本条以卷20本纪六年十一月为准，异说待核。
QH-SU-XF-QSG-0020C,xianfeng,SRC-025,清史稿,卷20,道光十一年六月初九日,1831,本纪条,https://zh.wikisource.org/wiki/清史稿/卷20,,维基文库《清史稿》卷20文宗本纪，1928年民国排印本，后出本纪不作终审。,后出,文宗讳奕詝，宣宗第四子，母孝全成皇后钮祜禄氏。
QH-SU-XF-QSG-0020D,xianfeng,SRC-025,清史稿,卷20,道光二十六年,1846,本纪条,https://zh.wikisource.org/wiki/清史稿/卷20,,维基文库《清史稿》卷20文宗本纪，1928年民国排印本，后出本纪不作终审。,后出,二十六年，用立储家法，书名缄藏。
QH-SU-XF-QSG-0020E,xianfeng,SRC-025,清史稿,卷20,道光三十年正月丁未己未,1850,本纪条,https://zh.wikisource.org/wiki/清史稿/卷20,,维基文库《清史稿》卷20文宗本纪，1928年民国排印本，后出本纪不作终审。,后出,宣宗不豫示硃笔立为皇太子；宣宗崩，己未上即位，颁诏以明年为咸丰元年。
QH-SU-XF-QSG-0020F,xianfeng,SRC-025,清史稿,卷20,道光三十年六月,1850,本纪条,https://zh.wikisource.org/wiki/清史稿/卷20,,维基文库《清史稿》卷20文宗本纪，1928年民国排印本，后出本纪不作终审。,后出,广东花县人洪秀全在广西桂平县金田起事。
QH-SU-XF-QSG-0020G,xianfeng,SRC-025,清史稿,卷20,咸丰元年闰八月甲申朔,1851,本纪条,https://zh.wikisource.org/wiki/清史稿/卷20,,维基文库《清史稿》卷20文宗本纪，1928年民国排印本，后出本纪不作终审。,后出,洪秀全陷永安州踞之，僭号太平天国。
QH-SU-XF-QSG-0020H,xianfeng,SRC-025,清史稿,卷20,咸丰七年十二月庚申,1858,本纪条,https://zh.wikisource.org/wiki/清史稿/卷20,,维基文库《清史稿》卷20文宗本纪，1928年民国排印本，后出本纪不作终审。,后出,英人入广东省城，劫总督叶名琛以去。
QH-SU-XF-QSG-0020I,xianfeng,SRC-025,清史稿,卷20,咸丰八年五月丁酉,1858,本纪条,https://zh.wikisource.org/wiki/清史稿/卷20,,维基文库《清史稿》卷20文宗本纪，1928年民国排印本，后出本纪不作终审。,后出,桂良、花沙纳奏进俄、美、英、法四国条约。
QH-SU-XF-QSG-0020J,xianfeng,SRC-025,清史稿,卷20,咸丰九年五月丙申,1859,本纪条,https://zh.wikisource.org/wiki/清史稿/卷20,,维基文库《清史稿》卷20文宗本纪，1928年民国排印本，后出本纪不作终审。,后出,僧格林沁奏英船闯入大沽，我军开炮击沈多船，夷船出口。
QH-SU-XF-QSG-0020K,xianfeng,SRC-025,清史稿,卷20,咸丰十年七月戊戌,1860,本纪条,https://zh.wikisource.org/wiki/清史稿/卷20,,维基文库《清史稿》卷20文宗本纪，1928年民国排印本，后出本纪不作终审。,后出,大沽砲台失守，提督乐善死之；英人陷天津。
QH-SU-XF-QSG-0020L,xianfeng,SRC-025,清史稿,卷20,咸丰十年八月癸未,1860,本纪条,https://zh.wikisource.org/wiki/清史稿/卷20,,维基文库《清史稿》卷20文宗本纪，1928年民国排印本，后出本纪不作终审。,后出,圆明园灾，常嫔薨，内务府大臣、尚书文丰死之。
QH-SU-XF-QSG-0020M,xianfeng,SRC-025,清史稿,卷20,咸丰十年十二月己巳,1860,本纪条,https://zh.wikisource.org/wiki/清史稿/卷20,,维基文库《清史稿》卷20文宗本纪，1928年民国排印本，后出本纪不作终审。,后出,始置总理各国通商事务衙门，命恭亲王奕訢等管理。
QH-SU-XF-QSG-0020N,xianfeng,SRC-025,清史稿,卷20,咸丰十一年七月癸卯,1861,本纪条,https://zh.wikisource.org/wiki/清史稿/卷20,,维基文库《清史稿》卷20文宗本纪，1928年民国排印本，后出本纪不作终审。,后出,上不豫、大渐立皇长子为皇太子，崩于行宫，年三十一。
QH-SU-TZ-QSG-0021B,tongzhi,SRC-025,清史稿,卷21,咸丰六年三月二十三日,1856,本纪条,https://zh.wikisource.org/wiki/清史稿/卷21,,维基文库《清史稿》卷21穆宗本纪一，1928年民国排印本，后出本纪不作终审。,后出,穆宗讳载淳，文宗长子，母孝钦显皇后那拉氏，生于储秀宫。
QH-SU-TZ-QSG-0021C,tongzhi,SRC-025,清史稿,卷21,咸丰十一年七月壬寅,1861,本纪条,https://zh.wikisource.org/wiki/清史稿/卷21,,维基文库《清史稿》卷21穆宗本纪一，1928年民国排印本，后出本纪不作终审。,后出,文宗疾大渐，宣谕立为皇太子；命载垣等赞襄政务。
QH-SU-TZ-QSG-0021D,tongzhi,SRC-025,清史稿,卷21,咸丰十一年九月乙卯,1861,本纪条,https://zh.wikisource.org/wiki/清史稿/卷21,,维基文库《清史稿》卷21穆宗本纪一，1928年民国排印本，后出本纪不作终审。,后出,以擅改谕旨力阻垂帘，解载垣端华肃顺任，罢景寿等军机。
QH-SU-TZ-QSG-0021E,tongzhi,SRC-025,清史稿,卷21,咸丰十一年十月辛酉,1861,本纪条,https://zh.wikisource.org/wiki/清史稿/卷21,,维基文库《清史稿》卷21穆宗本纪一，1928年民国排印本，后出本纪不作终审。,后出,赐载垣端华自尽，肃顺处斩。
QH-SU-TZ-QSG-0021F,tongzhi,SRC-025,清史稿,卷21,咸丰十一年十一月乙酉朔,1861,本纪条,https://zh.wikisource.org/wiki/清史稿/卷21,,维基文库《清史稿》卷21穆宗本纪一，1928年民国排印本，后出本纪不作终审。,后出,上奉慈安、慈禧两宫皇太后御养心殿垂帘听政。
QH-SU-TZ-QSG-0021G,tongzhi,SRC-025,清史稿,卷21,同治三年六月戊戌,1864,本纪条,https://zh.wikisource.org/wiki/清史稿/卷21,,维基文库《清史稿》卷21穆宗本纪一，1928年民国排印本，后出本纪不作终审。,后出,官军克复江宁，洪秀全先自尽，江南平。
QH-SU-TZ-QSG-0022A,tongzhi,SRC-025,清史稿,卷22,同治十二年正月丙午,1873,本纪条,https://zh.wikisource.org/wiki/清史稿/卷22,,维基文库《清史稿》卷22穆宗本纪二，1928年民国排印本，后出本纪不作终审。,后出,上亲政，诏恪遵慈训敬天法祖勤政爱民。
QH-SU-TZ-QSG-0022B,tongzhi,SRC-025,清史稿,卷22,同治十三年十二月,1875,本纪条,https://zh.wikisource.org/wiki/清史稿/卷22,,维基文库《清史稿》卷22穆宗本纪二，1928年民国排印本，后出本纪不作终审。,后出,上疾大渐，崩于养心殿，年十九。
QH-SU-GX-QSG-0023B,guangxu,SRC-025,清史稿,卷23,同治十三年十二月丙子甲辰,1875,本纪条,https://zh.wikisource.org/wiki/清史稿/卷23,,维基文库《清史稿》卷23德宗本纪一，1928年民国排印本，后出本纪不作终审。,后出,从王大臣请，两宫皇太后垂帘听政；诏以明年为光绪元年。
QH-SU-GX-QSG-0023C,guangxu,SRC-025,清史稿,卷23,光绪七年三月壬申,1881,本纪条,https://zh.wikisource.org/wiki/清史稿/卷23,,维基文库《清史稿》卷23德宗本纪一，1928年民国排印本，后出本纪不作终审。,后出,慈安皇太后不豫，壬申崩于钟粹宫。
QH-SU-GX-QSG-0023D,guangxu,SRC-025,清史稿,卷23,光绪十三年正月癸卯,1887,本纪条,https://zh.wikisource.org/wiki/清史稿/卷23,,维基文库《清史稿》卷23德宗本纪一，1928年民国排印本，后出本纪不作终审。,后出,上始亲政，颁诏天下。
QH-SU-GX-QSG-0023E,guangxu,SRC-025,清史稿,卷23,光绪二十年七月乙亥朔,1894,本纪条,https://zh.wikisource.org/wiki/清史稿/卷23,,维基文库《清史稿》卷23德宗本纪一，1928年民国排印本，后出本纪不作终审。,后出,日本侵朝鲜，下诏宣战。
QH-SU-GX-QSG-0024A,guangxu,SRC-025,清史稿,卷24,光绪二十一年三月己亥,1895,本纪条,https://zh.wikisource.org/wiki/清史稿/卷24,,维基文库《清史稿》卷24德宗本纪二，1928年民国排印本，后出本纪不作终审。,后出,李鸿章与日本马关会议，和约成，割辽南、台湾、澎湖，偿军费二万万。
QH-SU-GX-QSG-0024B,guangxu,SRC-025,清史稿,卷24,光绪二十四年八月丁亥甲午,1898,本纪条,https://zh.wikisource.org/wiki/清史稿/卷24,,维基文库《清史稿》卷24德宗本纪二，1928年民国排印本，后出本纪不作终审。,后出,皇太后复垂帘训政；杨深秀、杨锐、林旭、刘光第、谭嗣同、康广仁俱处斩。
QH-SU-GX-QSG-0024C,guangxu,SRC-025,清史稿,卷24,光绪二十六年闰八月乙巳,1900,本纪条,https://zh.wikisource.org/wiki/清史稿/卷24,,维基文库《清史稿》卷24德宗本纪二，1928年民国排印本，后出本纪不作终审。,后出,诏幸西安，丁未启跸。
QH-SU-GX-QSG-0024D,guangxu,SRC-025,清史稿,卷24,光绪三十二年七月戊申,1906,本纪条,https://zh.wikisource.org/wiki/清史稿/卷24,,维基文库《清史稿》卷24德宗本纪二，1928年民国排印本，后出本纪不作终审。,后出,谕仿行宪政，预备立宪基础。
QH-SU-GX-QSG-0024E,guangxu,SRC-025,清史稿,卷24,光绪三十四年十月癸酉,1908,本纪条,https://zh.wikisource.org/wiki/清史稿/卷24,,维基文库《清史稿》卷24德宗本纪二，1928年民国排印本，后出本纪不作终审。,后出,上疾大渐，崩于瀛台涵元殿，年三十八。
QH-SU-DG-QSG-0018A,daoguang,SRC-025,清史稿,卷18,道光十八年十一月癸丑,1838,本纪条,https://zh.wikisource.org/wiki/清史稿/卷18,,维基文库《清史稿》卷18宣宗本纪二，1928年民国排印本，后出本纪不作终审。,后出,命林则徐为钦差大臣查办广东海口事件。
QH-SU-DG-QSG-0018B,daoguang,SRC-025,清史稿,卷18,道光十九年三月乙卯,1839,本纪条,https://zh.wikisource.org/wiki/清史稿/卷18,,维基文库《清史稿》卷18宣宗本纪二，1928年民国排印本，后出本纪不作终审。,后出,林则徐等奏躉船呈缴烟土。
QH-SU-DG-QSG-0018C,daoguang,SRC-025,清史稿,卷18,道光十九年七月壬子,1839,本纪条,https://zh.wikisource.org/wiki/清史稿/卷18,,维基文库《清史稿》卷18宣宗本纪二，1928年民国排印本，后出本纪不作终审。,后出,命林则徐以禁贩鸦片檄谕英吉利国。
QH-SU-DG-QSG-0018D,daoguang,SRC-025,清史稿,卷18,道光二十年六月甲申,1840,本纪条,https://zh.wikisource.org/wiki/清史稿/卷18,,维基文库《清史稿》卷18宣宗本纪二，1928年民国排印本，后出本纪不作终审。,后出,英人陷定海县，知县姚怀祥等死之。
QH-SU-DG-QSG-0019B,daoguang,SRC-025,清史稿,卷19,道光二十一年二月壬午,1841,本纪条,https://zh.wikisource.org/wiki/清史稿/卷19,,维基文库《清史稿》卷19宣宗本纪三，1928年民国排印本，后出本纪不作终审。,后出,英人陷虎门炮台，广东水师提督关天培死之。
QH-SU-DG-QSG-0019C,daoguang,SRC-025,清史稿,卷19,道光二十二年八月戊寅,1842,本纪条,https://zh.wikisource.org/wiki/清史稿/卷19,,维基文库《清史稿》卷19宣宗本纪三，1928年民国排印本，后出本纪不作终审。,后出,耆英奏广州、福州、厦门、宁波、上海各海口与英国定议通商。
QH-SU-XT-QSG-0025B,xuantong,SRC-025,清史稿,卷25,光绪三十四年十一月辛卯,1908,本纪条,https://zh.wikisource.org/wiki/清史稿/卷25,,维基文库《清史稿》卷25（宣统皇帝本纪），1928年民国排印本，后出本纪不作终审。,后出,帝即位于太和殿，以明年为宣统元年。
QH-SU-XT-QSG-0025C,xuantong,SRC-025,清史稿,卷25,宣统三年八月乙卯,1911,本纪条,https://zh.wikisource.org/wiki/清史稿/卷25,,维基文库《清史稿》卷25（宣统皇帝本纪），1928年民国排印本，后出本纪不作终审。,后出,武昌新军变附于革命党，陷武昌。
QH-SU-XT-QSG-0025D,xuantong,SRC-025,清史稿,卷25,宣统三年九月乙亥,1911,本纪条,https://zh.wikisource.org/wiki/清史稿/卷25,,维基文库《清史稿》卷25（宣统皇帝本纪），1928年民国排印本，后出本纪不作终审。,后出,授袁世凯内阁总理大臣。
QH-SU-NH-QSG-0001D,tianming,SRC-025,清史稿,卷1,天命四年三月,1619,本纪条,https://zh.wikisource.org/wiki/清史稿/卷1,,维基文库《清史稿》卷1太祖本纪，1928年民国排印本，后出本纪不作终审。,后出,萨尔浒之役，凡四日而破三路明兵。
QH-SU-HT-QSG-0003B,tiancong,SRC-025,清史稿,卷3,崇德八年八月庚午,1643,本纪条,https://zh.wikisource.org/wiki/清史稿/卷3,,维基文库《清史稿》卷3太宗本纪二，1928年民国排印本，后出本纪不作终审。,后出,上御崇政殿，是夕亥时无疾崩，年五十二。
QH-SU-SZ-QSG-0005A,shunzhi,SRC-025,清史稿,卷5,顺治八年正月庚申,1651,本纪条,https://zh.wikisource.org/wiki/清史稿/卷5,,维基文库《清史稿》卷5世祖本纪二，1928年民国排印本，后出本纪不作终审。,后出,上亲政，御殿受贺，大赦。
QH-SU-SZ-QSG-0005B,shunzhi,SRC-025,清史稿,卷5,顺治十八年正月丁巳,1661,本纪条,https://zh.wikisource.org/wiki/清史稿/卷5,,维基文库《清史稿》卷5世祖本纪二，1928年民国排印本，后出本纪不作终审。,后出,上崩于养心殿，年二十四。
QH-SU-NH-QSG-0001E,tianming,SRC-025,清史稿,卷1,天命十年三月庚午,1625,本纪条,https://zh.wikisource.org/wiki/清史稿/卷1,,维基文库《清史稿》卷1太祖本纪，1928年民国排印本，后出本纪不作终审。,后出,迁都沈阳，凡五迁乃定都焉，是曰盛京。
QH-SU-NH-QSG-0001F,tianming,SRC-025,清史稿,卷1,天命十一年正月丁卯,1626,本纪条,https://zh.wikisource.org/wiki/清史稿/卷1,,维基文库《清史稿》卷1太祖本纪，1928年民国排印本，后出本纪不作终审。,后出,攻宁远，袁崇焕婴城固守，西洋炮伤士卒，罢攻。
QH-SU-HT-QSG-0003C,tiancong,SRC-025,清史稿,卷3,崇德七年五月癸酉,1642,本纪条,https://zh.wikisource.org/wiki/清史稿/卷3,,维基文库《清史稿》卷3太宗本纪二，1928年民国排印本，后出本纪不作终审。,后出,洪承畴、祖大寿至，入见请死，上赦之。
QH-SU-SZ-QSG-0004D,shunzhi,SRC-025,清史稿,卷4,顺治元年九月丁酉,1644,本纪条,https://zh.wikisource.org/wiki/清史稿/卷4,,维基文库《清史稿》卷4世祖本纪一，1928年民国排印本，后出本纪不作终审。,后出,始严稽察逃人之令。
QH-SU-SZ-QSG-0004E,shunzhi,SRC-025,清史稿,卷4,顺治二年六月丙辰,1645,本纪条,https://zh.wikisource.org/wiki/清史稿/卷4,,维基文库《清史稿》卷4世祖本纪一，1928年民国排印本，后出本纪不作终审。,后出,谕南中文武军民薙发，不从者治以军法。
QH-SU-GX-QSG-0024F,guangxu,SRC-025,清史稿,卷24,光绪二十六年正月,1900,本纪条,https://zh.wikisource.org/wiki/清史稿/卷24,,维基文库《清史稿》卷24德宗本纪二，1928年民国排印本，后出本纪不作终审。,后出,拳匪起山东，号义和拳会，假仇教为名，劫杀相寻。
QH-SU-GX-QSG-0024G,guangxu,SRC-025,清史稿,卷24,光绪二十六年五月辛酉,1900,本纪条,https://zh.wikisource.org/wiki/清史稿/卷24,,维基文库《清史稿》卷24德宗本纪二，1928年民国排印本，后出本纪不作终审。,后出,外军攻大沽口，提督罗荣光不能御，大沽陷。
QH-SU-HT-XTZL-0001A,tiancong,SRC-030,啸亭杂录,卷一,道咸间成书,约1820-1850,太宗读金史条,https://zh.wikisource.org/wiki/嘯亭雜錄/卷一,,维基文库标点排印；底本公域。掌故层。,同时代·私撰,读金世宗本纪心伟其语；谕诸王不许褒衣博带。短引。
QH-SU-HT-XTZL-0001B,tiancong,SRC-030,啸亭杂录,卷一,道咸间成书,约1820-1850,设间诛袁崇焕条,https://zh.wikisource.org/wiki/嘯亭雜錄/卷一,,维基文库标点排印；底本公域。掌故层。,同时代·私撰,鲍承先帐外私语阴纵杨监归；庄烈帝信其间立磔崇焕。短引。
QH-SU-HT-XTZL-0001C,tiancong,SRC-030,啸亭杂录,卷一,道咸间成书,约1820-1850,用洪文襄条,https://zh.wikisource.org/wiki/嘯亭雜錄/卷一,,维基文库标点排印；底本公域。掌故层。,同时代·私撰,亲至洪馆解貂裘与之服；先生得无冷乎。短引。
QH-SU-DG-XZSL-0001A,daoguang,SRC-031,宣宗成皇帝实录,卷一,嘉庆二十五年,1820,己卯启匣宣示条,https://zh.wikisource.org/wiki/清實錄/宣宗成皇帝實錄/卷一,,维基文库标点排印。官修编年层。,同时代·官方,公启鐍匣宣示嘉庆四年立皇太子旻宁朱谕一纸。短引。
QH-SU-DG-XZSL-0001B,daoguang,SRC-031,宣宗成皇帝实录,卷一,嘉庆二十五年,1820,扈从诸臣请即位条,https://zh.wikisource.org/wiki/清實錄/宣宗成皇帝實錄/卷一,,维基文库标点排印。官修编年层。,同时代·官方,扈从诸臣遵奉朱笔遗旨请上即正尊位。短引。
QH-SU-NH-MZSL-0001A,tianming,SRC-032,满洲实录,卷一,乾隆朝重绘,1736,十三副遗甲条,https://zh.wikisource.org/wiki/滿洲實錄/卷一,,维基文库标点排印；乾隆重绘层。官修开国叙事。,同时代·官方,止有遗甲十三副遂结诺密纳共起兵；癸未岁夏五月；太祖年二十五。短引。
QH-SU-NH-MZSL-0001B,tianming,SRC-032,满洲实录,卷一,乾隆朝重绘,1736,尼堪外兰唆构李成梁条,https://zh.wikisource.org/wiki/滿洲實錄/卷一,,维基文库标点排印；乾隆重绘层。官修开国叙事。,同时代·官方,尼堪外兰唆构宁远伯李成梁攻古哷城主阿太；起兵在明辽东秩序内。短引。
QH-SU-GX-DZSL-0001A,guangxu,SRC-031,德宗景皇帝实录,卷1,同治十三年,1875,两宫懿旨立嗣条,https://zh.wikisource.org/wiki/德宗景皇帝實錄/卷1,,维基文库标点排印。官修编年层。,同时代·官方,醇亲王奕譞之子承继文宗为子入承大统为嗣皇帝；俟嗣皇帝生有皇子即承继大行皇帝为嗣；召见名单含荣禄。短引。
QH-SU-XT-TWZ-0001A,xuantong,SRC-035,宣统皇帝退位诏,全文,宣统三年,1912,退位诏全文,https://zh.wikisource.org/wiki/宣統皇帝退位詔,,维基文库标点排印。1912年官文书文本层。,同时代·官方,统治权公诸全国定共和立宪国体；袁世凯全权组织临时共和政府；五族完全领土为一大中华民国。短引。
QH-SU-GX-DZSL-0001B,guangxu,SRC-031,德宗景皇帝实录,卷102,光绪五年,1879,崇厚奏订约十八条条,https://zh.wikisource.org/wiki/德宗景皇帝實錄/卷102,,维基文库标点排印。官修编年层。,同时代·官方,崇厚奏与俄外部议明交收伊犁，订约十八条；伊犁西边及帖克斯川一带归俄管理。短引。
QH-SU-GX-DZSL-0001C,guangxu,SRC-031,德宗景皇帝实录,卷106,光绪五年,1879,金顺奏约必不可允条,https://zh.wikisource.org/wiki/德宗景皇帝實錄/卷106,,维基文库标点排印。官修编年层。,同时代·官方,金顺奏约必不可允；得旨所陈约必不可允各节实能洞见利弊。短引。
QH-SU-DG-XZSL-0002A,daoguang,SRC-031,宣宗成皇帝实录,卷476,道光三十年,1850,公启鐍匣立奕詝条,https://zh.wikisource.org/wiki/宣宗成皇帝實錄/卷476,,维基文库标点排印。官修编年层。,同时代·官方,疾大渐，召载铨载垣端华僧格林沁及军机大臣等公启鐍匣，宣示御书皇四子奕詝立为皇太子；朱谕尔王大臣等何待朕言；午刻崩于圆明园慎德堂。短引。
QH-SU-DG-CBYW-0001A,daoguang,SRC-038,筹办夷务始末,卷之一,道光年间,1836,鸦片药性与禁例递加条,https://zh.wikisource.org/wiki/籌辦夷務始末/卷之一,,维基文库标点排印。官修外交档案汇编层。,同时代·官方,鸦片本属药材，吸食既久谓之上瘾；嘉庆初年食者罪止枷杖，今递加徒流绞监候。短引。
QH-SU-XF-WZSL-0001A,xianfeng,SRC-039,文宗显皇帝实录,序,同治朝,1867,序文秋狝木兰未及回銮条,https://zh.wikisource.org/wiki/文宗顯皇帝實錄/序,,维基文库标点排印。同治朝进呈序，编纂层。,同时代·官方,十年八月秋狝木兰，子臣扈从；圣心屡欲回銮，未及启行，寖至大渐；阅六年而书成，凡三百五十有六卷。短引。
QH-SU-XF-YZ-0001A,xianfeng,SRC-041,咸丰皇帝遗诏,全文,咸丰十一年,1861,立储与赞襄及回銮自叙条,https://zh.wikisource.org/wiki/咸豐皇帝遺詔,,维基文库标点排印。当事终结文本层。,同时代·官方,十六日子刻令承写朱谕立载淳为皇太子并令赞襄政务；本年正月曾降旨春仲回銮适旧疾复作停止；本拟俟秋间启蹕回京，孰意弥留不起。短引。
QH-SU-KX-GZ-0001A,kangxi,SRC-042,钦定宫中现行则例,卷一,康熙十八年至四十四年,1705,太监三防谕三条,https://zh.wikisource.org/wiki/欽定宮中現行則例/卷一,,维基文库标点排印。宫规上谕汇编层。,同时代·官方,康熙十八年灯火看守谕、四十年结盟聚党谕、四十四年认亲戚断乎不可谕。短引。
QH-SU-JQ-GZ-0001A,jiaqing,SRC-042,钦定宫中现行则例,卷一,嘉庆十八年,1813,九月十八日罪己诏与二十三日太监告假谕,https://zh.wikisource.org/wiki/欽定宮中現行則例/卷一,,维基文库标点排印。宫规上谕汇编层。,同时代·官方,天理教七十余众犯禁门入大内；皇次子亲执鸟枪连毙二贼；当今大弊在因循怠玩四字；笔随泪洒。二十三日谕逆贼太监七人、嗣后告假须两三人同行、著载入宫史。短引。
QH-SU-DG-GZ-0001B,daoguang,SRC-042,钦定宫中现行则例,卷一,道光九年,1830,十二月二十一日静宜园虎案谕,https://zh.wikisource.org/wiki/欽定宮中現行則例/卷一,,维基文库标点排印。宫规上谕汇编层。,同时代·官方,静宜园杀虎三只、尚有人脑骨一具；园太监园户恐涉谎报混称病故逃走；帝以少鹿九只质询岂有虎三只三五日食鹿如许之多；首领队隐瞒不报虎交总管治罪。短引。
QH-SU-XF-GZ-0001A,xianfeng,SRC-042,钦定宫中现行则例,卷一,咸丰五年,1855,六月十八日珳常在案谕,https://zh.wikisource.org/wiki/欽定宮中現行則例/卷一,,维基文库标点排印。宫规上谕汇编层。,同时代·官方,咸丰五年六月十八日朱谕：珳常在凌虐使女并与太监孙来福任意谈笑，褫革位分降为官女子，孙来福重责发遣；各宫女子与太监原不应互认亲戚，从前康熙年间已曾奉有圣训；以后呼本宫太监为伯叔兄弟者女子痛惩逐出家属发新疆；若辈之头颅能自保乎。短引。
QH-SU-GX-WJ-0001A,guangxu,SRC-043,清季外交史料选辑,导言与目录,光绪二十一年,1895,马关割台电报目录序列,https://zh.wikisource.org/wiki/清季外交史料選輯,,维基文库标点排印。导言+目录层；正文未上线。,同时代·官方,导言：王彦威供职军机处手录光绪元年至三十年外交诏令章奏密电，初名光绪朝洋务始末记，哲嗣续至宣统三年，为筹办夷务始末续编。目录马关序列：台民不服割地恐激他变；和议各条万不可允；恳将割台事请各使公断；拟将全台密畀各国为租界；台民闻三国阻约人心稍定。仅目录条。
QH-SU-GX-WJ-0001B,guangxu,SRC-043,清季外交史料选辑,目录,光绪十年,1884,中法战争电报目录序列,https://zh.wikisource.org/wiki/清季外交史料選輯,,维基文库标点排印。目录层；正文未上线。,同时代·官方,中法序列：法以兵船来华恫喝；法水师提督拟据中国口岸为质；法攻基隆甚危；法使照称攻取基隆允赔仍和；总署致各国公使偿款正在会商法辄攫基隆请秉公评论；刘铭传奏守护基隆大获胜仗；张佩纶与法交战船焚厂毁；谕法国渝盟肇衅不得已而用兵。仅目录条。
QH-SU-JQ-GZ-0001B,jiaqing,SRC-042,钦定宫中现行则例,卷一,嘉庆四年,1799,正月初九日军机行走谕与四月十一日查核则例谕,https://zh.wikisource.org/wiki/欽定宮中現行則例/卷一,,维基文库标点排印。宫规上谕汇编层。,同时代·官方,嘉庆四年正月初九日（和珅下狱次日）谕：军机处满汉章京只许在南书房办事不许向别处行走出入；如朕在某处召见军机大臣，军机章京不准跟随。四月十一日谕：朕披阅现行则例，各处太监额数竟有与则例不符者，详细查明酌加增减，以便将来修理现行则例。短引。
QH-SU-DG-GZ-0001C,daoguang,SRC-042,钦定宫中现行则例,卷一,道光十八年至十九年,1839,偷钓鱼虾章程与留发当差谕,https://zh.wikisource.org/wiki/欽定宮中現行則例/卷一,,维基文库标点排印。宫规上谕汇编层。,同时代·官方,道光十八年六月十二日偷钓鱼虾治罪章程：枷号一个月重责四十版发吴甸铡草三年；再犯发黑龙江给兵丁为奴十年。十九年十一月初八日谕：钦安殿办道场拜斗永远停止，圆明园佛楼太监充当僧人念经一并裁撤，首领太监均著留发当差，年老不愿留发者听其在原处当差终身。短引。
QH-SU-XF-GZ-0001B,xianfeng,SRC-042,钦定宫中现行则例,卷一,咸丰六年,1856,四月二十三日大阿哥满月谕,https://zh.wikisource.org/wiki/欽定宮中現行則例/卷一,,维基文库标点排印。宫规上谕汇编层。,同时代·官方,咸丰六年四月二十三日旨：大阿哥满月，璷贵人之母呈进之物著掷还；嗣后妃嫔贵人常在家属不准与各宫互相来往，亦不准差人往别家去；如有别家太监擅去者送交提督衙门治罪；此旨著续入现行则例。短引。
QH-SU-XF-JL-0001A,xianfeng,SRC-044,蕉廊脞录,卷一,咸丰十一年,1861,董元醇驳谕与胜保奏请太后亲政折,https://zh.wikisource.org/wiki/蕉廊脞錄/卷一,,维基文库标点排印。笔记转录官书层。,后出,咸丰十一年内阁驳董元醇谕：我朝圣圣相承向无皇太后垂帘听政之礼；该御史必欲于亲王中另行简派是诚何心所奏尤不可行。胜保折：以臣仆而代纶音挟至尊以令天下；原不必以朱谕之有无为定；道路之人见诏旨皆曰此非吾君之言也；文皇后虽无垂帘明文而有听政实用。短引。
QH-SU-TZ-JL-0001A,tongzhi,SRC-044,蕉廊脞录,卷一,同治元年,1862,治平宝鉴上谕与潘祖荫奏草,https://zh.wikisource.org/wiki/蕉廊脞錄/卷一,,维基文库标点排印。笔记转录官书层。,后出,同治初元两宫帘听；壬戌三月十五日上谕：奉两宫懿旨命翰林将历代帝王善政及前史垂帘事迹择其可为法戒者汇册进呈，赐名治平宝鉴。潘祖荫奏草：范纪并尊帝后，而垂帘则著于宋廷。短引。
QH-SU-TZ-JL-0001B,tongzhi,SRC-044,蕉廊脞录,卷一,同治四年,1865,徐桐异数条,https://zh.wikisource.org/wiki/蕉廊脞錄/卷一,,维基文库标点排印。笔记转录官书层。,后出,同治四年二月初四日两宫皇太后懿旨命翰林院检讨徐桐在弘德殿行走授皇帝读；三月二十二日命为翰林院侍讲，异数也；后来入直者皆以官秩较崇者任之。短引。
QH-SU-GX-QB-0001A,guangxu,SRC-045,清稗类钞,001,光绪二十六年,1901,庚子西安行宫之除夕,https://zh.wikisource.org/wiki/清稗類鈔/001,,维基文库标点排印。掌故笔记层。,后出,光绪庚子德宗奉孝钦后西狩即于西安度岁；除夕德宗御便服小冠冠顶缀红绒结垂肩黄丝穗；内监皆服蟒袍外罩青色半臂而以蓝布裹头如营兵。短引。
QH-SU-GX-RJ-0001A,guangxu,SRC-046,出使英法俄国日记,卷四,光绪七年,1881,伊犁改约画押当日条,https://zh.wikisource.org/wiki/出使英法俄國日記/04,,维基文库标点排印。使臣第一人称日记。,同时代·私撰,光绪七年正月廿六日曾纪泽偕僚属至外部，与吉尔斯、布策校阅敕书议定通商章程，应添字者一处，遂将条约章程、卡伦单专条画押盖印，酉初二刻毕。前数日画条约格纸、粘贴添注、观写约硬纸试演。短引。
QH-SU-GX-BM-0001A,guangxu,SRC-047,清史纪事本末,卷六十六,光绪二十四年,1898,戊戌政变编成叙事,https://zh.wikisource.org/wiki/清史紀事本末/卷六十六,,维基文库标点排印。民国编成层。,后出,政变后以帝疾命中外保荐精通医理之人；瀛台撤门外板桥断出入、遴亲信太监监守；废立议起，江督刘坤一抗电力争，有君臣之分已定中外之口宜防之语，时人谓十二字电奏为帝延命金丹。短引。
QH-SU-XT-BM-0001A,xuantong,SRC-048,清史纪事本末,卷八十,宣统三年,1912,退位条件与授全权谕,https://zh.wikisource.org/wiki/清史紀事本末/卷八十,,维基文库标点排印。民国编成层。,后出,隆裕太后谕：朝廷何忍以一姓之尊荣贻万民以实祸，授袁世凯全权与民军研究一切办法；议定优待皇室八条，首条帝但御政体不废尊号、中华民国以待各外国君主之礼相待。短引。
QH-SU-GX-CX-0001A,guangxu,SRC-049,庚子西狩丛谈,卷一,光绪二十六年,1900,两宫微服出走与怀来迎驾,https://zh.wikisource.org/wiki/庚子西狩叢談,,维基文库标点排印。当事人口述层。,后出,两宫微服出走间关道途，昼餐无糗糒夕休无床榻，饥寒羸有平民所不堪者；行二日至榆林堡，怀来知县吴永具衣冠恭迓，帝后始得进饘粥备供帐。短引。
QH-SU-XT-YC-0001A,xuantong,SRC-050,异辞录,卷四,宣统三年,1911,铁路国有决策与新内阁借外款计,https://zh.wikisource.org/wiki/異辭錄/卷四,,维基文库标点排印。掌故层；卷四短引。,后出,盛宣怀主张铁路干归国有枝任民为，然未审历年祸患潜伏之深，川乱以成鄂变随起；新内阁谋借外款作战费，请先于列强将庚子赔款迟期一年而加息。短引。
QH-SU-XT-YC-0001B,xuantong,SRC-050,异辞录,卷一,同治二年,1863,胜保之恶习,https://zh.wikisource.org/wiki/異辭錄/卷一,,维基文库标点排印。掌故层；卷一短引。,后出,胜保被逮问时仍以疏请垂帘自居拥戴之功并上章自诉。短引。
QH-SU-XT-YC-0001C,xuantong,SRC-050,异辞录,卷二,同治十三年至光绪九年,1875—1883,议立光绪等条,https://zh.wikisource.org/wiki/異辭錄/卷二,,维基文库标点排印。掌故层；卷二短引。,后出,拆议立光绪、惇亲王斩祀、李鸿章遥执朝政、胡光墉破产与刺王庆祺等短引。
QH-SU-XT-YC-0001D,xuantong,SRC-050,异辞录,卷三,光绪十四年至二十一年,1888—1895,甲午与海军相关条,https://zh.wikisource.org/wiki/異辭錄/卷三,,维基文库标点排印。掌故层；卷三短引。,后出,拆甲午开衅、平壤、海军纪律与用人、战后究罪等短引。
QH-SU-XF-CM-0001A,xianfeng,SRC-051,春明梦录,卷上,咸丰十一年,1861,肃顺被捕声与宝鋆几斩,https://zh.wikisource.org/wiki/春明夢錄,,维基文库标点排印。京官见闻层，闻于宝鋆。,后出,醇邸奉懿旨捕肃顺于客邸，捶门呼有旨意，内应曰若是母旨意我却不受，乃破扉入擒而治之；宝鋆以户部贰臣力持京仓米不宜输热，得旨宝某著即处斩，垂帘后乃大用。短引。
QH-SU-XT-GW-0001A,xuantong,SRC-052,国闻备乘,卷次待核,光绪末至宣统元年,1909,张之洞抑郁而死与孝钦优容庆邸,https://zh.wikisource.org/wiki/國聞備乘,,维基文库标点排印。胡思敬亲历层。,后出,张之洞既提倡在先不能尽反前议袖手嗟叹、晚岁官愈高而境愈逆郁郁成疾；慈禧语人奕劻藉朝廷势网取金钱是诚负我、夺位畀他人他人遂足信哉。短引。
QH-SU-TZ-QSG-0022C,tongzhi,SRC-025,清史稿,卷22,同治八年八月,1869,内监安得海出京丁宝桢奏诛之与申谕约束太监,https://zh.wikisource.org/wiki/清史稿/卷22,,清史稿穆宗本纪。官书层。,后出,癸卯内监安得海出京丁宝桢奏诛之；庚戌申谕约束太监。短引。
QH-SU-GX-QB-0011A,guangxu,SRC-045,清稗类钞,011,光绪庚子,1900,庚子西巡琐记行在物质层,https://zh.wikisource.org/wiki/清稗類鈔/011,,维基文库标点排印。掌故层。,后出,行在膳房极简率以生鱼难求传单不用鱼；行宫极陕隘随扈太监不及百人；寝宫无晷漏设木晷测日景；长安求冰不得购青瓷大缸注清泉代冰桶。短引。
QH-SU-GX-QB-0009A,guangxu,SRC-045,清稗类钞,009,咸丰十一年,1861,咸丰季年三奸伏诛辛酉矫诏判词,https://zh.wikisource.org/wiki/清稗類鈔/009,,维基文库标点排印。掌故层。,后出,三奸辄矫遗诏自署为赞襄政务王大臣，又擅遏禁留京王大臣恭亲王等。短引。
QH-SU-GX-QB-0001B,guangxu,SRC-045,清稗类钞,001,光绪庚子十二月,1901,庚子西安行宫之立春,https://zh.wikisource.org/wiki/清稗類鈔/001,,维基文库标点排印。掌故层。,后出,庚子虽在行在亦与顺天无异：春牛图依钦天监式写进、顺天府写图由驿驰至同日呈进；咬春生萝卜镂字为联分呈两宫。短引。
QH-SU-SZ-ZZYL-0001A,shunzhi,SRC-056,御定資政要覽（四庫全書本）,序,顺治十二年正月,1655,顺治十二年正月序本于德而成于学,https://zh.wikisource.org/wiki/御定資政要覽_(四庫全書本)/全覽,,维基文库标点排印。四库御定本层，不是顺治十二年原刊本。,同时代·官方,序称帝王为政贤哲修身莫不本于德而成于学。短引。不得写成三十章正文已逐章拆。
QH-SU-SZ-ZZYL-0001B,shunzhi,SRC-056,御定資政要覽（四庫全書本）,序,顺治十二年正月,1655,顺治十二年正月序采集政事为三十篇名曰资政要览,https://zh.wikisource.org/wiki/御定資政要覽_(四庫全書本)/全覽,,维基文库标点排印。四库御定本层，不是顺治十二年原刊本。,同时代·官方,序称采集诸书中之关于政事者为三十篇，名曰资政要览。短引。三十章正文未逐章拆。
QH-SU-SZ-ZZYL-0001C,shunzhi,SRC-056,御定資政要覽（四庫全書本）,君道章第一,顺治十二年,1655,君道章开端得道者必静,https://zh.wikisource.org/wiki/御定資政要覽_(四庫全書本)/全覽,,维基文库标点排印。四库御定本层，不是顺治十二年原刊本。,同时代·官方,君道章第一：得道者必静，静而宁可以为天下贞。短引。其余二十八章未开。夹注不作正文。
QH-SU-SZ-ZZYL-0001D,shunzhi,SRC-056,御定資政要覽（四庫全書本）,臣道章第二,顺治十二年,1655,臣道章开端士不可辱,https://zh.wikisource.org/wiki/御定資政要覽_(四庫全書本)/全覽,,维基文库标点排印。四库御定本层，不是顺治十二年原刊本。,同时代·官方,臣道章第二：士不可辱则大，大则尊于富贵。短引。其余二十八章未开。夹注不作正文。
QH-SU-SZ-ZZYL-0001E,shunzhi,SRC-056,御定資政要覽（四庫全書本）,父道章第三,顺治十二年,1655,父道章开端父子之爱天性也必教以成之,https://zh.wikisource.org/wiki/御定資政要覽_(四庫全書本)/全覽,,维基文库标点排印。四库御定本层，不是顺治十二年原刊本。,同时代·官方,父道章第三：父子之爱天性也，必教以成之。短引。夹注不作正文。
QH-SU-SZ-ZZYL-0001F,shunzhi,SRC-056,御定資政要覽（四庫全書本）,子道章第四,顺治十二年,1655,子道章开端执一术而众善从其惟孝乎,https://zh.wikisource.org/wiki/御定資政要覽_(四庫全書本)/全覽,,维基文库标点排印。四库御定本层，不是顺治十二年原刊本。,同时代·官方,子道章第四：执一术而众善从百邪去者其惟孝乎。短引。夹注不作正文。
QH-SU-SZ-ZZYL-0001G,shunzhi,SRC-056,御定資政要覽（四庫全書本）,夫道章第五,顺治十二年,1655,夫道章开端婚姻人道之始,https://zh.wikisource.org/wiki/御定資政要覽_(四庫全書本)/全覽,,维基文库标点排印。四库御定本层，不是顺治十二年原刊本。,同时代·官方,夫道章第五：天地合而万物兴焉，婚姻人道之始也。短引。夹注不作正文。
QH-SU-SZ-ZZYL-0001H,shunzhi,SRC-056,御定資政要覽（四庫全書本）,婦道章第六,顺治十二年,1655,妇道章开端女子始生而衣禓,https://zh.wikisource.org/wiki/御定資政要覽_(四庫全書本)/全覽,,维基文库标点排印。四库御定本层，不是顺治十二年原刊本。,同时代·官方,妇道章第六：女子始生而衣禓，稍长而鞶丝，柔道也。短引。夹注不作正文。
QH-SU-SZ-ZZYL-0001I,shunzhi,SRC-056,御定資政要覽（四庫全書本）,兄弟章第七,顺治十二年,1655,兄弟章开端兄弟分形而连气,https://zh.wikisource.org/wiki/御定資政要覽_(四庫全書本)/全覽,,维基文库标点排印。四库御定本层，不是顺治十二年原刊本。,同时代·官方,兄弟章第七：兄弟分形而连气，父子之纪也。目录作友道，正文标题作兄弟章。短引。夹注不作正文。
QH-SU-SZ-ZZYL-0001J,shunzhi,SRC-056,御定資政要覽（四庫全書本）,體仁章第八,顺治十二年,1655,体仁章开端天地大矣生而弗子,https://zh.wikisource.org/wiki/御定資政要覽_(四庫全書本)/全覽,,维基文库标点排印。四库御定本层，不是顺治十二年原刊本。,同时代·官方,体仁章第八：天地大矣，生而弗子，成而弗有。短引。夹注不作正文。
QH-SU-SZ-ZZYL-0001K,shunzhi,SRC-056,御定資政要覽（四庫全書本）,𢎞義章第九,顺治十二年,1655,弘义章开端得失殊致取舍攸分,https://zh.wikisource.org/wiki/御定資政要覽_(四庫全書本)/全覽,,维基文库标点排印。四库御定本层，不是顺治十二年原刊本。,同时代·官方,弘义章第九：得失殊致，取舍攸分。目录作宏义，正文标题作𢎞義章。短引。夹注不作正文。
QH-SU-SZ-ZZYL-0001L,shunzhi,SRC-056,御定資政要覽（四庫全書本）,敦禮章第十,顺治十二年,1655,敦礼章开端辨上下定民志莫切乎礼,https://zh.wikisource.org/wiki/御定資政要覽_(四庫全書本)/全覽,,维基文库标点排印。四库御定本层，不是顺治十二年原刊本。,同时代·官方,敦礼章第十：辨上下定民志莫切乎礼。短引。夹注不作正文。
QH-SU-SZ-ZZYL-0001M,shunzhi,SRC-056,御定資政要覽（四庫全書本）,察微章第十一,顺治十二年,1655,察微章开端万事之化起于细而成于钜,https://zh.wikisource.org/wiki/御定資政要覽_(四庫全書本)/全覽,,维基文库标点排印。四库御定本层，不是顺治十二年原刊本。,同时代·官方,察微章第十一：万事之化莫不起于细而成于钜。短引。夹注不作正文。
QH-SU-SZ-ZZYL-0001N,shunzhi,SRC-056,御定資政要覽（四庫全書本）,昭信章第十二,顺治十二年,1655,昭信章开端天非信不生地非信不成,https://zh.wikisource.org/wiki/御定資政要覽_(四庫全書本)/全覽,,维基文库标点排印。四库御定本层，不是顺治十二年原刊本。,同时代·官方,昭信章第十二：天非信不生，地非信不成，人非信不立。短引。夹注不作正文。
QH-SU-SZ-ZZYL-0001O,shunzhi,SRC-056,御定資政要覽（四庫全書本）,知人章第十三,顺治十二年,1655,知人章开端官必择贤游必择交,https://zh.wikisource.org/wiki/御定資政要覽_(四庫全書本)/全覽,,维基文库标点排印。四库御定本层，不是顺治十二年原刊本。,同时代·官方,知人章第十三：官必择贤，游必择交。短引。夹注不作正文。
QH-SU-SZ-ZZYL-0001P,shunzhi,SRC-056,御定資政要覽（四庫全書本）,厚生章第十四,顺治十二年,1655,厚生章开端独以民食得之,https://zh.wikisource.org/wiki/御定資政要覽_(四庫全書本)/全覽,,维基文库标点排印。四库御定本层，不是顺治十二年原刊本。,同时代·官方,厚生章第十四：独以民食得之，仓廪充而衣食足。短引。夹注不作正文。
QH-SU-SZ-ZZYL-0001Q,shunzhi,SRC-056,御定資政要覽（四庫全書本）,教化章第十五,顺治十二年,1655,教化章开端正月始和县教法于象魏,https://zh.wikisource.org/wiki/御定資政要覽_(四庫全書本)/全覽,,维基文库标点排印。四库御定本层，不是顺治十二年原刊本。,同时代·官方,教化章第十五：礼正月始和，县教法于象魏以眎万民。短引。夹注不作正文。
QH-SU-SZ-ZZYL-0001R,shunzhi,SRC-056,御定資政要覽（四庫全書本）,儉徳章第十六,顺治十二年,1655,俭德章开端邃古淳风渐以文而代质,https://zh.wikisource.org/wiki/御定資政要覽_(四庫全書本)/全覽,,维基文库标点排印。四库御定本层，不是顺治十二年原刊本。,同时代·官方,俭德章第十六：邃古淳风渐以文而代质。短引。夹注不作正文。
QH-SU-SZ-ZZYL-0001S,shunzhi,SRC-056,御定資政要覽（四庫全書本）,遷善章第十七,顺治十二年,1655,迁善章开端自以为善斯不善至,https://zh.wikisource.org/wiki/御定資政要覽_(四庫全書本)/全覽,,维基文库标点排印。四库御定本层，不是顺治十二年原刊本。,同时代·官方,迁善章第十七：自以为善斯不善至，自知不善斯善至。短引。夹注不作正文。
QH-SU-SZ-ZZYL-0001T,shunzhi,SRC-056,御定資政要覽（四庫全書本）,務學章第十八,顺治十二年,1655,务学章开端学非能益也达天性也,https://zh.wikisource.org/wiki/御定資政要覽_(四庫全書本)/全覽,,维基文库标点排印。四库御定本层，不是顺治十二年原刊本。,同时代·官方,务学章第十八：学非能益也，达天性也。短引。夹注不作正文。
QH-SU-SZ-ZZYL-0001U,shunzhi,SRC-056,御定資政要覽（四庫全書本）,重農章第十九,顺治十二年,1655,重农章开端粟者国之大用政之本务,https://zh.wikisource.org/wiki/御定資政要覽_(四庫全書本)/全覽,,维基文库标点排印。四库御定本层，不是顺治十二年原刊本。,同时代·官方,重农章第十九：粟者国之大用，政之本务也。短引。夹注不作正文。
QH-SU-SZ-ZZYL-0001V,shunzhi,SRC-056,御定資政要覽（四庫全書本）,睦親章第二十九,顺治十二年,1655,睦亲章开端族和则动得所求,https://zh.wikisource.org/wiki/御定資政要覽_(四庫全書本)/全覽,,维基文库标点排印。四库御定本层，不是顺治十二年原刊本。,同时代·官方,睦亲章正文标题作第二十九，不按目录排第二十。开端：族和则动得所求，静得所安。短引。夹注不作正文。
QH-SU-SZ-ZZYL-0001W,shunzhi,SRC-056,御定資政要覽（四庫全書本）,積善章第二十一,顺治十二年,1655,积善章开端善者天人所以授受,https://zh.wikisource.org/wiki/御定資政要覽_(四庫全書本)/全覽,,维基文库标点排印。四库御定本层，不是顺治十二年原刊本。,同时代·官方,积善章第二十一：善者天人所以授受。短引。夹注不作正文。
QH-SU-SZ-ZZYL-0001X,shunzhi,SRC-056,御定資政要覽（四庫全書本）,愛民章第二十二,顺治十二年,1655,爱民章开端大道之行也选贤与能,https://zh.wikisource.org/wiki/御定資政要覽_(四庫全書本)/全覽,,维基文库标点排印。四库御定本层，不是顺治十二年原刊本。,同时代·官方,爱民章第二十二：大道之行也，选贤与能，讲信修睦。短引。夹注不作正文。
QH-SU-SZ-ZZYL-0001Y,shunzhi,SRC-056,御定資政要覽（四庫全書本）,慈幼章第二十三,顺治十二年,1655,慈幼章开端周礼大司徒以保息六养万民一曰慈幼,https://zh.wikisource.org/wiki/御定資政要覽_(四庫全書本)/全覽,,维基文库标点排印。四库御定本层，不是顺治十二年原刊本。,同时代·官方,慈幼章第二十三：周礼大司徒以保息六养万民，一曰慈幼。短引。夹注不作正文。
QH-SU-SZ-ZZYL-0001Z,shunzhi,SRC-056,御定資政要覽（四庫全書本）,養生章第二十四,顺治十二年,1655,养生章开端大人以群生为生以各遂为养,https://zh.wikisource.org/wiki/御定資政要覽_(四庫全書本)/全覽,,维基文库标点排印。四库御定本层，不是顺治十二年原刊本。,同时代·官方,养生章第二十四：大人以群生为生，以各遂为养。短引。夹注不作正文。不得写成求仙药已经实行。
QH-SU-SZ-ZZYL-0002A,shunzhi,SRC-056,御定資政要覽（四庫全書本）,懲忿章第二十五,顺治十二年,1655,惩忿章开端君子容以养德忍以济事,https://zh.wikisource.org/wiki/御定資政要覽_(四庫全書本)/全覽,,维基文库标点排印。四库御定本层，不是顺治十二年原刊本。,同时代·官方,惩忿章第二十五：君子容以养德，忍以济事。短引。夹注不作正文。
QH-SU-SZ-ZZYL-0002B,shunzhi,SRC-056,御定資政要覽（四庫全書本）,窒欲章第二十六,顺治十二年,1655,窒欲章开端多欲者必放于利,https://zh.wikisource.org/wiki/御定資政要覽_(四庫全書本)/全覽,,维基文库标点排印。四库御定本层，不是顺治十二年原刊本。,同时代·官方,窒欲章第二十六：多欲者必放于利。短引。夹注不作正文。
QH-SU-SZ-ZZYL-0002C,shunzhi,SRC-056,御定資政要覽（四庫全書本）,履謙章第二十七,顺治十二年,1655,履谦章开端君子卑以自牧,https://zh.wikisource.org/wiki/御定資政要覽_(四庫全書本)/全覽,,维基文库标点排印。四库御定本层，不是顺治十二年原刊本。,同时代·官方,履谦章第二十七：君子卑以自牧。短引。夹注不作正文。
QH-SU-SZ-ZZYL-0002D,shunzhi,SRC-056,御定資政要覽（四庫全書本）,謹言章第二十八,顺治十二年,1655,谨言章开端精喻者不待言,https://zh.wikisource.org/wiki/御定資政要覽_(四庫全書本)/全覽,,维基文库标点排印。四库御定本层，不是顺治十二年原刊本。,同时代·官方,谨言章第二十八：精喻者不待言。短引。夹注不作正文。
QH-SU-SZ-ZZYL-0002E,shunzhi,SRC-056,御定資政要覽（四庫全書本）,慎行章第二十九,顺治十二年,1655,慎行章开端进德修业淑身以接物者其惟行欤,https://zh.wikisource.org/wiki/御定資政要覽_(四庫全書本)/全覽,,维基文库标点排印。四库御定本层，不是顺治十二年原刊本。,同时代·官方,慎行章第二十九：进德修业淑身以接物者其惟行欤。正文标题亦作第二十九，与睦亲章分层。短引。夹注不作正文。
QH-SU-SZ-ZZYL-0002F,shunzhi,SRC-056,御定資政要覽（四庫全書本）,愛物章第三十,顺治十二年,1655,爱物章开端君子之用物也有不可废之礼而有不忍尽之心,https://zh.wikisource.org/wiki/御定資政要覽_(四庫全書本)/全覽,,维基文库标点排印。四库御定本层，不是顺治十二年原刊本。,同时代·官方,爱物章第三十：君子之用物也有不可废之礼而有不忍尽之心。短引。夹注不作正文。三十章开端已齐。
QH-SU-SZ-SX-0001A,shunzhi,SRC-057,世祖章皇帝聖訓（四庫全書本）,序,康熙二十六年三月二十七日,1687,康熙御制序命儒臣分类编纂,https://zh.wikisource.org/wiki/世祖章皇帝聖訓_(四庫全書本),,维基文库标点排印。四库刻本层。正文各卷本次未见可引分页。,同时代·官方,序称因命儒臣分类编纂，朕复详加披绎。短引。康熙序，不是顺治自撰，也不是实录。
QH-SU-SZ-SX-0001B,shunzhi,SRC-057,世祖章皇帝聖訓（四庫全書本）,序,康熙二十六年三月二十七日,1687,康熙御制序一百一十三条统为六卷,https://zh.wikisource.org/wiki/世祖章皇帝聖訓_(四庫全書本),,维基文库标点排印。四库刻本层。乾隆四年另有一序未拆。,同时代·官方,序称计一百一十三条统为圣训六卷。短引。不得写成六卷正文已开。
QH-SU-SZ-SX-0001C,shunzhi,SRC-057,世祖章皇帝聖訓（四庫全書本）,序,乾隆四年十二月初十日,1740,乾隆御制序古昔帝王应运而兴,https://zh.wikisource.org/wiki/世祖章皇帝聖訓_(四庫全書本),,维基文库标点排印。四库刻本层。乾隆序，不是康熙序，也不是顺治自撰。,同时代·官方,序称古昔帝王应运而兴，开物成务。短引。不得写成实录，也不得写成六卷正文已开。
QH-SU-SZ-SX-0001D,shunzhi,SRC-057,世祖章皇帝聖訓（四庫全書本）,序,乾隆四年十二月初十日,1740,乾隆御制序圣祖命儒臣分类编辑一百一十有三条,https://zh.wikisource.org/wiki/世祖章皇帝聖訓_(四庫全書本),,维基文库标点排印。四库刻本层。条数与康熙序同称，不是另开正文。,同时代·官方,序称圣祖躬承先训，命儒臣分类编辑，计一百一十有三条，汇成圣训六卷。短引。不得写成六卷正文已开。
QH-SU-GX-RJ-0001B,guangxu,SRC-046,出使英法俄国日记,卷四,光绪七年正月十五日,1881,正月十五日条,https://zh.wikisource.org/wiki/出使英法俄國日記/04,,维基文库公开排印录文，2026-09-08回查；邻近条文存在录入疑字，未据猜测改字，未核影印本。,同时代·私撰,觀寫條約之硬紙，擬以糖板印底而後書之，試演良久。
QH-SU-GX-RJ-0001C,guangxu,SRC-046,出使英法俄国日记,卷四,光绪七年正月二十日,1881,正月二十日条,https://zh.wikisource.org/wiki/出使英法俄國日記/04,,维基文库公开排印录文，2026-09-08回查；邻近条文存在录入疑字，未据猜测改字，未核影印本。,同时代·私撰,接外部送來寫條約紙尺寸，較前加大，連日所畫格皆不可用，裁紙擬另畫一格。
QH-SU-GX-RJ-0001D,guangxu,SRC-046,出使英法俄国日记,卷四,光绪七年正月二十四日,1881,正月二十四日条,https://zh.wikisource.org/wiki/出使英法俄國日記/04,,维基文库公开排印录文，2026-09-08回查；邻近条文存在录入疑字，未据猜测改字，未核影印本。,同时代·私撰,將小村所繕條約印糖板一次，以防汗手沾汙脫墨之弊。
QH-SU-YZ-DYJML-0003T,yongzheng,SRC-028,大义觉迷录,卷三,卷三上谕（追述及刊刻命令）,,雍正上谕一：沿途喊话,https://zh.wikisource.org/wiki/大義覺迷錄/卷三,,维基文库公开排印录文；上谕转述与命令层，2026-09-08回查，未核原档。,同时代·官方,你們都來聽新皇帝的新聞，我們已受冤屈，要向你們告訴，好等你們向人傳說。
QH-SU-YZ-DYJML-0003U,yongzheng,SRC-028,大义觉迷录,卷三,卷三上谕（追述及刊刻命令）,,雍正上谕一：刊刻命令,https://zh.wikisource.org/wiki/大義覺迷錄/卷三,,维基文库公开排印录文；上谕转述与命令层，2026-09-08回查，未核原档。,同时代·官方,並將伊之逆書及前後審訊詰問之語，與伊口供，一一刊刻頒布，使天下人共知之。
QH-SU-GX-QB-0009D,guangxu,SRC-045,清稗类钞,帝德类,某年,,德宗自奉俭约,https://zh.wikisource.org/wiki/清稗類鈔/009#德宗自奉儉約,,维基文库公开排印录文；2026-09-08回查，未核影印本或所叙事件的原档。,后出,原条只写某年、七百金；系后出掌故，未见对应造办账册，不换算成现代货币。
QH-SU-YZ-DYJML-0002Y,yongzheng,SRC-028,大义觉迷录,卷二,卷二问答（追述）,1729,十八；曾静供：谷物交易,https://zh.wikisource.org/wiki/大義覺迷錄/卷二#十八,,维基文库标点排印。御制谕旨汇编。不是原刻本。,同时代·官方,2026-09-09 已回查公开录文；问语与供述分列，不视为独立见证。
QH-SU-YZ-DYJML-0002Z,yongzheng,SRC-028,大义觉迷录,卷二,卷二问答（追述）,1729,十八；曾静供：钱文与验证,https://zh.wikisource.org/wiki/大義覺迷錄/卷二#十八,,维基文库标点排印。御制谕旨汇编。不是原刻本。,同时代·官方,2026-09-09 已回查公开录文；问语与供述分列，不视为独立见证。
QH-SU-YZ-DYJML-0002AA,yongzheng,SRC-028,大义觉迷录,卷二,卷二问答（追述）,1729,十八；曾静供：禁铜之令与缘由,https://zh.wikisource.org/wiki/大義覺迷錄/卷二#十八,,维基文库标点排印。御制谕旨汇编。不是原刻本。,同时代·官方,2026-09-09 已回查公开录文；问语与供述分列，不视为独立见证。
QH-SU-YZ-DYJML-0002AB,yongzheng,SRC-028,大义觉迷录,卷二,卷二问答（追述）,1729,一；曾静供：四川安耕,https://zh.wikisource.org/wiki/大義覺迷錄/卷二#一,,维基文库标点排印。御制谕旨汇编。不是原刻本。,同时代·官方,2026-09-09 已回查公开录文；问语与供述分列，不视为独立见证。
QH-SU-YZ-DYJML-0002AC,yongzheng,SRC-028,大义觉迷录,卷二,卷二问答（追述）,1729,一；曾静供：重新解释天象,https://zh.wikisource.org/wiki/大義覺迷錄/卷二#一,,维基文库标点排印。御制谕旨汇编。不是原刻本。,同时代·官方,2026-09-09 已回查公开录文；问语与供述分列，不视为独立见证。
QH-SU-YZ-DYJML-0002AD,yongzheng,SRC-028,大义觉迷录,卷二,卷二问答（追述）,1729,十八；奉旨问语：铸钱与销毁,https://zh.wikisource.org/wiki/大義覺迷錄/卷二#十八,,维基文库标点排印。御制谕旨汇编。不是原刻本。,同时代·官方,2026-09-09 已回查公开录文；问语与供述分列，不视为独立见证。
QH-SU-QL-YZWJ-ZGG-0001,qianlong,SRC-067,御制文初集,紫光阁五十功臣像赞,乾隆二十五年前后,,像赞序,https://www.shidianguji.com/zh/book/HY0944/chapter/1kuzv4lzuueq7,,识典古籍公开录文。御制文集层，不是原刻本。标点层今人。,同时代·官方,事定功成，写诸功臣像于紫光阁，朕亲御丹铅，各系以赞。五十人举其尤赫；其余命儒臣缀辞。
QH-SU-QL-XYTZ-ZGG-0001,qianlong,SRC-068,钦定皇舆西域图志,敕恭撰紫光阁次五十功臣像赞,乾隆朝西师事后,,次五十赞与恭跋,https://www.shidianguji.com/book/SK1002/chapter/1l8zapf4opus3,,识典古籍公开录文。敕撰层。刘统勋、刘纶、于敏中恭跋。,同时代·官方,亲第著绩尤赫者五十人图形紫光阁；宣勤效命者功以次及、数亦如之，续为之赞。跋称奄有百人。与通行维基表有异名异序。
QH-SU-AD-0001,kangxi,SRC-025,清史稿,卷8,康熙五十一年二月壬午,1712,本纪条,https://zh.wikisource.org/wiki/清史稿/卷8,,维基文库《清史稿》卷8圣祖本纪三。后出本纪，不作终审。,后出,五十一年二月壬午短诏：滋生户口勿庸更出丁钱，以本年丁数为定额。食货志另有盛世滋生人丁永不加赋长句，字句不同。实录日条未回。
QH-SU-AD-0002,kangxi,SRC-025,清史稿,卷8,康熙五十一年正月壬子,1712,本纪条,https://zh.wikisource.org/wiki/清史稿/卷8,,维基文库《清史稿》卷8圣祖本纪三。后出本纪，不作终审。,后出,正月壬子：命内外大臣具摺陈事。摺奏自此始。自此始是本纪案语，不得写成康熙朝此前无折。宫中档与图像层已另记康熙朝朱批。实录日条未回。
QH-SU-AD-0003,shunzhi,SRC-025,清史稿,卷121,顺治十一年,1654,食货志赋役,https://zh.wikisource.org/wiki/清史稿/卷121,,维基文库《清史稿》卷121食货志·赋役，1928年民国排印本。后出志书，不作终审。,后出,志文记顺治十一年复采用明万历一条鞭法，并给一条鞭定义。会典未开。不是万历原法已核，也不是清初州县已逐县落实。
QH-SU-AD-0004,kangxi,SRC-025,清史稿,卷121,康熙五十一年,1712,食货志役法,https://zh.wikisource.org/wiki/清史稿/卷121,,维基文库《清史稿》卷121食货志·赋役役法段。后出志书，不作终审。,后出,五十一年谕以现在丁册为常额；廷议五十年以后谓之盛世滋生人丁永不加赋，仍五岁一编审。本纪二月壬午诏未写盛世滋生四字。实录未回。
QH-SU-AD-0005,kangxi,SRC-025,清史稿,卷121,康熙二十八年,1689,食货志赋役,https://zh.wikisource.org/wiki/清史稿/卷121,,维基文库《清史稿》卷121食货志·赋役。后出志书，不作终审。,后出,先是二联串票，至是议行三联串票。其后更刊四联，未几仍复三联。只证志文记催征票式，不证全国已同步更换。
QH-SU-AD-0006,yongzheng,SRC-025,清史稿,卷9,雍正元年九月甲寅,1723,本纪条,https://zh.wikisource.org/wiki/清史稿/卷9,,维基文库《清史稿》卷9世宗本纪。后出本纪，不作终审。,后出,甲寅，命山西丁银摊入地粮征收，其后各省以渐行之。与食货志直隶李维钧起点并列，不择一。实录未回。
QH-SU-AD-0007,yongzheng,SRC-025,清史稿,卷9,雍正四年十二月辛酉,1726,本纪条,https://zh.wikisource.org/wiki/清史稿/卷9,,维基文库《清史稿》卷9世宗本纪。后出本纪，不作终审。,后出,辛酉，命河南、陕西、四川均摊丁银入地并征。十二月或跨公历年，依 CAL-001 尚未逐条核录。不得写成全国已在四年完成。
QH-SU-AD-0008,yongzheng,SRC-025,清史稿,卷121,雍正初,1723,食货志役法,https://zh.wikisource.org/wiki/清史稿/卷121,,维基文库《清史稿》卷121食货志·赋役役法段。后出志书，不作终审。,后出,雍正初准直隶巡抚李维钧丁银随地起征，统谓之地丁；先是康熙季年四川广东已有行之者。奉天、贵州仍丁地分征。与本纪元年山西条并列。
QH-SU-AD-0009,yongzheng,SRC-025,清史稿,卷121,雍正后至乾隆初,1736,食货志赋役,https://zh.wikisource.org/wiki/清史稿/卷121,,维基文库《清史稿》卷121食货志·赋役。后出志书，不作终审。,后出,自山西提解火耗后各省次第举行，其后酌定分数，各省文职养廉二百八十余万两。及帝即位指高宗。不得写成雍正二年当日全国定额。
QH-SU-AD-0010,yongzheng,SRC-054,世宗憲皇帝聖訓（四庫全書本）,卷二十三理财,雍正二年三月丁丑,1724,理财；石文焯耗羡,https://zh.wikisource.org/wiki/世宗憲皇帝聖訓_(四庫全書本)/卷23,https://zh.wikisource.org/wiki/世宗憲皇帝聖訓_(四庫全書本)/卷23,维基文库四库全书本卷二十三。圣训分类辑录层，不是实录日条。页作丁丒，据干支作丁丑。,同时代·官方,谕河南巡抚石文焯：耗羡存库暂备地方公用，不可归入钱粮正项。与食货志石文焯条同旨不同文本。
QH-SU-AD-0011,yongzheng,SRC-054,世宗憲皇帝聖訓（四庫全書本）,卷二十三理财,雍正四年四月己丑,1726,理财；耗羡非正项,https://zh.wikisource.org/wiki/世宗憲皇帝聖訓_(四庫全書本)/卷23,https://zh.wikisource.org/wiki/世宗憲皇帝聖訓_(四庫全書本)/卷23,维基文库四库全书本卷二十三。圣训分类辑录层，不是实录日条。,同时代·官方,耗羡银两存贮公所，备公事或各官养廉，并非正项钱粮可比；不可比照正项具题报销。养廉作养亷。
QH-SU-AD-0012,yongzheng,SRC-054,世宗憲皇帝聖訓（四庫全書本）,卷二十三理财,雍正五年九月戊辰,1727,理财；诺岷火耗,https://zh.wikisource.org/wiki/世宗憲皇帝聖訓_(四庫全書本)/卷23,https://zh.wikisource.org/wiki/世宗憲皇帝聖訓_(四庫全書本)/卷23,维基文库四库全书本卷二十三。圣训分类辑录层，不是实录日条。,同时代·官方,追记诺岷裁汰重耗、量留耗羡抵补亏空并酌拨养廉；又言耗羡不可收入公帑。圣训作諾岷，食货志作諾敏，字形两见。
QH-SU-AD-0013,yongzheng,SRC-054,世宗憲皇帝聖訓（四庫全書本）,卷二十三理财,雍正七年十二月癸卯,1729,理财；提解火耗,https://zh.wikisource.org/wiki/世宗憲皇帝聖訓_(四庫全書本)/卷23,https://zh.wikisource.org/wiki/世宗憲皇帝聖訓_(四庫全書本)/卷23,维基文库四库全书本卷二十三。圣训分类辑录层，不是实录日条。十二月或跨公历年。,同时代·官方,提解火耗乃均平通便；又说耗羡乃民间之物，惟用之本地，若将丝毫归公是朕利其所有。归公二字与食货志提解火耗归公用词不同，并列不压。
QH-SU-AD-0014,yongzheng,SRC-054,世宗憲皇帝聖訓（四庫全書本）,卷十五爱民一,雍正二年六月庚子,1724,爱民；江西里长,https://zh.wikisource.org/wiki/世宗憲皇帝聖訓_(四庫全書本)/卷15,https://zh.wikisource.org/wiki/世宗憲皇帝聖訓_(四庫全書本)/卷15,维基文库四库全书本卷十五。圣训分类辑录层，不是实录日条。,同时代·官方,谕江西巡抚：地丁钱粮百姓自行投纳此定例；江西里长催头应查明裁革。只证谕令，不证已经裁尽。
QH-SU-AD-0015,yongzheng,SRC-033,硃批諭㫖（四库全书本）,卷首上谕,雍正十年三月初一日,1732,御笔；具摺封达,https://zh.wikisource.org/wiki/硃批諭㫖_(四庫全書本),https://zh.wikisource.org/wiki/硃批諭㫖_(四庫全書本),维基文库四库全书本卷首雍正十年三月初一日御笔。刻本序，不是宫中档原折。与御制文集硃批谕旨序同文不同书。,同时代·官方,内外臣工皆令其具摺奏事；此等奏摺本人封达朕前，亲自览阅亲笔批发，无一件假手于人。不得写成原折已开。
QH-SU-AD-0016,yongzheng,SRC-033,硃批諭㫖（四库全书本）,卷首上谕,雍正十年三月初一日,1732,御笔；灯下批折,https://zh.wikisource.org/wiki/硃批諭㫖_(四庫全書本),https://zh.wikisource.org/wiki/硃批諭㫖_(四庫全書本),维基文库四库全书本卷首御笔。刻本序自述，不是起居注时刻表。,同时代·官方,序自称雍正六年以前傍晚观览本章、灯下批阅奏摺每至二鼓三鼓。只证序的自述。
QH-SU-AD-0017,yongzheng,SRC-033,硃批諭㫖（四库全书本）,卷首上谕,雍正十年三月初一日,1732,御笔；缴回刊刻,https://zh.wikisource.org/wiki/硃批諭㫖_(四庫全書本),https://zh.wikisource.org/wiki/硃批諭㫖_(四庫全書本),维基文库四库全书本卷首御笔。刻本选编层，不是宫中档全宗。,同时代·官方,检内外诸臣缴回硃批之摺不下万余件；外任大臣官员奏摺经手批酌量可以颁发者不过十分之二三。刻本不等于原折全档。
QH-SU-FW-0001,tianming,SRC-025,清史稿,卷130,清初太祖设四旗复增四旗,,兵一·八旗开端,https://zh.wikisource.org/wiki/清史稿/卷130,,维基文库《清史稿》卷130兵一。后出兵志，不作终审。,后出,八旗始制：四旗复增四旗；每旗三百人为一牛录。编制层，不是某一战役出兵数。
QH-SU-FW-0002,kangxi,SRC-025,清史稿,卷130,驻防四类与康熙二十二年置黑龙江将军,,兵一·驻防,https://zh.wikisource.org/wiki/清史稿/卷130,,维基文库《清史稿》卷130兵一。后出兵志，不作终审。,后出,驻防大类有四：畿辅、东三省、各直省（新疆附）、藩部。黑龙江将军见东三省段。
QH-SU-FW-0003,qianlong,SRC-025,清史稿,卷130,乾隆元年内扎萨克六会,,兵一·藩部,https://zh.wikisource.org/wiki/清史稿/卷130,,维基文库《清史稿》卷130兵一藩部兵制。后出兵志，不作终审。,后出,内扎萨克二十四部四十九旗；乾隆元年谕六会以大扎萨克为盟长。
QH-SU-FW-0004,qianlong,SRC-025,清史稿,卷130,乾隆十五年设驻藏大臣；五十七年西藏旗兵,,兵一·西藏,https://zh.wikisource.org/wiki/清史稿/卷130,,维基文库《清史稿》卷130兵一西藏段。后出兵志，不作终审。,后出,乾隆十五年始除西藏王爵设驻藏大臣；五十七年记西藏旗兵始。
QH-SU-FW-0005,shunzhi,SRC-025,清史稿,卷131,顺治初建各省绿营,,兵二·绿营开端,https://zh.wikisource.org/wiki/清史稿/卷131,,维基文库《清史稿》卷131兵二。后出兵志，不作终审。,后出,绿营始建各省营制；马兵守兵战兵。汇总数六十六万、三藩四十万不作兵力统计。
QH-SU-FW-0006,kangxi,SRC-025,清史稿,卷7,康熙二十二年十月癸亥,1683,本纪条,https://zh.wikisource.org/wiki/清史稿/卷7,,维基文库《清史稿》卷7圣祖本纪二。后出本纪，不作终审。,后出,以萨布素为新设黑龙江将军。
QH-SU-FW-0007,kangxi,SRC-025,清史稿,卷7,康熙二十三年夏四月己酉,1684,本纪条,https://zh.wikisource.org/wiki/清史稿/卷7,,维基文库《清史稿》卷7圣祖本纪二。后出本纪，不作终审。,后出,设台湾府县官，隶福建行省。未写三县县名。
QH-SU-FW-0008,kangxi,SRC-025,清史稿,卷7,康熙二十四年六月癸卯,1685,本纪条,https://zh.wikisource.org/wiki/清史稿/卷7,,维基文库《清史稿》卷7圣祖本纪二。后出本纪，不作终审。,后出,克雅克萨后诏问应於何地永驻官兵即会议具奏。
QH-SU-FW-0009,kangxi,SRC-025,清史稿,卷7,康熙二十八年冬十月辛未,1689,本纪条,https://zh.wikisource.org/wiki/清史稿/卷7,,维基文库《清史稿》卷7圣祖本纪二。后出本纪，不作终审。,后出,增设喀尔喀两翼扎萨克，招集流亡，编置旗队。
QH-SU-FW-0010,kangxi,SRC-025,清史稿,卷7,康熙三十年五月丙戌至辛卯,1691,本纪多日,https://zh.wikisource.org/wiki/清史稿/卷7,,维基文库《清史稿》卷7圣祖本纪二。后出本纪，不作终审。,后出,上驻多罗诺尔；谕与四十九旗一体编设扎萨克；遣官编喀尔喀佐领。本纪作多罗诺尔，通行作多伦诺尔。
QH-SU-FW-0011,kangxi,SRC-025,清史稿,卷7,康熙三十一年五月癸卯,1692,本纪条,https://zh.wikisource.org/wiki/清史稿/卷7,,维基文库《清史稿》卷7圣祖本纪二。后出本纪，不作终审。,后出,定喀尔喀部为三路：土谢图北路、车臣东路、扎萨克图西路。
QH-SU-FW-0012,qianlong,SRC-025,清史稿,卷115,职官志·理藩院,,职官志,https://zh.wikisource.org/wiki/清史稿/卷115,,维基文库《清史稿》卷115职官志二理藩院。后出志书，不作终审。,后出,崇德三年更名；尚书职掌；旗籍王会典属徕远诸司。会典理藩院正文未开。
QH-SU-FW-0013,qianlong,SRC-025,清史稿,卷117,职官志·驻防将军与驻劄大臣,,职官志,https://zh.wikisource.org/wiki/清史稿/卷117,,维基文库《清史稿》卷117职官志四。后出志书，不作终审。,后出,将军职掌；伊犁将军乾隆二十七年置；西藏办事大臣雍正五年置。
QH-SU-FW-0014,qianlong,SRC-025,清史稿,卷12,乾隆二十七年十月乙巳与十一月庚申,1762,本纪条,https://zh.wikisource.org/wiki/清史稿/卷12,,维基文库《清史稿》卷12高宗本纪三。后出本纪，不作终审。,后出,设总管伊犁等处将军以明瑞为之；设伊犁参赞大臣。
QH-SU-FW-0015,yongzheng,SRC-025,清史稿,卷153,雍正五年秋九月恰克图界约；乾隆三十三年复市,1727,邦交志一·俄罗斯,https://zh.wikisource.org/wiki/清史稿/卷153,,维基文库《清史稿》卷153邦交志一。后出志书，不作终审。已开尼布楚界址见 QH-SU-KX-QSG-0153A，本条只拆恰克图互市与复市。,后出,雍正五年订恰克图互市界约十一款；乾隆三十三年复市，理藩院设库伦办事大臣掌之。
QH-SU-CU-0001,qianlong,SRC-029,御製文三集（四庫全書本）,卷08,乾隆五十七年,1792,十全記,https://zh.wikisource.org/wiki/御製文三集_(四庫全書本)/卷08,,维基文库四库本《御製文三集》卷八。标点排印不是原刻本。,同时代·官方,十全记自列十功名目。本篇未见「十全老人」四字。未回高宗实录日条。
QH-SU-CU-0002,qianlong,SRC-025,清史稿,卷148,艺文四·高宗诗文集卷数,,艺文志著录,https://zh.wikisource.org/wiki/清史稿/卷148,,维基文库《清史稿》卷148艺文四。后出志书。不作终审。,后出,高宗诗初集至余集卷数。与四库本目录卷数不是同一栏。
QH-SU-CU-0003,qianlong,SRC-029,御製詩（四庫全書本）,初集小序与总目提要,乾隆己巳小序；提要记至辛卯,,馆臣提要,https://zh.wikisource.org/wiki/御製詩_(四庫全書本),,维基文库四库本《御製詩》书名页。小序与馆臣提要分层。标点排印不是殿本。,同时代·官方,小序自记初集四千一百五十首有奇。提要三集统合约二万四千二百四十余首。不是全集终数。
QH-SU-CU-0004,qianlong,SRC-081,清高宗御制诗文全集,出版说明层,1993,,书目层,https://book.douban.com/subject/36175479/,,中国人民大学出版社1993年8月版书目入口。本库未见原书。,后出,通行介绍作四万三千六百三十首并注含辞臣之作。标审核中。版次页码待补。
QH-SU-CU-0005,tianming,SRC-032,满洲实录,卷四,天命三年四月十三壬寅,1618,七大恨告天,https://zh.wikisource.org/wiki/清實錄/滿洲實錄/卷四,,维基文库《满洲实录》卷四。今本为乾隆朝重绘层。不作崇德旧本。,同时代·官方,只拆首恨短句。同卷日期作四月十三壬寅。与本纪二月壬寅并存。
QH-SU-CU-0006,tiancong,SRC-025,清史稿,卷228,天聪六年三月,1632,达海传,https://zh.wikisource.org/wiki/清史稿/卷228,,维基文库《清史稿》卷228达海传。后出列传。不作终审。,后出,六年三月谕字旁加圈点。始置文馆与加圈点分成两段。1629说未见老档原条。
QH-SU-CU-0007,qianlong,SRC-080,四库全书总目提要,卷001,乾隆四十七年,1782,经部总叙,https://zh.wikisource.org/wiki/四庫全書總目提要/卷001,,维基文库《四库全书总目提要》卷一。敕撰目录。不是某位考据家专书。,同时代·官方,汉学宋学两家互为胜负。消融门户之见而各取所长。馆臣立场层。
QH-SU-CU-0008,shunzhi,SRC-025,清史稿,卷108,顺治元年定制,,选举三·科目开端,https://zh.wikisource.org/wiki/清史稿/卷108,,维基文库《清史稿》卷108选举三。后出志书。不作终审。,后出,科目承明制用八股文。乡试会试殿试开端。科场细则未拆。
QH-SU-CU-0009,qianlong,SRC-025,清史稿,卷106,高宗明诏奖劝,,选举一·书院,https://zh.wikisource.org/wiki/清史稿/卷106,,维基文库《清史稿》卷106选举一。后出志书。不作终审。,后出,各省书院辅学校所不及。高宗明诏奖劝比于古者侯国之学。诏年未系。
QH-SU-CU-0010,guangxu,SRC-082,清史研究2008年第4期,工作报告,2008,,书目层,https://qsyj.ruc.edu.cn/CN/Y2008/V0/I4/1,,钟里满等《清光绪帝死因研究工作报告》。论文正文本库未见逐页。,后出,书目可核。结论限定急性胃肠型中毒。下毒者未知。版次页码待补。与光绪提案SRC-078同书。合并时去重。
QH-SU-SZ-0163A,shunzhi,SRC-025,清史稿,卷163,世祖系表文,1928,世表行,https://zh.wikisource.org/wiki/清史稿/卷163,,维基文库《清史稿》卷163皇子世表三。后出史表。,后出,世祖系第一子牛钮、第二子福全，缺第三子行；第四子荣亲王。
QH-SU-SZ-0163B,shunzhi,SRC-025,清史稿,卷163,荣亲王行,1928,世表行,https://zh.wikisource.org/wiki/清史稿/卷163,,维基文库《清史稿》卷163。后出史表。,后出,荣亲王世祖第四子，未命名。顺治十五年卒。无嗣。
QH-SU-SZ-0163C,shunzhi,SRC-025,清史稿,卷163,常颖行,1928,世表行,https://zh.wikisource.org/wiki/清史稿/卷163,,维基文库《清史稿》卷163。后出史表。,后出,常颖世祖第五子。康熙十年封恭亲王。四十二年薨。与本纪「常宁」用字冲突。
QH-SU-SZ-0166A,shunzhi,SRC-025,清史稿,卷166,世祖第二女行,1928,公主表行,https://zh.wikisource.org/wiki/清史稿/卷166,,维基文库《清史稿》卷166公主表。后出史表。,后出,世祖第二女，庶妃杨氏生，康熙间晋封恭悫长公主，下嫁讷尔杜。
QH-SU-TZ-QSG-0021K,tongzhi,SRC-025,清史稿,卷21,同治四年八月,1865,上海设机器局,https://zh.wikisource.org/wiki/清史稿/卷21,,维基文库《清史稿》卷21。后出本纪，不作终审。,后出,八月壬寅设机器局于上海。本纪作机器局，不回改江南制造局。
QH-SU-TZ-QSG-0021L,tongzhi,SRC-025,清史稿,卷21,同治五年十月至十一月,1866,福建船政,https://zh.wikisource.org/wiki/清史稿/卷21,,维基文库《清史稿》卷21。后出本纪，不作终审。,后出,十月乙未命沈葆桢总司福建船政事务；十一月己卯定福建船政章程。
QH-SU-TZ-QSG-0022H,tongzhi,SRC-025,清史稿,卷22,同治六年至十一年,1867—1872,同文馆、自强谕、制造局、招商局,https://zh.wikisource.org/wiki/清史稿/卷22,,维基文库《清史稿》卷22。后出本纪，不作终审。,后出,六年正月徐继畬管新设同文馆；九年七月自强谕闽沪两厂轮船告成；十月天津制造局成并裁三口；十一年十一月李鸿章奏设招商局。
QH-SU-TZ-QSG-0405A,tongzhi,SRC-025,清史稿,卷405,同治朝,1862—1872,曾国藩传购机轮与选学童,https://zh.wikisource.org/wiki/清史稿/卷405,,维基文库《清史稿》卷405。后出列传概括，不作终审。,后出,廷议购机轮置船械则力赞其成复建议选学童习艺欧洲。本纪卷21/22未见幼童出洋条。
QH-SU-GX-QSG-0023K,guangxu,SRC-025,清史稿,卷23,光绪十五年正月癸酉至二月己卯,1889,本纪条,https://zh.wikisource.org/wiki/清史稿/卷23,,维基文库《清史稿》卷23。2026-09-12 回原文。后出本纪，不作终审。,后出,正月癸酉，大婚礼成。二月己卯，皇太后归政。上御太和殿受贺，颁诏天下。
QH-SU-DG-QSG-0017F,daoguang,SRC-025,清史稿,卷17,道光八年九月,1828,本纪条,https://zh.wikisource.org/wiki/清史稿/卷17,,维基文库标点排印。后出本纪，不作终审。,后出,宝华峪工程不慎，英和、戴均元褫职下狱籍家。
QH-SU-DG-QSG-0018E,daoguang,SRC-025,清史稿,卷18,道光十一年二月,1831,本纪条,https://zh.wikisource.org/wiki/清史稿/卷18,,维基文库《清史稿》卷18宣宗本纪二。后出本纪，不作终审。,后出,申禁各省种鬻鸦片；阅视万年吉地，赐名龙泉峪。两事同月，不并成一件。
QH-SU-DG-QSG-0019D,daoguang,SRC-025,清史稿,卷19,道光三十年正月至咸丰二年二月壬子,1850,本纪条,https://zh.wikisource.org/wiki/清史稿/卷19,,维基文库《清史稿》卷19宣宗本纪三。后出本纪，不作终审。,后出,崩于圆明园慎德堂苫次；硃谕封皇六子为亲王；咸丰二年二月壬子葬慕陵。
QH-SU-DG-QSG-0214A,daoguang,SRC-025,清史稿,卷214,嘉庆元年至咸丰初,1820,后妃传宣宗孝穆条,https://zh.wikisource.org/wiki/清史稿/卷214,,维基文库《清史稿》卷214后妃传。后出，不作终审。,后出,孝穆追册；王佐村、宝华峪、龙泉峪，于此起慕陵。
QH-SU-DG-QSG-0018F,daoguang,SRC-025,清史稿,卷18,道光十八年闰四月丙子,1838,本纪条,https://zh.wikisource.org/wiki/清史稿/卷18,,维基文库标点排印。后出本纪，不作终审。,后出,黄爵滋奏请将内地吸食鸦片者俱罪死，命各省将军督抚各抒所见议奏。
QH-SU-DG-QSG-0018G,daoguang,SRC-025,清史稿,卷18,道光十八年九月己酉,1838,本纪条,https://zh.wikisource.org/wiki/清史稿/卷18,,维基文库标点排印。后出本纪，不作终审。,后出,许乃济请弛鸦片禁，命休致。休致不是十六年原奏的日期。
QH-SU-DG-QSG-0019E,daoguang,SRC-025,清史稿,卷19,道光二十九年二月,1849,本纪条,https://zh.wikisource.org/wiki/清史稿/卷19,,维基文库标点排印。此本作祈俊藻。后出本纪，不作终审。,后出,杜受田仍授皇四子读。官书只到授读。
QH-SU-DG-QSG-0017E,daoguang,SRC-025,清史稿,卷17,嘉庆二十五年九月庚申,1820,本纪条,https://zh.wikisource.org/wiki/清史稿/卷17,,维基文库标点排印。后出本纪，不作终审。,后出,拟遗诏错误，罢托津、戴均元军机。错误原文未开。
QH-SU-GX-NET-0024A,guangxu,SRC-025,清史稿,卷24,光绪二十四年四月,1898,翁同龢罢与召见康有为,https://zh.wikisource.org/wiki/清史稿/卷24,,维基文库《清史稿》。后出本纪，不作终审。,后出,四月己酉翁同龢罢；庚戌召见康有为。
QH-SU-JQ-NET-0016A,jiaqing,SRC-025,清史稿,卷16,嘉庆四年正月,1799,亲政军机,https://zh.wikisource.org/wiki/清史稿/卷16,,维基文库《清史稿》。后出本纪，不作终审。,后出,成亲王永瑆、董诰、庆桂在军机处行走。
QH-SU-JQ-QSG-0016E,jiaqing,SRC-025,清史稿,卷16,嘉庆七年十二月,,会报教匪荡平,https://zh.wikisource.org/wiki/清史稿/卷16,,维基文库《清史稿》卷16。后出本纪。,后出,额勒登保等会报川陕楚教匪荡平并封爵。
QH-SU-KX-NET-0006A,kangxi,SRC-025,清史稿,卷6,康熙六年至八年,,四辅臣与鳌拜,https://zh.wikisource.org/wiki/清史稿/卷6,,维基文库《清史稿》。后出本纪，不作终审。,后出,圈地狱；亲政；擅杀苏克萨哈；八年五月逮鳌拜贷死。
QH-SU-NH-QSG-0001J,tianming,SRC-025,清史稿,卷1,明万历三十四年丙午,1606,本纪条,https://zh.wikisource.org/wiki/清史稿/卷1,,维基文库《清史稿》卷1太祖本纪。后出本纪，不作终审。,后出,蒙古五部使来朝贡，尊太祖为神武皇帝。来朝上号，不是太庙庙号。
QH-SU-NH-QSG-0001P,tianming,SRC-025,清史稿,卷1,天命十一年八月庚戌,1626,本纪条,https://zh.wikisource.org/wiki/清史稿/卷1,,维基文库《清史稿》卷1太祖本纪。后出本纪，不作终审。,后出,至爱鸡堡上崩；年六十八；天聪三年葬福陵；初谥武皇帝庙号太祖，改谥高皇帝。
QH-SU-NH-TZSL-0005A,tianming,SRC-068,太祖高皇帝实录（维基文库康熙本）,卷之五,天命元年正月壬申朔,1616,即位条,https://zh.wikisource.org/wiki/清實錄/清太祖高皇帝實錄_(康熙本),,维基文库康熙重修本数字文本。不是崇德原修。,同时代·官方,尊上为覆育列国英明皇帝；建元天命；时上年五十有八。本条未见定国号曰金。
QH-SU-NH-TZSL-0010C,tianming,SRC-068,太祖高皇帝实录（维基文库康熙本）,卷之十,崇德元年至乾隆元年,,累谥收束,https://zh.wikisource.org/wiki/清實錄/清太祖高皇帝實錄_(康熙本),,维基文库康熙重修本数字文本。累谥是死后层。,同时代·官方,天聪三年二月己亥葬福陵；崇德元年谥武皇帝庙号太祖；康熙雍正乾隆累加至高皇帝。
QH-SU-NH-QSG-0001G,tianming,SRC-025,清史稿,卷1,明嘉靖三十八年己未,1559,本纪条,https://zh.wikisource.org/wiki/清史稿/卷1,,维基文库《清史稿》卷1太祖本纪。后出本纪，不作终审。,后出,生；母喜塔喇氏宣皇后。是岁己未，明嘉靖三十八年。
QH-SU-NH-QSG-0001H,tianming,SRC-025,清史稿,卷1,明万历十七年己丑,1589,本纪条,https://zh.wikisource.org/wiki/清史稿/卷1,,维基文库《清史稿》卷1太祖本纪。后出本纪，不作终审。,后出,冬十月，明以太祖为建州卫都督佥事。不得与龙虎将军并年。
QH-SU-NH-QSG-0001I,tianming,SRC-025,清史稿,卷1,明万历三十二年甲辰,1604,本纪条,https://zh.wikisource.org/wiki/清史稿/卷1,,维基文库《清史稿》卷1太祖本纪。后出本纪，不作终审。,后出,明授我龙虎将军。
QH-SU-NH-QSG-0214A,tianming,SRC-025,清史稿,卷214,太祖初起,,后妃传开篇,https://zh.wikisource.org/wiki/清史稿/卷214,,维基文库《清史稿》卷214后妃传。后出列传，不作终审。玉牒未见。,后出,宫闱未有位号，但循国俗称福晋；史述后妃，后人缘饰名之。
QH-SU-NH-QSG-0214B,tianming,SRC-025,清史稿,卷214,戊子至癸卯,,孝慈高皇后传,https://zh.wikisource.org/wiki/清史稿/卷214,,维基文库《清史稿》卷214后妃传。后出列传，不作终审。,后出,叶赫那拉氏戊子来归年十四；壬辰生太宗；癸卯九月庚辰崩年二十九；三迁葬至福陵。
QH-SU-NH-QSG-0214C,tianming,SRC-025,清史稿,卷214,太祖朝,,元妃传,https://zh.wikisource.org/wiki/清史稿/卷214,,维基文库《清史稿》卷214后妃传。后出列传，不作终审。,后出,元妃佟佳氏归太祖最早；子褚英、代善。
QH-SU-NH-QSG-0214D,tianming,SRC-025,清史稿,卷214,天命五年,,继妃传,https://zh.wikisource.org/wiki/清史稿/卷214,,维基文库《清史稿》卷214后妃传。后出列传，不作终审。,后出,继妃富察氏天命五年得罪死；子莽古尔泰、德格类。不补宫廷情节。
QH-SU-NH-QSG-0214E,tianming,SRC-025,清史稿,卷214,天命十一年辛亥,1626,大妃传,https://zh.wikisource.org/wiki/清史稿/卷214,,维基文库《清史稿》卷214后妃传。后出列传，不作终审。,后出,大妃乌拉纳喇氏辛亥殉，年三十七；同殉二庶妃。官书只写殉，强迫说另层。
QH-SU-NH-QSG-0216A,tianming,SRC-025,清史稿,卷216,太祖诸子开端,,诸王二开端,https://zh.wikisource.org/wiki/清史稿/卷216,,维基文库《清史稿》卷216。后出列传，不作玉牒。,后出,太祖十六子按生母分列；褚英死于禁所，明人以为谏上毋背明。
QH-SU-NH-QSG-0161A,tianming,SRC-025,清史稿,卷161,皇子世表序,,世表序,https://zh.wikisource.org/wiki/清史稿/卷161,,维基文库《清史稿》卷161皇子世表序。后出史表，不作玉牒。,后出,景祖以上子孙谓之觉罗，显祖以下子孙谓之宗室。
QH-SU-NH-QSG-0162A,tianming,SRC-025,清史稿,卷162,乙卯年,1615,太祖系褚英行,https://zh.wikisource.org/wiki/清史稿/卷162,,维基文库《清史稿》卷162皇子世表。后出史表，不作终审。,后出,褚英乙卯年以罪赐死。与本纪自缢、列传死于禁所冲突。
QH-SU-NH-QSG-0215A,tianming,SRC-025,清史稿,卷215,天聪九年,1635,诸王一,https://zh.wikisource.org/wiki/清史稿/卷215,,维基文库《清史稿》卷215。后出列传。天聪九年已是皇太极朝。,后出,诏德世库等子孙以觉罗为氏，系红带。
QH-SU-NH-QSG-0214F,tianming,SRC-025,清史稿,卷214,康熙四年,1665,寿康太妃传,https://zh.wikisource.org/wiki/清史稿/卷214,,维基文库《清史稿》卷214后妃传。后出列传，不作终审。,后出,寿康太妃博尔济吉特氏，太祖诸妃中最老寿；康熙四年薨。
QH-SU-NH-QSG-0214G,tianming,SRC-025,清史稿,卷214,明嘉靖三十八年己未,1559,显祖宣皇后传,https://zh.wikisource.org/wiki/清史稿/卷214,,维基文库《清史稿》卷214后妃传。后出列传，不作终审。,后出,显祖宣皇后喜塔腊氏，归显祖为嫡妃；岁己未太祖生。她是显祖的后，不是太祖的妃。
QH-SU-NH-QSG-0001L,tianming,SRC-025,清史稿,卷1,明万历四十三年乙卯闰八月,1615,本纪条,https://zh.wikisource.org/wiki/清史稿/卷1,,维基文库《清史稿》卷1太祖本纪。后出本纪，不作终审。,后出,帝长子褚英卒；本纪作自缢死。与卷162赐死、卷216死于禁所冲突，见 QH-CF-NH-CHUYING。
QH-SU-NH-QSG-0001O,tianming,SRC-025,清史稿,卷1,天命九年四月,1624,本纪条,https://zh.wikisource.org/wiki/清史稿/卷1,,维基文库《清史稿》卷1太祖本纪。后出本纪，不作终审。,后出,营山陵于东京城东北阳鲁山，奉景祖显祖迁葬，是曰永陵。与今新宾永陵分层，见 QH-CF-NH-YONGLING。
QH-SU-NH-TZSL-0010A,tianming,SRC-068,太祖高皇帝实录（维基文库康熙本）,卷之十,天命十一年八月庚戌,1626,崩条,https://zh.wikisource.org/wiki/清實錄/清太祖高皇帝實錄_(康熙本),,维基文库康熙重修本数字文本。未写炮伤，未写痛疽。,同时代·官方,泝流至叆鸡堡，距沈阳城四十里；庚戌未刻上崩；辛亥辰刻大妃以身殉。
QH-SU-NH-QSG-0001K,tianming,SRC-025,清史稿,卷1,明万历四十三年乙卯,1615,本纪条,https://zh.wikisource.org/wiki/清史稿/卷1,,维基文库《清史稿》卷1太祖本纪。后出本纪，不作终审。,后出,初以黄红白黑四旗统兵，至是增四镶旗，易黑为蓝。与实录康熙本黄红蓝白句冲突，见 QH-CF-NH-BANNERS。
QH-SU-NH-QSG-0001S,tianming,SRC-025,清史稿,卷1,天命四年三月甲辰,1619,本纪条,https://zh.wikisource.org/wiki/清史稿/卷1,,维基文库《清史稿》卷1太祖本纪。后出本纪，不作终审。,后出,释朝鲜降将姜弘立归，以书谕其国主。书稿未见。
QH-SU-NH-TZSL-0004A,tianming,SRC-068,太祖高皇帝实录（维基文库康熙本）,卷之四,乙卯岁,1615,八旗条,https://zh.wikisource.org/wiki/清實錄/清太祖高皇帝實錄_(康熙本),,维基文库康熙重修本数字文本，监修题勒德洪等。页面有重复段落，只取短引。不是崇德原修，不是中华书局影印对勘。,同时代·官方,初设四旗黄红蓝白，添设四旗参用其色镶之，共为八旗。与本纪黑改蓝冲突。
QH-SU-NH-QSG-0001M,tianming,SRC-025,清史稿,卷1,天命元年正月壬申朔,1616,本纪条,https://zh.wikisource.org/wiki/清史稿/卷1,,维基文库《清史稿》卷1太祖本纪。后出本纪，不作终审。,后出,命代善为大贝勒、阿敏为二贝勒、莽古尔泰为三贝勒、皇太极为四贝勒。即位国号句已见 QH-SU-NH-QSG-0001B。
QH-SU-NH-TZSL-0008A,tianming,SRC-068,太祖高皇帝实录（维基文库康熙本）,卷之八,天命七年正月,1622,广宁降将给印条,https://zh.wikisource.org/wiki/清實錄/清太祖高皇帝實錄_(康熙本),,维基文库康熙重修本数字文本。印文质地未见。,同时代·官方,孙得功等请降，上给以印一。只证文书行政有印，不证传世汗印文物。
QH-SU-NH-TZSL-0005B,tianming,SRC-068,太祖高皇帝实录（维基文库康熙本）,卷之五,天命三年二月壬寅,1618,七大恨告天条,https://zh.wikisource.org/wiki/清實錄/清太祖高皇帝實錄_(康熙本),,维基文库康熙重修本数字文本。拜天毕焚其书。各本异文见 QH-CF-NH-SEVEN-HATES。,同时代·官方,书七大恨告天。本条只拆首恨短引，不镜像七条全文。
QH-SU-NH-QSG-0001Q,tianming,SRC-025,清史稿,卷1,明万历十五年丁亥,1587,本纪条,https://zh.wikisource.org/wiki/清史稿/卷1,,维基文库《清史稿》卷1太祖本纪。后出本纪，不作终审。,后出,城虎阑哈达南冈，始建宫室。
QH-SU-NH-QSG-0001R,tianming,SRC-025,清史稿,卷1,明万历三十一年癸卯,1603,本纪条,https://zh.wikisource.org/wiki/清史稿/卷1,,维基文库《清史稿》卷1太祖本纪。后出本纪，不作终审。,后出,春正月迁于赫图阿喇。九月妃那拉氏卒另见卷214。
QH-SU-NH-QSG-0001N,tianming,SRC-025,清史稿,卷1,天命六年三月,1621,本纪条,https://zh.wikisource.org/wiki/清史稿/卷1,,维基文库《清史稿》卷1太祖本纪。后出本纪，不作终审。,后出,三月壬子攻沈阳，乙卯入沈阳；庚申趋辽阳，癸亥入辽阳。
QH-SU-NH-TZSL-0010B,tianming,SRC-068,太祖高皇帝实录（维基文库康熙本）,卷之十,天命十一年正月,1626,宁远攻城条,https://zh.wikisource.org/wiki/清實錄/清太祖高皇帝實錄_(康熙本),,维基文库康熙重修本数字文本。未写汗本人中炮。,同时代·官方,计二日攻城，伤我游击二人、备御官二人、兵五百人。
QH-SU-NH-NET-0001A,tianming,SRC-025,清史稿,卷1,天命元年正月壬申朔,1616,五大臣,https://zh.wikisource.org/wiki/清史稿/卷1,,维基文库《清史稿》。后出本纪，不作终审。,后出,命额亦都等五人为五大臣，同听国政；秋七月禁私家听讼。
QH-SU-QL-QSG-0011B,qianlong,SRC-025,清史稿,卷11,乾隆十六年春正月,,本纪条,https://zh.wikisource.org/wiki/清史稿/卷11,,维基文库《清史稿》卷11高宗本纪二。后出本纪，不作终审。,后出,十六年正月庚子以初次南巡免逋赋；辛亥上奉皇太后南巡；癸丑免经过直隶山东十分之三，自是南巡皆如之。
QH-SU-QL-QSG-0012C,qianlong,SRC-025,清史稿,卷12,乾隆二十二年春正月,,本纪条,https://zh.wikisource.org/wiki/清史稿/卷12,,维基文库《清史稿》卷12高宗本纪三。后出本纪，不作终审。,后出,二十二年正月甲午以南巡免江苏安徽浙江累年逋赋；癸卯上奉皇太后南巡。
QH-SU-QL-QSG-0012D,qianlong,SRC-025,清史稿,卷12,乾隆二十七年春正月,,本纪条,https://zh.wikisource.org/wiki/清史稿/卷12,,维基文库《清史稿》卷12高宗本纪三。后出本纪，不作终审。,后出,二十七年正月丙申以奉皇太后巡省江浙诏免逋赋；丙午上奉皇太后南巡。
QH-SU-QL-QSG-0012E,qianlong,SRC-025,清史稿,卷12,乾隆三十年春正月,,本纪条,https://zh.wikisource.org/wiki/清史稿/卷12,,维基文库《清史稿》卷12高宗本纪三。后出本纪，不作终审。,后出,三十年正月戊申以皇太后四巡江浙免丁漕；壬戌上奉皇太后启跸南巡。继后剪发见卷214，不在本条。
QH-SU-QL-QSG-0014C,qianlong,SRC-025,清史稿,卷14,乾隆四十五年正月至三月,,本纪条,https://zh.wikisource.org/wiki/清史稿/卷14,,维基文库《清史稿》卷14高宗本纪五。后出本纪，不作终审。,后出,四十五年正月辛卯上巡幸江浙；三月辛丑命英廉为东阁大学士和珅为户部尚书。二月渡江阅清口是在途句。
QH-SU-QL-QSG-0015H,qianlong,SRC-025,清史稿,卷15,乾隆四十九年正月与五十一年六月,,本纪条,https://zh.wikisource.org/wiki/清史稿/卷15,,维基文库《清史稿》卷15高宗本纪六。后出本纪，不作终审。,后出,四十九年正月丁未上南巡；五十一年六月丁丑上驻跸避暑山庄。山庄与木兰是两个点。
QH-SU-QL-QSG-0011C,qianlong,SRC-025,清史稿,卷11,乾隆十六年八月,,本纪条,https://zh.wikisource.org/wiki/清史稿/卷11,,维基文库《清史稿》卷11高宗本纪二。后出本纪，不作终审。,后出,十六年八月戊戌硕色举发伪撰孙嘉淦奏稿假造朱批。不是孙嘉淦本人上疏。
QH-SU-QL-QSG-0011D,qianlong,SRC-025,清史稿,卷11,乾隆二十年三月至五月,,本纪条,https://zh.wikisource.org/wiki/清史稿/卷11,,维基文库《清史稿》卷11高宗本纪二。后出本纪，不作终审。,后出,二十年三月丙戌谕胡中藻诗悖逆；四月甲寅处斩；五月庚寅赐鄂昌自尽。十四年六月裁缺候补是前史，不得并成一天。不在卷12。
QH-SU-QL-QSG-0014E,qianlong,SRC-025,清史稿,卷14,乾隆四十三年至四十六年文字狱诸条,,本纪条,https://zh.wikisource.org/wiki/清史稿/卷14,,维基文库《清史稿》卷14高宗本纪五。后出本纪，不作终审。,后出,四十三年九月金从善建储立后论斩；十月陶易徇纵徐述夔褫职论斩；四十五年四月魏塾处斩；四十六年四月尹嘉铨处绞。一案一栏。
QH-SU-QL-QSG-0015K,qianlong,SRC-025,清史稿,卷15,乾隆五十七年至五十八年英吉利贡使,,本纪条,https://zh.wikisource.org/wiki/清史稿/卷15,,维基文库《清史稿》卷15高宗本纪六。后出本纪，不作终审。,后出,五十七年十月乙酉允由天津进贡；五十八年六月乙酉贡船至天津；秋七月庚午万树园入觐；庚寅由内河赴广东澳门回国。本纪无跪叩字。
QH-SU-QL-QSG-0154A,qianlong,SRC-025,清史稿,卷154,邦交志英吉利五十八年,,志文,https://zh.wikisource.org/wiki/清史稿/卷154,,维基文库《清史稿》卷154邦交二英吉利。后出志书，不作终审。,后出,五十八年英国王雅治三世遣马戛尔尼等来朝贡，表请驻京及通市宁波珠山天津广东并求减关税，不许。
QH-SU-QL-QSG-0319B,qianlong,SRC-025,清史稿,卷319,和珅传乾隆朝任官段,,列传,https://zh.wikisource.org/wiki/清史稿/卷319,,维基文库《清史稿》卷319。页面标 Textquality 50%。嘉庆清算段已有 QH-SU-JQ-QSG-0319A，本条只覆盖乾隆朝任官与评价句。,后出,三十四年袭轻车都尉；四十年直乾清门擢御前侍卫；次年授户部侍郎命军机大臣兼内务府大臣；四十五年赐婚丰绅殷德；柄政久善伺高宗意。
QH-SU-QL-QSG-0015I,qianlong,SRC-025,清史稿,卷15,乾隆五十一年闰七月与五十三年二月,,本纪条,https://zh.wikisource.org/wiki/清史稿/卷15,,维基文库《清史稿》卷15高宗本纪六。后出本纪，不作终审。,后出,五十一年闰七月乙未命和珅为文华殿大学士管理户部事；五十三年二月甲午晋封大学士和珅三等伯爵。本纪此句不到忠襄伯。
QH-SU-QL-QSG-0166C,qianlong,SRC-025,清史稿,卷166,公主表高宗系,,高宗十女加抚育一女,https://zh.wikisource.org/wiki/清史稿/卷166,,维基文库《清史稿》卷166公主表。后出表，不作玉牒替代，不作终审。,后出,高宗亲生女第一至第十，另附抚弟和亲王弘昼女。第六女作忻贵妃戴氏，第八女作忻贵妃戴佳氏，分写。和孝行附载金顶轿与籍没留资。
QH-SU-QL-QSG-0016C,qianlong,SRC-025,清史稿,卷16,嘉庆四年九月,,本纪条,https://zh.wikisource.org/wiki/清史稿/卷16,,维基文库《清史稿》卷16仁宗本纪。后出本纪，不作终审。不得用 QH-SU-JQ-QSG-0016B 顶替葬条。,后出,四年九月庚午葬高宗纯皇帝于裕陵；甲戌高宗孝贤孝仪升祔太庙。五年正月丙辰诣裕陵行初期祭礼。
QH-SU-QL-QSG-0015J,qianlong,SRC-025,清史稿,卷15,乾隆五十七年九月与五十八年三月,,本纪条,https://zh.wikisource.org/wiki/清史稿/卷15,,维基文库《清史稿》卷15高宗本纪六。后出本纪，不作终审。,后出,五十七年九月丙午赍金奔巴瓶往藏；五十八年三月戊申雍和宫设瓶；四月辛巳通谕前藏大昭及雍和宫。
QH-SU-QL-LMS-0001A,qianlong,SRC-090,喇嘛说,雍和宫碑拓本,乾隆五十七年岁次壬子孟冬月之上澣,1792,碑文,https://zh.wikisource.org/wiki/喇嘛說,,维基文库以北京雍和宫碑拓本为底本，故宫藏乾隆手书参校。原石未见。御制，不作章程全文。SRC-090 已登记（2026-09-19 维基文库页面复核）。,同时代·官方,兴黄教即所以安众蒙古。转生一族是乃为私。兹余制一金瓶送往西藏。碑署孟冬，本纪赍瓶在九月，日期分层。
QH-SU-QL-QSG-0086A,qianlong,SRC-025,清史稿,卷86,谒陵,,志文,https://zh.wikisource.org/wiki/清史稿/卷86,,维基文库《清史稿》卷86礼五谒陵。后出志，不作终审。,后出,嘉庆五年清明诣昌瑞山谒高宗裕陵，先敷土，次大饗。东西陵名单。
QH-SU-QL-RZHS-0001A,qianlong,SRC-091,日知荟说（四库本）,御制序,乾隆丙辰中秋日,1736,序,https://zh.wikisource.org/wiki/日知薈説_(四庫全書本),,四库本御制序。藩邸日课选编，不是四库禁书案。正文各则未逐条打开。SRC-091 已登记（2026-09-19 维基文库页面复核）。,同时代·官方,序自称合二百六十则釐为四卷。馆臣提要四十一年校上，与元年序不是同一天。
QH-SU-QL-QSG-0104A,qianlong,SRC-025,清史稿,卷104,舆服志交泰殿宝谱,,志文,https://zh.wikisource.org/wiki/清史稿/卷104,,维基文库《清史稿》卷104舆服三。后出志书，不作终审。,后出,乾隆十一年考定宝谱交泰殿二十有五盛京十。转录国朝传宝记君人者在德不在宝。四十五年八月刻古稀天子之宝，四十六年正月贮乾清宫东暖阁。
QH-SU-QL-QSG-0014D,qianlong,SRC-025,清史稿,卷14,乾隆四十二年春正月丙子,,本纪条,https://zh.wikisource.org/wiki/清史稿/卷14,,维基文库《清史稿》卷14高宗本纪五。后出本纪，不作终审。,后出,四十二年正月丙子上御阅武楼阅兵，命诸王大臣外藩蒙古及回部库车哈萨克使臣金川土司等从观。不证明某张戎装像即此日。
QH-SU-QL-NET-0001A,qianlong,SRC-067,御制文初集紫光阁像赞（识典古籍公开录文）,西域前五十第1,,,傅恒赞,https://www.shidianguji.com/zh/book/HY0944/chapter/1kuzv4lzuueq7,,识典古籍公开录文；标点层今人，正文层公版。不是原轴。,同时代·官方,定策西师，惟汝予同。宜居首功。
QH-SU-SZ-0214A,shunzhi,SRC-025,清史稿,卷214,废后条,1928,后妃传,https://zh.wikisource.org/wiki/清史稿/卷214,,维基文库《清史稿》卷214后妃传世祖段。后出史传。,后出,八年八月册为皇后；十年八月降为静妃。
QH-SU-SZ-0214B,shunzhi,SRC-025,清史稿,卷214,孝惠条,1928,后妃传,https://zh.wikisource.org/wiki/清史稿/卷214,,维基文库《清史稿》卷214。后出史传。,后出,十一年五月聘为妃，六月册为后。
QH-SU-SZ-0214C,shunzhi,SRC-025,清史稿,卷214,孝献皇后条,1928,后妃传,https://zh.wikisource.org/wiki/清史稿/卷214,,维基文库《清史稿》卷214。后出史传。,后出,董鄂氏，鄂硕女；十三年八月贤妃，十二月皇贵妃；十七年八月薨，追谥端敬皇后。行状有「朕喻以禅学」。
QH-SU-SZ-0214D,shunzhi,SRC-025,清史稿,卷214,孝康条,1928,后妃传,https://zh.wikisource.org/wiki/清史稿/卷214,,维基文库《清史稿》卷214。后出史传。,后出,佟佳氏，世祖妃；十一年三月戊申圣祖生。
QH-SU-SZ-0005F,shunzhi,SRC-025,清史稿,卷5,顺治十三年十二月己卯,1656,本纪条,https://zh.wikisource.org/wiki/清史稿/卷5,,维基文库《清史稿》卷5。后出本纪，不作终审。,后出,册内大臣鄂硕女董鄂氏为皇贵妃，颁恩赦。
QH-SU-SZ-0005H,shunzhi,SRC-025,清史稿,卷5,顺治十八年正月丁巳,1661,本纪条,https://zh.wikisource.org/wiki/清史稿/卷5,,维基文库《清史稿》卷5。后出本纪，不作终审。,后出,崩条下所录遗诏：渐习汉俗；端敬皇后丧祭过礼；立玄烨为皇太子；命索尼、苏克萨哈、遏必隆、鳌拜为辅臣。不是满汉原件。
QH-SU-SZ-0004F,shunzhi,SRC-025,清史稿,卷4,崇德八年八月庚午至丁亥,1643,本纪条,https://zh.wikisource.org/wiki/清史稿/卷4,,维基文库《清史稿》卷4世祖本纪一。后出本纪，不作终审。,后出,太宗崩，代善等定议，济尔哈朗、多尔衮辅政；丁亥即皇帝位于笃恭殿。
QH-SU-SZ-0005E,shunzhi,SRC-025,清史稿,卷5,顺治十年三月戊辰,1653,本纪条,https://zh.wikisource.org/wiki/清史稿/卷5,,维基文库《清史稿》卷5。后出本纪，不作终审。,后出,赐太常寺卿汤若望号通玄教师。
QH-SU-TZ-QSG-0022D,tongzhi,SRC-025,清史稿,卷22,同治十一年九月,1872,册立皇后阿鲁特氏,https://zh.wikisource.org/wiki/清史稿/卷22,,维基文库《清史稿》卷22穆宗本纪二。后出本纪，不作终审。,后出,九月乙未册立皇后阿鲁特氏。
QH-SU-TZ-QSG-0022E,tongzhi,SRC-025,清史稿,卷22,同治十二年十月至十三年八月,1873—1874,缓修停修圆明园与李光昭,https://zh.wikisource.org/wiki/清史稿/卷22,,维基文库《清史稿》卷22。后出本纪，不作终审。,后出,十二年十月沈淮请缓修圆明园谕仅治安佑宫；十三年七月己巳停修；庚午责恭亲王失仪降郡王；八月懿旨复并李光昭论斩。
QH-SU-TZ-QSG-0022G,tongzhi,SRC-025,清史稿,卷22,同治十三年十二月至光绪五年,1875—1879,崩逝立嗣孝哲崩葬惠陵,https://zh.wikisource.org/wiki/清史稿/卷22,,维基文库《清史稿》卷22卷末。后出本纪，不作终审。,后出,崩于养心殿年十九；光绪元年二月戊子皇后阿鲁特氏崩；五年三月庚午葬惠陵。
QH-SU-TZ-QSG-0214A,tongzhi,SRC-025,清史稿,卷214,同治十一年至光绪五年,1872—1879,孝哲毅皇后传,https://zh.wikisource.org/wiki/清史稿/卷214,,维基文库《清史稿》卷214后妃传穆宗段。后出列传，不作终审。,后出,阿鲁特氏崇绮女；十一年九月立为皇后；潘敦俨转述伤悲致疾或绝粒霣生；太后斥无据夺官；五年合葬惠陵。
QH-SU-TZ-NET-0022A,tongzhi,SRC-025,清史稿,卷22,同治十三年,,代阅章奏,https://zh.wikisource.org/wiki/清史稿/卷22,,维基文库《清史稿》。后出本纪，不作终审。,后出,病中代阅代缮层；与垂帘、议政王分层。
QH-SU-XF-QSG-0020Q,xianfeng,SRC-025,清史稿,卷20,咸丰二年十一月乙亥,1852,督办团练,https://zh.wikisource.org/wiki/清史稿/卷20,,维基文库《清史稿》卷20文宗本纪。后出本纪，不作终审。,后出,诏在籍侍郎曾国藩督办团练。本纪作曾國籓。
QH-SU-XF-QSG-0020R,xianfeng,SRC-025,清史稿,卷20,咸丰三年二月壬辰,1853,贼陷江宁,https://zh.wikisource.org/wiki/清史稿/卷20,,维基文库《清史稿》卷20文宗本纪。后出本纪，不作终审。,后出,贼陷江宁，将军祥厚、提督福珠洪阿等死之。本纪不写天京。
QH-SU-XF-QSG-0020S,xianfeng,SRC-025,清史稿,卷20,咸丰三年五月戊申辛未,1853,银钞大钱,https://zh.wikisource.org/wiki/清史稿/卷20,,维基文库《清史稿》卷20文宗本纪。后出本纪，不作终审。,后出,戊申始制银钞；辛未始铸当十大钱。制度开端句，不是发行账。
QH-SU-XF-TP-0001A,xianfeng,SRC-110,天朝田亩制度,印书单篇,太平天国刊布（通行系壬子二年）,1853,分田纲领,https://zh.wikisource.org/wiki/天朝田畝制度,,维基文库排印。对方印书文本层，不是原件影像，也不是清方节录。刊布年以通行著录记，未回原刻本牌记。,同时代·官方,凡天下田，天下人同耕。理想章程，不是已核落地清册。证据等级按对方政权文书计，不作清廷官方。
QH-SU-XF-XZXP-0001A,xianfeng,SRC-111,资政新篇,印书单篇,太平天国己未九年（通行）,1859,开篇因时制宜,https://zh.wikisource.org/wiki/資政新篇,,维基文库排印。题记写明并未实行。不是原件影像。,同时代·官方,其要在于因时制宜，审势而行而已。对方阵营改革条陈，不是清方文件。
QH-SU-XF-QSG-0020T,xianfeng,SRC-025,清史稿,卷20,咸丰十年六月甲子至辛卯,1860,北塘与手诏,https://zh.wikisource.org/wiki/清史稿/卷20,,维基文库《清史稿》卷20文宗本纪。后出本纪，不作终审。,后出,英船驶入北塘；英法兵登岸踞北塘。手诏僧格林沁：大本在京师不在海口。
QH-SU-XF-QSG-0020U,xianfeng,SRC-025,清史稿,卷20,咸丰十年八月癸亥至戊辰,1860,八里桥抚局,https://zh.wikisource.org/wiki/清史稿/卷20,,维基文库《清史稿》卷20文宗本纪。后出本纪，不作终审。,后出,瑞麟等战于八里桥不利；命恭亲王办理抚局。
QH-SU-XF-QSG-0020V,xianfeng,SRC-025,清史稿,卷20,咸丰十年九月乙巳,1860,抚局成,https://zh.wikisource.org/wiki/清史稿/卷20,,维基文库《清史稿》卷20文宗本纪。后出本纪，不作终审。,后出,抚局成。本纪不写北京条约四字。许俄人驻乌苏里、绥芬同条。
QH-SU-XF-QSG-0214A,xianfeng,SRC-025,清史稿,卷214,道光二十七年至文宗即位,1847,孝德条,https://zh.wikisource.org/wiki/清史稿/卷214,,维基文库《清史稿》卷214后妃传文宗段。后出列传，不作终审。,后出,萨克达氏：道光二十七年册嫡福晋；二十九年十二月乙亥薨；即位追册谥孝德皇后。
QH-SU-XF-QSG-0214B,xianfeng,SRC-025,清史稿,卷214,咸丰二年,1852,孝贞条,https://zh.wikisource.org/wiki/清史稿/卷214,,维基文库《清史稿》卷214后妃传文宗段。后出列传，不作终审。,后出,钮祜禄氏：二年封贞嫔，进贞贵妃，立为皇后。徽号慈安不在本条咸丰生前。
QH-SU-XF-QSG-0214C,xianfeng,SRC-025,清史稿,卷214,咸丰元年至七年,1851,孝钦条,https://zh.wikisource.org/wiki/清史稿/卷214,,维基文库《清史稿》卷214后妃传文宗段。后出列传，不作终审。,后出,叶赫那拉氏：元年懿贵人，四年懿嫔，六年生穆宗进懿妃，七年进懿贵妃。
QH-SU-XF-QSG-0214D,xianfeng,SRC-025,清史稿,卷214,文宗朝至穆宗尊封,,庄静条,https://zh.wikisource.org/wiki/清史稿/卷214,,维基文库《清史稿》卷214。后出列传，不作终审。,后出,他他拉氏事文宗为贵人，累進丽妃。女一下嫁符珍。
QH-SU-XF-QSG-0214E,xianfeng,SRC-025,清史稿,卷214,文宗朝至穆宗尊封,,玫贵妃条,https://zh.wikisource.org/wiki/清史稿/卷214,,维基文库《清史稿》卷214。后出列传，不作终审。,后出,徐佳氏：贵人进玫嫔。子一，未命名，殇。
QH-SU-XF-QSG-0165A,xianfeng,SRC-025,清史稿,卷165,咸丰十一年追封,1861,文宗系悯郡王,https://zh.wikisource.org/wiki/清史稿/卷165,,维基文库《清史稿》卷165皇子世表文宗系。后出世表，不作玉牒。,后出,悯郡王文宗第二子。未命名，早薨，咸丰十一年追封。穆宗不在此表。
QH-SU-XF-QSG-0166A,xianfeng,SRC-025,清史稿,卷166,咸丰四年至五年,1855,文宗女与抚育女,https://zh.wikisource.org/wiki/清史稿/卷166,,维基文库《清史稿》卷166公主表。后出，不作玉牒。,后出,荣安固伦公主：庄静所出，咸丰五年五月生。荣寿为文宗抚弟奕訢第一女，咸丰四年二月生。
QH-SU-XF-QSG-0020O,xianfeng,SRC-025,清史稿,卷20,咸丰二年六月丁亥,1852,策立皇后,https://zh.wikisource.org/wiki/清史稿/卷20,,维基文库《清史稿》卷20文宗本纪。后出本纪，不作终审。,后出,丁亥策立皇后钮祜禄氏。后出本纪，不作终审。
QH-SU-XF-QSG-0020P,xianfeng,SRC-025,清史稿,卷20,咸丰六年三月庚辰,1856,懿嫔晋妃,https://zh.wikisource.org/wiki/清史稿/卷20,,维基文库《清史稿》卷20文宗本纪。后出本纪，不作终审。,后出,穆宗生母懿嫔那拉氏晋封懿妃。与后妃传同月。
QH-SU-XF-QSG-0020X,xianfeng,SRC-025,清史稿,卷20,同治四年九月,1865,葬定陵,https://zh.wikisource.org/wiki/清史稿/卷20,,维基文库《清史稿》卷20文宗本纪。后出本纪，不作终审。,后出,卷20末：同治四年九月葬定陵。崩在热河，入葬在四年后。
QH-SU-XF-QSG-0021H,xianfeng,SRC-025,清史稿,卷21,咸丰十一年九月丙戌朔,1861,上徽号慈安慈禧,https://zh.wikisource.org/wiki/清史稿/卷21,,维基文库《清史稿》卷21穆宗本纪一。后出本纪，不作终审。号段用 XF 以免与同治提案 QH-SU-TZ-QSG-0021H 撞号。,后出,上母后皇太后徽号曰慈安，圣母皇太后徽号曰慈禧。徽号在崩后，不是咸丰二年册后。
QH-SU-XF-QSG-0020W,xianfeng,SRC-025,清史稿,卷20,咸丰十一年三月壬辰,1861,红痰手诏,https://zh.wikisource.org/wiki/清史稿/卷20,,维基文库《清史稿》卷20文宗本纪。后出本纪，不作终审。,后出,手诏恭亲王：近日欬嗽不止，时有红痰。本纪抄录，不是医案。
QH-SU-XT-QSG-0025G,xuantong,SRC-025,清史稿,卷25,光绪三十四年十二月乙丑,1908,定崇陵,https://zh.wikisource.org/wiki/清史稿/卷25,,维基文库《清史稿》卷25。后出本纪，不作终审。,后出,诏定西陵金龙峪为德宗景皇帝山陵称曰崇陵。短引。
QH-SU-XT-QSG-0025H,xuantong,SRC-025,清史稿,卷25,宣统元年闰二月丁酉,1909,修崇陵,https://zh.wikisource.org/wiki/清史稿/卷25,,维基文库《清史稿》卷25。后出本纪，不作终审。,后出,修崇陵。
QH-SU-XT-QSG-0086A,xuantong,SRC-025,清史稿,卷86,制度总述,1928,东西陵与崇陵,https://zh.wikisource.org/wiki/清史稿/卷86,,维基文库《清史稿》卷86礼五。后出史志，不作终审。台账仍用已有 SRC-025，不另开号。,后出,孝陵至穆宗惠陵并在易遵化二州称东西陵；宣统初德宗葬兴隆峪号崇陵。短引。
QH-SU-XT-QSG-0022A,xuantong,SRC-025,清史稿,卷22,光绪五年三月庚午,1879,葬惠陵,https://zh.wikisource.org/wiki/清史稿/卷22,,维基文库《清史稿》卷22穆宗本纪二。宣统卷取作陵制对照。后出本纪，不作终审。,后出,五年三月庚午葬惠陵。短引。不得写成溥仪之陵。
QH-SU-YZ-ZPYZ-0126A,yongzheng,SRC-033,硃批諭㫖（四库全书本）,卷126之09,雍正四年十一月初三日,1726,批田文镜谢赐御书折,https://zh.wikisource.org/wiki/硃批諭㫖_(四庫全書本)/卷126之09,,维基文库标点排印。四库刻本层，非原件。,同时代·官方,此篇文字係出之自手耶抑或倩人代撰耶何其辭之不達也偶爾戲諭。朱批短引。
QH-SU-YZ-ZPYZ-0126B,yongzheng,SRC-033,硃批諭㫖（四库全书本）,卷126之09,雍正五年正月初七日,1727,批田文镜谢王国栋口传谕旨折,https://zh.wikisource.org/wiki/硃批諭㫖_(四庫全書本)/卷126之09,,维基文库标点排印。四库刻本层，非原件。,同时代·官方,好惟宜加勉勿怠。朱批短引。
QH-SU-YZ-QSG-0009Z,yongzheng,SRC-025,清史稿,卷9,雍正二年八月庚寅,1724,本纪条,https://zh.wikisource.org/wiki/清史稿/卷9,,维基文库《清史稿》卷9世宗本纪。后出本纪，不作终审。,后出,以田文镜署河南巡抚。人事条，不是朱批。四年十二月乙丑谢济世劾田文镜另条。
QH-SU-YZ-QSG-0009S,yongzheng,SRC-025,清史稿,卷9,雍正二年九月甲寅,1724,本纪条,https://zh.wikisource.org/wiki/清史稿/卷9,,维基文库《清史稿》卷9世宗本纪。后出本纪，不作终审。,后出,命山西丁银摊入地粮征收，其后各省以渐行之。此甲寅在二年九月，上承八月庚寅田文镜署河南巡抚。补丁QH-A-AD-0005标元年，与已开原文不符。
QH-SU-YZ-QSG-0009T,yongzheng,SRC-025,清史稿,卷9,雍正二年五月辛酉,1724,本纪条,https://zh.wikisource.org/wiki/清史稿/卷9,,维基文库《清史稿》卷9世宗本纪。后出本纪，不作终审。,后出,诏川陕湖广云贵：各处土司鲜知法纪，苛待属人，生杀任性。宜严饬土司。这是饬土司，不是改流设官。
QH-SU-YZ-QSG-0009U,yongzheng,SRC-025,清史稿,卷9,雍正六年十月,1728,本纪条,https://zh.wikisource.org/wiki/清史稿/卷9,,维基文库《清史稿》卷9世宗本纪。后出本纪，不作终审。,后出,湖广土司甚多，供职输将与流官无异，该督抚勿得轻议改流。同年八月已有桑植保靖改流。两句并存。
QH-SU-YZ-QSG-0009W,yongzheng,SRC-025,清史稿,卷9,雍正元年七月,1723,本纪条,https://zh.wikisource.org/wiki/清史稿/卷9,,维基文库《清史稿》卷9世宗本纪。后出本纪，不作终审。,后出,除绍兴惰民丐籍。已开卷9未见乐户专条。不得补造开豁为良全文。
QH-SU-YZ-QSG-0288A,yongzheng,SRC-025,清史稿,卷288,雍正四年春,1726,鄂尔泰传,https://zh.wikisource.org/wiki/清史稿/卷288,,维基文库《清史稿》卷288鄂尔泰传。后出列传，不作终审。,后出,四年春疏：欲安民必制夷，欲制夷必改土归流；改流之法计擒为上，兵剿次之。藩邸拒嘱与「汝为郎官拒皇子」是另一段，不并入疏文。
QH-SU-YZ-QSG-0009V,yongzheng,SRC-025,清史稿,卷9,雍正三年八月壬辰,1725,本纪条,https://zh.wikisource.org/wiki/清史稿/卷9,,维基文库《清史稿》卷9世宗本纪。后出本纪，不作终审。,后出,上驻圆明园。只证本纪此日写出驻跸。不得写入十三年崩条。园记正文未见。
QH-SU-YZ-QSG-0009X,yongzheng,SRC-025,清史稿,卷9,雍正五年九月丙寅,1727,本纪条,https://zh.wikisource.org/wiki/清史稿/卷9,,维基文库《清史稿》卷9世宗本纪。后出本纪，不作终审。,后出,定官员頂戴之制。本纪只到这一句，品级细则未写。不是御玺。
QH-SU-YZ-QSG-0009Y,yongzheng,SRC-025,清史稿,卷9,雍正十年十月庚子,1732,本纪条,https://zh.wikisource.org/wiki/清史稿/卷9,,维基文库《清史稿》卷9世宗本纪。后出本纪，不作终审。,后出,再定百官帽顶：一品珊瑚顶至九品起花银顶。官员帽顶，不是皇帝宝玺。
QH-SU-YZ-NET-0009A,yongzheng,SRC-025,清史稿,卷9,康熙六十一年十一月至雍正八年,,总理事务与怡亲王,https://zh.wikisource.org/wiki/清史稿/卷9,,维基文库《清史稿》。后出本纪，不作终审。,后出,总理事务四人；顾八代授读师；怡亲王薨仍书原字。
QH-SU-JQ-QSG-0016G,jiaqing,SRC-025,清史稿,卷16,嘉庆十八年九月,,滑县与禁门,https://zh.wikisource.org/wiki/清史稿/卷16,,维基文库《清史稿》卷16。后出本纪。,后出,李文成滑县；陈爽数十人突入紫禁城；封智亲王；罪己；林清就擒伏诛。
QH-SU-JQ-IMG-0007A,jiaqing,SRC-092,清仁宗嘉庆皇帝朝服像（Commons文件页）,Commons文件页,19世纪,,QH-V-E07,https://commons.wikimedia.org/wiki/File:%E6%B8%85_%E4%BD%9A%E5%90%8D_%E3%80%8A%E6%B8%85%E4%BB%81%E5%AE%97%E5%98%89%E5%BA%86%E7%9A%87%E5%B8%9D%E6%9C%9D%E6%9C%8D%E5%83%8F%E3%80%8B.jpg,,扫描与著录层为现代上传，图像对象本身19世纪；文件页标 Public domain（2026-09-19 转录自 data/emperor-portraits.csv）,后出,佚名宫廷画朝服坐像；文件页著录寿皇殿系统、故宫登录号故00006501
QH-SU-JQ-IMG-0007B,jiaqing,SRC-092,嘉庆朝朱批奏折（Commons文件页）,Commons文件页,嘉庆朝,,QH-V-E07B,https://commons.wikimedia.org/wiki/File:%E6%B8%85%E6%9C%9D%E7%9A%87%E5%B8%9D%E7%A1%83%E6%89%B9%E5%A5%8F%E6%91%BA_-_Jiaqing_Emperor.jpg,,扫描与著录层为现代上传，图像对象本身19世纪；文件页标 Public domain（2026-09-19 转录自 data/emperor-portraits.csv）,后出,红笔朱批与黑字奏报同帧；档号与批者待核，区域注不作嘉庆亲笔定谳
QH-SU-JQ-IMG-0007C,jiaqing,SRC-092,颙琰楷书对菊一首横披（Commons文件页）,Commons文件页,嘉庆年间,,QH-V-E07C,https://commons.wikimedia.org/wiki/File:%E9%A2%99%E7%90%B0%E6%A5%B7%E4%B9%A6%E5%AF%B9%E8%8F%8A%E4%B8%80%E9%A6%96%E6%A8%AA%E6%8A%AB.png,,扫描与著录层为现代上传，图像对象本身19世纪；文件页标 Public domain（2026-09-19 转录自 data/emperor-portraits.csv）,后出,纸本御笔书迹；文件页释文以原件为准，不校字
QH-SU-HT-NET-0002A,tiancong,SRC-025,清史稿,卷2,天聪三年至八年,,文馆与降将,https://zh.wikisource.org/wiki/清史稿/卷2,,维基文库《清史稿》。后出本纪，不作终审。,后出,范文程留守遵化；索尼守永平；孔耿尚白镶皂旗。
QH-SU-HT-QSG-0003D,tiancong,SRC-025,清史稿,卷3,崇德元年五月丙午,,本纪条,https://zh.wikisource.org/wiki/清史稿/卷3,,维基文库《清史稿》。后出本纪，不作终审。,后出,授内三院大学士条。
QH-SU-HT-QSG-0214A,tiancong,SRC-025,清史稿,卷214,崇德元年,,后妃传条,https://zh.wikisource.org/wiki/清史稿/卷214,,维基文库《清史稿》后妃传一。成书仓促，不作终审。,后出,孝庄文皇后传封永福宫庄妃条。
QH-SU-HT-QSG-0002B,tiancong,SRC-025,清史稿,卷2,天命十一年九月庚午朔后附记,1626,本纪条,https://zh.wikisource.org/wiki/清史稿/卷2,,维基文库《清史稿》卷2太宗本纪一。后出本纪，不作终审。,后出,太祖命上名臆制；后知汉称皇太子、蒙古黄台吉音并闇合。名号附记，不是满文原档。
QH-SU-HT-QSG-0002C,tiancong,SRC-025,清史稿,卷2,天聪元年春正月丙子,1627,本纪条,https://zh.wikisource.org/wiki/清史稿/卷2,,维基文库《清史稿》卷2。后出本纪，不作终审。,后出,命阿敏等率兵征朝鲜。丁卯之役开端。
QH-SU-HT-QSG-0002D,tiancong,SRC-025,清史稿,卷2,天聪三年夏四月丙戌朔,1629,本纪条,https://zh.wikisource.org/wiki/清史稿/卷2,,维基文库《清史稿》卷2。后出本纪，不作终审。,后出,设文馆。达海刚林译汉字书籍，库尔缠等记注政事。
QH-SU-HT-QSG-0002E,tiancong,SRC-025,清史稿,卷2,天聪三年十一月,1629,本纪条,https://zh.wikisource.org/wiki/清史稿/卷2,,维基文库《清史稿》卷2。后出本纪，不作终审。,后出,高鸿中鲍承先近太监耳语，翌日纵归，明帝下袁崇焕于狱。
QH-SU-HT-QSG-0002F,tiancong,SRC-025,清史稿,卷2,天聪五年春正月壬午,1631,本纪条,https://zh.wikisource.org/wiki/清史稿/卷2,,维基文库《清史稿》卷2。后出本纪，不作终审。,后出,铸红衣大炮成，金隽天祐助威大将军。军中造砲自此始。
QH-SU-HT-QSG-0002G,tiancong,SRC-025,清史稿,卷2,天聪五年秋七月庚辰,1631,本纪条,https://zh.wikisource.org/wiki/清史稿/卷2,,维基文库《清史稿》卷2。后出本纪，不作终审。,后出,始设六部。
QH-SU-HT-QSG-0002H,tiancong,SRC-025,清史稿,卷2,天聪五年冬十月戊辰,1631,本纪条,https://zh.wikisource.org/wiki/清史稿/卷2,,维基文库《清史稿》卷2。后出本纪，不作终审。,后出,大凌河举城降。
QH-SU-HT-QSG-0002I,tiancong,SRC-025,清史稿,卷2,天聪六年三月戊戌,1632,本纪条,https://zh.wikisource.org/wiki/清史稿/卷2,,维基文库《清史稿》卷2。后出本纪，不作终审。,后出,命达海分析国书音义。
QH-SU-HT-QSG-0002J,tiancong,SRC-025,清史稿,卷2,天聪六年秋七月庚戌,1632,本纪条,https://zh.wikisource.org/wiki/清史稿/卷2,,维基文库《清史稿》卷2。后出本纪，不作终审。,后出,游击巴克什达海卒。
QH-SU-HT-QSG-0002K,tiancong,SRC-025,清史稿,卷2,天聪八年夏四月辛酉,1634,本纪条,https://zh.wikisource.org/wiki/清史稿/卷2,,维基文库《清史稿》卷2。后出本纪，不作终审。,后出,诏以沈阳为天眷盛京，赫图阿喇城为天眷兴京。
QH-SU-HT-QSG-0002L,tiancong,SRC-025,清史稿,卷2,天聪九年八月庚辰,1635,本纪条,https://zh.wikisource.org/wiki/清史稿/卷2,,维基文库《清史稿》卷2。后出本纪，不作终审。,后出,以获传国玉玺闻。
QH-SU-HT-QSG-0002M,tiancong,SRC-025,清史稿,卷2,天聪九年九月癸丑,1635,本纪条,https://zh.wikisource.org/wiki/清史稿/卷2,,维基文库《清史稿》卷2。后出本纪，不作终审。,后出,献玉玺，告天受之。
QH-SU-HT-QSG-0002N,tiancong,SRC-025,清史稿,卷2,天聪十年三月辛亥,1636,本纪条,https://zh.wikisource.org/wiki/清史稿/卷2,,维基文库《清史稿》卷2。后出本纪，不作终审。,后出,改文馆为内国史、内秘书、内弘文三院。
QH-SU-HT-QSG-0002O,tiancong,SRC-025,清史稿,卷2,天聪十年夏四月己卯,1636,本纪条,https://zh.wikisource.org/wiki/清史稿/卷2,,维基文库《清史稿》卷2。后出本纪，不作终审。,后出,诸贝勒以三体表文请上尊号，文中有遂获玉玺、受命之符。
QH-SU-HT-QSG-0003E,tiancong,SRC-025,清史稿,卷3,崇德元年十一月癸丑,1636,本纪条,https://zh.wikisource.org/wiki/清史稿/卷3,,维基文库《清史稿》卷3。后出本纪，不作终审。,后出,谕金世宗为贤君；达海等劝易满洲衣服从汉制，上谓宽衣博带必废骑射。
QH-SU-HT-QSG-0003F,tiancong,SRC-025,清史稿,卷3,崇德二年春正月庚午,1637,本纪条,https://zh.wikisource.org/wiki/清史稿/卷3,,维基文库《清史稿》卷3。后出本纪，不作终审。,后出,朝鲜国王李倧出降于汉江东岸三田渡。
QH-SU-HT-QSG-0003G,tiancong,SRC-025,清史稿,卷3,崇德二年秋七月乙未,1637,本纪条,https://zh.wikisource.org/wiki/清史稿/卷3,,维基文库《清史稿》卷3。后出本纪，不作终审。,后出,分汉军为两旗。
QH-SU-HT-QSG-0003H,tiancong,SRC-025,清史稿,卷3,崇德三年春正月甲午,1638,本纪条,https://zh.wikisource.org/wiki/清史稿/卷3,,维基文库《清史稿》卷3。后出本纪，不作终审。,后出,皇第九子生，是为世祖章皇帝。
QH-SU-HT-QSG-0003I,tiancong,SRC-025,清史稿,卷3,崇德三年六月庚申,1638,本纪条,https://zh.wikisource.org/wiki/清史稿/卷3,,维基文库《清史稿》卷3。后出本纪，不作终审。,后出,始设理藩院，专治蒙古诸部事。与职官志元年蒙古衙门说并存。
QH-SU-HT-QSG-0003J,tiancong,SRC-025,清史稿,卷3,崇德四年六月丙申,1639,本纪条,https://zh.wikisource.org/wiki/清史稿/卷3,,维基文库《清史稿》卷3。后出本纪，不作终审。,后出,分汉军为四旗。
QH-SU-HT-QSG-0003K,tiancong,SRC-025,清史稿,卷3,崇德六年八月丁巳,1641,本纪条,https://zh.wikisource.org/wiki/清史稿/卷3,,维基文库《清史稿》卷3。后出本纪，不作终审。,后出,上以洪承畴等援锦州兵号十三万，壁松山，亲率大军御之。
QH-SU-HT-QSG-0003L,tiancong,SRC-025,清史稿,卷3,崇德六年九月庚寅,1641,本纪条,https://zh.wikisource.org/wiki/清史稿/卷3,,维基文库《清史稿》卷3。后出本纪，不作终审。,后出,关雎宫宸妃薨。
QH-SU-HT-QSG-0003M,tiancong,SRC-025,清史稿,卷3,崇德七年二月辛酉,1642,本纪条,https://zh.wikisource.org/wiki/清史稿/卷3,,维基文库《清史稿》卷3。后出本纪，不作终审。,后出,豪格等奏拔松山，擒洪承畴。
QH-SU-HT-QSG-0003N,tiancong,SRC-025,清史稿,卷3,崇德七年三月己卯,1642,本纪条,https://zh.wikisource.org/wiki/清史稿/卷3,,维基文库《清史稿》卷3。后出本纪，不作终审。,后出,克锦州，祖大寿出降。
QH-SU-HT-QSG-0003O,tiancong,SRC-025,清史稿,卷3,崇德七年六月甲辰,1642,本纪条,https://zh.wikisource.org/wiki/清史稿/卷3,,维基文库《清史稿》卷3。后出本纪，不作终审。,后出,设汉军八旗，以祖泽润等八人为都统。
QH-SU-HT-QSG-0003P,tiancong,SRC-025,清史稿,卷3,崇德八年九月壬子,1643,本纪条,https://zh.wikisource.org/wiki/清史稿/卷3,,维基文库《清史稿》卷3。后出本纪，不作终审。,后出,葬昭陵。
QH-SU-HT-QSG-0214B,tiancong,SRC-025,清史稿,卷214,孝庄文皇后,,后妃传,https://zh.wikisource.org/wiki/清史稿/卷214,,维基文库《清史稿》卷214后妃传太宗段。后出列传，不作终审。,后出,孝庄来归、封永福宫庄妃、生世祖。
QH-SU-HT-QSG-0214C,tiancong,SRC-025,清史稿,卷214,敏惠恭和元妃,,后妃传,https://zh.wikisource.org/wiki/清史稿/卷214,,维基文库《清史稿》卷214。后出列传，不作终审。,后出,关雎宫宸妃；孝庄姊；生子未命名而殇。
QH-SU-HT-QSG-0163A,tiancong,SRC-025,清史稿,卷163,皇子世表三太宗系,,世表,https://zh.wikisource.org/wiki/清史稿/卷163,,维基文库《清史稿》卷163。后出世表，不作玉牒。,后出,豪格为太宗第一子。太宗系无世祖行。
QH-SU-HT-QSG-0002P,tiancong,SRC-025,清史稿,天聪七年正月戊申,1633,,本纪条,https://zh.wikisource.org/wiki/清史稿/天聪七年正月戊申,,维基文库《清史稿》天聪七年正月戊申。后出本纪，不作终审。,后出,
QH-SU-HT-QSG-0002Q,tiancong,SRC-025,清史稿,天聪九年二月丁亥,1635,,本纪条,https://zh.wikisource.org/wiki/清史稿/天聪九年二月丁亥,,维基文库《清史稿》天聪九年二月丁亥。后出本纪，不作终审。,后出,
QH-SU-HT-QSG-0002R,tiancong,SRC-025,清史稿,天聪七年七月辛卯朔,1633,,本纪条,https://zh.wikisource.org/wiki/清史稿/天聪七年七月辛卯朔,,维基文库《清史稿》天聪七年七月辛卯朔。后出本纪，不作终审。,后出,
QH-SU-HT-QSG-0003Q,tiancong,SRC-025,清史稿,崇德四年正月甲戌,1639,,本纪条,https://zh.wikisource.org/wiki/清史稿/崇德四年正月甲戌,,维基文库《清史稿》崇德四年正月甲戌。后出本纪，不作终审。,后出,
QH-SU-HT-QSG-0003R,tiancong,SRC-025,清史稿,崇德六年正月甲午,1641,,本纪条,https://zh.wikisource.org/wiki/清史稿/崇德六年正月甲午,,维基文库《清史稿》崇德六年正月甲午。后出本纪，不作终审。,后出,
QH-SU-HT-QSG-0166A,tiancong,SRC-025,清史稿,卷166,太宗第一女至第十四女表行,,公主表,https://zh.wikisource.org/wiki/清史稿/卷166,,维基文库《清史稿》卷166公主表太宗段。后出表，不作玉牒。,后出,公主表太宗段表序。
QH-SU-HT-QSG-0166B,tiancong,SRC-025,清史稿,卷166,太宗第七女行附载,,公主表,https://zh.wikisource.org/wiki/清史稿/卷166,,维基文库《清史稿》卷166公主表太宗段。后出表，不作玉牒。,后出,额驸铿吉尔格与实录喇麻思、玉牒铿吉尔格自注。
QH-SU-HT-QSG-0166C,tiancong,SRC-025,清史稿,卷166,太宗第十四女行,,公主表,https://zh.wikisource.org/wiki/清史稿/卷166,,维基文库《清史稿》卷166公主表太宗段。后出表，不作玉牒。,后出,生年表作「德六年」夺字；下嫁吴应熊。
QH-SU-HT-QSG-0166D,tiancong,SRC-025,清史稿,卷166,崇德四年正月,,公主表,https://zh.wikisource.org/wiki/清史稿/卷166,,维基文库《清史稿》卷166公主表太宗段。后出表，不作玉牒。,后出,表作第三女下嫁奇塔特（表写法）。
QH-SU-HT-QSG-0086A,tiancong,SRC-025,清史稿,顺治八年,1651,,地理志,https://zh.wikisource.org/wiki/清史稿/顺治八年,,维基文库《清史稿》卷86。后出志，不作终审。,后出,
QH-SU-HT-QSG-0086B,tiancong,SRC-025,清史稿,康熙二年,1663,,地理志,https://zh.wikisource.org/wiki/清史稿/康熙二年,,维基文库《清史稿》卷86。后出志，不作终审。,后出,
QH-SU-NH-QSG-0086A,tianming,SRC-025,清史稿,卷86,谒陵,,志文,https://zh.wikisource.org/wiki/清史稿/卷86,,维基文库《清史稿》卷86礼五谒陵。后出志，不作终审。,后出,兴京陵／东京陵／永陵改名；福陵山曰天柱；康熙二年改建福陵地宫。
QH-SU-NH-NET-0001B,tianming,SRC-025,清史稿,卷1,乙卯岁末,,理政听讼大臣五,https://zh.wikisource.org/wiki/清史稿/卷1,,维基文库《清史稿》。后出本纪，不作终审。,后出,置理政听讼大臣五，以扎尔固齐十人副之。
QH-SU-HT-QSG-0086AX,tiancong,SRC-025,清史稿,卷86,谒陵,,志文,https://zh.wikisource.org/wiki/清史稿/卷86,,维基文库《清史稿》卷86礼五谒陵。后出志，不作终审。,后出,昭陵当盛京西北；顺治八年封隆业山；康熙二年改建福陵、昭陵地宫。
QH-SU-SZ-0004FR1,shunzhi,SRC-025,清史稿,卷4,崇德八年八月庚午至丁亥,1643,本纪条,https://zh.wikisource.org/wiki/清史稿/卷4,,维基文库《清史稿》卷4世祖本纪一。后出本纪，不作终审。,后出,太宗崩，代善等定议，济尔哈朗、多尔衮辅政；丁亥即皇帝位于笃恭殿。
QH-SU-SZ-0004GR1,shunzhi,SRC-025,清史稿,卷4,顺治元年四月乙丑,1644,本纪条,https://zh.wikisource.org/wiki/清史稿/卷4,,维基文库《清史稿》卷4。后出本纪，不作终审。,后出,上御笃恭殿，命多尔衮为奉命大将军，赐敕印便宜行事。
QH-SU-SZ-0004HR1,shunzhi,SRC-025,清史稿,卷4,顺治二年五月甲辰,1645,本纪条,https://zh.wikisource.org/wiki/清史稿/卷4,,维基文库《清史稿》卷4。后出本纪，不作终审。,后出,定叔父摄政王仪注，凡文移皆曰皇叔父摄政王。
QH-SU-SZ-0004IR1,shunzhi,SRC-025,清史稿,卷4,顺治二年六月甲寅,1645,本纪条,https://zh.wikisource.org/wiki/清史稿/卷4,,维基文库《清史稿》卷4。后出本纪，不作终审。,后出,免近畿圈地今年额赋三之二。只证本纪用了圈地二字。
QH-SU-SZ-0004JR1,shunzhi,SRC-025,清史稿,卷4,顺治四年三月庚午,1647,本纪条,https://zh.wikisource.org/wiki/清史稿/卷4,,维基文库《清史稿》卷4。后出本纪，不作终审。,后出,罢圈拨民间田宅，已圈者补给。
QH-SU-SZ-0004KR1,shunzhi,SRC-025,清史稿,卷4,顺治七年十二月戊子至甲辰,1650,本纪条,https://zh.wikisource.org/wiki/清史稿/卷4,,维基文库《清史稿》卷4。后出本纪，不作终审。,后出,多尔衮薨于喀喇城；丧仪合依帝礼；尊为义皇帝，庙号成宗。
QH-SU-SZ-0004LR1,shunzhi,SRC-025,清史稿,卷4,顺治二年四月丁丑,1645,本纪条,https://zh.wikisource.org/wiki/清史稿/卷4,,维基文库《清史稿》卷4。后出本纪，不作终审。,后出,克扬州，故明阁部史可法不屈，杀之。
QH-SU-SZ-0005CR1,shunzhi,SRC-025,清史稿,卷5,顺治八年正月丁卯,1651,本纪条,https://zh.wikisource.org/wiki/清史稿/卷5,,维基文库《清史稿》卷5世祖本纪二。后出本纪，不作终审。,后出,追尊故摄政王多尔衮为成宗义皇帝，祔于太庙。在庚申亲政之后。
QH-SU-SZ-0005DR1,shunzhi,SRC-025,清史稿,卷5,顺治八年二月己亥,1651,本纪条,https://zh.wikisource.org/wiki/清史稿/卷5,,维基文库《清史稿》卷5。后出本纪，不作终审。,后出,暴多尔衮罪于中外，削其尊号及母妻追封，撤庙享。
QH-SU-SZ-0005ER1,shunzhi,SRC-025,清史稿,卷5,顺治十年三月戊辰,1653,本纪条,https://zh.wikisource.org/wiki/清史稿/卷5,,维基文库《清史稿》卷5。后出本纪，不作终审。,后出,赐太常寺卿汤若望号通玄教师。
QH-SU-SZ-0005FR1,shunzhi,SRC-025,清史稿,卷5,顺治十三年十二月己卯,1656,本纪条,https://zh.wikisource.org/wiki/清史稿/卷5,,维基文库《清史稿》卷5。后出本纪，不作终审。,后出,册内大臣鄂硕女董鄂氏为皇贵妃，颁恩赦。
QH-SU-SZ-0005GR1,shunzhi,SRC-025,清史稿,卷5,顺治十七年八月壬寅至甲辰,1660,本纪条,https://zh.wikisource.org/wiki/清史稿/卷5,,维基文库《清史稿》卷5。后出本纪，不作终审。,后出,皇贵妃董鄂氏薨，辍朝五日；甲辰追封董鄂氏为皇后。
QH-SU-SZ-0005HR1,shunzhi,SRC-025,清史稿,卷5,顺治十八年正月丁巳,1661,本纪条,https://zh.wikisource.org/wiki/清史稿/卷5,,维基文库《清史稿》卷5。后出本纪，不作终审。,后出,崩条下所录遗诏：渐习汉俗；端敬皇后丧祭过礼；立玄烨为皇太子；命索尼、苏克萨哈、遏必隆、鳌拜为辅臣。不是满汉原件。
QH-SU-SZ-0005IR1,shunzhi,SRC-025,清史稿,卷5,顺治十八年三月癸酉,1661,本纪条,https://zh.wikisource.org/wiki/清史稿/卷5,,维基文库《清史稿》卷5。后出本纪，不作终审。,后出,上尊谥章皇帝，庙号世祖，葬孝陵；并记累上尊谥加字。
QH-SU-SZ-0005JR1,shunzhi,SRC-025,清史稿,卷4,顺治四年三月乙丑,1647,本纪条,https://zh.wikisource.org/wiki/清史稿/卷4,,维基文库《清史稿》卷4。后出本纪，不作终审。,后出,《大清律》成。未见律文。
QH-SU-SZ-0005KR1,shunzhi,SRC-025,清史稿,卷5,顺治十四年十一月壬寅,1657,本纪条,https://zh.wikisource.org/wiki/清史稿/卷5,,维基文库《清史稿》卷5。后出本纪，不作终审。,后出,皇第五子常宁生。与世表「常颖」用字冲突。
QH-SU-SZ-0005LR1,shunzhi,SRC-025,清史稿,卷5,顺治十一年三月戊申,1654,本纪条,https://zh.wikisource.org/wiki/清史稿/卷5,,维基文库《清史稿》卷5。后出本纪，不作终审。,后出,皇第三子玄烨生，是为圣祖。
QH-SU-SZ-0005MR1,shunzhi,SRC-025,清史稿,卷5,顺治十年八月己丑,1653,本纪条,https://zh.wikisource.org/wiki/清史稿/卷5,,维基文库《清史稿》卷5。后出本纪，不作终审。,后出,废皇后为静妃。
QH-SU-SZ-0005NR1,shunzhi,SRC-025,清史稿,卷5,顺治十年十二月癸未,1653,本纪条,https://zh.wikisource.org/wiki/清史稿/卷5,,维基文库《清史稿》卷5。后出本纪，不作终审。,后出,设兵部督捕官。
QH-SU-SZ-0005OR1,shunzhi,SRC-025,清史稿,卷5,顺治十四年二月己亥,1657,本纪条,https://zh.wikisource.org/wiki/清史稿/卷5,,维基文库《清史稿》卷5。后出本纪，不作终审。,后出,宽隐匿逃人律。
QH-SU-SZ-0005PR1,shunzhi,SRC-025,清史稿,卷5,顺治十一年六月甲戌,1654,本纪条,https://zh.wikisource.org/wiki/清史稿/卷5,,维基文库《清史稿》卷5。后出本纪，不作终审。,后出,立科尔沁镇国公绰尔济女博尔济锦氏为皇后。
QH-SU-SZ-0163AR1,shunzhi,SRC-025,清史稿,卷163,世祖系表文,1928,世表行,https://zh.wikisource.org/wiki/清史稿/卷163,,维基文库《清史稿》卷163皇子世表三。后出史表。,后出,世祖系第一子牛钮、第二子福全，缺第三子行；第四子荣亲王。
QH-SU-SZ-0163BR1,shunzhi,SRC-025,清史稿,卷163,荣亲王行,1928,世表行,https://zh.wikisource.org/wiki/清史稿/卷163,,维基文库《清史稿》卷163。后出史表。,后出,荣亲王世祖第四子，未命名。顺治十五年卒。无嗣。
QH-SU-SZ-0163CR1,shunzhi,SRC-025,清史稿,卷163,常颖行,1928,世表行,https://zh.wikisource.org/wiki/清史稿/卷163,,维基文库《清史稿》卷163。后出史表。,后出,常颖世祖第五子。康熙十年封恭亲王。四十二年薨。与本纪「常宁」用字冲突。
QH-SU-SZ-0166AR1,shunzhi,SRC-025,清史稿,卷166,世祖第二女行,1928,公主表行,https://zh.wikisource.org/wiki/清史稿/卷166,,维基文库《清史稿》卷166公主表。后出史表。,后出,世祖第二女，庶妃杨氏生，康熙间晋封恭悫长公主，下嫁讷尔杜。
QH-SU-SZ-0214AR1,shunzhi,SRC-025,清史稿,卷214,废后条,1928,后妃传,https://zh.wikisource.org/wiki/清史稿/卷214,,维基文库《清史稿》卷214后妃传世祖段。后出史传。,后出,八年八月册为皇后；十年八月降为静妃。
QH-SU-SZ-0214BR1,shunzhi,SRC-025,清史稿,卷214,孝惠条,1928,后妃传,https://zh.wikisource.org/wiki/清史稿/卷214,,维基文库《清史稿》卷214。后出史传。,后出,十一年五月聘为妃，六月册为后。
QH-SU-SZ-0214CR1,shunzhi,SRC-025,清史稿,卷214,孝献皇后条,1928,后妃传,https://zh.wikisource.org/wiki/清史稿/卷214,,维基文库《清史稿》卷214。后出史传。,后出,董鄂氏，鄂硕女；十三年八月贤妃，十二月皇贵妃；十七年八月薨，追谥端敬皇后。行状有「朕喻以禅学」。
QH-SU-SZ-0214DR1,shunzhi,SRC-025,清史稿,卷214,孝康条,1928,后妃传,https://zh.wikisource.org/wiki/清史稿/卷214,,维基文库《清史稿》卷214。后出史传。,后出,佟佳氏，世祖妃；十一年三月戊申圣祖生。
QH-SU-SZ-0218AR1,shunzhi,SRC-025,清史稿,卷218,入关薙发,1644,列传句,https://zh.wikisource.org/wiki/清史稿/卷218,,维基文库《清史稿》卷218睿忠亲王多尔衮传。后出列传。,后出,下令关内军民皆薙发；继闻拂民愿，谕缓之。
QH-SU-SZ-0218BR1,shunzhi,SRC-025,清史稿,卷218,追论批票,1651,列传句,https://zh.wikisource.org/wiki/清史稿/卷218,,维基文库《清史稿》卷218。后出列传。,后出,诸王大臣疏：凡批票本章，一以皇父摄政王行之。不是朱批原件。
QH-SU-SZ-SKTY-0079AR1,shunzhi,SRC-159,四库全书总目提要,卷79,乾隆朝著录,1782,提要条,https://zh.wikisource.org/wiki/四庫全書總目提要/卷079,,维基文库《四库全书总目提要》卷79。后出目录。,后出,《御制人臣儆心录》一卷：顺治十二年世祖御撰，凡八篇，前有御制序。不是正文。
QH-SU-SZ-MS-0001AR1,shunzhi,SRC-160,董小宛考,篇,1915,开篇,,https://zh.wikisource.org/wiki/董小宛考,,维基文库孟森《董小宛考》。后出考辨。,后出,开篇：出家说与董鄂译音影射；小宛殁于顺治八年正月初二，年二十八。
QH-SU-SZ-0086AR1,shunzhi,SRC-025,清史稿,卷86,谒陵,,志文,https://zh.wikisource.org/wiki/清史稿/卷86,,维基文库《清史稿》卷86礼五谒陵。后出志，不作终审。,后出,康熙二年相度凤台山建世祖陵曰孝陵；孝献但祀孝陵飨殿。
QH-SU-SZ-KZSL-0001AR1,shunzhi,SRC-135,圣祖仁皇帝实录（维基文库康熙朝实录）,卷1,顺治十八年二月壬午,1661,奉移寿皇殿,https://zh.wikisource.org/wiki/康熙朝實錄/卷之1,,维基文库《康熙朝实录》卷1。官修实录数字文本，不是大红绫原件。,同时代·官方,二月壬午奉移梓宫至景山寿皇殿。停殡，不是奉安。
QH-SU-SZ-KZSL-0006AR1,shunzhi,SRC-135,圣祖仁皇帝实录（维基文库康熙朝实录）,卷6,康熙元年九月己丑,1662,孝陵兴工动土,https://zh.wikisource.org/wiki/康熙朝實錄/卷之6,,维基文库《康熙朝实录》卷6。,同时代·官方,礼部等议孝陵兴工动土，遣官详视。定名见卷5甲戌朔。
QH-SU-SZ-KZSL-0002AR1,shunzhi,SRC-141,圣祖仁皇帝实录（维基文库康熙朝实录）,卷2,顺治十八年秋七月壬申,1661,守陵编制,https://zh.wikisource.org/wiki/康熙朝實錄/卷之2,,维基文库《康熙朝实录》卷2。官修实录数字文本，不是大红绫原件。,同时代·官方,户部题守陵内侍四十四、官员人役六十六、园地三百八十余晌，圈取拨给。从之。侧面，不是诏建原谕。
QH-SU-SZ-KZSL-0003AR1,shunzhi,SRC-141,圣祖仁皇帝实录（维基文库康熙朝实录）,卷3,顺治十八年九月丙戌,1661,设守陵兵,https://zh.wikisource.org/wiki/康熙朝實錄/卷之3,,维基文库《康熙朝实录》卷3。,同时代·官方,设兵一千名守护世祖章皇帝陵。
QH-SU-SZ-KZSL-0004AR1,shunzhi,SRC-141,圣祖仁皇帝实录（维基文库康熙朝实录）,卷4,顺治十八年十二月辛酉,1661,山陵大工停加派,https://zh.wikisource.org/wiki/康熙朝實錄/卷之4,,维基文库《康熙朝实录》卷4。,同时代·官方,谕户部：前因世祖皇帝山陵大工及滇闽用兵加征；元年通行停止。承认大工已立，不是「诏建飨殿地宫」全文。
QH-SU-SZ-KZSL-0005AR1,shunzhi,SRC-141,圣祖仁皇帝实录（维基文库康熙朝实录）,卷5,康熙元年三月甲戌朔,1662,尊陵曰孝陵,https://zh.wikisource.org/wiki/康熙朝實錄/卷之5,,维基文库《康熙朝实录》卷5。2026-09-12 整条打开。,同时代·官方,三月甲戌朔。尊世祖章皇帝陵、曰孝陵。动词是尊曰，不是建陵。通考作庚戌朔。
QH-SU-SZ-KZSL-0008AR1,shunzhi,SRC-135,圣祖仁皇帝实录（维基文库康熙朝实录）,卷8,康熙二年四月至六月,1663,奉移与奉安,https://zh.wikisource.org/wiki/康熙朝實錄/卷之8,,维基文库《康熙朝实录》卷8。,同时代·官方,四月辛酉奉移世祖宝宫；六月壬寅三人宝宫送地宫，戌时安奉石床毕，掩石门。
QH-SU-SZ-QSG-0006AR1,shunzhi,SRC-025,清史稿,卷6,康熙二年六月,1663,圣祖本纪葬句,https://zh.wikisource.org/wiki/清史稿/卷6,,维基文库《清史稿》卷6。后出本纪。,后出,六月，葬世祖章皇帝於孝陵，孝康皇后、端敬皇后祔焉。
QH-SU-SZ-WXTK-0151AR1,shunzhi,SRC-137,钦定皇朝文献通考,卷151,康熙元年至二年,1662,山陵门孝陵,https://www.shidianguji.com/book/SK1151/chapter/1leqtf28zc9wy,,识典古籍通考卷151。乾隆官修政书，不是实录日页。,后出,元年三月庚戌朔建陵称孝陵；二年四月辛酉奉移；六月壬寅奉安。
QH-SU-KX-QSG-0006I,kangxi,SRC-025,清史稿,卷6,康熙十七年正月乙未,1678,本纪条,https://zh.wikisource.org/wiki/清史稿/卷6,,维基文库《清史稿》卷6圣祖本纪一。后出本纪，不作终审。,后出,诏求博学鸿儒。不是十八年御试当日，也不是明史馆档。
QH-SU-KX-QSG-0006J,kangxi,SRC-025,清史稿,卷6,康熙十八年三月丙申朔,1679,本纪条,https://zh.wikisource.org/wiki/清史稿/卷6,,维基文库《清史稿》卷6圣祖本纪一。后出本纪，不作终审。,后出,御试博学鸿词于保和殿；同条修明史以徐元文、叶方蔼、张玉书为总裁。
QH-SU-KX-QSG-0006K,kangxi,SRC-025,清史稿,卷6,康熙十七年八月乙未,1678,本纪条,https://zh.wikisource.org/wiki/清史稿/卷6,,维基文库《清史稿》卷6圣祖本纪一。后出本纪，不作终审。,后出,吴三桂死、永兴围解之后：颁行康熙永年历。不是历狱逐日。
QH-SU-KX-QSG-0007N,kangxi,SRC-025,清史稿,卷7,康熙二十三年九月至十一月,1684,本纪多日,https://zh.wikisource.org/wiki/清史稿/卷7,,维基文库《清史稿》卷7圣祖本纪二。后出本纪，不作终审。,后出,丁亥诏南巡赐复一年；辛卯启銮；十月辛亥次桃源阅河工与靳辅论方略；十一月癸亥诣明陵；己卯诣先师庙书万世师表额。
QH-SU-KX-QSG-0007P,kangxi,SRC-025,清史稿,卷7,康熙二十四年夏四月己未,1685,本纪条,https://zh.wikisource.org/wiki/清史稿/卷7,,维基文库《清史稿》卷7圣祖本纪二。后出本纪，不作终审。,后出,谕纂修明史诸臣曾否参看前明实录；明史成日应将实录并存。
QH-SU-KX-QSG-0008C,kangxi,SRC-025,清史稿,卷8,康熙四十七年六月丁卯,1708,本纪条,https://zh.wikisource.org/wiki/清史稿/卷8,,维基文库《清史稿》卷8圣祖本纪三。后出本纪，不作终审。,后出,清文鉴成，上制序文。同年七月癸未平定朔漠方略成，不并入本条。
QH-SU-KX-QSG-0008D,kangxi,SRC-025,清史稿,卷8,康熙五十一年正月壬子至二月壬午,1712,本纪条,https://zh.wikisource.org/wiki/清史稿/卷8,,维基文库《清史稿》卷8圣祖本纪三。后出本纪，不作终审。,后出,正月壬子命内外大臣具摺陈事、摺奏自此始；二月壬午滋生户口勿庸更出丁钱。两句分主张，不互改。
QH-SU-KX-QSG-0008E,kangxi,SRC-025,清史稿,卷8,康熙五十八年二月己卯,1719,本纪条,https://zh.wikisource.org/wiki/清史稿/卷8,,维基文库《清史稿》卷8圣祖本纪三。后出本纪，不作终审。,后出,学士蒋廷锡表进皇舆全览图，颁赐廷臣。不是原图。
QH-SU-KX-YL-0001,kangxi,SRC-025,康熙五十七年杨琳奏十三行事（公布照片）,图像,康熙五十七年七月十六日,1718,折面,https://commons.wikimedia.org/wiki/File:%E5%BA%B7%E7%86%99%E4%BA%94%E5%8D%81%E4%B8%83%E5%B9%B4%E5%85%A9%E5%BB%A3%E7%B8%BD%E7%9D%A3%E6%A5%8A%E7%90%B3%E9%97%9C%E6%96%BC%E5%8D%81%E4%B8%89%E8%A1%8C%E7%9A%84%E5%A5%8F%E6%8A%98,,Commons 公布件；广州市国家档案馆藏，档号待核。图像层，不是汇编本，也不是一史馆原档。,同时代·官方,朱批可见字据 QH-IR-0007 登录。不整篇录黑字正文。
QH-SU-KX-QSG-0086A,kangxi,SRC-025,清史稿,卷86,谒陵,,志文,https://zh.wikisource.org/wiki/清史稿/卷86,,维基文库《清史稿》卷86礼五谒陵。后出志，不作终审。,后出,雍正元年定圣祖陵曰景陵；东陵凤台山封昌瑞山。
QH-SU-YZ-QSG-0086A,yongzheng,SRC-025,清史稿,卷86,谒陵,,志文,https://zh.wikisource.org/wiki/清史稿/卷86,,维基文库《清史稿》卷86礼五谒陵。后出志，不作终审。,后出,乾隆三年清明谒世宗泰陵；西陵太平峪封永宁山。
QH-SU-QL-WW-2006A,qianlong,SRC-144,王微《乾隆裕陵棺槨藏文经咒释读》,故宫博物院院刊,2006年第1期,2006,第48–65页,https://buddhism.lib.ntu.edu.tw/DLMBS/en/search/search_detail.jsp?seq=371981,,台大佛学数位图书馆书目已核。论文正文页未打开。,后出,棺椁藏文经咒释读。不是地宫墙字数档册，也不是档号。
QH-SU-JQ-QSG-0016C,jiaqing,SRC-025,清史稿,卷16,嘉庆元年正月,,教匪起,https://zh.wikisource.org/wiki/清史稿/卷16,,维基文库《清史稿》卷16仁宗本纪。后出本纪，不作终审。,后出,湖北枝江、宜都教匪起；当阳教匪起。本纪作教匪。
QH-SU-JQ-QSG-0016D,jiaqing,SRC-025,清史稿,卷16,嘉庆二年二月戊寅,,皇后崩,https://zh.wikisource.org/wiki/清史稿/卷16,,维基文库《清史稿》卷16。后出本纪。,后出,皇后崩；戊戌册谥孝淑皇后。
QH-SU-JQ-QSG-0016F,jiaqing,SRC-025,清史稿,卷16,嘉庆八年闰二月乙酉,,陈德犯驾,https://zh.wikisource.org/wiki/清史稿/卷16,,维基文库《清史稿》卷16。后出本纪。,后出,还驻圆明园后还宫入顺贞门，陈德突出犯驾，与二子伏诛。
QH-SU-JQ-QSG-0016H,jiaqing,SRC-025,清史稿,卷16,嘉庆二十一年七月乙卯,,英吉利使臣,https://zh.wikisource.org/wiki/清史稿/卷16,,维基文库《清史稿》卷16。后出本纪。,后出,带领英吉利国使臣不谙事体，不克入觐，带引大臣黜降。
QH-SU-JQ-QSG-0016I,jiaqing,SRC-025,清史稿,卷16,嘉庆二十五年七月己卯,,崩于行宫,https://zh.wikisource.org/wiki/清史稿/卷16,,维基文库《清史稿》卷16。后出本纪。,后出,驻跸避暑山庄；不豫大渐；宣诏立智亲王为皇太子；日加戌崩于行宫；道光元年三月癸酉葬昌陵。
QH-SU-JQ-QSG-0016J,jiaqing,SRC-025,清史稿,卷16,乾隆二十五年十月初六日,,出生与潜邸,https://zh.wikisource.org/wiki/清史稿/卷16,,维基文库《清史稿》卷16开篇。后出本纪。,后出,高宗第十五子；母魏佳氏；五十四年封嘉亲王；六十年九月策立皇太子。
QH-SU-JQ-QSG-0214C,jiaqing,SRC-025,清史稿,卷214,仁宗后妃,,后妃传仁宗段,https://zh.wikisource.org/wiki/清史稿/卷214,,维基文库《清史稿》卷214后妃传。后出纪传，不作终审。,后出,孝淑、孝和、恭顺、和裕及诸妃。玉牒未见。
QH-SU-JQ-QSG-0165A,jiaqing,SRC-025,清史稿,卷165,皇子世表五仁宗系,,世表,https://zh.wikisource.org/wiki/清史稿/卷165,,维基文库《清史稿》卷165。后出表，不作玉牒。,后出,穆郡王、绵恺、绵忻、绵愉；缺第二子行。
QH-SU-JQ-QSG-0166C,jiaqing,SRC-025,清史稿,卷166,公主表仁宗系,,公主表,https://zh.wikisource.org/wiki/清史稿/卷166,,维基文库《清史稿》卷166。后出表，不作玉牒。,后出,仁宗第一女至第九女。嘉庆中改冠封号于上是表例说明。
QH-SU-JQ-QSG-0221B,jiaqing,SRC-025,清史稿,卷221,诸王七仁宗诸子,,诸王传,https://zh.wikisource.org/wiki/清史稿/卷221,,维基文库《清史稿》卷221。后出纪传。,后出,仁宗五子总说；穆郡王未命名；绵恺苍震门。
QH-SU-JQ-QSG-0016K,jiaqing,SRC-025,清史稿,卷16,嘉庆十五年,,鸦片通饬,https://zh.wikisource.org/wiki/清史稿/卷16,,维基文库《清史稿》卷16。后出本纪。,后出,诏以鸦片烟戕生，通饬督抚断其来源。十八年七月再申严律。
QH-SU-JQ-QSG-0086A,jiaqing,SRC-025,清史稿,卷86,谒陵,,志文,https://zh.wikisource.org/wiki/清史稿/卷86,,维基文库《清史稿》卷86礼五谒陵。后出志，不作终审。,后出,东西陵名单；西陵太平峪封永宁山。
QH-SU-DG-QSG-0017B,daoguang,SRC-025,清史稿,卷17,乾隆四十七年八月初十日,1782,本纪条,https://zh.wikisource.org/wiki/清史稿/卷17,,维基文库《清史稿》卷17宣宗本纪一。后出本纪，不作终审。,后出,生上於擷芳殿。仁宗次子。母孝淑睿皇后。
QH-SU-DG-QSG-0017C,daoguang,SRC-025,清史稿,卷17,嘉庆四年四月戊戌,1799,本纪条,https://zh.wikisource.org/wiki/清史稿/卷17,,维基文库标点排印。后出本纪，不作终审。,后出,仁宗遵建储家法，亲书上名，缄藏鐍匣。
QH-SU-DG-QSG-0017D,daoguang,SRC-025,清史稿,卷17,嘉庆二十五年七月己卯至癸未,1820,本纪条,https://zh.wikisource.org/wiki/清史稿/卷17,,维基文库标点排印。后出本纪，不作终审。,后出,承德公启鐍匣；癸未节引太后懿旨并进呈硃谕。与实录卷一对读，文字有异。
QH-SU-DG-QSG-0214B,daoguang,SRC-025,清史稿,卷214,道光十一年至二十年,1831,后妃传宣宗孝全条,https://zh.wikisource.org/wiki/清史稿/卷214,,维基文库标点排印。后出，不作终审。,后出,全嫔至皇后时态；十一年六月己丑文宗生；二十年正月壬寅崩。
QH-SU-DG-QSG-0214C,daoguang,SRC-025,清史稿,卷214,咸丰五年,1855,后妃传宣宗孝静条,https://zh.wikisource.org/wiki/清史稿/卷214,,维基文库标点排印。后出，不作终审。,后出,孝静追上皇后谥，不系宣宗谥，不祔庙；慕东陵；子奕纲、奕继、皇六子。
QH-SU-DG-QSG-0165A,daoguang,SRC-025,清史稿,卷165,宣宗系,1850,皇子世表宣宗系,https://zh.wikisource.org/wiki/清史稿/卷165,,维基文库《清史稿》卷165。后出世表，不是玉牒。,后出,入序缺第四子；第八子作奕詒。表序不是自然序。
QH-SU-DG-QSG-0166A,daoguang,SRC-025,清史稿,卷166,宣宗系,1820,公主表宣宗十女,https://zh.wikisource.org/wiki/清史稿/卷166,,维基文库《清史稿》卷166。后出公主表，不是玉牒。,后出,宣宗十女。额驸异写照录。第九女光绪七年进封固伦，不是追进。
QH-SU-DG-QSG-0154A,daoguang,SRC-025,清史稿,卷154,道光十六年至二十二年,1836,邦交志英吉利道光段,https://zh.wikisource.org/wiki/清史稿/卷154,,维基文库《清史稿》卷154邦交志。后出志，比本纪叙事更满，不作战报或约本。,后出,许乃济弛禁已报可；箱数二万二百八十三；画诺于静海寺，是为白门条约。不升格为本纪已核现场。
QH-SU-DG-NJTY-0001A,daoguang,SRC-162,南京条约,汉文本,道光二十二年七月二十四日,1842,约文,https://zh.wikisource.org/wiki/南京條約,,维基文库公有领域汉文本。题记称出自《海关中外条约》卷1与《道光条约》卷1。不是原件，不作条款终审。,同时代·官方,五口；香港一岛常远据守主掌；以上三条酌定银数共二千一百万圆；江宁英船钤关防。
QH-SU-DG-XZSL-0001C,daoguang,SRC-031,宣宗成皇帝实录,卷一,乾隆辛亥至嘉庆朝,1791,卷端,https://zh.wikisource.org/wiki/清實錄/宣宗成皇帝實錄/卷一,,维基文库标点排印。官修编年层。转引高宗诗，不是已开御制诗集。,同时代·官方,威逊格尔获鹿；高宗诗幼孙中鹿赐花翎、所喜争先早二龄；养正书屋诗文集四十卷；主敬存诚勤学改过四箴。
QH-SU-DG-XZSL-0001D,daoguang,SRC-031,宣宗成皇帝实录,卷一,嘉庆二十五年七月癸未,1820,癸未懿旨条,https://zh.wikisource.org/wiki/清實錄/宣宗成皇帝實錄/卷一,,维基文库标点排印。官修编年层。不是私记。,同时代·官方,太后懿旨令即正尊位；覆奏进呈鐍匣所藏皇父朱谕。
QH-SU-DG-QSG-0086A,daoguang,SRC-025,清史稿,卷86,谒陵,,志文,https://zh.wikisource.org/wiki/清史稿/卷86,,维基文库《清史稿》卷86礼五谒陵。后出志，不作终审。,后出,慕陵入东西陵名单；咸丰五年孝贞谒慕陵。
QH-SU-XF-QSG-0086A,xianfeng,SRC-025,清史稿,卷86,谒陵,,志文,https://zh.wikisource.org/wiki/清史稿/卷86,,维基文库《清史稿》卷86礼五谒陵。后出志，不作终审。,后出,定陵入东西陵名单；咸丰五年孝贞谒西陵。
QH-SU-XF-MZSL-0155A,xianfeng,SRC-136,穆宗毅皇帝实录,卷155,同治四年九月甲申,1865,永远奉安定陵,https://www.shidianguji.com/book/LS0027/chapter/1kenw85jsqwp6,,识典古籍《穆宗实录》卷155。官修实录数字文本，不是大红绫原件。,同时代·官方,甲申永远奉安文宗、孝德梓宫于宝床。大葬礼成。
QH-SU-TZ-QSG-0021H,tongzhi,SRC-025,清史稿,卷21,咸丰十一年十月,1861,议政王、改元同治、垂帘章程,https://zh.wikisource.org/wiki/清史稿/卷21,,维基文库《清史稿》卷21穆宗本纪一。后出本纪，不作终审。,后出,十月丙辰朔命恭亲王为议政王在军机处行走；庚申诏改祺祥为同治；辛巳廷臣议上垂帘章程懿旨依议。
QH-SU-TZ-QSG-0021I,tongzhi,SRC-025,清史稿,卷21,同治元年三月至七月,1862,治平宝鉴书成与同文馆请设,https://zh.wikisource.org/wiki/清史稿/卷21,,维基文库《清史稿》卷21。后出本纪，不作终审。,后出,三月丁未汇纂帝王政治及前史垂帘事迹书成名治平宝鉴；七月丙午总理衙门请设同文馆习外国语言文字允之。
QH-SU-TZ-QSG-0021J,tongzhi,SRC-025,清史稿,卷21,同治四年三月至四月,1865,罢议政与仍直军机,https://zh.wikisource.org/wiki/清史稿/卷21,,维基文库《清史稿》卷21。后出本纪，不作终审。,后出,三月壬寅恭亲王罢军机撤议政；四月丁丑命仍直军机毋复议政。
QH-SU-TZ-QSG-0022F,tongzhi,SRC-025,清史稿,卷22,同治十三年十月至十一月,1874,病中代阅代缮呈览,https://zh.wikisource.org/wiki/清史稿/卷22,,维基文库《清史稿》卷22。后出本纪，不作终审。,后出,十月己亥上不豫命李鸿藻代阅章奏；十一月甲辰命恭亲王代缮批答清文摺件；己酉命内外奏牍呈两宫披览。
QH-SU-TZ-QSG-0221A,tongzhi,SRC-025,清史稿,卷221,咸丰十一年至同治十三年,1861—1875,恭忠亲王奕訢传议政段,https://zh.wikisource.org/wiki/清史稿/卷221,,维基文库《清史稿》卷221。后出列传，不作终审。,后出,授议政王；四年三月两太后谕责信任亲戚召对不检罢议政；仍管总理衙门再入军机；十三年七月失仪降郡王翌日复。
QH-SU-TZ-QSG-0086A,tongzhi,SRC-025,清史稿,卷86,谒陵,,志文,https://zh.wikisource.org/wiki/清史稿/卷86,,维基文库《清史稿》卷86礼五谒陵。后出志，不作终审。,后出,惠陵入东西陵名单，作入关序列收束；崇陵另句。
QH-SU-TZ-WQH-0001A,tongzhi,SRC-138,王其亨《清代建筑工程籍本的研究利用》转引,澎湃转载,光绪七年修编／元年至五年办公次序,1881,书目层,https://www.thepaper.cn/newsDetail_forward_12357601,,王其亨文转引北大图善本《惠陵工程备要》。稿本正文本次未见。,后出,记延昌光绪七年抄本六卷；转引卷一办公次序「光绪元年正月起至五年十月止」。同馆另记《惠陵工程记略》。索书号未见。不升格兴工日。
QH-SU-TZ-DPM-0001A,tongzhi,SRC-143,故宫博物院「清东陵」说明页,官网图题,今貌,2010s,惠陵牌楼门图题,https://www.dpm.org.cn/court/system/236370.html,,故宫官网图题「惠陵牌楼门和望柱及金星山远眺」。许可未核，不下载。,后出,只证馆方有惠陵今貌图题。不得入库空壳图。
QH-SU-GX-QSG-0023F,guangxu,SRC-025,清史稿,卷23,同治十年六月,1871,本纪开篇,https://zh.wikisource.org/wiki/清史稿/卷23,,维基文库《清史稿》卷23德宗本纪一。2026-09-12 回原文。后出本纪，不作终审。,后出,文宗嗣子，穆宗从弟。本生父醇贤亲王奕譞，宣宗第七子。本生母叶赫那拉氏，孝钦皇后女弟。同治十年六月，诞于太平湖邸第。
QH-SU-GX-QSG-0023G,guangxu,SRC-025,清史稿,卷23,光绪十二年六月壬申至庚辰,1886,本纪条,https://zh.wikisource.org/wiki/清史稿/卷23,,维基文库《清史稿》卷23。2026-09-12 回原文。后出本纪，不作终审。,后出,懿旨钦天监于明年正月择皇帝亲政日期。醇亲王暨王大臣合词疏请仍训政，不许；复请，懿旨勉从之。
QH-SU-GX-QSG-0023H,guangxu,SRC-025,清史稿,卷23,光绪十四年二月,1888,本纪条,https://zh.wikisource.org/wiki/清史稿/卷23,,维基文库《清史稿》卷23。2026-09-12 回原文。后出本纪，不作终审。,后出,是月，诏修葺颐和园，备皇太后临幸。
QH-SU-GX-QSG-0023O,guangxu,SRC-025,清史稿,卷23,光绪十四年六月壬寅,1888,本纪条,https://zh.wikisource.org/wiki/清史稿/卷23,,维基文库《清史稿》卷23。2026-09-12 回原文。后出本纪，不作终审。,后出,懿旨，明年二月初三日归政。
QH-SU-GX-QSG-0023I,guangxu,SRC-025,清史稿,卷23,光绪十四年十月癸未,1888,本纪条,https://zh.wikisource.org/wiki/清史稿/卷23,,维基文库《清史稿》卷23。2026-09-12 回原文。后出本纪，不作终审。,后出,癸未，懿旨立叶赫那拉氏为皇后。
QH-SU-GX-QSG-0023J,guangxu,SRC-025,清史稿,卷23,光绪十四年十二月丁酉,1888,本纪条,https://zh.wikisource.org/wiki/清史稿/卷23,,维基文库《清史稿》卷23。2026-09-12 回原文。后出本纪，不作终审。,后出,懿旨，以水灾停减颐和园工作。
QH-SU-GX-QSG-0023P,guangxu,SRC-025,清史稿,卷23,光绪十五年三月戊辰,1889,本纪条,https://zh.wikisource.org/wiki/清史稿/卷23,,维基文库《清史稿》卷23。2026-09-12 回原文。后出本纪，不作终审。,后出,上奉皇太后幸颐和园，阅水陆操。
QH-SU-GX-QSG-0023L,guangxu,SRC-025,清史稿,卷23,光绪十六年十一月丁亥,1890,本纪条,https://zh.wikisource.org/wiki/清史稿/卷23,,维基文库《清史稿》卷23。2026-09-12 回原文。后出本纪，不作终审。,后出,丁亥，醇亲王薨。懿旨定称号曰皇帝本生考；己丑赐谥曰贤。
QH-SU-GX-QSG-0023M,guangxu,SRC-025,清史稿,卷23,光绪十七年四月辛酉,1891,本纪条,https://zh.wikisource.org/wiki/清史稿/卷23,,维基文库《清史稿》卷23。2026-09-12 回原文。后出本纪，不作终审。,后出,辛酉，颐和园蕆工，上奉皇太后临幸自此始。不得写成十六年蒇工。
QH-SU-GX-QSG-0023N,guangxu,SRC-025,清史稿,卷23,光绪二十年八月庚午,1894,本纪条,https://zh.wikisource.org/wiki/清史稿/卷23,,维基文库《清史稿》卷23。2026-09-12 回原文。后出本纪，不作终审。,后出,懿旨，六旬庆辰停止颐和园受贺。
QH-SU-GX-QSG-0024H,guangxu,SRC-025,清史稿,卷24,光绪二十四年四月乙巳,1898,本纪条,https://zh.wikisource.org/wiki/清史稿/卷24,,维基文库《清史稿》卷24德宗本纪二。2026-09-12 回原文。后出本纪，不作终审。,后出,诏定国是。京师大学堂为行省倡，尤应首先举办。
QH-SU-GX-QSG-0024I,guangxu,SRC-025,清史稿,卷24,光绪二十四年四月己酉庚戌,1898,本纪条,https://zh.wikisource.org/wiki/清史稿/卷24,,维基文库《清史稿》卷24。2026-09-12 回原文。后出本纪，不作终审。,后出,己酉，翁同龢罢。庚戌，召见工部主事康有为，命充总理各国事务衙门章京。
QH-SU-GX-QSG-0024J,guangxu,SRC-025,清史稿,卷24,光绪二十四年八月辛卯,1898,本纪条,https://zh.wikisource.org/wiki/清史稿/卷24,,维基文库《清史稿》卷24。2026-09-12 回原文。后出本纪，不作终审。,后出,辛卯，上称疾，征医天下。与八月丁亥训政条（0024B）分层。
QH-SU-GX-QSG-0024K,guangxu,SRC-025,清史稿,卷24,光绪二十五年十二月丁酉,1899,本纪条,https://zh.wikisource.org/wiki/清史稿/卷24,,维基文库《清史稿》卷24。2026-09-12 回原文。后出本纪，不作终审。,后出,诏以端郡王载漪之子溥俊为穆宗嗣，封皇子。
QH-SU-GX-QSG-0024L,guangxu,SRC-025,清史稿,卷24,光绪二十六年十二月丁未,1901,本纪条,https://zh.wikisource.org/wiki/清史稿/卷24,,维基文库《清史稿》卷24。2026-09-12 回原文。后出本纪，不作终审。纪年仍是二十六年。,后出,诏议变法，军机大臣、大学士、六部、九卿、出使大臣、直省督抚参酌中西政要，条举以闻。
QH-SU-GX-QSG-0024M,guangxu,SRC-025,清史稿,卷24,光绪二十七年三月己巳,1901,本纪条,https://zh.wikisource.org/wiki/清史稿/卷24,,维基文库《清史稿》卷24。2026-09-12 回原文。后出本纪，不作终审。,后出,诏立督办政务处，奕劻、李鸿章、荣禄、昆冈、王文韶、鹿传霖并为督理大臣，刘坤一、张之洞遥为参预。
QH-SU-GX-QSG-0024N,guangxu,SRC-025,清史稿,卷24,光绪二十七年七月戊子,1901,本纪条,https://zh.wikisource.org/wiki/清史稿/卷24,,维基文库《清史稿》卷24。2026-09-12 回原文。后出本纪，不作终审。,后出,全权大臣奕劻、李鸿章与十一国公使议订和约十二款成。本纪只给结果，不给各款条文。
QH-SU-GX-QSG-0024O,guangxu,SRC-025,清史稿,卷24,光绪二十七年八月乙未癸丑,1901,本纪条,https://zh.wikisource.org/wiki/清史稿/卷24,,维基文库《清史稿》卷24。2026-09-12 回原文。后出本纪，不作终审。,后出,乙未，诏直省立学堂。癸丑，诏以变法图强示天下，并以刘坤一、张之洞条奏命各疆吏举要通筹。
QH-SU-GX-QSG-0024P,guangxu,SRC-025,清史稿,卷24,光绪二十七年十一月庚寅辛卯,1901,本纪条,https://zh.wikisource.org/wiki/清史稿/卷24,,维基文库《清史稿》卷24。2026-09-12 回原文。后出本纪，不作终审。,后出,庚寅，上奉皇太后至自西安。辛卯，诏以珍妃上年殉节宫中，追晋贵妃。
QH-SU-GX-QSG-0024Q,guangxu,SRC-025,清史稿,卷24,光绪三十一年八月甲辰至九月庚辰,1905,本纪条,https://zh.wikisource.org/wiki/清史稿/卷24,,维基文库《清史稿》卷24。2026-09-12 回原文。后出本纪，不作终审。,后出,八月甲辰，诏废科举。九月庚辰，初置巡警部。
QH-SU-GX-QSG-0024R,guangxu,SRC-025,清史稿,卷24,光绪三十二年九月甲寅,1906,本纪条,https://zh.wikisource.org/wiki/清史稿/卷24,,维基文库《清史稿》卷24。2026-09-12 回原文。后出本纪，不作终审。,后出,诏更定官制：巡警改民政，户部改度支，兵部改陆军，刑部改法部，工部并入商部为农工商部；增设邮传部、海军部、军谘府、资政院、审计院。
QH-SU-GX-QSG-0024S,guangxu,SRC-025,清史稿,卷24,光绪三十四年十月壬申,1908,本纪条,https://zh.wikisource.org/wiki/清史稿/卷24,,维基文库《清史稿》卷24。2026-09-12 回原文。后出本纪，不作终审。,后出,懿旨，醇亲王载沣之子溥仪在宫中教养，覆命载沣监国为摄政王。崩条见既有 0024E。
QH-SU-GX-QSG-0024T,guangxu,SRC-025,清史稿,卷24,宣统元年正月己酉,1909,本纪条,https://zh.wikisource.org/wiki/清史稿/卷24,,维基文库《清史稿》卷24。2026-09-12 回原文。后出本纪，不作终审。,后出,上尊谥，庙号德宗，葬崇陵。
QH-SU-GX-QSG-0214A,guangxu,SRC-025,清史稿,卷214,光绪十四年至宣统三年,1888,后妃传·孝定,https://zh.wikisource.org/wiki/清史稿/卷214,,维基文库《清史稿》卷214后妃传。2026-09-12 回原文。后出列传，不作终审。,后出,德宗孝定景皇后，叶赫那拉氏，都统桂祥女，孝钦侄女。十四年十月聘，十五年正月立为皇后。宣统即位称兼祧母后，尊为皇太后，上徽号曰隆裕。
QH-SU-GX-QSG-0214B,guangxu,SRC-025,清史稿,卷214,光绪十四年至甲子,1888,后妃传·端康,https://zh.wikisource.org/wiki/清史稿/卷214,,维基文库《清史稿》卷214。2026-09-12 回原文。后出列传，不作终审。,后出,端康皇贵妃，他他拉氏。十四年选为瑾嫔。二十年进瑾妃。以女弟珍妃忤太后，同降贵人。二十一年仍封瑾妃。
QH-SU-GX-QSG-0214C,guangxu,SRC-025,清史稿,卷214,光绪十四年至二十七年,1888,后妃传·恪顺,https://zh.wikisource.org/wiki/清史稿/卷214,,维基文库《清史稿》卷214。2026-09-12 回原文。后出列传，不作终审。,后出,恪顺皇贵妃，他他拉氏，端康女弟。同选为珍嫔，进珍妃。二十六年太后出巡，沈于井。二十七年追进皇贵妃。葬西直门外，移祔崇陵。
QH-SU-GX-QSG-0214D,guangxu,SRC-025,清史稿,卷214,光绪十五年至二十年,1889,后妃传·孝钦园居,https://zh.wikisource.org/wiki/清史稿/卷214,,维基文库《清史稿》卷214孝钦段。2026-09-12 回原文。后出列传，不作终审。,后出,十五年二月己卯太后归政。命葺治万寿山大报恩延寿寺，并更清漪园为颐和园。既归政，奉太后驻焉。
QH-SU-GX-QSG-0214E,guangxu,SRC-025,清史稿,卷214,光绪二十四年至二十七年,1898,后妃传·孝钦瀛台,https://zh.wikisource.org/wiki/清史稿/卷214,,维基文库《清史稿》卷214孝钦段。2026-09-12 回原文。后出列传，不作终审。,后出,二十四年八月丁亥，太后遽自颐和园还宫，复训政。以上有疾，命居瀛台养疴。二十七年还京师。上仍居瀛台养疴。太后屡下诏：母子一心，励行新政。
QH-SU-GX-QSG-0086A,guangxu,SRC-025,清史稿,卷86,谒陵,,志文,https://zh.wikisource.org/wiki/清史稿/卷86,,维基文库《清史稿》卷86礼五谒陵。后出志，不作终审。,后出,宣统初德宗葬兴隆峪号崇陵。
QH-SU-GX-QSG-0025J,guangxu,SRC-025,清史稿,卷25,光绪三十四年十二月乙丑,1908,定金龙峪崇陵,https://zh.wikisource.org/wiki/清史稿/卷25,,维基文库《清史稿》卷25。后出本纪。,后出,诏定西陵金龙峪为德宗山陵，称曰崇陵。与卷86兴隆峪分层。
QH-SU-XT-QSG-0025E,xuantong,SRC-025,清史稿,卷25,光绪三十四年十月癸酉,1908,立嗣与监国,https://zh.wikisource.org/wiki/清史稿/卷25,,维基文库《清史稿》卷25。后出本纪，不作终审。,后出,入承大统嗣穆宗兼承大行皇帝之祧时年三岁；摄政王载沣监国；军国机务悉取摄政王处分称诏行之。短引。
QH-SU-XT-QSG-0025F,xuantong,SRC-025,清史稿,卷25,光绪三十四年十月己卯,1908,诰诫服从摄政王,https://zh.wikisource.org/wiki/清史稿/卷25,,维基文库《清史稿》卷25。后出本纪，不作终审。,后出,军国政事由监国摄政王裁定为大行太皇太后懿旨；自朕以下一体服从。短引。
QH-SU-XT-QSG-0025I,xuantong,SRC-025,清史稿,卷25,宣统三年四月戊寅,1911,责任内阁与裁批本处,https://zh.wikisource.org/wiki/清史稿/卷25,,维基文库《清史稿》卷25。后出本纪，不作终审。,后出,改立责任内阁；罢旧内阁军机处会议政务处；罢批本处俱归其事于内阁。短引。
QH-SU-XT-QSG-0025J,xuantong,SRC-025,清史稿,卷25,宣统三年十月庚戌,1911,缴监国摄政王章,https://zh.wikisource.org/wiki/清史稿/卷25,,维基文库《清史稿》卷25。后出本纪，不作终审。,后出,监国摄政王载沣奏皇太后缴监国摄政王章退归藩邸。短引。
QH-SU-XT-YD-0001A,xuantong,SRC-120,清室优待条件,甲款,宣统三年十二月二十五日,1912,优待甲款,https://zh.wikisource.org/wiki/清室優待條件,,维基文库标点排印。1912年官文书文本层。,同时代·官方,尊号仍存不废；暂居宫禁日后移居颐和园；宗庙陵寝永远奉祀；崇陵未完工程如制妥修；原有私产特别保护。短引。
QH-SU-XT-YD-0002A,xuantong,SRC-121,故宫说明页·修正清室优待条件,馆方页,民国十三年十一月四日,1924,即日移出宫禁,https://www.dpm.org.cn/classify_detail/156786.html,,故宫博物院说明页。后出馆方叙述。,后出,清室应该按照原优待条件第三条即日移出宫禁。短引。不是公报原件。
QH-SU-XT-SHWY-0001A,xuantong,SRC-122,故宫词条·清室善后委员会,馆方页,民国十三年十一月七日,1924,组织委员会,https://www.dpm.org.cn/lemmas/240555.html,,故宫博物院词条。后出馆方叙述。,后出,着国务院组织善后委员会会同清室近支清理公产私产；宫禁备充国立图书博物馆。短引。
