Assertion ID,reign,主张类型,主体 ID,谓词/关系,客体 ID 或值,原始时间表达,公历下界,公历上界,公历说明,确定性,状态,来源实体 ID,卷页/档号/图像定位,支持引文,冲突组 ID,编辑备注
QH-A-KX-0001,kangxi,事件发生,QH-P-000001,accession_occurred,即皇帝位,顺治十八年正月初九日,1661-02-07,1661-02-07,,确定,已采纳,QH-SU-KX-0001,卷1；顺治十八年正月初九日；1/3,上即皇帝位,,只证明该实录版本的即位记录；公历日级对照为1661-02-07；韩国页面仅标1661年；换算依 CAL-001，尚未逐条核录
QH-A-KX-0002,kangxi,文字或数值陈述,QH-P-000001,ritual_self_designation,皇太子臣玄烨,顺治十八年正月初九日,1661-02-07,1661-02-07,,确定,已采纳,QH-SU-KX-0001,卷1；祭告昊天祝文,皇太子臣玄燁,,记录祝文中的当时自称；不是永久称号；公历日级对照为1661-02-07；韩国页面仅标1661年；换算依 CAL-001，尚未逐条核录
QH-A-KX-0003,kangxi,文字或数值陈述,QH-P-000001,accession_justification,恪遵遗诏并俯徇舆情,顺治十八年正月初九日,1661-02-07,1661-02-07,,确定,已采纳,QH-SU-KX-0001,卷1；祭告昊天祝文,臣恪遵遺詔,,这是即位文本的制度性自述；遗诏原件和形成过程另建证据；公历日级对照为1661-02-07；韩国页面仅标1661年；换算依 CAL-001，尚未逐条核录
QH-A-KX-0004,kangxi,事件参与,QH-P-000001,delegated_heaven_announcement,穆琛祭告昊天上帝,顺治十八年正月初九日黎明,1661-02-07,1661-02-07,,确定,已采纳,QH-SU-KX-0001,卷1；即位礼仪段,穆琛祭告昊天上帝,,穆琛尚未建立稳定人物ID；暂存字面值；公历日级对照为1661-02-07；韩国页面仅标1661年；换算依 CAL-001，尚未逐条核录
QH-A-KX-0005,kangxi,事件参与,QH-P-000001,delegated_earth_announcement,济世哈告地祇,顺治十八年正月初九日,1661-02-07,1661-02-07,,确定,已采纳,QH-SU-KX-0001,卷1；即位礼仪段,濟世哈告地祇,,济世哈尚未建立稳定人物ID；暂存字面值；公历日级对照为1661-02-07；韩国页面仅标1661年；换算依 CAL-001，尚未逐条核录
QH-A-KX-0006,kangxi,事件参与,QH-P-000001,delegated_ancestral_temple_announcement,穆里玛告太庙,顺治十八年正月初九日,1661-02-07,1661-02-07,,确定,已采纳,QH-SU-KX-0001,卷1；即位礼仪段,穆里瑪告太廟,,穆里玛尚未建立稳定人物ID；暂存字面值；公历日级对照为1661-02-07；韩国页面仅标1661年；换算依 CAL-001，尚未逐条核录
QH-A-KX-0007,kangxi,事件参与,QH-P-000001,delegated_altars_announcement,明安达礼告社稷,顺治十八年正月初九日,1661-02-07,1661-02-07,,确定,已采纳,QH-SU-KX-0001,卷1；即位礼仪段,明安達禮告社稷,,明安达礼尚未建立稳定人物ID；暂存字面值；公历日级对照为1661-02-07；韩国页面仅标1661年；换算依 CAL-001，尚未逐条核录
QH-A-KX-0008,kangxi,事件发生,QH-P-000001,performed_mourning_ritual,在大行皇帝几筵前行三跪九叩礼,顺治十八年正月初九日,1661-02-07,1661-02-07,,确定,已采纳,QH-SU-KX-0001,卷1；即位礼仪段,行三跪九叩禮,,礼仪动作与政治继承事件分层保存；公历日级对照为1661-02-07；韩国页面仅标1661年；换算依 CAL-001，尚未逐条核录
QH-A-KX-0009,kangxi,事件发生,QH-P-000001,paid_respects_to_empress_dowager,赴皇太后宫行礼,顺治十八年正月初九日,1661-02-07,1661-02-07,,确定,已采纳,QH-SU-KX-0001,卷1；即位礼仪段,詣皇太后宮行禮,,该条本身未在此处展开皇太后具体人物认定；公历日级对照为1661-02-07；韩国页面仅标1661年；换算依 CAL-001，尚未逐条核录
QH-A-KX-0010,kangxi,事件发生,QH-P-000001,ascended_throne_at,太和殿,顺治十八年正月初九日,1661-02-07,1661-02-07,,确定,已采纳,QH-SU-KX-0001,卷1；即位礼仪段,御太和殿陞寶座,,地点实体和建筑沿革待另建；公历日级对照为1661-02-07；韩国页面仅标1661年；换算依 CAL-001，尚未逐条核录
QH-A-KX-0011,kangxi,文字或数值陈述,QH-P-000001,ceremonial_music_status,中和乐设置但不演奏,顺治十八年正月初九日,1661-02-07,1661-02-07,,确定,已采纳,QH-SU-KX-0001,卷1；即位礼仪段,中和樂設而不作,,与服丧情境相关；解释需礼制来源；公历日级对照为1661-02-07；韩国页面仅标1661年；换算依 CAL-001，尚未逐条核录
QH-A-KX-0012,kangxi,事件发生,QH-P-000001,waived_congratulatory_memorial,免宣贺表,顺治十八年正月初九日,1661-02-07,1661-02-07,,确定,已采纳,QH-SU-KX-0001,卷1；即位礼仪段,上命免宣賀表,,不推定免除原因；只记录命令；公历日级对照为1661-02-07；韩国页面仅标1661年；换算依 CAL-001，尚未逐条核录
QH-A-KX-0013,kangxi,事件发生,QH-P-000001,issued_general_amnesty,颁诏大赦,顺治十八年正月初九日,1661-02-07,1661-02-07,,确定,已采纳,QH-SU-KX-0001,卷1；即位礼仪段,頒詔大赦,,赦免具体范围需继续拆解诏文；公历日级对照为1661-02-07；韩国页面仅标1661年；换算依 CAL-001，尚未逐条核录
QH-A-KX-0014,kangxi,称号授予,QH-P-000001,announced_next_reign_era,明年为康熙元年,顺治十八年正月初九日,1661-02-07,1661-02-07,,确定,已采纳,QH-SU-KX-0001,卷1；即位诏,以明年為康熙元年,,证明即位发生于顺治十八年而康熙纪年自下一年起；两种年份口径不可混写；公历日级对照为1661-02-07；韩国页面仅标1661年；换算依 CAL-001，尚未逐条核录
QH-A-KX-0015,kangxi,文字或数值陈述,QH-P-000001,testament_self_reported_reign_length,六十一年,康熙六十一年十一月十三日,1722-12-20,1722-12-20,,确定,已采纳,QH-SU-KX-0300,卷300；遗诏开篇,在位六十一年,,证明遗诏文本如此自述；不是现代公历时长计算；公历日级对照为1722-12-20；韩国页面仅标1722年；换算依 CAL-001，尚未逐条核录
QH-A-KX-0016,kangxi,文字或数值陈述,QH-P-000001,testament_self_reported_age,年届七旬,康熙六十一年十一月十三日,1722-12-20,1722-12-20,,确定,已采纳,QH-SU-KX-0300,卷300；遗诏开篇,今朕年屆七旬,,中国传统年龄口径待结合生辰另核；公历日级对照为1722-12-20；韩国页面仅标1722年；换算依 CAL-001，尚未逐条核录
QH-A-KX-0017,kangxi,文字或数值陈述,QH-P-000001,testament_descendant_count,子孙一百五十余人,康熙六十一年十一月十三日,1722-12-20,1722-12-20,,确定,已采纳,QH-SU-KX-0300,卷300；遗诏开篇,子孫百五十餘人,,这是遗诏自报的合计；范围和具体名单须以玉牒逐项核；公历日级对照为1722-12-20；韩国页面仅标1722年；换算依 CAL-001，尚未逐条核录
QH-A-KX-0018,kangxi,文字或数值陈述,QH-P-000001,testament_self_reported_learning,自幼读书并粗通古今道理,康熙六十一年十一月十三日,1722-12-20,1722-12-20,,确定,已采纳,QH-SU-KX-0300,卷300；遗诏自述段,朕自幼讀書,,这是自我表述而非独立能力测评；公历日级对照为1722-12-20；韩国页面仅标1722年；换算依 CAL-001，尚未逐条核录
QH-A-KX-0019,kangxi,文字或数值陈述,QH-P-000001,testament_self_reported_archery,能弯十五力弓并发十三把箭,康熙六十一年十一月十三日,1722-12-20,1722-12-20,,确定,已采纳,QH-SU-KX-0300,卷300；遗诏自述段,能彎十五力弓發十三把箭,,只证明遗诏如此自述；力弓和把箭的度量需专门解释；公历日级对照为1722-12-20；韩国页面仅标1722年；换算依 CAL-001，尚未逐条核录
QH-A-KX-0020,kangxi,文字或数值陈述,QH-P-000001,testament_claimed_military_planning,平定三藩和扫清漠北皆由一心运筹,康熙六十一年十一月十三日,1722-12-20,1722-12-20,,确定,已采纳,QH-SU-KX-0300,卷300；遗诏自评段,平定三藩掃清漠北,,这是皇帝自评；不能抹去将领官员和地方社会行动；公历日级对照为1722-12-20；韩国页面仅标1722年；换算依 CAL-001，尚未逐条核录
QH-A-KX-0021,kangxi,文字或数值陈述,QH-P-000001,testament_claimed_treasury_rule,帑金非用师赈饥不敢妄费,康熙六十一年十一月十三日,1722-12-20,1722-12-20,,确定,已采纳,QH-SU-KX-0300,卷300；遗诏财政自评段,非用師賑飢未敢妄費,,政策自评不等于财务审计结论；须与户部档案核对；公历日级对照为1722-12-20；韩国页面仅标1722年；换算依 CAL-001，尚未逐条核录
QH-A-KX-0022,kangxi,文字或数值陈述,QH-P-000001,testament_claimed_palace_decoration,巡狩行宫不施彩绘,康熙六十一年十一月十三日,1722-12-20,1722-12-20,,确定,已采纳,QH-SU-KX-0300,卷300；遗诏财政自评段,巡狩行宮不施采繪,,证明遗诏文本中的节俭叙事；不外推全部工程；公历日级对照为1722-12-20；韩国页面仅标1722年；换算依 CAL-001，尚未逐条核录
QH-A-KX-0023,kangxi,文字或数值陈述,QH-P-000001,testament_claimed_palace_annual_cost,每年一至二万金,康熙六十一年十一月十三日,1722-12-20,1722-12-20,,确定,已采纳,QH-SU-KX-0300,卷300；遗诏财政自评段,每歲所費不過一二萬金,,金的会计单位和统计范围待核；不能直接换算现代金额；公历日级对照为1722-12-20；韩国页面仅标1722年；换算依 CAL-001，尚未逐条核录
QH-A-KX-0024,kangxi,文字或数值陈述,QH-P-000001,testament_claimed_riverworks_annual_cost,每年三百余万,康熙六十一年十一月十三日,1722-12-20,1722-12-20,,确定,已采纳,QH-SU-KX-0300,卷300；遗诏财政自评段,河工歲費三百餘萬,,金额单位和财政范围须回查户部河工档；公历日级对照为1722-12-20；韩国页面仅标1722年；换算依 CAL-001，尚未逐条核录
QH-A-KX-0025,kangxi,文字或数值陈述,QH-P-000001,testament_requested_clan_protection,希望身后协心保全礼亲王和饶余王子孙,康熙六十一年十一月十三日,1722-12-20,1722-12-20,,确定,已采纳,QH-SU-KX-0300,卷300；遗诏末段,爾等若能協心保全,,需另建礼亲王与饶余王支系实体及指代解析；公历日级对照为1722-12-20；韩国页面仅标1722年；换算依 CAL-001，尚未逐条核录
QH-A-KX-0026,kangxi,文字或数值陈述,QH-P-000001,testament_identified_yinzhen,雍亲王皇四子胤禛,康熙六十一年十一月十三日,1722-12-20,1722-12-20,,确定,已采纳,QH-SU-KX-0300,卷300；遗诏继承条款,雍親王皇四子胤禛,,与QH-P-000002为同一人物；称号和排行均有时态；公历日级对照为1722-12-20；韩国页面仅标1722年；换算依 CAL-001，尚未逐条核录
QH-A-KX-0027,kangxi,文字或数值陈述,QH-P-000001,testament_evaluated_yinzhen,人品贵重并深肖朕躬,康熙六十一年十一月十三日,1722-12-20,1722-12-20,,确定,审核中,QH-SU-KX-0300,卷300；遗诏继承条款,人品貴重深肖朕躬,QH-CF-KX-SUCCESSION,这是遗诏中的评价性语言；不能直接视为康熙长期稳定的私下判断；公历日级对照为1722-12-20；韩国页面仅标1722年；换算依 CAL-001，尚未逐条核录
QH-A-KX-0028,kangxi,称号授予,QH-P-000001,designated_successor,QH-P-000002,康熙六十一年十一月十三日,1722-12-20,1722-12-20,,确定,审核中,QH-SU-KX-0300,卷300；遗诏继承条款,著繼朕登基即皇帝位,QH-CF-KX-SUCCESSION,只证明现存实录本所载遗诏含此条款；不能单独解决原诏形成传达增删或真伪争议；公历日级对照为1722-12-20；韩国页面仅标1722年；换算依 CAL-001，尚未逐条核录
QH-A-KX-0029,kangxi,事件发生,QH-P-000001,illness_became_critical,疾大渐,康熙六十一年十一月十三日丑刻,1722-12-20,1722-12-20,,确定,已采纳,QH-SU-KX-0300A,卷300；康熙六十一年十一月十三日；1/2；丑刻,上疾大漸,,只证明该实录版本记丑刻疾大渐；不推定病因。公历日级对照为1722-12-20；韩国页面仅标1722年；换算依 CAL-001，尚未逐条核录
QH-A-KX-0030,kangxi,事件发生,QH-P-000001,summoned_yinzhen_from_zhai,QH-P-000002,康熙六十一年十一月十三日丑刻,1722-12-20,1722-12-20,,确定,已采纳,QH-SU-KX-0300A,卷300；康熙六十一年十一月十三日；1/2；丑刻,命趣召皇四子胤禛於齋所,,斋所地点本条未写。胤禛此时不在寅刻御榻名单中。公历日级对照为1722-12-20；韩国页面仅标1722年；换算依 CAL-001，尚未逐条核录
QH-A-KX-0031,kangxi,事件发生,QH-P-000001,delegated_suburban_sacrifice,公吴尔占恭代南郊祀典,康熙六十一年十一月十三日丑刻,1722-12-20,1722-12-20,,确定,已采纳,QH-SU-KX-0300A,卷300；康熙六十一年十一月十三日；1/2,南郊祀典、著派公吳爾占恭代,,吴尔占尚未建立稳定人物ID；暂存字面值。不推定此前原定主祭者。公历日级对照为1722-12-20；韩国页面仅标1722年；换算依 CAL-001，尚未逐条核录
QH-A-KX-0032,kangxi,事件参与,QH-P-000001,summoned_to_bedside,皇三子诚亲王允祉；皇七子淳郡王允祐；皇八子贝勒允禩；皇九子贝子允禟；皇十子敦郡王允䄉；皇十二子贝子允祹；皇十三子胤祥；理藩院尚书隆科多,康熙六十一年十一月十三日寅刻,1722-12-20,1722-12-20,,确定,审核中,QH-SU-KX-0300A,卷300；康熙六十一年十一月十三日；1/2；寅刻,召皇三子誠親王允祉、皇七子淳郡王允祐、皇八子貝勒允禩、皇九子貝子允禟、皇十子敦郡王允䄉、皇十二子貝子允祹、皇十三子胤祥、理藩院尚書隆科多、至御榻前,QH-CF-YZ-DYJML-SCENE,名单以本条用字为准：允祉/允祐/允禩/允禟/允䄉/允祹与胤祥并存。皇四子不在此名单。皇七子允祐人物ID为QH-P-000061。已有ID：QH-P-000005、000061、000007、000008、000009、000010、000011、000048。公历日级对照为1722-12-20；韩国页面仅标1722年；换算依 CAL-001，尚未逐条核录
QH-A-KX-0033,kangxi,称号授予,QH-P-000001,oral_designated_successor,QH-P-000002,康熙六十一年十一月十三日寅刻,1722-12-20,1722-12-20,,确定,审核中,QH-SU-KX-0300A,卷300；康熙六十一年十一月十三日；1/2；御榻前口谕,著繼朕登基、即皇帝位,QH-CF-KX-SUCCESSION,这是御榻前口谕，与同日第2/2条遗诏文本分层。只证明现存实录本如此记载，不能单独解决口谕是否实有、何时形成或与遗诏关系。公历日级对照为1722-12-20；韩国页面仅标1722年；换算依 CAL-001，尚未逐条核录
QH-A-KX-0034,kangxi,事件发生,QH-P-000001,arrived_at_sleeping_palace,QH-P-000002,康熙六十一年十一月十三日巳刻,1722-12-20,1722-12-20,,确定,已采纳,QH-SU-KX-0300A,卷300；康熙六十一年十一月十三日；1/2；巳刻,巳刻。趨進寢宮,,本条记巳刻趋进寝宫；不写畅春园。与寅刻口谕的时间差按原文保留，不作路程推算。公历日级对照为1722-12-20；韩国页面仅标1722年；换算依 CAL-001，尚未逐条核录
QH-A-KX-0035,kangxi,文字或数值陈述,QH-P-000001,explained_worsening_illness,病势日臻,康熙六十一年十一月十三日巳刻,1722-12-20,1722-12-20,,确定,已采纳,QH-SU-KX-0300A,卷300；康熙六十一年十一月十三日；1/2,上告以病勢日臻之故,,只记录实录所载告知内容；对话其余部分本条未写。公历日级对照为1722-12-20；韩国页面仅标1722年；换算依 CAL-001，尚未逐条核录
QH-A-KX-0036,kangxi,事件发生,QH-P-000001,visited_to_ask_after_health,QH-P-000002,康熙六十一年十一月十三日,1722-12-20,1722-12-20,,确定,已采纳,QH-SU-KX-0300A,卷300；康熙六十一年十一月十三日；1/2,皇四子胤禛三次進見問安,,三次的具体时刻除巳刻趋进外，本条未再拆。公历日级对照为1722-12-20；韩国页面仅标1722年；换算依 CAL-001，尚未逐条核录
QH-A-KX-0037,kangxi,事件发生,QH-P-000001,died_at,寝宫,康熙六十一年十一月十三日戌刻,1722-12-20,1722-12-20,,确定,已采纳,QH-SU-KX-0300A,卷300；康熙六十一年十一月十三日；1/2；戌刻,戌刻。上崩於寢宮,,地点以本条用词「寝宫」为准，不得据此条写成畅春园或清溪书屋。时辰保留戌刻，不换算成钟点。死因本条未记。公历日级对照为1722-12-20；韩国页面仅标1722年；换算依 CAL-001，尚未逐条核录
QH-A-KX-0038,kangxi,事件参与,QH-P-000001,present_at_bedside,QH-P-000048,康熙六十一年十一月十三日寅刻,1722-12-20,1722-12-20,,确定,已采纳,QH-SU-KX-0300A,卷300；康熙六十一年十一月十三日；1/2；寅刻,理藩院尚書隆科多、至御榻前,,证明该实录版本记隆科多被召至御榻前。本条未写畅春园，故不能单独回答「是否在畅春园现场」。职衔以理藩院尚书为准。公历日级对照为1722-12-20；韩国页面仅标1722年；换算依 CAL-001，尚未逐条核录
QH-A-KX-0039,kangxi,事件发生,QH-P-000023,invested_as_empress,皇后,康熙四年七月,1665-08-11,1665-09-08,,确定,审核中,QH-SU-QSG-0214,卷214；孝诚仁皇后传,康熙四年七月，冊為皇后。,QH-CF-KX-EMPRESS-DATE,后妃传只写七月，无干支日。与本纪六「四年九月辛卯」冲突，两说并存，不择一。公历为康熙四年七月整月起止，待按 CAL-001 核录。不得据此写成「最爱」或冲喜。
QH-A-KX-0040,kangxi,事件发生,QH-P-000023,invested_as_empress,皇后,康熙四年九月辛卯,1665-10-16,1665-10-16,,确定,审核中,QH-SU-QSG-0006,卷6；康熙四年九月辛卯,九月辛卯，冊赫舍里氏為皇后，輔臣索尼之孫女也。,QH-CF-KX-EMPRESS-DATE,本纪六作九月辛卯，并记为索尼孙女。与后妃传七月冲突。公历1665-10-16依 CAL-001（九月初八辛卯），尚未逐条核录。
QH-A-KX-0041,kangxi,事件发生,QH-P-000023,gave_birth_to,QH-P-000004,康熙十三年五月丙寅,1674-06-06,1674-06-06,,确定,已采纳,QH-SU-QSG-0214,卷214；孝诚仁皇后传,十三年五月丙寅，生皇二子允礽，即於是日崩，年二十二。,,后妃传作皇二子允礽；本纪六同日作皇子胤礽生。异写保留，不另开冲突。嫡出身份仍待玉牒。公历依 CAL-001，尚未逐条核录。
QH-A-KX-0042,kangxi,事件发生,QH-P-000023,died_on,崩,康熙十三年五月丙寅,1674-06-06,1674-06-06,,确定,已采纳,QH-SU-QSG-0006,卷6；康熙十三年五月丙寅,五月丙寅，皇子胤礽生，皇后赫舍里氏崩。,,本纪六与后妃传均作生育当日崩。死因、难产、下毒均未写，不得补写。地点本条未记。
QH-A-KX-0043,kangxi,事件发生,QH-P-000023,died_on,崩,康熙十三年五月初三日,1674-06-06,1674-06-06,,确定,已采纳,QH-SU-KX-0048,卷48；辛酉颁诏,茲於康熙十三年五月初三日崩逝。,,实录颁诏给出月日「初三日」，与本纪/后妃传「五月丙寅」同日口径。氏族作何舍里氏，是赫舍里异写。ctext转录，待回韩国站核条次。
QH-A-KX-0044,kangxi,文字或数值陈述,QH-P-000023,posthumous_title_conferred,仁孝皇后,康熙十三年六月二十七日,1674-07-29,1674-07-29,,确定,已采纳,QH-SU-KX-0048,卷48；辛酉颁诏,本年六月二十七日、冊謚為仁孝皇后禮成。,,初谥是仁孝皇后，不是后来的孝诚仁皇后。雍正改谥另条。公历待按 CAL-001 核录。册文另称作朕元配。
QH-A-KX-0045,kangxi,事件发生,QH-P-000060,invested_as_empress,皇后,康熙十六年八月丙寅,1677-09-18,1677-09-18,,确定,已采纳,QH-SU-QSG-0006,卷6；康熙十六年八月丙寅,丙寅，冊立貴妃鈕祜祿氏為皇后，佟佳氏為貴妃。,,本纪记由贵妃册为皇后。后妃传只写初为妃、十六年八月册为皇后，未写贵妃。称号以本纪当日用词为准。公历依 CAL-001，尚未逐条核录。
QH-A-KX-0046,kangxi,事件发生,QH-P-000024,invested_as_consort,贵妃,康熙十六年八月丙寅,1677-09-18,1677-09-18,,确定,已采纳,QH-SU-QSG-0006,卷6；康熙十六年八月丙寅,丙寅，冊立貴妃鈕祜祿氏為皇后，佟佳氏為貴妃。,,与孝昭册后同日。此时她是贵妃，不是皇后。后妃传作康熙十六年为贵妃，与本纪日级记录相合。
QH-A-KX-0047,kangxi,事件发生,QH-P-000060,died_on,崩,康熙十七年二月丁卯,1678-03-18,1678-03-18,,确定,已采纳,QH-SU-QSG-0006,卷6；康熙十七年二月丁卯,丁卯，皇后鈕祜祿氏崩，謚曰孝昭皇后。,,本纪将崩与初谥写在同一日条。后妃传只写十七年二月丁卯崩，未在此句写谥。不得写成克夫或宫斗。公历依 CAL-001，尚未逐条核录。
QH-A-KX-0048,kangxi,事件发生,QH-P-000023,buried_at,昌瑞山陵,康熙二十年三月辛酉,1681-04-18,1681-05-16,,约略,已采纳,QH-SU-QSG-0006,卷6；康熙二十年三月辛酉,辛酉，葬仁孝皇后、孝昭皇后於昌瑞山陵。,,本纪用昌瑞山陵，后妃传孝诚条作葬孝东陵之东即景陵。陵名异写待陵寝专题。公历仅到三月起止，辛酉日待按 CAL-001 核录。孝昭同葬见时间轴，不另拆重复主张。
QH-A-KX-0049,kangxi,事件发生,QH-P-000024,invested_as_empress,皇后,康熙二十八年七月癸卯,1689-08-23,1689-08-23,,确定,已采纳,QH-SU-QSG-0007,卷7；康熙二十八年秋七月癸卯,癸卯，冊立貴妃佟氏為皇后。,,后妃传作二十八年七月病笃、册为皇后，无癸卯。本纪给出干支。此时由贵妃/皇贵妃册后，不是生下来就是皇后。公历依 CAL-001，尚未逐条核录。
QH-A-KX-0050,kangxi,事件发生,QH-P-000024,died_on,崩,康熙二十八年七月甲辰,1689-08-24,1689-08-24,,确定,已采纳,QH-SU-QSG-0007,卷7；康熙二十八年秋七月甲辰,甲辰，皇后崩，諡曰孝懿。,,后妃传作翌日甲辰崩，与本纪甲辰相合：册后次日崩，不是当日同时。不得写成谋杀或喜极而亡。她不是胤禛生母。
QH-A-KX-0051,kangxi,事件发生,QH-P-000025,gave_birth_to,QH-P-000002,康熙十七年十月丁酉,1678-12-13,1678-12-13,,确定,已采纳,QH-SU-QSG-0214,卷214；孝恭仁皇后传,康熙十七年十月丁酉，世宗生。,,后妃传此条证明生育世宗，不证明当时她是皇后。生母关系仍待玉牒核验。公历依 CAL-001，尚未逐条核录。
QH-A-KX-0052,kangxi,事件发生,QH-P-000025,invested_as_consort,德嫔,康熙十八年,1679-02-11,1680-01-30,,约略,已采纳,QH-SU-QSG-0214,卷214；孝恭仁皇后传,十八年，為德嬪。,,原纪年只到年。公历用康熙十八年整年起止，待按 CAL-001 核录；另待册文日期。当时称号是德嫔，不是皇后。
QH-A-KX-0053,kangxi,事件发生,QH-P-000025,invested_as_consort,德妃,康熙二十年,1681-01-29,1682-02-16,,约略,已采纳,QH-SU-QSG-0214,卷214；孝恭仁皇后传,二十年，進德妃。,,后妃传所记康熙朝最高位号为德妃。不得把后来的孝恭仁皇后倒写成康熙朝皇后。原纪年只到年。
QH-A-KX-0054,kangxi,文字或数值陈述,QH-P-000025,honored_as_empress_dowager,皇太后,世宗即位,1722-12-20,1723-06-25,,约略,审核中,QH-SU-QSG-0214,卷214；孝恭仁皇后传,世宗即位，尊為皇太后，擬上徽號曰仁壽皇太后，未上冊。,QH-CF-YZ-RENSHOU,尊太后在雍正朝，不在康熙朝。后妃传明写拟徽号仁寿、未上册。本纪九崩条称仁寿皇太后，两说并存。起止公历用康熙崩日到她本人崩日，精确册尊日期待世宗实录。
QH-A-KX-0055,kangxi,文字或数值陈述,QH-P-000025,titled_as,仁寿皇太后,雍正元年五月辛丑,1723-06-25,1723-06-25,,确定,审核中,QH-SU-QSG-0009,卷9；雍正元年五月辛丑,辛丑，仁壽皇太后崩，帝之生母也。,QH-CF-YZ-RENSHOU,本纪九在崩条使用仁寿皇太后这一称呼，并点明帝之生母。不能单独用来否定后妃传「未上册」，只能登记冲突。
QH-A-KX-0056,kangxi,事件发生,QH-P-000025,died_on,崩,雍正元年五月辛丑,1723-06-25,1723-06-25,,确定,已采纳,QH-SU-QSG-0214,卷214；孝恭仁皇后传,雍正元年五月辛丑，崩，年六十四。,,后妃传与本纪九同日。年龄六十四仅此后妃传。葬景陵待陵寝专题。公历依 CAL-001，尚未逐条核录。
QH-A-KX-0057,kangxi,文字或数值陈述,QH-P-000023,posthumous_title_changed,改谥,雍正元年,1723-02-05,1724-01-24,,约略,已采纳,QH-SU-QSG-0214,卷214；孝诚仁皇后传,雍正元年，改諡。,,后妃传未写改成哪一个全谥。最终「孝诚仁皇后」是累加谥，不能当成康熙十三年的称号。原纪年只到年。
QH-A-KX-0058,kangxi,文字或数值陈述,QH-P-000003,table_birth_order,圣祖第一子,清史稿卷164圣祖系（表无生年）,1661-02-07,1722-12-20,本条为世表／后妃传所述表序或结构类主张，原文未给生年；公历区间为编辑据父皇在位起迄推定的窗口，非本人时间。待按 CAL-001 核录。,确定,审核中,QH-SU-QSG-0164,卷164；圣祖系；胤禔行,胤禔〈聖祖第一子。,QH-CF-KX-PRINCE-ORDER,这是皇子世表的表序，不是玉牒自然序。后妃传称承瑞为圣祖长子。两说并存。公历字段只标父皇在位起迄，不是胤禔生卒。
QH-A-KX-0059,kangxi,文字或数值陈述,QH-P-000004,table_birth_order,圣祖第二子,清史稿卷164圣祖系（表无生年）,1661-02-07,1722-12-20,本条为世表／后妃传所述表序或结构类主张，原文未给生年；公历区间为编辑据父皇在位起迄推定的窗口，非本人时间。待按 CAL-001 核录。,确定,已采纳,QH-SU-QSG-0164,卷164；圣祖系；胤礽行,胤礽〈聖祖第二子。,,世表第二子。后妃传作皇二子允礽，与此表序相合。不能用来否定承祐、承瑞的存在。公历不是生卒。
QH-A-KX-0060,kangxi,文字或数值陈述,QH-P-000005,table_birth_order,圣祖第三子,清史稿卷164圣祖系（表无生年）,1661-02-07,1722-12-20,本条为世表／后妃传所述表序或结构类主张，原文未给生年；公历区间为编辑据父皇在位起迄推定的窗口，非本人时间。待按 CAL-001 核录。,确定,已采纳,QH-SU-QSG-0164,卷164；圣祖系；胤祉行,胤祉〈聖祖第三子。,,表序第三。下一号第四子在本卷无行。公历不是生卒。
QH-A-KX-0061,kangxi,文字或数值陈述,QH-P-000002,absent_from_volume,清史稿卷164圣祖系无第四子行,清史稿卷164圣祖系（表无生年）,1661-02-07,1722-12-20,本条为世表／后妃传所述表序或结构类主张，原文未给生年；公历区间为编辑据父皇在位起迄推定的窗口，非本人时间。待按 CAL-001 核录。,确定,审核中,QH-SU-QSG-0164,卷164；圣祖系；第一子至第五子之间,胤祉〈聖祖第三子。……胤祺〈聖祖第五子。,QH-CF-KX-PRINCE-ORDER,卷164在第三子与第五子之间跳号。不是证明康熙无第四子。实录和后妃传称皇四子/世宗。皇子世表按帝系分卷，第四子即后来世宗，子孙见卷165。
QH-A-KX-0062,kangxi,文字或数值陈述,QH-P-000062,table_birth_order,圣祖第六子,清史稿卷164圣祖系（表无生年）,1661-02-07,1722-12-20,本条为世表／后妃传所述表序或结构类主张，原文未给生年；公历区间为编辑据父皇在位起迄推定的窗口，非本人时间。待按 CAL-001 核录。,确定,已采纳,QH-SU-QSG-0164,卷164；圣祖系；胤祚行,胤祚〈聖祖第六子。早卒〉,,入序而早卒。六岁殇只见于后妃传孝恭条，不写进本条。公历不是生卒。
QH-A-KX-0063,kangxi,文字或数值陈述,QH-P-000061,table_birth_order,圣祖第七子,清史稿卷164圣祖系（表无生年）,1661-02-07,1722-12-20,本条为世表／后妃传所述表序或结构类主张，原文未给生年；公历区间为编辑据父皇在位起迄推定的窗口，非本人时间。待按 CAL-001 核录。,确定,已采纳,QH-SU-QSG-0164,卷164；圣祖系；胤祐行,胤祐〈聖祖第七子。康熙三十九年封貝勒，四十八年晉淳郡王，雍正元年晉淳親王，八年薨，諡曰度〉,,与实录崩逝条皇七子淳郡王允祐对应。世表用胤祐。公历不是生卒。
QH-A-KX-0064,kangxi,文字或数值陈述,QH-P-000012,named_in_table_as,胤禎,清史稿卷164圣祖系（表无生年）,1661-02-07,1722-12-20,本条为世表／后妃传所述表序或结构类主张，原文未给生年；公历区间为编辑据父皇在位起迄推定的窗口，非本人时间。待按 CAL-001 核录。,确定,已采纳,QH-SU-QSG-0164,卷164；圣祖系；第十四子行,胤禎〈聖祖第十四子。,,世表此行用胤禎。人物档规范名为胤禵，并记原名胤祯。三层名字并存。不能把此条写成传位十四子。
QH-A-KX-0065,kangxi,文字或数值陈述,QH-P-000071,listed_as_early_deceased,圣祖子早薨未入序,清史稿卷164圣祖系（表无生年）,1661-02-07,1722-12-20,本条为世表／后妃传所述表序或结构类主张，原文未给生年；公历区间为编辑据父皇在位起迄推定的窗口，非本人时间。待按 CAL-001 核录。,确定,审核中,QH-SU-QSG-0164,卷164；圣祖系卷末早薨列,承瑞〈聖祖子，早薨〉,QH-CF-KX-PRINCE-ORDER,世表不给第N子号。后妃传称其为圣祖长子。两说并存，不与胤禔合并。
QH-A-KX-0066,kangxi,文字或数值陈述,QH-P-000071,described_as_eldest_son,圣祖长子,清史稿卷214荣妃条（无生年）,1661-02-07,1722-12-20,本条为世表／后妃传所述表序或结构类主张，原文未给生年；公历区间为编辑据父皇在位起迄推定的窗口，非本人时间。待按 CAL-001 核录。,确定,审核中,QH-SU-QSG-0214,卷214；荣妃马佳氏,承瑞，為聖祖長子，四歲殤,QH-CF-KX-PRINCE-ORDER,后妃传自然序口径。世表第一子是胤禔。长子与第一子不是自动等同。四岁殇的具体年月日待玉牒。
QH-A-KX-0067,kangxi,文字或数值陈述,QH-P-000072,listed_as_early_deceased,圣祖子早薨未入序,清史稿卷164圣祖系（表无生年）,1661-02-07,1722-12-20,本条为世表／后妃传所述表序或结构类主张，原文未给生年；公历区间为编辑据父皇在位起迄推定的窗口，非本人时间。待按 CAL-001 核录。,确定,已采纳,QH-SU-QSG-0164,卷164；圣祖系卷末早薨列,承祐〈聖祖子，早薨〉,,后妃传孝诚子二：承祐四岁殇、允礽。十三年五月丙寅所生皇二子是允礽，不是承祐。
QH-A-KX-0068,kangxi,人物关系,QH-P-000013,adopted_out_to,博果铎之后,清史稿卷164圣祖系（表无生年）,1661-02-07,1722-12-20,本条为世表／后妃传所述表序或结构类主张，原文未给生年；公历区间为编辑据父皇在位起迄推定的窗口，非本人时间。待按 CAL-001 核录。,确定,已采纳,QH-SU-QSG-0164,卷164；圣祖系；胤禄行,胤祿〈聖祖第十六子，嗣博果鐸後。,,世表明记过继。生物父子仍是圣祖第十六子口径。两层关系必须分栏。博果铎尚未建档。
QH-A-KX-0069,kangxi,文字或数值陈述,QH-P-000001,father_of_in_table,卷164圣祖系入序23人加早薨11人，缺第四子行,清史稿卷164圣祖系（表无生年）,1661-02-07,1722-12-20,,约略,审核中,QH-SU-QSG-0164,卷164；圣祖系全表,聖祖第一子……聖祖第二十四子……承瑞〈聖祖子，早薨〉,QH-CF-KX-PRINCE-ORDER,本条是对已打开卷164的结构计数，不是玉牒35子结论。加上本卷缺号的第四子胤禛，才是通行35子口径。早夭与齿序随来源变化，不得压成一个排行。
QH-A-KX-0070,kangxi,事件发生,QH-P-000004,invested_as_heir,皇太子,康熙十四年十二月丙寅,1676-01-27,1676-01-27,,确定,审核中,QH-SU-QSG-0006,卷6；康熙十四年十二月丙寅,十二月丙寅，立皇子胤礽為皇太子，頒詔中外，加恩肆赦。,QH-CF-KX-INVEST-DAY,本纪六作十二月丙寅。列传卷220作十二月乙丑。两说并存，不择一。十二月已入公历1676年。换算依与四年九月辛卯、十三年五月丙寅同一历法对照，待按 CAL-001 核录。不得把六月择吉下谕写成册立当日。
QH-A-KX-0071,kangxi,事件发生,QH-P-000004,invested_as_heir,皇太子,康熙十四年十二月乙丑,1676-01-26,1676-01-26,,确定,审核中,QH-SU-QSG-0220,卷220；理密亲王允礽传,康熙十四年十二月乙丑，聖祖以太皇太后、皇太后命立為皇太子。,QH-CF-KX-INVEST-DAY,列传作乙丑，并记以太皇太后、皇太后命。本纪六作丙寅。冲突组保留。太皇太后命是否另有实录六月谕，本条未打开，不补写。
QH-A-KX-0072,kangxi,事件发生,QH-P-000004,arrested_as_heir,宣示罪状拘执送京幽禁,康熙四十七年九月丁丑,1708-10-17,1708-10-17,,确定,已采纳,QH-SU-QSG-0008,卷8；康熙四十七年九月丁丑,丁丑，召集廷臣行宮，宣示皇太子胤礽罪狀，命拘執之，送京幽禁。,,前一日乙亥驻布尔哈苏台。拘执与丁酉颁废不是同一天。本纪未逐条罗列罪状原文，不得从影视或百科补写。列传另有即日执允礽、命允禔监之，不并入本条。
QH-A-KX-0073,kangxi,事件发生,QH-P-000004,deposed_as_heir,废皇太子颁示天下,康熙四十七年九月丁酉,1708-11-06,1708-11-06,,确定,审核中,QH-SU-QSG-0008,卷8；康熙四十七年九月丁酉,丁酉，廢皇太子胤礽，頒示天下。,QH-CF-KX-DEPOSE-YEAR,本纪明记四十七年九月丁酉颁废。世表作四十六年废。两说并存。己丑还京在丁丑之后、丁酉之前，不把还京写成废太子日。
QH-A-KX-0074,kangxi,文字或数值陈述,QH-P-000004,deposed_as_heir,废皇太子,康熙四十六年,1707-02-03,1708-01-22,,确定,审核中,QH-SU-QSG-0164,卷164；圣祖系；第二子行,康熙十四年立爲皇太子，四十六年廢，四十八年復立，五十一年復廢。,QH-CF-KX-DEPOSE-YEAR,世表年无干支日。本纪八作四十七年九月废。公历为康熙四十六年整年起止。不得为了整齐改成四十七年。
QH-A-KX-0075,kangxi,事件发生,QH-P-000007,stripped_of_title,贝勒,康熙四十七年十月甲辰,1708-11-13,1708-11-13,,确定,已采纳,QH-SU-QSG-0008,卷8；康熙四十七年十月甲辰,冬十月甲辰，削貝勒胤禩爵。,,本纪只记削爵。不得据此写成八爷党夺嫡或已定罪名。同月庚子复贝勒是十一月事，见另条时间轴，不并入本日。
QH-A-KX-0076,kangxi,事件发生,QH-P-000003,stripped_of_title,直郡王；幽之,康熙四十七年十一月癸酉朔,1708-12-12,1708-12-12,,确定,已采纳,QH-SU-QSG-0008,卷8；康熙四十七年十一月癸酉朔,十一月癸酉朔，削直郡王胤禔爵，幽之。,,本纪同日削爵并幽之。镇魇细节见列传，不并入本条写成已核动机。
QH-A-KX-0077,kangxi,事件发生,QH-P-000004,petitioned_reinstatement,劳之辨奏保废太子被夺职杖之,康熙四十七年十一月辛巳,1708-12-20,1708-12-20,,确定,已采纳,QH-SU-QSG-0008,卷8；康熙四十七年十一月辛巳,辛巳，副都御史勞之辨奏保廢太子，奪職杖之。,,劳之辨尚未建人物档。本条只证明本纪有奏保被杖，不是第四次废立。
QH-A-KX-0078,kangxi,事件发生,QH-P-000007,proposed_as_heir,皇太子；上不可,康熙四十七年十一月丙戌,1708-12-25,1708-12-25,,确定,已采纳,QH-SU-QSG-0008,卷8；康熙四十七年十一月丙戌,丙戌，召集廷臣議建儲貳。阿靈阿、鄂倫岱、揆敘、王鴻緒及諸大臣以皇八子胤禩請，上不可。,,本纪记请立与上不可。不得合成八爷党夺嫡。阿灵阿等尚未逐人建档。庚子复胤禩贝勒是另日。
QH-A-KX-0079,kangxi,事件发生,QH-P-000004,released_from_confinement,释废太子,康熙四十七年十一月戊子,1708-12-27,1708-12-27,,确定,已采纳,QH-SU-QSG-0008,卷8；康熙四十七年十一月戊子,戊子，釋廢太子胤礽。,,释放不是复立。次日己丑王大臣请复立，本纪未记当日允准。复立在四十八年三月辛巳。
QH-A-KX-0080,kangxi,事件发生,QH-P-000004,reinstated_as_heir,皇太子,康熙四十八年三月辛巳,1709-04-19,1709-04-19,,确定,已采纳,QH-SU-QSG-0008,卷8；康熙四十八年三月辛巳,三月辛巳，復立胤礽為皇太子，昭告宗廟，頒詔天下。,,本纪与列传均作三月辛巳。十月戊午册封诸王贝勒是另事，不得写成九子夺嫡开始。
QH-A-KX-0081,kangxi,事件发生,QH-P-000004,deposed_as_heir,复以罪废锢于咸安宫,康熙五十一年九月庚戌,1712-10-29,1712-10-29,,确定,审核中,QH-SU-QSG-0008,卷8；康熙五十一年九月庚戌,九月庚戌，上奉皇太后還宮。皇太子胤礽復以罪廢，錮於咸安宮。,QH-CF-KX-DEPOSE2-MONTH,本纪作九月庚戌废并锢咸安宫。列传作五十一年十月复废。告庙在十一月丁未，不并入本日。罪名本条只写复以罪废，不补狂疾诊断。
QH-A-KX-0082,kangxi,事件发生,QH-P-000004,deposed_as_heir,复废太子禁锢咸安宫,康熙五十一年十月,1712-10-30,1712-11-27,,确定,审核中,QH-SU-QSG-0220,卷220；理密亲王允礽传,五十一年十月，复廢太子，禁錮咸安宮。,QH-CF-KX-DEPOSE2-MONTH,列传只到月。本纪作九月庚戌。公历为康熙五十一年十月整月。两说并存，不择一。
QH-A-KX-0083,kangxi,事件发生,QH-P-000004,announced_deposition_at_temple,复废皇太子告庙宣示天下,康熙五十一年十一月丁未,1712-12-25,1712-12-25,,确定,已采纳,QH-SU-QSG-0008,卷8；康熙五十一年十一月丁未,丁未，以復廢皇太子胤礽告廟，宣示天下。,,告庙宣示与九月庚戌废锢不是同一天。不得把告庙日写成再废当日。
QH-A-KX-0084,kangxi,事件发生,QH-P-000004,petitioned_reinstatement,朱天保请复立被诛,康熙五十七年二月癸卯,1718-03-25,1718-03-25,,确定,已采纳,QH-SU-QSG-0008,卷8；康熙五十七年二月癸卯,檢討朱天保上疏請復立胤礽為皇太子，上於行宮親訊之曰：「爾何知而違旨上奏？」朱天保曰：「臣聞之臣父，臣父令臣言之。」上曰：「此不忠不孝之人也。」命誅之。,,附属事件，不是第四次废立。朱天保尚未建人物档。列传另有戴保等连坐，不并入本纪此条。
QH-A-KX-0085,kangxi,事件发生,QH-P-000001,stationed_at,布尔哈苏台,康熙四十七年九月乙亥,1708-10-15,1708-10-15,,确定,已采纳,QH-SU-KX-0234A,卷234；康熙四十七年九月二日；1/2,是日、上駐蹕布爾哈蘇台。,,同条前有十八阿哥病「諒已無濟」谕，不得写成废太子原因。允祄薨见丁丑第2/2条。韩国页面仅标1708年。公历依与丁丑1708-10-17同一历法对照，待按 CAL-001 核录。
QH-A-KX-0086,kangxi,事件发生,QH-P-000004,arrested_as_heir,命跪后即行拘执,康熙四十七年九月丁丑,1708-10-17,1708-10-17,,确定,已采纳,QH-SU-KX-0234B,卷234；康熙四十七年九月四日；1/2,命皇太子允礽跪。……著將允礽即行拘執。,,实录用允礽。与本纪丁丑拘执同日，详于本纪。上谕「生而剋母」只记为用语，不得写成已核事实。同日第2/2条允祄薨不得并入本条。韩国页面仅标1708年。
QH-A-KX-0087,kangxi,文字或数值陈述,QH-P-000001,stated_not_to_invest,无意立允禔为皇太子,康熙四十七年九月丁丑,1708-10-17,1708-10-17,,确定,已采纳,QH-SU-KX-0234B,卷234；康熙四十七年九月四日；1/2,朕前命直郡王允禔、善護朕躬、並無欲立允禔為皇太子之意。,,这是拘执当日上谕的否定句，不是后来削胤禔爵。不得据此写成已选定他人。韩国页面仅标1708年。
QH-A-KX-0088,kangxi,事件发生,QH-P-000015,died_on,薨,康熙四十七年九月丁丑,1708-10-17,1708-10-17,,确定,已采纳,QH-SU-KX-0234C,卷234；康熙四十七年九月四日；2/2,皇子允祄薨。,,同日不同条。不得写成因为允祄死所以废太子。乙亥条只记病「諒已無濟」，薨日以本条为准。韩国页面仅标1708年。
QH-A-KX-0089,kangxi,事件发生,QH-P-000004,deposed_as_heir,废皇太子颁诏天下,康熙四十七年九月丁酉,1708-11-06,1708-11-06,,确定,审核中,QH-SU-KX-0234D,卷234；康熙四十七年九月二十四日；1/2,丁酉。以廢皇太子允礽。頒詔天下。,QH-CF-KX-DEPOSE-YEAR,实录与本纪均作四十七年九月丁酉。世表作四十六年废。两说并存。诏文「狂易成疾」只记为用语，不得写成已核诊断。韩国页面仅标1708年。
QH-A-KX-0090,kangxi,文字或数值陈述,QH-P-000004,edict_stated_ritual_date,九月十八日告祭废黜拘禁,康熙四十七年九月丁酉诏文所记,1708-11-06,1708-11-06,,确定,已采纳,QH-SU-KX-0234D,卷234；康熙四十七年九月二十四日；1/2；诏文,於康熙四十七年九月十八日、奉皇太后慈命、告祭天地、太廟、社稷。特廢黜拘禁。,,这是丁酉颁诏文本的自述日期，不是丁丑拘执日，也不是丁酉颁诏日。十八日条次本轮未打开，不另建事件。公历字段用颁诏日，不是十八日换算。韩国页面仅标1708年。
QH-A-KX-0091,kangxi,文字或数值陈述,QH-P-000003,reported_in_edict,欲诛允礽不必出自皇父之手,康熙四十七年九月戊戌,1708-11-07,1708-11-07,,确定,已采纳,QH-SU-KX-0234E,卷234；康熙四十七年九月二十五日；1/2,拘禁允礽時。允禔奏、允礽所行卑污、大失人心。……今欲誅允礽。不必出自皇父之手。,,这是上谕转述允禔曾奏，不是当场对质全文。相面人张明德、允禩后必大贵均为转述内容，不得写成已核预言或八爷党已证。镇魇仍以列传为另源。韩国页面仅标1708年。
QH-A-KX-0092,kangxi,事件发生,QH-P-000004,reinstated_as_heir,授册宝复立为皇太子,康熙四十八年三月辛巳,1709-04-19,1709-04-19,,确定,已采纳,QH-SU-KX-0237A,卷237；康熙四十八年三月十日；1/3,授皇太子允礽冊寶。復立為皇太子。,,实录与本纪均作三月辛巳。同条并记复封皇太子妃。当日1/3；2/3有硃书称今日乃立皇太子吉日，未拆入本条。韩国页面仅标1709年。
QH-A-KX-0093,kangxi,文字或数值陈述,QH-P-000001,father_of_in_princess_table,卷166圣祖亲生女二十人，另附抚育一女,清史稿卷166公主表圣祖系（表无统一生年）,1668-02-12,1736-02-11,,约略,已采纳,QH-SU-QSG-0166,卷166；圣祖第一女至第二十女；抚弟常宁第一女,聖祖第一女……聖祖第二十女……聖祖撫弟恭親王常寧第一女,,本条是对已打开卷166的结构计数，不是玉牒二十女结论。抚育女不计入亲生二十。未封十二、受封八。公历用第一女生年所在康熙七年起，至第六女薨年雍正十三年止，不是全表精确起迄。
QH-A-KX-0094,kangxi,文字或数值陈述,QH-P-000021,table_daughter_order,圣祖第三女,清史稿卷166第三女行,1673-02-16,1728-01-28,本条为公主表表序类主张，原文时间仅及年号；公历区间为编辑据表内生薨年所在年号推定的窗口，非确切日期。待按 CAL-001 核录。,确定,已采纳,QH-SU-QSG-0166,卷166；圣祖第三女,聖祖第三女　榮妃馬佳氏生,,表序第三女。生母候选荣妃马佳氏 QH-P-000027。这是公主表序齿，不是玉牒自然序。公历用表内生薨年所在年号起迄，待按 CAL-001 核录。
QH-A-KX-0095,kangxi,事件发生,QH-P-000021,invested_as_princess,和硕荣宪公主,清史稿卷166第三女行（初封无年月）,1673-02-16,1709-02-09,,约略,已采纳,QH-SU-QSG-0166,卷166；圣祖第三女；封,初封和碩榮憲公主，四十八年進封固倫榮憲公主。,,初封是和硕，不是固伦。初封年月未记，公历上界用进封前一年康熙四十七年止。册文未见。
QH-A-KX-0096,kangxi,事件发生,QH-P-000021,advanced_as_princess,固伦荣宪公主,康熙四十八年,1709-02-10,1710-01-29,,约略,已采纳,QH-SU-QSG-0166,卷166；圣祖第三女；进封,四十八年進封固倫榮憲公主。,,原纪年只到年。不得把固伦倒写成康熙十二年出生时的称号。
QH-A-KX-0097,kangxi,事件发生,QH-P-000021,married_to,乌尔衮,康熙三十年六月,1691-01-29,1692-02-15,,约略,已采纳,QH-SU-QSG-0166,卷166；圣祖第三女；下嫁,康熙三十年六月，下嫁烏爾袞,,额驸乌尔衮尚未建档。月份未换算到日，公历用康熙三十年整年，待按 CAL-001 核录。
QH-A-KX-0098,kangxi,事件发生,QH-P-000021,born_on,生,康熙十二年五月,1673-02-16,1674-02-05,,约略,已采纳,QH-SU-QSG-0166,卷166；圣祖第三女；生薨,康熙十二年五月生,,只到月。公历用康熙十二年整年。不是玉牒出生证明。
QH-A-KX-0099,kangxi,事件发生,QH-P-000021,died_on,薨,雍正六年四月,1728-02-10,1729-01-28,,约略,已采纳,QH-SU-QSG-0166,卷166；圣祖第三女；生薨,雍正六年四月薨，年五十六,,年龄五十六仅此表。公历用雍正六年整年。
QH-A-KX-0100,kangxi,事件发生,QH-P-000107,invested_as_princess,和硕端静公主,清史稿卷166第五女行（封号无年月）,1674-02-06,1710-01-29,,约略,已采纳,QH-SU-QSG-0166,卷166；圣祖第五女；封,和碩端靜公主,,本表未记进固伦。册封年月日待实录。公历用生年至薨年所在年号起迄。
QH-A-KX-0101,kangxi,事件发生,QH-P-000108,invested_as_princess,和硕恪靖公主,康熙四十五年,1706-02-13,1707-02-02,,约略,已采纳,QH-SU-QSG-0166,卷166；圣祖第六女；封,康熙四十五年，封和碩恪靖公主。,,此前作初封和硕公主，无封号。固伦见雍正元年另条。
QH-A-KX-0102,kangxi,事件发生,QH-P-000108,advanced_as_princess,固伦恪靖公主,雍正元年,1723-02-05,1724-01-24,,约略,已采纳,QH-SU-QSG-0166,卷166；圣祖第六女；进封,雍正元年，進固倫恪靖公主,,固伦是雍正朝进封，不得写成康熙朝称号。
QH-A-KX-0103,kangxi,文字或数值陈述,QH-P-000109,table_daughter_order,圣祖第七女；未封,康熙二十一年六月生，八月殇,1682-02-07,1683-01-26,,确定,已采纳,QH-SU-QSG-0166,卷166；圣祖第七女,聖祖第七女　孝恭仁皇后生　未封　康熙二十一年六月生，八月殤,,生母候选孝恭 QH-P-000025。当时她是德妃，不是皇后。表用最终谥号称生母，不得倒写成康熙二十一年皇后。
QH-A-KX-0104,kangxi,文字或数值陈述,QH-P-000110,table_daughter_order,圣祖第八女；未封,康熙二十二年六月生，闰八月殇,1683-01-27,1684-02-14,,确定,已采纳,QH-SU-QSG-0166,卷166；圣祖第八女,聖祖第八女　孝懿仁皇后生　未封　康熙二十二年六月生，閏八月殤,,生母候选孝懿 QH-P-000024。生年在二十八年册后之前，当时不是皇后。
QH-A-KX-0105,kangxi,事件发生,QH-P-000111,invested_as_princess,和硕温宪公主,清史稿卷166第九女行（封号无年月）,1683-01-27,1702-01-27,,约略,已采纳,QH-SU-QSG-0166,卷166；圣祖第九女；封,和碩溫憲公主。,,康熙朝最高封号是和硕。追进固伦见另条。
QH-A-KX-0106,kangxi,事件发生,QH-P-000111,posthumously_advanced_as,固伦温宪公主,雍正元年,1723-02-05,1724-01-24,,约略,已采纳,QH-SU-QSG-0166,卷166；圣祖第九女；追进,雍正元年，追進固倫溫憲公主,,表文明写追进。第九女已于康熙四十一年七月薨。不得写成生前进固伦。
QH-A-KX-0107,kangxi,事件发生,QH-P-000111,married_to,舜安颜,康熙三十九年九月,1700-02-19,1701-02-07,,约略,已采纳,QH-SU-QSG-0166,卷166；圣祖第九女；下嫁,康熙三十九年九月，下嫁舜安顏,,额驸舜安颜，佟佳氏，佟国维孙。尚未建档。月份未换算到日。
QH-A-KX-0108,kangxi,文字或数值陈述,QH-P-000111,consort_title_stripped,舜安颜削额驸,康熙四十八年,1709-02-10,1710-01-29,,约略,已采纳,QH-SU-QSG-0166,卷166；圣祖第九女；额驸事略,康熙四十八年，以黨附皇八子允禩削額駙，禁錮，後釋之。,,这是公主表对额驸的事后记事。不得据此写成八爷党已证。允禩见 QH-P-000007。
QH-A-KX-0109,kangxi,事件发生,QH-P-000112,invested_as_princess,和硕纯悫公主,清史稿卷166第十女行（封号无年月）,1685-02-03,1710-01-29,,约略,已采纳,QH-SU-QSG-0166,卷166；圣祖第十女；封,和碩純愨公主。,,通嫔纳喇氏尚未建档。追进固伦见另条。
QH-A-KX-0110,kangxi,事件发生,QH-P-000112,posthumously_advanced_as,固伦纯悫公主,雍正十年,1732-01-27,1733-02-13,,约略,已采纳,QH-SU-QSG-0166,卷166；圣祖第十女；追进,雍正十年，追進封固倫純愨公主,,第十女已于康熙四十九年三月薨。追进不得写成生前进封。
QH-A-KX-0111,kangxi,事件发生,QH-P-000112,married_to,策棱,康熙四十五年五月,1706-02-13,1707-02-02,,约略,已采纳,QH-SU-QSG-0166,卷166；圣祖第十女；下嫁,康熙四十五年五月，下嫁策棱,,表作策棱，有传。是否即超勇亲王策凌，不自动合并。
QH-A-KX-0112,kangxi,文字或数值陈述,QH-P-000114,table_daughter_order,圣祖第十二女；未封,康熙二十五年闰四月生，三十六年闰三月殇,1686-01-24,1698-02-10,,确定,已采纳,QH-SU-QSG-0166,卷166；圣祖第十二女,聖祖第十二女　孝恭仁皇后生　未封　康熙二十五年閏四月生，三十六年閏三月殤,,未封而约十一岁殇，不是月内殇。生母候选孝恭，当时是德妃。公历用生年至殇年两个年号起迄。
QH-A-KX-0113,kangxi,事件发生,QH-P-000115,invested_as_princess,和硕温恪公主,清史稿卷166第十三女行（封号无年月）,1687-02-12,1709-02-09,,约略,已采纳,QH-SU-QSG-0166,卷166；圣祖第十三女；封,和碩溫恪公主,,敬敏皇贵妃章佳氏所出。额驸仓津初名班第，与抚育女纯禧额驸班第不是同一人。
QH-A-KX-0114,kangxi,事件发生,QH-P-000116,married_to,孙承运,康熙四十五年,1706-02-13,1707-02-02,,约略,已采纳,QH-SU-QSG-0166,卷166；圣祖第十四女；下嫁,康熙四十五年，下嫁孫承運,,只到年。额驸为汉人孙承运，甘肃提督思克子。尚未建档。
QH-A-KX-0115,kangxi,事件发生,QH-P-000117,invested_as_princess,和硕敦恪公主,清史稿卷166第十五女行（封号无年月）,1691-01-29,1709-02-09,,约略,已采纳,QH-SU-QSG-0166,卷166；圣祖第十五女；封,和碩敦恪公主,,与第十三女同母候选敬敏。本表未记进固伦。
QH-A-KX-0116,kangxi,人物关系,QH-P-000123,fostered_not_begotten,恭亲王常宁第一女；非圣祖所出,清史稿卷166抚育行,1671-02-09,1742-02-04,本条为公主表表序类主张，原文时间仅及年号；公历区间为编辑据表内生薨年所在年号推定的窗口，非确切日期。待按 CAL-001 核录。,确定,已采纳,QH-SU-QSG-0166,卷166；圣祖抚弟恭亲王常宁第一女,聖祖撫弟恭親王常寧第一女,,抚育女。不得计入圣祖亲生二十女，也不得写成第二十一女。生父常宁尚未建档。公历用表内生薨年所在年号起迄。
QH-A-KX-0117,kangxi,事件发生,QH-P-000123,advanced_as_princess,固伦纯禧公主,雍正元年,1723-02-05,1724-01-24,,约略,已采纳,QH-SU-QSG-0166,卷166；抚育行；进封,雍正元年，進封固倫純禧公主,,初封和硕纯禧。固伦是雍正元年进封。额驸班第与仓津初名班第分人。
QH-A-KX-0118,kangxi,文字或数值陈述,QH-P-000001,unsealed_daughter_count,卷166圣祖亲生女未封十二人,清史稿卷166公主表圣祖系,1668-02-12,1709-02-09,,约略,已采纳,QH-SU-QSG-0166,卷166；第一、二、四、七、八、十一、十二、十六至二十女,未封,,二十人中封和硕或固伦者八人，未封十二人。抚育女纯禧另计。未封不等于未入此表。
QH-A-KX-0119,kangxi,文字或数值陈述,QH-P-000104,table_daughter_order,圣祖第一女；未封,康熙七年十一月生，十年十一月殇,1668-02-12,1672-01-28,,确定,已采纳,QH-SU-QSG-0166,卷166；圣祖第一女,聖祖第一女　庶妃張氏生　未封　康熙七年十一月生，十年十一月殤,,表序第一女。庶妃张氏尚未建档。与第四女同母候选，不合并为一人。
QH-A-KX-0120,kangxi,文字或数值陈述,QH-P-000108,table_daughter_order,圣祖第六女,清史稿卷166第六女行,1679-02-11,1736-02-11,本条为公主表表序类主张，原文时间仅及年号；公历区间为编辑据表内生薨年所在年号推定的窗口，非确切日期。待按 CAL-001 核录。,确定,已采纳,QH-SU-QSG-0166,卷166；圣祖第六女,聖祖第六女　貴人郭絡羅氏生,,生母候选贵人郭络罗氏。宜妃亦郭络罗氏（QH-P-000028），同姓不自动合并。
QH-A-KX-0121,kangxi,事件发生,QH-P-000004,invested_as_heir,皇太子,康熙十四年十二月十三日,1676-01-27,1676-01-27,,确定,审核中,QH-SU-KX-0058A,卷58；康熙十四年十二月十三日；1/2,是日、立皇子允礽、為皇太子。,QH-CF-KX-INVEST-DAY,实录与本纪均作丙寅；列传乙丑为另一源。实录条只记册立仪，未记颁诏肆赦。公历依 CAL-001，尚未逐条核录。立太子属承嗣高风险命题；清史稿与实录同祖不构成独立来源，双来源家族门禁通电后撤回采纳。
QH-A-KX-0122,kangxi,事件发生,QH-P-000004,arrested_as_heir,拘執看守,康熙五十一年九月三十日,1712-10-29,1712-10-29,,确定,审核中,QH-SU-KX-0251A,卷251；康熙五十一年九月三十日；2/2,諭諸皇子等、皇太子允礽、自復立以來、狂疾未除。大失人心。……著將允礽拘執看守。朕明日再頒諭旨、示諸王大臣。,QH-CF-KX-DEPOSE2-MONTH,本条只记拘执看守，未记废字，未写咸安宫。本纪九月庚戌对应本条。狂疾只记为用语。明日指十月初一辛亥，见QH-A-KX-0123。公历依 CAL-001，尚未逐条核录。拘执废太子属承嗣高风险命题；目前仅实录家族，双来源家族门禁通电后撤回采纳。
QH-A-KX-0123,kangxi,事件发生,QH-P-000004,deposed_as_heir,仍行廢黜禁錮,康熙五十一年十月初一日,1712-10-30,1712-10-30,,确定,审核中,QH-SU-KX-0251B,卷251；康熙五十一年十月初一日；4/64,御筆硃書諭諸王、貝勒、貝子、大臣等……如此狂易成疾、不得眾心之人、豈可付託乎。故將允礽、仍行廢黜禁錮。為此特諭。,QH-CF-KX-DEPOSE2-MONTH,十月辛亥朱笔再废谕；废黜字样见于本条；仍无咸安宫。列传十月对应本条。实录把再废分成两日，是本纪九月与列传十月差异的原文依据。公历依 CAL-001，尚未逐条核录。废太子属承嗣高风险命题；目前仅实录家族，双来源家族门禁通电后撤回采纳。
QH-A-KX-0124,kangxi,事件发生,QH-P-000001,ordered_heir_date_selection,谕礼部以嫡子允礽为皇太子并选择吉期,康熙十四年六月癸亥,1675-07-28,1675-07-28,,确定,已采纳,QH-SU-KX-0056A,卷56；康熙十四年六月癸亥；1/3,今以嫡子允礽、為皇太子。爾部詳察應行典禮、選擇吉期具奏,,只证明该实录版本记六月癸亥谕礼部择吉；不是十二月册立当日。同日第2/3与第3/3条不拆入。页面仅标公历年1675。换算依 CAL-001作1675-07-28；尚未逐条核录。通行六月初三日与本条癸亥初六不符；不采初三说。
QH-A-KX-0125,kangxi,事件发生,QH-P-000001,stationed_at,畅春园,康熙五十一年九月三十日,1712-10-29,1712-10-29,,确定,已采纳,QH-SU-KX-0251C,卷251；康熙五十一年九月三十日；1/2,上奉皇太后、回駐暢春園。,,庚戌回驻。同日第2/2条才是拘执。本纪同日作还宫。不得写入咸安宫。不得用本条改写六十一年卷300寝宫。公历依 CAL-001，尚未逐条核录。
QH-A-KX-0126,kangxi,事件发生,QH-P-000001,ill_at,畅春园,康熙六十一年十一月七日,1722-12-14,1722-12-14,,确定,审核中,QH-SU-KX-0300C,卷300；康熙六十一年十一月七日；1/1,上不豫。自南苑回駐暢春園。,QH-CF-KX-SUCCESSION,戊子不豫并回驻。不是甲午崩日。不得用本条把QH-A-KX-0037的寝宫改成畅春园。世宗实录甲午条用「先是」追记同日，见QH-A-YZ-0056。公历依 CAL-001，尚未逐条核录。
QH-A-KX-0127,kangxi,事件发生,QH-P-000150,petitioned_to_retire,歸老遼東（請撤藩）,康熙十二年三月壬午,1673-01-01,1673-12-31,,约略,已采纳,QH-SU-KX-QSG-0006B,卷6；康熙十二年三月壬午,壬午，平南王尚可喜請老，許之；請以其子之信嗣封鎮粵，不許，令其撤籓還駐遼東。,,撤藩起于尚可喜请老，非康熙主动发难。请以子之信嗣封不允。公历月日待按 CAL-001 核录。
QH-A-KX-0128,kangxi,事件发生,QH-P-000149,revolted,殺雲南巡撫朱國治,康熙十二年十二月壬子,1673-01-01,1673-12-31,,约略,已采纳,QH-SU-KX-QSG-0006B,卷6；康熙十二年十二月壬子,吳三桂反，殺雲南巡撫朱國治，貴州提督李本深、巡撫曹申吉俱降賊，總督甘文焜死之。,,本纪记十二月壬子吴三桂反杀朱国治；章节时间轴作十一月，待校正为十二月壬子。公历月日待按 CAL-001 核录。
QH-A-KX-0129,kangxi,事件发生,QH-P-000151,revolted,執福建總督范承謨,康熙十三年三月庚辰,1674-01-01,1674-12-31,,约略,已采纳,QH-SU-KX-QSG-0006B,卷6；康熙十三年三月庚辰,庚辰，耿精忠反，執福建總督范承謨幽之，巡撫劉秉政降賊。,,耿精忠反于福建，执范承谟。公历月日待按 CAL-001 核录。
QH-A-KX-0130,kangxi,事件发生,QH-P-000152,revolted,（經略莫洛死）,康熙十三年十二月,1674-01-01,1674-12-31,,约略,已采纳,QH-SU-KX-QSG-0006B,卷6；康熙十三年十二月,王輔臣叛，經略莫洛死之。上議親征。,,王辅臣叛，莫洛死；上议亲征。公历月日待按 CAL-001 核录。
QH-A-KX-0131,kangxi,事件发生,QH-P-000153,revolted,劫其父以降賊,康熙十五年四月,1676-01-01,1676-12-31,,约略,已采纳,QH-SU-KX-QSG-0006B,卷6；康熙十五年四月,至是，賊逼廣州，尚之信劫其父以降賊。總督金光祖，巡撫佟養鉅、陳洪明，提督嚴自明俱從降。,,尚之信劫父（尚可喜）降贼；反者是尚之信，尚可喜本人未反。公历月日待按 CAL-001 核录。
QH-A-KX-0132,kangxi,事件发生,QH-P-000152,surrendered,（復官授靖寇將軍）,康熙十五年六月壬子朔,1676-01-01,1676-12-31,,约略,已采纳,QH-SU-KX-QSG-0006B,卷6；康熙十五年六月壬子朔,壬子朔，王輔臣降，圖海以聞。詔復其官，授靖寇將軍，立功自效。,,本纪作六月壬子朔降；通行多写五月。不择一，公历月日待按 CAL-001 核录。
QH-A-KX-0133,kangxi,事件发生,QH-P-000151,surrendered,（遣子獻印乞降）,康熙十五年十月,1676-01-01,1676-12-31,,约略,已采纳,QH-SU-KX-QSG-0006B,卷6；康熙十五年十月,耿精忠遣子顯祚獻偽印乞降，傑書入福州，疏聞。上命復其爵，從征海寇自效。,,耿精忠降，复爵。降（十五年）与被磔（二十一年）两动作。公历月日待按 CAL-001 核录。
QH-A-KX-0134,kangxi,事件发生,QH-P-000153,surrendered,（復爵隨大軍討賊）,康熙十六年五月己卯,1677-01-01,1677-12-31,,约略,已采纳,QH-SU-KX-QSG-0006B,卷6；康熙十六年五月己卯,己卯，尚之信降，命復其爵，隨大軍討賊。,,尚之信劫父降贼（十五年）后，十六年五月降清复爵。降与赐死（十九年）分记。公历月日待按 CAL-001 核录。
QH-A-KX-0135,kangxi,事件发生,QH-P-000149,proclaimed_himself_emperor,僭號于衡州,康熙十七年七月,1678-01-01,1678-12-31,,约略,已采纳,QH-SU-KX-QSG-0006B,卷6；康熙十七年七月,是月，吳三桂僭號于衡州。,,本纪置僭号于七月条；卷474或作三月，回传后再对。国号周、年号昭武为卷474所记，不写吴周正史。公历月日待按 CAL-001 核录。
QH-A-KX-0136,kangxi,事件发生,QH-P-000149,died_on,（永興圍解）,康熙十七年八月乙未,1678-01-01,1678-12-31,,约略,已采纳,QH-SU-KX-QSG-0006B,卷6；康熙十七年八月乙未,乙未，吳三桂死，永興圍解。,,吴三桂死，孙吴世璠继位（卷474）。公历月日待按 CAL-001 核录。
QH-A-KX-0137,kangxi,事件发生,QH-P-000153,granted_death,賜死,康熙十九年八月甲申,1680-01-01,1680-12-31,,约略,已采纳,QH-SU-KX-QSG-0006B,卷6；康熙十九年八月甲申,尚之信以屬人王國光訐告其罪，擅殺之，詔賜之信死。其弟之節，其黨李天植，皆伏誅。,,尚之信赐死于康熙十九年（昆明城破之前），与被磔的耿精忠（二十一年）不同日结局。公历月日待按 CAL-001 核录。
QH-A-KX-0138,kangxi,事件发生,QH-P-000098,appointed_as,福建水師提督,康熙二十年,1681-01-01,1681-12-31,,约略,已采纳,QH-SU-KX-QSG-0260,卷260；施琅传,二十年，錦死，子克塽幼，諸將劉國軒、馮錫範用事。內閣學士李光地奏台灣可取狀，因薦瑯習海上事，上復授瑯福建水師提督，加太子少保，諭相機進取。,,李光地荐施琅复任水师提督。郑经死、克塽幼。公历年依 CAL-001。
QH-A-KX-0139,kangxi,事件发生,QH-P-000098,captured,澎湖,康熙二十二年六月,1683-01-01,1683-12-31,,约略,已采纳,QH-SU-KX-QSG-0260,卷260；施琅传,自辰至申，焚敵艦百餘，溺死無算，遂取澎湖，國軒遁歸台灣。,,澎湖海战胜，刘国轩遁归台湾。总兵朱天贵阵亡（同卷）。公历月日待按 CAL-001 核录。
QH-A-KX-0140,kangxi,事件发生,QH-P-000154,surrendered,（遣使乞降）,康熙二十二年六月,1683-01-01,1683-12-31,,约略,已采纳,QH-SU-KX-QSG-0260,卷260；施琅传,克塽大驚，遣使詣軍前乞降，瑯疏陳，上許之。,,澎湖既克，克塽遣使乞降。澎湖之战与郑克塽降是两步。公历月日待按 CAL-001 核录。
QH-A-KX-0141,kangxi,事件发生,QH-P-000098,captured,台灣,康熙二十二年八月,1683-01-01,1683-12-31,,约略,已采纳,QH-SU-KX-QSG-0260,卷260；施琅传,八月，瑯統兵入鹿耳門，至台灣。克塽率屬薙發，迎於水次，繳延平王金印。,,入台、克塽薙发迎降、缴延平王印。入台（八月）与澎湖（六月）分层。公历月日待按 CAL-001 核录。
QH-A-KX-0142,kangxi,称号授予,QH-P-000098,honored_as,靖海侯,康熙二十二年,1683-01-01,1683-12-31,,约略,已采纳,QH-SU-KX-QSG-0260,卷260；施琅传,封靖海侯，世襲罔替，賜御用袍及諸服物。,,台湾平后封靖海侯。公历年依 CAL-001。
QH-A-KX-0143,kangxi,事件发生,QH-P-000155,invaded,烏珠穆秦,康熙二十九年七月辛卯,1690-01-01,1690-12-31,,约略,已采纳,QH-SU-KX-QSG-0007B,卷7；康熙二十九年七月辛卯,辛卯，噶爾丹入犯烏珠穆秦。命裕親王福全為撫遠大將軍，皇子胤禔副之，出古北口。,,二十七年噶尔丹已攻喀尔喀（徙近边内）为前因；二十九年入犯乌珠穆秦触发亲征。公历月日待按 CAL-001 核录。
QH-A-KX-0144,kangxi,事件发生,QH-P-000156,defeated,噶爾丹（烏蘭布通）,康熙二十九年八月乙未朔,1690-01-01,1690-12-31,,约略,已采纳,QH-SU-KX-QSG-0007B,卷7；康熙二十九年八月乙未朔,撫遠大將軍裕親王福全大敗噶爾丹於烏闌布通，噶爾丹以喇嘛濟隆來請和，福全未即進師。上切責之。,,乌兰布通大胜但未全歼；福全误信喇嘛济隆未进师，受切责。康熙七月亲征、己酉有疾回銮。公历月日待按 CAL-001 核录。
QH-A-KX-0145,kangxi,事件发生,QH-P-000157,defeated,噶爾丹（昭莫多）,康熙三十五年五月癸酉,1696-01-01,1696-12-31,,约略,已采纳,QH-SU-KX-QSG-0007B,卷7；康熙三十五年五月癸酉,癸酉，次中拖陵。撫遠大將軍伯費揚古大敗噶爾丹於昭莫多，斬級三千，陣斬其妻阿奴。噶爾丹以數騎遁。,,康熙亲率中路驱走噶尔丹（克鲁伦河）、西路费扬古昭莫多大败；东路萨布素道远无功。公历月日待按 CAL-001 核录。
QH-A-KX-0146,kangxi,事件发生,QH-P-000155,surrendered,（遣使乞降）,康熙三十五年十一月戊寅,1696-01-01,1696-12-31,,约略,已采纳,QH-SU-KX-QSG-0007B,卷7；康熙三十五年十一月戊寅,十一月戊寅，噶爾丹遣使乞降，其使格壘沽英至，蓋微探上旨也。,,本纪明指其使在微探上旨，非诚降。康熙告之俟七十日。公历月日待按 CAL-001 核录。
QH-A-KX-0147,kangxi,事件发生,QH-P-000155,died_on,仰藥死,康熙三十六年闰三月十三日,1697-01-01,1697-12-31,,约略,已采纳,QH-SU-KX-QSG-0007B,卷7；康熙三十六年四月甲子疏报,甲子，費揚古疏報閏三月十三日噶爾丹仰藥死，其女鍾齊海率三百戶來降。,,死因本纪作仰药死；通行另有病逝说，两说并存不裁断。公历月日待按 CAL-001 核录。
QH-A-KX-0148,kangxi,事件发生,QH-P-000158,captured,雅克薩（額里克舍乞降）,康熙二十四年五月,1685-01-01,1685-12-31,,约略,已采纳,QH-SU-KX-QSG-0007C,卷7；康熙二十四年五月,彭春等攻雅克薩城，羅剎來援，林興珠率藤牌兵迎擊於江中，破之，沈其船，頭人額里克舍乞降。,,首攻雅克萨，俄头目额里克舍乞降。清军随后撤，俄人复据。公历月日待按 CAL-001 核录。
QH-A-KX-0149,kangxi,事件发生,QH-P-000159,besieged,雅克薩,康熙二十五年八月丁丑,1686-01-01,1686-12-31,,约略,已采纳,QH-SU-KX-QSG-0007C,卷7；康熙二十五年八月丁丑,丁丑，詔薩布素圍雅克薩城，遏其援師，以博定參軍事。,,二十五年俄人复据雅克萨（正月），八月命萨布素围城。后世称托尔布津被击毙，本纪未见。公历月日待按 CAL-001 核录。
QH-A-KX-0150,kangxi,事件发生,QH-P-000045,signed_treaty,尼布楚（定界立碑）,康熙二十八年十二月乙亥,1689-01-01,1689-12-31,,约略,已采纳,QH-SU-KX-QSG-0007C,卷7；康熙二十八年十二月乙亥,乙亥，內大臣索額圖疏報與鄂羅斯立約，定尼布楚為界，立碑界上，以五體文書碑。,,索额图疏报尼布楚立约，定界立碑五体文书碑。条约文本（满俄拉丁三本以拉丁为准）待回方略/档案。公历月日待按 CAL-001 核录。
QH-A-KX-0151,kangxi,事件发生,QH-P-000160,dismissed_from_office,河道總督（河工案革职）,康熙二十七年三月丁酉,1688-01-01,1688-12-31,,约略,已采纳,QH-SU-KX-QSG-0007D,卷7；康熙二十七年三月丁酉,丁酉，論河工在事互訐諸臣，董訥、熊一瀟、靳輔、慕天顏、孫在豐俱削官，並趙吉士、陳潢罪之。,,河工案：靳辅与于成龙治河分歧演为党争，靳辅削官、陈潢获罪。于成龙（河督，非清官于成龙QH-P-000097）须分人。公历月日待按 CAL-001 核录。
QH-A-KX-0152,kangxi,事件发生,QH-P-000160,appointed_as,河道總督（復官）,康熙二十八年三月戊子,1689-01-01,1689-12-31,,约略,已采纳,QH-SU-KX-QSG-0007D,卷7；康熙二十八年三月戊子,戊子，詔靳輔治河勞績昭然，可復原官。,,康熙以靳辅治河劳绩昭然复其原官。公历月日待按 CAL-001 核录。
QH-A-KX-0153,kangxi,事件发生,QH-P-000160,appointed_as,河道總督（再任）,康熙三十一年二月辛巳,1692-01-01,1692-12-31,,约略,已采纳,QH-SU-KX-QSG-0007D,卷7；康熙三十一年二月辛巳,辛巳，以靳輔為河道總督。,,三十一年生前复任河道总督。公历年依 CAL-001。
QH-A-KX-0154,kangxi,事件发生,QH-P-000160,died_on,（卒于任）,康熙三十一年十二月壬午,1692-01-01,1692-12-31,,约略,已采纳,QH-SU-KX-QSG-0007D,卷7；康熙三十一年十二月壬午,壬午，河道總督靳輔卒，予祭葬，諡文襄。,,靳辅卒于任，谥文襄。四十六年南巡康熙赞「排众议而不挠」为靳辅传语，回传后再对。公历月日待按 CAL-001 核录。
QH-A-KX-0155,kangxi,文字或数值陈述,QH-P-000001,reported_in_edict,編纂字典,康熙四十九年三月乙亥,1710-01-01,1710-12-31,,约略,已采纳,QH-SU-KX-QSG-0008A,卷8；康熙四十九年三月乙亥,乙亥，命編纂字典。,,《康熙字典》敕修起点在四十九年；五十五年成书见于字典序，本纪未见。公历月日待按 CAL-001 核录。
QH-A-KX-0156,kangxi,事件发生,QH-P-000001,work_completed,世祖實錄,康熙十一年五月乙丑,1672-01-01,1672-12-31,,约略,已采纳,QH-SU-KX-QSG-0006C,卷6；康熙十一年五月乙丑,乙丑，世祖實錄成。,,命修世祖实录在康熙六年九月丙午（同卷）。世祖实录成于十一年五月乙丑；编纂主持者待核。公历月日待按 CAL-001 核录。
QH-A-KX-0157,kangxi,事件发生,QH-P-000001,ordered_calendar_revision,南怀仁推算历法,康熙八年二月庚午,1669-01-01,1669-12-31,,约略,已采纳,QH-SU-KX-QSG-0006D,卷6；康熙八年二月,命行南懷仁推算曆法,,杨光先历案后复用西洋历法。本纪不写汤若望已死案。公历月日待按 CAL-001 核录。
QH-A-KX-0158,kangxi,事件发生,QH-P-000001,work_completed,钦天监仪象,康熙十三年二月,1674-01-01,1674-12-31,,约略,已采纳,QH-SU-KX-QSG-0006E,卷6；康熙十三年二月,欽天監新造儀象成,,南怀仁督造新仪。本纪不写六仪名称。公历月日待按 CAL-001 核录。
QH-A-KX-0159,kangxi,事件发生,QH-P-000001,campaigned_against,罗刹（雅克萨）,康熙二十三年正月壬辰,1684-01-01,1684-12-31,,约略,已采纳,QH-SU-KX-QSG-0007E,卷7；康熙二十三年正月,羅剎踞雅克薩、尼布潮二城，飭斷其貿易，薩布素以兵臨之,,本纪称俄罗斯为罗刹。不得把俄方写成已定国界。公历月日待按 CAL-001 核录。
QH-A-KX-0162,kangxi,事件发生,QH-P-000001,campaigned_against,噶尔丹,康熙二十九年七月癸卯,1690-01-01,1690-12-31,,约略,已采纳,QH-SU-KX-QSG-0007J,卷7；康熙二十九年七月,噶爾丹入犯烏珠穆秦...癸卯，上親征，發京師,,第一次亲征噶尔丹。不得把亲征写成三征已完。公历月日待按 CAL-001 核录。
QH-A-KX-0165,kangxi,事件发生,QH-P-000001,conquered,朔漠,康熙三十五年七月戊午,1696-01-01,1696-12-31,,约略,已采纳,QH-SU-KX-QSG-0007M,卷7；康熙三十五年七月,以平定朔漠勒石太學,,平定朔漠勒石太学是康熙自称，噶尔丹之死在次年(三十六年)。公历月日待按 CAL-001 核录。
QH-A-KX-0166,kangxi,事件发生,QH-P-000160,appointed_as,河道总督,康熙十六年二月辛未,1677-01-01,1677-12-31,,约略,已采纳,QH-SU-KX-QSG-0006F,卷6；康熙十六年二月,以靳輔為河道總督,,靳辅任河道总督，束水攻沙治河始。公历月日待按 CAL-001 核录。
QH-A-KX-0167,kangxi,事件发生,QH-P-000160,work_completed,淮扬坝工,康熙十八年七月甲午,1679-01-01,1679-12-31,,约略,已采纳,QH-SU-KX-QSG-0006G,卷6；康熙十八年七月,靳輔疏報淮揚壩工成，涸出田地,,淮扬坝工成是靳辅疏报，非本纪直接叙事。公历月日待按 CAL-001 核录。
QH-A-KX-0168,kangxi,事件发生,QH-P-000160,proposed_plan,开六河建长堤,康熙二十四年十一月丙子,1685-01-01,1685-12-31,,约略,已采纳,QH-SU-KX-QSG-0007G,卷7；康熙二十四年十一月,靳輔、于成龍遵召至京，會議治河方略。靳輔議開六河建長堤,,治河方略之争：靳辅束水攻沙开六河建长堤，于成龙请开海口。两说并存。公历月日待按 CAL-001 核录。
QH-A-KX-0170,kangxi,事件发生,QH-P-000172,impeached,杨光先（新法十谬、洪范五行）,康熙五年,1666-01-01,1666-12-31,,约略,已采纳,QH-SU-KX-QSG-0272A,卷272；康熙五年,康熙五年，新安衛官生楊光先叩閽進所著摘謬論、選擇議，斥湯若望新法十謬，並指選擇榮親王葬期誤用洪範五行,,汤若望历狱：议政王议凌迟处死，得旨免死，自是废新法不用。不得把历狱写成西洋教士全遭处决。二年后复新法见另条。公历月日待按 CAL-001 核录。
QH-A-KX-0171,kangxi,事件发生,QH-P-000001,signed_treaty,尼布楚条约（格尔必齐河、额尔古纳河定界）,康熙二十八年冬十二月,1689-01-01,1689-12-31,,约略,已采纳,QH-SU-KX-QSG-0153A,卷153邦交志；康熙二十八年,一，循烏倫穆河相近格爾必齊河上游之石大興安嶺以至於海，凡山南流入黑龍江之溪河盡屬中國，山北溪河盡屬俄。一，循流入黑龍江之額爾古訥河為界，南岸盡屬中國，北岸盡屬俄……用滿、漢、拉提諾、蒙古、俄羅斯五體文字,,邦交志补本纪不载的边界条款。不得把尼布楚写成割地——是中俄对等划界，且乌第河一带暂行存放未定。公历月日待按 CAL-001 核录。
QH-A-KX-0172,kangxi,事件发生,QH-P-000001,prohibited,天主教堂（禁教）,康熙五十六年夏四月丙申,1717-01-01,1717-12-31,,约略,已采纳,QH-SU-KX-QSG-0008B,卷8；康熙五十六年四月,碣石鎮總兵陳昂奏天主教堂各省林立，宜行禁止，從之,,禁教起点：从陈昂奏、禁止天主教堂。不得写成康熙全面驱逐教士——是限制未经许可传教。礼仪之争的教皇禁令与康熙答复未回。公历月日待按 CAL-001 核录。
QH-A-KX-0173,kangxi,事件发生,QH-P-000001,conquered,云南（三藩平定）,康熙二十年十一月辛亥,1681-01-01,1681-12-31,,约略,已采纳,QH-SU-KX-QSG-0006H,卷6；康熙二十年十一月,王師於十月二十八日入雲南城，吳世璠自殺，傳首，吳三桂析骸，示中外，誅偽相方光琛，餘黨降，雲南平,,三藩平定：王师入云南城，吴世璠自杀。不得把平定写成康熙亲征——是彰泰赖塔赵良栋蔡毓荣合师。公历月日待按 CAL-001 核录。
QH-A-KX-0174,kangxi,文字或数值陈述,QH-P-000001,reported_in_saying,庭训：凡看书不为书所愚始善，斥「风不鸣条雨不破块」为粉饰空文,雍正八年编,1730-01-01,1730-12-31,,约略,已采纳,QH-SU-KX-TXGY-0001A,全书；不为书所愚条,凡看書不為書所愚始善。,,雍正朝追录康熙口训。康熙的读书论：信经而不为经所愚。与曾静「为一部春秋束缚」恰成对照。
QH-A-KX-0175,kangxi,事件发生,QH-P-000001,reported_in_saying,三藩时景山路旁投谤书，康熙置若罔闻,雍正八年编,1730-01-01,1730-12-31,,约略,已采纳,QH-SU-KX-TXGY-0001B,全书；景山谤书条,如此造言生事，朕置若罔聞。,,雍正朝追录康熙口训。父对谣言置若罔闻，子（雍正）对谣言刊书逐条驳——两代谣言处置对照。事件细节须另核实录。
QH-A-KX-0176,kangxi,文字或数值陈述,QH-P-000001,reported_in_saying,庭训：一有偏好则下必投其所好；凡艺俱不能溺我,雍正八年编,1730-01-01,1730-12-31,,约略,已采纳,QH-SU-KX-TXGY-0001C,全书；偏好投好条,一有偏好，則下必投其所好以誘之。,,雍正朝追录康熙口训。偏好即把柄的用人论。与雍正自辩「好谀任佞」条可互读。
QH-A-KX-0177,kangxi,事件发生,QH-P-000004,reported_in_edict,康熙二十二年二月甲申上幸五台山，命皇太子允礽随驾,康熙二十二年二月甲申,1683-03-09,1683-03-09,,确定,已采纳,QH-SU-KX-SZSL-0001A,卷107；二月十二甲申,上幸五臺山，命皇太子允礽隨駕。,,官修编年层。甲申=二月十二，是日启行驻跸琉璃河。九岁是后出推算，本条只写随驾。公历依 CAL-001。同卷施琅请剿澎湖条未拆入。
QH-A-KX-0178,kangxi,文字或数值陈述,QH-P-000001,reported_in_edict,康熙三十五年正月甲戌汉大学士九卿科道疏请特简中路大将军，似不必以稽诛小寇躬临壁垒,康熙三十五年正月甲戌,1696-02-19,1696-02-19,,确定,已采纳,QH-SU-KX-SZSL-0002A,卷170；正月十七甲戌疏,似不必以此稽誅小寇。躬臨壁壘。,,官修编年层。与同日得旨对读，不得拆成两日。公历依 CAL-001。
QH-A-KX-0179,kangxi,文字或数值陈述,QH-P-000001,reported_in_edict,康熙三十五年正月甲戌上谕：向年乌兰布通之役，噶尔丹距京师仅七百里许，大兵已经击败，乃竟中贼计致其遁走,康熙三十五年正月甲戌,1696-02-19,1696-02-19,,确定,已采纳,QH-SU-KX-SZSL-0002B,卷170；正月十七甲戌得旨,向年烏闌布通之役。朕以策誘噶爾丹入。距京師僅七百里許。大兵已經擊敗。乃竟中賊計。致噶爾丹遁走。,,官修编年层。同日疏后得旨。不得与本纪福全误信喇嘛并成一条。公历依 CAL-001。
QH-A-KX-0180,kangxi,文字或数值陈述,QH-P-000001,reported_in_edict,康熙三十六年五月癸卯上谕：噶尔丹曾破回子中萨马尔罕、布哈尔等，所攻取降服者一千二百余城；喀尔喀若当时不允内附，必皆沦入于厄鲁特,康熙三十六年五月癸卯,1697-07-11,1697-07-11,,确定,已采纳,QH-SU-KX-SZSL-0002C,卷183；五月二十四癸卯,其所攻取降服者。一千二百餘城。乃習於戰鬥之國也。喀爾喀焉能抵敵。,,官修编年层。同日礼部请上尊号，不许。本年有闰三月，五月二十四对照公历在七月。换算依 CAL-001。
QH-A-KX-0183,kangxi,文字或数值陈述,QH-P-000002,reported_in_edict,四库本《圣祖仁皇帝圣训》雍正九年序：以实录为经以圣训为纬，于编年见因时之宜，于分类见随事之要,雍正九年十二月二十日,1732-01-16,1732-01-16,,约略,已采纳,QH-SU-KX-SX-0001A,序；雍正九年十二月二十日,以實録為經以聖訓為緯於編年見因時之宜於分𩔖見随事之要,,四库刻本层。雍正序，不是康熙自撰，也不是实录。正文各卷未见可引分页。
QH-A-KX-0184,kangxi,文字或数值陈述,QH-P-000002,reported_in_edict,四库本《圣祖仁皇帝圣训》雍正九年序：复令纂修诸臣分类恭辑圣训六十卷,雍正九年十二月二十日,1732-01-16,1732-01-16,,约略,已采纳,QH-SU-KX-SX-0001B,序；雍正九年十二月二十日,於是復令纂修諸臣分𩔖恭輯聖訓六十卷,,四库刻本层。只证序自称六十卷。后出四十卷本QH-W-073不是同一部，不得并成一书。
QH-A-KX-0185,kangxi,文字或数值陈述,QH-P-000019,reported_in_writing,四库本《圣祖仁皇帝御制文集》馆臣提要：康熙二十二年以前为初集，三十六年以前为二集，五十年以前为三集，告成于康熙五十三年七月,乾隆三十九年二月,1774-02-01,1774-03-31,,约略,已采纳,QH-SU-KX-YZWJ-0001A,提要；乾隆三十九年二月,自康熙二十二年癸亥以前為初集三十六年丁丑以前為二集五十年辛夘以前為三集並大學士臣張玉書等編録山東廵撫臣蔣陳錫等校刋告成於康熙五十三年七月,,四库馆臣案语层。不是康熙自撰，也不是文集正文。只证提要自称分集与刊成。
QH-A-KX-0186,kangxi,文字或数值陈述,QH-P-000019,reported_in_writing,四库本《圣祖仁皇帝御制文集》馆臣提要：五十一年以后迄六十一年为四集，刊成于雍正十年十二月；为卷都一百七十六,乾隆三十九年二月,1774-02-01,1774-03-31,,约略,已采纳,QH-SU-KX-YZWJ-0001B,提要；乾隆三十九年二月,其自五十一年壬辰以後迄六十一年壬寅為四集則刋成於雍正十年十二月和碩莊親王臣允禄等編録侍講學士臣方苞等校刋自勅諭至古今體詩為門各十有六為巻都一百七十六,,四库馆臣案语层。不是康熙自撰，也不是文集正文。只证提要自称四集刊成与总卷。不得写成四集正文已开。
QH-A-YZ-0001,yongzheng,事件发生,QH-P-000001,ill_at,畅春园,康熙六十一年十一月,1722-12-08,1722-12-20,,确定,审核中,QH-SU-YZ-QSG-0009A,卷9；康熙六十一年十一月,聖祖在暢春園不豫,QH-CF-KX-SUCCESSION,本纪九写畅春园不豫。圣祖实录崩逝条只写寝宫。世宗实录甲午条已钉：先是戊子不豫回驻，甲午戌刻宾天。三层并存，不得用本条改写 QH-A-KX-0037。原纪年只到月；公历用十一月朔至甲午崩日。后出本纪不作终审。
QH-A-YZ-0002,yongzheng,事件发生,QH-P-000001,illness_became_critical,疾大渐并宣诏嗣位,康熙六十一年十一月甲午,1722-12-20,1722-12-20,,确定,审核中,QH-SU-YZ-QSG-0009A,卷9；康熙六十一年十一月甲午,甲午，聖祖大漸，召於齋宮，宣詔嗣位,QH-CF-KX-SUCCESSION,甲午即十一月十三日，与实录崩日同。本纪写召于斋宫、宣诏嗣位，未写御榻口谕名单，也未写改诏。改诏说见对照栏，不入本条。后出本纪不作终审。公历依 CAL-001，尚未逐条核录。世宗实录甲午条已钉 QH-SU-YZ-QSL-0001C；本条仍只用本纪层。
QH-A-YZ-0003,yongzheng,事件发生,QH-P-000001,died_on,崩,康熙六十一年十一月甲午,1722-12-20,1722-12-20,,确定,审核中,QH-SU-YZ-QSG-0009A,卷9；康熙六十一年十一月甲午,聖祖崩,QH-CF-KX-SUCCESSION,本纪九将崩写在甲午，未写寝宫或戌刻。时刻与屋子以实录 QH-A-KX-0037 为准，不互相覆盖。后出本纪不作终审。公历依 CAL-001，尚未逐条核录。世宗实录甲午条已钉 QH-SU-YZ-QSL-0001C；本条仍只用本纪层。
QH-A-YZ-0004,yongzheng,事件发生,QH-P-000002,accession_occurred,即皇帝位,康熙六十一年十一月辛丑,1722-12-27,1722-12-27,,确定,审核中,QH-SU-YZ-QSG-0009A,卷9；康熙六十一年十一月辛丑,辛丑，上即位,QH-CF-KX-SUCCESSION,辛丑=十一月二十日，比甲午崩日晚七日。实录遗诏文本在十三日。即位礼与遗诏文本不是同一天，不能合成「即位与遗诏同一天」。后出本纪不作终审。公历依 CAL-001，尚未逐条核录。世宗实录辛丑即位礼已钉 QH-SU-YZ-QSL-0001A；本条仍只用本纪层。
QH-A-YZ-0005,yongzheng,文字或数值陈述,QH-P-000002,announced_next_reign_era,以明年为雍正元年,康熙六十一年十一月辛丑,1722-12-27,1722-12-27,,确定,已采纳,QH-SU-YZ-QSG-0009A,卷9；康熙六十一年十一月辛丑,以明年為雍正元年,,1722年即位，1723年才是雍正元年。不得只留一个在位起年。后出本纪不作终审。公历依 CAL-001，尚未逐条核录。世宗实录即位诏已钉 QH-SU-YZ-QSL-0001B；本条仍只用本纪层。
QH-A-YZ-0006,yongzheng,事件发生,QH-P-000002,appointed_regency_council,贝勒胤禩；皇十三弟胤祥；大学士马齐；尚书隆科多,康熙六十一年十一月辛丑,1722-12-27,1722-12-27,,确定,已采纳,QH-SU-YZ-QSG-0009A,卷9；康熙六十一年十一月辛丑,命貝勒胤禩、皇十三弟胤祥、大學士馬齊、尚書隆科多總理事務,,四人同日受命总理事务。人物ID：QH-P-000007、000011、000047、000048。不得写成八爷党或顾命大臣已证制度名。后出本纪不作终审。公历依 CAL-001，尚未逐条核录。世宗实录辛丑即位礼已钉；总理事务句是否同条未拆，本条仍只用本纪层。
QH-A-YZ-0007,yongzheng,事件发生,QH-P-000002,recalled_to_capital,QH-P-000012,康熙六十一年十一月辛丑,1722-12-27,1722-12-27,,确定,已采纳,QH-SU-YZ-QSG-0009A,卷9；康熙六十一年十一月辛丑,召撫遠大將軍胤禵來京,,召还不是定罪。本纪用胤禵。不得写成传位十四子失败。后出本纪不作终审。公历依 CAL-001，尚未逐条核录。世宗实录辛丑条已钉即位礼；召还句是否同条未拆，因此不据此作定论。
QH-A-YZ-0008,yongzheng,称号授予,QH-P-000007,invested_as_prince,廉亲王,康熙六十一年十二月壬戌,1723-01-17,1723-01-17,,确定,已采纳,QH-SU-YZ-QSG-0009B,卷9；康熙六十一年十二月壬戌,封貝勒胤禩為廉親王，胤祥為怡親王,,同条并封胤祹履郡王、弘晰理郡王，不并入本条。胤祥封怡亲王见下条。后出本纪不作终审。公历依 CAL-001，尚未逐条核录。世宗实录条次未钉，不假装已回条次。
QH-A-YZ-0009,yongzheng,称号授予,QH-P-000011,invested_as_prince,怡亲王,康熙六十一年十二月壬戌,1723-01-17,1723-01-17,,确定,已采纳,QH-SU-YZ-QSG-0009B,卷9；康熙六十一年十二月壬戌,封貝勒胤禩為廉親王，胤祥為怡親王,,与廉亲王同日。不得写成雍正最信任的人已核心理判断。后出本纪不作终审。公历依 CAL-001，尚未逐条核录。世宗实录条次未钉，不假装已回条次。
QH-A-YZ-0010,yongzheng,称号授予,QH-P-000048,appointed_as,吏部尚书,康熙六十一年十二月甲子,1723-01-19,1723-01-19,,确定,已采纳,QH-SU-YZ-QSG-0009B,卷9；康熙六十一年十二月甲子,隆科多為吏部尚書,,甲子=十二月十三日。公历1723-01-19依甲午+干支差推算尚未逐条核录。当时已是尚书，此条是吏部尚书。后出本纪不作终审。公历依 CAL-001，尚未逐条核录。世宗实录条次未钉，不假装已回条次。
QH-A-YZ-0011,yongzheng,称号授予,QH-P-000049,honored_as,太保,雍正元年三月甲申,1723-04-09,1723-04-09,,确定,已采纳,QH-SU-YZ-QSG-0009C,卷9；雍正元年三月甲申,加隆科多、馬齊、年羹堯太保,,三人同日加太保。年羹尧人物ID QH-P-000049。不得写成因年妃受宠而加衔。后出本纪不作终审。公历依 CAL-001，尚未逐条核录。世宗实录条次未钉，不假装已回条次。
QH-A-YZ-0012,yongzheng,称号授予,QH-P-000049,invested_as_duke,三等公,雍正元年三月甲申,1723-04-09,1723-04-09,,确定,已采纳,QH-SU-YZ-QSG-0009C,卷9；雍正元年三月甲申,封年羹堯三等公,,与加太保同日条。后二年进一等公、三年褫夺，另条。后出本纪不作终审。公历依 CAL-001，尚未逐条核录。世宗实录条次未钉，不假装已回条次。
QH-A-YZ-0013,yongzheng,事件发生,QH-P-000025,coffin_placed_at,宁寿宫,雍正元年五月辛丑,1723-06-25,1723-06-25,,确定,审核中,QH-SU-QSG-0009,卷9；雍正元年五月辛丑,奉安梓宮於寧壽宮,QH-CF-YZ-RENSHOU,同条称仁寿皇太后崩、帝之生母也。奉安地点是宁寿宫。徽号冲突仍见后妃传未上册。不得把孝恭写成康熙朝皇后。后出本纪不作终审。公历依 CAL-001，尚未逐条核录。世宗实录条次未钉，不假装已回条次。
QH-A-YZ-0014,yongzheng,事件发生,QH-P-000002,sealed_heir_edict_behind,正大光明匾额之后,雍正元年八月甲子,1723-09-16,1723-09-16,,确定,已采纳,QH-SU-YZ-QSG-0009D,卷9；雍正元年八月甲子,今朕親寫密封，緘置錦匣，藏於正大光明匾額之後,,证明本纪记载密旨收藏位置。匣中写谁本条未拆。不得把后来取出的弘历名字倒写成甲子当日已宣示。同条「去年十一月仓卒一言而定」是上谕自述，不另证改诏真伪。后出本纪不作终审。公历依 CAL-001，尚未逐条核录。世宗实录条次未钉，不假装已回条次。
QH-A-YZ-0015,yongzheng,事件发生,QH-P-000001,buried_at,景陵,雍正元年九月丁丑朔,1723-09-29,1723-09-29,,确定,已采纳,QH-SU-YZ-QSG-0009E,卷9；雍正元年九月丁丑朔,葬聖祖仁皇帝於景陵，孝恭皇后祔焉,,丁丑为朔。孝恭皇后是祔葬时的称号，不能倒写成康熙朝皇后。今地见 QH-ST-0021。后出本纪不作终审。公历依 CAL-001，尚未逐条核录。世宗实录条次未钉，不假装已回条次。
QH-A-YZ-0016,yongzheng,称号授予,QH-P-000049,appointed_as,抚远大将军,雍正元年十月戊申,1723-10-30,1723-10-30,,确定,已采纳,QH-SU-YZ-QSG-0009E,卷9；雍正元年十月戊申,敕授年羹堯撫遠大將軍,,改延信为平逆将军在同句，不并入本条。列传作解印授羹尧，与本纪授职同方向。后出本纪不作终审。公历依 CAL-001，尚未逐条核录。世宗实录条次未钉，不假装已回条次。
QH-A-YZ-0017,yongzheng,事件发生,QH-P-000036,invested_as_empress,皇后,雍正元年十二月丁卯,1724-01-17,1724-01-17,,确定,已采纳,QH-SU-YZ-QSG-0009E,卷9；雍正元年十二月丁卯,冊嫡妃那拉氏為皇后,,当时是嫡妃那拉氏册为皇后，不是生下来就是皇后。人物ID QH-P-000036。后出本纪不作终审。公历依 CAL-001，尚未逐条核录。世宗实录条次未钉，不假装已回条次。
QH-A-YZ-0018,yongzheng,称号授予,QH-P-000038,invested_as_consort,贵妃,雍正元年十二月丁卯,1724-01-17,1724-01-17,,确定,已采纳,QH-SU-YZ-QSG-0009E,卷9；雍正元年十二月丁卯,封年氏為貴妃,,与册后同日。不得写成因此年羹尧掌兵。钮祜禄氏为熹妃、耿氏为裕嫔同句不并入。后出本纪不作终审。公历依 CAL-001，尚未逐条核录。世宗实录条次未钉，不假装已回条次。
QH-A-YZ-0019,yongzheng,事件发生,QH-P-000049,campaign_concluded,青海平,雍正二年三月,1724-03-25,1724-04-22,,确定,已采纳,QH-SU-YZ-QSG-0009H,卷9；雍正二年三月,青海平,,本纪系于三月庚辰谒陵之后的连写，未给青海平单独干支。公历用三月起止。战报细节待方略。后出本纪不作终审。公历依 CAL-001，尚未逐条核录。世宗实录条次未钉，不假装已回条次。
QH-A-YZ-0020,yongzheng,称号授予,QH-P-000049,invested_as_duke,一等公,雍正二年三月,1724-03-25,1724-04-22,,确定,已采纳,QH-SU-YZ-QSG-0009H,卷9；雍正二年三月,封年羹堯一等公,,由元年三等公进一等公。岳钟琪三等公不并入本条。后出本纪不作终审。公历依 CAL-001，尚未逐条核录。世宗实录条次未钉，不假装已回条次。 与同一来源单元、同一原始时间表达的QH-A-YZ-0019统一为雍正二年三月全月边界。
QH-A-YZ-0021,yongzheng,文字或数值陈述,QH-P-000002,reprimanded_for_wording,夕惕朝乾,雍正三年三月辛酉,1725-05-05,1725-05-05,,确定,已采纳,QH-SU-YZ-QSG-0009I,卷9；雍正三年三月辛酉,將「朝乾夕惕」寫作「夕惕朝乾」,,这是本纪所记责让用语，不是已核笔迹鉴定。不得写成年案由此一句开始。后出本纪不作终审。公历依 CAL-001，尚未逐条核录。世宗实录条次未钉，不假装已回条次。
QH-A-YZ-0022,yongzheng,称号授予,QH-P-000049,transferred_as,杭州将军,雍正三年四月己卯,1725-05-23,1725-05-23,,确定,已采纳,QH-SU-YZ-QSG-0009I,卷9；雍正三年四月己卯,調年羹堯為杭州將軍,,同日以岳钟琪为川陕总督。调任不是赐死。后出本纪不作终审。公历依 CAL-001，尚未逐条核录。世宗实录条次未钉，不假装已回条次。
QH-A-YZ-0023,yongzheng,称号授予,QH-P-000049,stripped_of_title,太保,雍正三年六月,1725-07-10,1725-08-07,,确定,已采纳,QH-SU-YZ-QSG-0009I,卷9；雍正三年六月,削年羹堯太保，尋褫其一等公,,本纪先削太保，寻褫一等公，未给寻的干支。公历用六月起止。后出本纪不作终审。公历依 CAL-001，尚未逐条核录。世宗实录条次未钉，不假装已回条次。
QH-A-YZ-0024,yongzheng,称号授予,QH-P-000048,stripped_of_title,太保,雍正三年七月丁未,1725-08-19,1725-08-19,,确定,已采纳,QH-SU-YZ-QSG-0009I,卷9；雍正三年七月丁未,削隆科多太保,,与年羹尧案并行，不是同一日赐死。后出本纪不作终审。公历依 CAL-001，尚未逐条核录。世宗实录条次未钉，不假装已回条次。
QH-A-YZ-0025,yongzheng,称号授予,QH-P-000049,demoted_to,闲散旗员,雍正三年七月壬戌,1725-09-03,1725-09-03,,确定,已采纳,QH-SU-YZ-QSG-0009I,卷9；雍正三年七月壬戌,杭州將軍年羹堯黜為閒散旗員,,黜为闲散在逮系、赐死之前。十二月甲戌才议罪赐死。后出本纪不作终审。公历依 CAL-001，尚未逐条核录。世宗实录条次未钉，不假装已回条次。
QH-A-YZ-0026,yongzheng,事件发生,QH-P-000049,granted_death,赐死,雍正三年十二月甲戌,1726-01-13,1726-01-13,,确定,审核中,QH-SU-YZ-QSG-0009I,卷9；雍正三年十二月甲戌,年羹堯賜死,QH-CF-YZ-NIAN-DEATH,同条：廷臣议上年羹尧罪九十二款。本纪作赐死；列传作狱中令自裁。两说并存。不得写成年妃一死他就倒台。后出本纪不作终审。公历依 CAL-001，尚未逐条核录。世宗实录年案条已钉：QH-SU-YZ-QSL-0039A，九十二款全目，得旨令其自裁。
QH-A-YZ-0027,yongzheng,文字或数值陈述,QH-P-000007,renamed_as,阿其那,雍正四年正月戊戌,1726-02-06,1726-02-06,,确定,已采纳,QH-SU-YZ-QSG-0009K,卷9；雍正四年正月戊戌,敕令易名名曰阿其那,,本纪用字阿其那。满文原义与侮辱程度待专条，不得在本条写成已核译义。子弘旺改菩萨保不并入。后出本纪不作终审。公历依 CAL-001，尚未逐条核录。世宗实录条次未钉，不假装已回条次。
QH-A-YZ-0028,yongzheng,称号授予,QH-P-000048,stripped_of_title,爵,雍正五年六月,1727-07-19,1727-08-16,,确定,已采纳,QH-SU-YZ-QSG-0009L,卷9；雍正五年六月,隆科多以罪削爵,,本纪只到月。弟庆复袭一等公同句不并入。公历用六月起止。后出本纪不作终审。世宗实录已钉：癸巳调回（QH-A-YZ-0063），丁未革爵（QH-A-YZ-0064）。本条仍只用本纪月层，不与实录日层合并。
QH-A-YZ-0029,yongzheng,事件发生,QH-P-000048,imprisoned,禁锢,雍正五年十月丁亥,1727-11-17,1727-11-17,,确定,审核中,QH-SU-YZ-QSG-0009L,卷9；雍正五年十月丁亥,大罪五十，應斬立決……得旨，隆科多著禁錮,QH-CF-YZ-LONGKEDUO-COUNTS,本纪作大罪五十、著禁锢，未写畅春园外筑屋。列传作四十一款、畅春园外永远禁锢。款数与地点两说并存。后出本纪不作终审。公历依 CAL-001，尚未逐条核录。世宗实录狱辞条已钉：QH-SU-YZ-QSL-0062A，十月五日第2/3条，四十一款，畅春园外造屋三间永远禁锢。本条仍只用本纪层。
QH-A-YZ-0030,yongzheng,事件发生,QH-P-000002,institution_noted_as_begun,军机大臣,雍正十年六月辛巳,1732-08-16,1732-08-16,,确定,审核中,QH-SU-YZ-QSG-0009N,卷9；雍正十年六月辛巳,軍機大臣之設始於此,QH-CF-YZ-JUNJI,这是本纪在十年六月恤赠条下的起置说明。后出本纪不作终审。公历依 CAL-001，尚未逐条核录。实录七年六月十日已钉密办军需（QH-A-YZ-0045），无军机房字。年表作七年六月始设军机房（QH-A-YZ-0046）。实录十年恤赠未见始于此（QH-A-YZ-0044）。三说并存，不择一。
QH-A-YZ-0031,yongzheng,称号授予,QH-P-000002,oral_designated_successor,QH-P-000019,雍正十三年八月戊子,1735-10-07,1735-10-07,,确定,已采纳,QH-SU-YZ-QSG-0009M,卷9；雍正十三年八月戊子,戊子，上大漸，宣旨傳位皇四子寶親王弘曆,,前一日丁亥不豫，次日己丑崩。三人分日。本条只证本纪所记传位宣旨，不证密旨匣中原件。后出本纪不作终审。公历依 CAL-001，尚未逐条核录。世宗实录条次未钉，不假装已回条次。
QH-A-YZ-0032,yongzheng,事件发生,QH-P-000002,died_on,崩年五十八,雍正十三年八月己丑,1735-10-08,1735-10-08,,确定,审核中,QH-SU-YZ-QSG-0009M,卷9；雍正十三年八月己丑,己丑，上崩，年五十八,QH-CF-YZ-DEATH,本纪只写崩与享年，未写圆明园，未写丹药。丹药说见对照栏 QH-L-0008，不得补进本条。后出本纪不作终审。公历依 CAL-001，尚未逐条核录。世宗实录崩逝条已钉：QH-SU-YZ-QSL-0159A，己丑子刻上崩，无地点死因。本条仍只用本纪层，不把实录时刻写进来。
QH-A-YZ-0033,yongzheng,事件发生,QH-P-000002,buried_at,泰陵,乾隆二年三月,1737-03-31,1737-04-29,,确定,已采纳,QH-SU-YZ-QSG-0009M,卷9；乾隆二年三月,乾隆二年三月，葬泰陵,,原纪年只到月。今地见 QH-ST-0022。不得写成遵化东陵。后出本纪不作终审。公历依 CAL-001，尚未逐条核录。世宗实录条次未钉，不假装已回条次。
QH-A-YZ-0034,yongzheng,人物关系,QH-P-000048,maternal_uncle_of_empress,QH-P-000024,列传总述,1668-01-01,1728-08-05,本条为列传所述外戚身份类主张，原文未给纪年；公历区间为编辑推定的生卒窗口，非已核生卒。待按 CAL-001 核录。,确定,已采纳,QH-SU-YZ-QSG-0295A,卷295；隆科多传首句,一等公佟國維子，孝懿仁皇后弟也,,证明列传所记外戚身份。公历字段只标大约生卒窗口，不是生卒已核。孝懿是佟佳氏 QH-P-000024。后出列传不作终审。可与本纪矛盾，两说并存。世宗实录条次未钉。
QH-A-YZ-0035,yongzheng,事件参与,QH-P-000048,received_deathbed_charge,召受顾命,康熙六十一年十一月,1722-12-20,1722-12-20,,确定,审核中,QH-SU-YZ-QSG-0295A,卷295；隆科多传,聖祖大漸，召受顧命,QH-CF-KX-SUCCESSION,列传作召受顾命。实录寅刻名单有隆科多在御榻前。顾命是后出传文用词，不得写成已核官职名。后出列传不作终审。可与本纪矛盾，两说并存。圣祖实录寅刻名单见 QH-A-KX-0038；本条仍只用列传层。
QH-A-YZ-0036,yongzheng,事件发生,QH-P-000048,imprisoned_at,畅春园外,雍正五年,1727-01-22,1728-02-09,,确定,审核中,QH-SU-YZ-QSG-0295A,卷295；隆科多传五年狱辞,於暢春園外築屋三楹，永遠禁錮,QH-CF-YZ-LONGKEDUO-COUNTS,列传：四十一款；上谕称大臣承旨者惟隆科多一人，免正法，畅春园外筑屋三楹永远禁锢。本纪作大罪五十、著禁锢，未写此处。两说并存。公历用雍正五年整年。后出列传不作终审。可与本纪矛盾，两说并存。世宗实录同日条已钉：QH-SU-YZ-QSL-0062A，作造屋三间。本条仍只用列传层。
QH-A-YZ-0037,yongzheng,事件发生,QH-P-000048,died_on,死于禁所,雍正六年六月,1728-07-07,1728-08-05,,确定,已采纳,QH-SU-YZ-QSG-0295A,卷295；隆科多传,六年六月，隆科多死於禁所,,列传只到月。死因未写。不得写成赐死或吕四娘。后出列传不作终审。可与本纪矛盾，两说并存。世宗实录条次未钉。
QH-A-YZ-0038,yongzheng,事件发生,QH-P-000049,granted_death,狱中令自裁,雍正三年十二月,1726-01-13,1726-01-13,,确定,审核中,QH-SU-YZ-QSG-0295B,卷295；年羹尧传十二月,齎詔諭羹堯獄中令自裁,QH-CF-YZ-NIAN-DEATH,列传作自裁；本纪作赐死。同传记九十二款。不得写成年妃致死。后出列传不作终审。可与本纪矛盾，两说并存。世宗实录年案已钉 QH-SU-YZ-QSL-0039A；本条仍只用列传层。
QH-A-YZ-0039,yongzheng,事件发生,QH-P-000002,accession_occurred,即皇帝位,康熙六十一年十一月二十日,1722-12-27,1722-12-27,,确定,审核中,QH-SU-YZ-QSL-0001A,卷1；康熙六十一年十一月二十日；1/5,辛丑。上即皇帝位。……詣梓宮前、跪、上香、告受命於大行皇帝。……御太和殿。升寶座。,QH-CF-KX-SUCCESSION,即位礼在辛丑二十日，距甲午崩日七日。实录仪节与康熙实录口谕遗诏分层保存，不互相覆盖。公历依 CAL-001，尚未逐条核录。满汉原件与起居注未见。
QH-A-YZ-0040,yongzheng,事件发生,QH-P-000002,announced_next_reign_era,以明年為雍正元年,康熙六十一年十一月二十日,1722-12-27,1722-12-27,,确定,已采纳,QH-SU-YZ-QSL-0001B,卷1；康熙六十一年十一月二十日；2/5,於是月二十日。祗告天地宗廟社稷。即皇帝位。以明年為雍正元年。,,即位诏文本。诏自述皇考升遐之日诏朕缵承大统，是诏书自述，不证明遗诏原件真伪；诏述皇二子两废是政治叙事，不作废案细节终审。公历依 CAL-001，尚未逐条核录。
QH-A-YZ-0041,yongzheng,事件发生,QH-P-000002,died_on,子刻上崩,雍正十三年八月二十三日,1735-10-08,1735-10-08,,确定,审核中,QH-SU-YZ-QSL-0159A,卷159；雍正十三年八月二十三日；1/5,己丑。子刻。上崩。,QH-CF-YZ-DEATH,实录崩条不写地点，不写死因，不写疾大渐。与本纪己丑崩年五十八（QH-A-YZ-0032）同日异文。丹药与中毒说不得补入。子刻属八月二十三日凌晨，不作两日。公历依 CAL-001，尚未逐条核录。
QH-A-YZ-0042,yongzheng,事件发生,QH-P-000049,granted_death,令其自裁,雍正三年十二月十一日,1726-01-13,1726-01-13,,确定,审核中,QH-SU-YZ-QSL-0039A,卷39；雍正三年十二月十一日；1/3,年羹堯所犯至九十二大罪。……得旨、……朕念年羹堯青海之功。不忍加以極刑。著交步軍統領阿齊圖、令其自裁。,QH-CF-YZ-NIAN-DEATH,实录作令其自裁；本纪赐死（QH-A-YZ-0026）与列传狱中令自裁（QH-A-YZ-0038）三说并存。九十二款全目见本条，与本纪款数主张互证。年富立斩等处置未拆。公历依 CAL-001，尚未逐条核录。
QH-A-YZ-0043,yongzheng,事件发生,QH-P-000048,imprisoned_at,畅春园外附近空地,雍正五年十月五日,1727-11-17,1727-11-17,,确定,审核中,QH-SU-YZ-QSL-0062A,卷62；雍正五年十月五日；2/3,隆科多所犯四十一款重罪。實不容誅。……隆科多免其正法。於暢春園外附近空地。造屋三間。永遠禁錮。,QH-CF-YZ-LONGKEDUO-COUNTS,实录作四十一款、免正法、畅春园外附近空地造屋三间永远禁锢。同条群臣拟斩立决。本纪作大罪五十、著禁锢（QH-A-YZ-0029），未写地点。列传作四十一款、筑屋三楹（QH-A-YZ-0036）。款数：实录与列传同、本纪异。地点：实录与列传同、本纪未写。不择一。四十一款细目未逐条拆入。同谕称升遐之日承旨者惟隆科多一人，是当日上谕自述，不另证遗诏原件。丁亥是五日干支，不是十五日。公历依 CAL-001，尚未逐条核录。
QH-A-YZ-0044,yongzheng,事件发生,QH-P-000002,reported_in_edict,策勒克追封辅国公,雍正十年六月二十六日,1732-08-16,1732-08-16,,确定,已采纳,QH-SU-YZ-QSL-0120A,卷120；雍正十年六月二十六日；1/1,辦理軍機大臣等遵旨議奏。……策勒克著追封輔國公。令伊子密什克、世襲罔替。,,实录此条是恤赠议奏。全文无「军机大臣之设始于此」。本纪该句见QH-A-YZ-0030，不得写入本条。同月十三日、十六日已有「谕办理军机大臣等」，不把辛巳写成军机处第一日。七年六月十日密办军需见QH-A-YZ-0045。会典未开。公历依 CAL-001，尚未逐条核录。
QH-A-YZ-0045,yongzheng,事件发生,QH-P-000002,reported_in_edict,军需交怡亲王张廷玉蒋廷锡密为办理,雍正七年六月十日,1729-07-05,1729-07-05,,确定,审核中,QH-SU-YZ-QSL-0082A,卷82；雍正七年六月十日；2/4,兩路軍機。朕籌算者久矣。其軍需一應事宜。交與怡親王、大學士張廷玉、蔣廷錫、密為辦理。……王大臣等小心慎密。是以經理二年有餘。,QH-CF-YZ-JUNJI,实录作军需密办，并称经理二年有余。全文无军机房、无办理军机处、无始设。两路军机是军务用语，不得改写成军机处。本纪十年始于此见QH-A-YZ-0030。年表七年六月始设军机房见QH-A-YZ-0046。会典未开。癸未=六月十日。公历依 CAL-001，尚未逐条核录。
QH-A-YZ-0046,yongzheng,事件发生,QH-P-000002,institution_noted_as_begun,军机房,雍正七年六月,1729-06-26,1729-07-25,,确定,审核中,QH-SU-YZ-QSG-0176A,卷176；雍正七年六月,六月，始設軍機房,QH-CF-YZ-JUNJI,年表年头总述。同表记六月癸未命密办军需，与实录QH-A-YZ-0045同日同旨，但实录无军机房三字。十年三月改称办理军机处是年表另一句，实录条次未钉。后出史表不作终审。公历用六月起止。会典未开。
QH-A-YZ-0047,yongzheng,文字或数值陈述,QH-P-000002,reported_in_edict,满洲犹籍贯；舜为东夷文王为西夷,雍正七年,1729-01-29,1730-02-16,,约略,已采纳,QH-SU-YZ-DYJML-0001A,卷一；华夷短引,本朝之為滿洲，猶中國之有籍貫。舜為東夷之人，文王為西夷之人，曾何損於聖德乎？,,刊本自辩。维基文库标点排印。不得扩成全书论纲。不得覆盖实录。公历用雍正七年起止，待按 CAL-001 核录。
QH-A-YZ-0048,yongzheng,文字或数值陈述,QH-P-000002,reported_in_edict,御榻口谕皇四子继位（后来衔名）,雍正七年,1729-01-29,1730-02-16,,约略,审核中,QH-SU-YZ-DYJML-0001B,卷一；传位场面短引,皇考命誠親王允祉、淳親王允祐、阿其那、塞思黑、允䄉、公允祹、怡親王允祥、原任理藩院尚書隆科多至御榻前，諭曰：「皇四子人品貴重，深肖朕躬，必能克承大統，著繼朕即皇帝位。」,QH-CF-YZ-DYJML-SCENE,刊本自述传位场面。衔名用后来亲王号与阿其那、塞思黑。人员仍是七皇子加隆科多。不得改写圣祖实录卷300。公历用雍正七年起止，待按 CAL-001 核录。
QH-A-YZ-0049,yongzheng,文字或数值陈述,QH-P-000002,reported_in_edict,转述耿六格供称「十」改为「于」,雍正七年,1729-01-29,1730-02-16,,约略,审核中,QH-SU-YZ-DYJML-0003A,卷三；改诏传闻短引,訊據逆賊耿精忠之孫耿六格供稱……聖祖皇帝原傳十四阿哥允禵天下，皇上將「十」字改為「于」字。,QH-CF-YZ-DYJML-GAIZHAO,书中转述的供称。不是曾静原供。不是案档原件。不得写成已证伪改诏。同段人参汤、太后撞死未拆入本条。公历用雍正七年起止，待按 CAL-001 核录。
QH-A-YZ-0050,yongzheng,文字或数值陈述,QH-P-000002,reported_in_edict,驳「欲传允禵、隆科多更改遗诏」,雍正七年,1729-01-29,1730-02-16,,约略,审核中,QH-SU-YZ-DYJML-0003B,卷三；改诏驳语短引,今乃云皇考欲傳位於允禵，隆科多更改遺詔，傳位於朕……焉有不遭上帝皇考之誅殛者乎！,QH-CF-YZ-DYJML-GAIZHAO,刊本自辩。与QH-A-YZ-0049分行。不得把驳语写成已证伪改诏。不得覆盖圣祖实录口谕遗诏。公历用雍正七年起止，待按 CAL-001 核录。
QH-A-YZ-0051,yongzheng,事件发生,QH-P-000002,reported_in_edict,曾静遣张熙投书岳钟琪,雍正七年五月二十一日,1729-06-17,1729-06-17,,确定,已采纳,QH-SU-YZ-QSL-0081A,卷81；雍正七年五月二十一日；1/2,先是、湖南靖州人曾靜、因考試劣等。家居憤鬱。忽圖叛逆。遣其徒張熙、詭名投書於川陝總督岳鍾琪勸以同謀舉事。,,实录用先是追记。不是六年九月当日条。下文转到吕留良与会议治罪。同日第2/2条未拆。公历依 CAL-001，尚未逐条核录。
QH-A-YZ-0052,yongzheng,文字或数值陈述,QH-P-000002,reported_in_edict,华夷上谕通行颁布各府州县,雍正七年九月十二日,1729-11-02,1729-11-02,,确定,已采纳,QH-SU-YZ-QSL-0086A,卷86；雍正七年九月十二日；1/1,著將朕諭旨、通行頒布天下各府州縣遠鄉僻壤。俾讀書士子、及鄉曲小民共知之,,颁的是这道上谕。全文无大义觉迷录书名。不得写成刊成该书。同谕有满洲犹籍贯句。公历依 CAL-001，尚未逐条核录。
QH-A-YZ-0053,yongzheng,文字或数值陈述,QH-P-000002,reported_in_edict,不行诛戮曾静张熙,雍正七年十月六日,1729-11-26,1729-11-26,,确定,已采纳,QH-SU-YZ-QSL-0087A,卷87；雍正七年十月六日；1/4,今日諸臣、合詞請誅曾靜張熙。……但朕之不行誅戮者。實有隱衷。……可以寬宥其罪。,,九卿请即行正法；上谕不诛。同日第2/4条为李绂蔡珽不是刊书。公历依 CAL-001，尚未逐条核录。
QH-A-YZ-0054,yongzheng,事件发生,QH-P-000002,reported_in_edict,岳钟琪疏言张熙投递逆书,雍正七年五月乙丑,1729-06-17,1729-06-17,,确定,已采纳,QH-SU-YZ-QSG-0009P,卷9；雍正七年五月乙丑,先是，岳鍾琪疏言有湖南人張熙投遞逆書，訊由其師曾靜所使。命提曾靜、張熙至京。,,后出本纪。与实录同日都用先是。不作终审。不得写成六年九月当日条。公历依 CAL-001，尚未逐条核录。
QH-A-YZ-0055,yongzheng,事件发生,QH-P-000001,died_on,宾天,康熙六十一年十一月十三日,1722-12-20,1722-12-20,,确定,审核中,QH-SU-YZ-QSL-0001C,卷1；康熙六十一年十一月十三日；1/1,聖祖仁皇帝賓天。……是日、上問安、進見五次戌刻。聖祖賓天。,QH-CF-KX-SUCCESSION,世宗实录甲午条。戌刻宾天。同条有寝宫，也有先是戊子回驻畅春园。不得用本条覆盖圣祖实录卷300寝宫句。公历依 CAL-001，尚未逐条核录。
QH-A-YZ-0056,yongzheng,事件发生,QH-P-000001,ill_at,畅春园,康熙六十一年十一月七日,1722-12-14,1722-12-14,,确定,审核中,QH-SU-YZ-QSL-0001C,卷1；甲午条先是戊子,至是月戊子。聖躬不豫。因回駐暢春園。,QH-CF-KX-SUCCESSION,先是追记，不是甲午当日条。圣祖实录同日专条见QH-A-KX-0126。不得写成甲午才回驻。
QH-A-YZ-0057,yongzheng,事件发生,QH-P-000001,oral_designated_successor,皇四子胤禛,康熙六十一年十一月十三日,1722-12-20,1722-12-20,,确定,审核中,QH-SU-YZ-QSL-0001C,卷1；甲午丑刻御榻,宣諭曰。皇四子胤禛人品貴重。深肖朕躬。必能克承大統。著繼登基。即皇帝位。,QH-CF-KX-SUCCESSION,世宗实录层。圣祖实录口谕名单与用语另条。两层并存，不互相覆盖。不得写入改诏。
QH-A-YZ-0058,yongzheng,事件发生,QH-P-000002,institution_renamed_as,办理军机处,雍正十年三月,1732-03-27,1732-04-24,,确定,审核中,QH-SU-YZ-QSG-0176B,卷176；十年壬子三月,三月，改軍機房稱辦理軍機處。,QH-CF-YZ-JUNJI,年表年头句。实录同月初三日是铸印议奏（QH-A-YZ-0065），未见改称句。会典未开。不得用本条写入实录。
QH-A-YZ-0065,yongzheng,事件发生,QH-P-000002,reported_in_edict,议铸办理军机印信,雍正十年三月三日,1732-03-29,1732-03-29,,确定,审核中,QH-SU-YZ-QSL-0116A,卷116；雍正十年三月三日；3/5,大學士等遵旨議奏、辦理軍機處。密行事件。所需鈐封印信。謹擬用辦理軍機印信字樣……從之,QH-CF-YZ-JUNJI,庚申=初三。实录已用办理军机处名，并准铸印。全文无改军机房称办理军机处。不得把铸印写成改称或始设。公历依戊午朔加二日，待按 CAL-001 核录。
QH-A-YZ-0059,yongzheng,文字或数值陈述,QH-P-000019,absent_from_volume,卷165世宗系无第四子行,清史稿卷165世宗系,1711-09-25,1799-02-07,本条为世表结构缺号类主张，原文未给纪年；公历区间为编辑推定的窗口，非本条所述时间。待按 CAL-001 核录。,确定,已采纳,QH-SU-YZ-QSG-0165A,卷165；世宗系,卷165无第四子行,,结构缺号。与卷164缺胤禛同体例。后妃传称子一高宗。不得读成雍正无第四子。
QH-A-YZ-0060,yongzheng,文字或数值陈述,QH-P-000018,table_birth_order,世宗第三子；早薨无嗣,清史稿卷165弘时行,1704-01-01,1727-12-31,,约略,已采纳,QH-SU-YZ-QSG-0165A,卷165；弘时,世宗第三子。早薨，無嗣,,只证明表文如此。削籍年月不在本表。不得补故宫年表或死因。
QH-A-YZ-0061,yongzheng,事件发生,QH-P-000137,posthumously_advanced_as,和硕怀恪公主,雍正元年,1723-02-05,1724-01-24,,约略,已采纳,QH-SU-YZ-QSG-0166B,卷166；世宗第二女,雍正元年，追進封和碩懷恪公主,,表文明写追进。第二女已于康熙五十六年三月薨。不得写成生前进封。
QH-A-YZ-0062,yongzheng,事件发生,QH-P-000133,adopted_out_to,胤礼,清史稿卷165弘曕行,1738-02-19,1765-12-31,,约略,已采纳,QH-SU-YZ-QSG-0165A,卷165；弘曕,世宗第六子，嗣胤禮後,,过继果亲王允礼后。表文未给过继日。公历用乾隆三年袭果亲王至三十年薨的可见区间，不是过继当日。后妃传作弘適，不择一。
QH-A-YZ-0063,yongzheng,事件发生,QH-P-000048,recalled_to_capital,自办理俄罗斯边界事调回,雍正五年六月八日,1727-07-26,1727-07-26,,确定,已采纳,QH-SU-YZ-QSL-0058A,卷58；雍正五年六月八日；3/5,隆科多私抄玉牒。存貯家中。……可將隆科多調回。令其速來。,,癸巳。议革职拏问，得旨先调回。不是革爵当日。不得与丁未革爵或十月禁锢并成一天。公历依丙戌朔加七日，待按 CAL-001 核录。
QH-A-YZ-0064,yongzheng,称号授予,QH-P-000048,stripped_of_title,一等公,雍正五年六月二十二日,1727-08-09,1727-08-09,,确定,已采纳,QH-SU-YZ-QSL-0058B,卷58；雍正五年六月二十二日；3/3,一等公隆科多、緣罪革爵。以其弟慶復襲替,,丁未革爵。本纪只写六月。十月四十一款禁锢是另一天。不得写成六月已禁锢。公历依丙戌朔加二十一日，待按 CAL-001 核录。
QH-A-YZ-0066,yongzheng,文字或数值陈述,QH-P-000002,reported_in_edict,耗羨不可以歸公,雍正六年四月壬寅,1728-01-01,1728-12-31,,约略,已采纳,QH-SU-YZ-QSG-0009R,卷9；雍正六年四月壬寅,地方官私徵耗羨，難以裁革。惟在督撫審慎用之，不可以歸公。若歸公，則地方官又重複取民矣。,,耗羡归公非一刀切：六年上谕仍顾虑归公后地方官重复取民。诺岷山西起点为通说，本纪未载，待回实录。公历月日待按 CAL-001 核录。
QH-A-YZ-0067,yongzheng,文字或数值陈述,QH-P-000002,reported_in_edict,清查各省耗羨,雍正十二年六月乙亥,1734-01-01,1734-12-31,,约略,已采纳,QH-SU-YZ-QSG-0009R,卷9；雍正十二年六月乙亥,敕戶部清查各省耗羨。,,十二年敕户部清查各省耗羡，证归公后耗羡已入国帑统一清查。公历年依 CAL-001。
QH-A-YZ-0068,yongzheng,事件发生,QH-P-000002,institution_noted_as_begun,耗羡归公,雍正二年,1724-01-01,1724-12-31,,约略,已采纳,QH-SU-YZ-QSG-0121A,卷121食货志；雍正二年,二年，以山西巡撫諾敏、布政使高成齡請提解火耗歸公，分給官吏養廉及其他公用,,食货志层级高于本纪。康熙不许年羹尧火耗议，雍正二年诺敏复请，诏从其请。不得把归公写成雍正个人独创。公历月日待按 CAL-001 核录。
QH-A-YZ-0069,yongzheng,事件发生,QH-P-000002,institution_noted_as_begun,官给养廉（养廉银）,雍正二年,1724-01-01,1724-12-31,,约略,已采纳,QH-SU-YZ-QSG-0121B,卷121食货志,於是定為官給養廉之制,,养廉银是耗羡归公后的定额津贴，取火耗分给。不得把养廉写成额外加派。公历月日待按 CAL-001 核录。
QH-A-YZ-0070,yongzheng,文字或数值陈述,QH-P-000002,reported_in_edict,有德者可为天下君（上谕一以德行作君位标准）,雍正七年,1729-01-29,1730-02-16,,约略,已采纳,QH-SU-YZ-DYJML-0001C,卷一；上谕一开篇,蓋生民之道，惟有德者可為天下君。,,刊本自辩立论。上谕一开篇把君位标准从地域移到德行。不得扩成全书论纲。不得覆盖实录。
QH-A-YZ-0071,yongzheng,文字或数值陈述,QH-P-000002,reported_in_edict,华夷之说起于偏安（上谕一把华夷辨历史化为分裂时代产物）,雍正七年,1729-01-29,1730-02-16,,约略,已采纳,QH-SU-YZ-DYJML-0001D,卷一；上谕一,蓋從來華夷之說，乃在晉宋六朝偏安之時，彼此地醜德齊，莫能相尚。,,刊本自辩。把华夷辨归到偏安时代；一统之时再讲即逆天悖理。不得写成已回应文化主义质问。
QH-A-YZ-0072,yongzheng,文字或数值陈述,QH-P-000002,reported_in_edict,疆土开拓为臣民大幸（上谕一以版图扩张反证华夷之分当废）,雍正七年,1729-01-29,1730-02-16,,约略,已采纳,QH-SU-YZ-DYJML-0001E,卷一；上谕一,自我朝入主中土，君臨天下，并蒙古極邊諸部落，俱歸版圖，是中國之疆土開拓廣遠，乃中國臣民之大幸，何得尚有華夷中外之分論哉！？,,刊本自辩。以版图扩张反证华夷之分当废。不得扩成全书论纲。
QH-A-YZ-0073,yongzheng,文字或数值陈述,QH-P-000002,reported_in_edict,上谕二自陈颁告逻辑：无愧歉则公开逐条播告,雍正七年,1729-01-29,1730-02-16,,约略,已采纳,QH-SU-YZ-DYJML-0001F,卷一；上谕二,朕若有幾微愧歉於中，則當回護隱忍，暗中寢息其事。,,刊本自辩。雍正以「无愧歉故公开」为逐条颁告的理由。自辩逻辑，不作事实裁断。
QH-A-YZ-0074,yongzheng,事件发生,QH-P-000002,reported_in_edict,阿其那、塞思黑于禁锢中死（上谕二称伏冥诛、尚未加以诛戮）,雍正七年,1729-01-29,1730-02-16,,约略,已采纳,QH-SU-YZ-DYJML-0001G,卷一；上谕二,不意此際，阿其那遂伏冥誅，塞思黑從西寧移至保定，交與直隸總督李紱看守，亦伏冥誅。,,刊本自辩。雍正自述二人禁锢中死、非显戮。死因与过程须另核案档，不得据此单源定案。原文冥作异体。
QH-A-YZ-0075,yongzheng,文字或数值陈述,QH-P-000002,reported_in_edict,上谕二以伦常重定人禽：识尊亲大义者为人，沦丧天常者为禽兽,雍正七年,1729-01-29,1730-02-16,,约略,已采纳,QH-SU-YZ-DYJML-0001H,卷一；上谕二,蓋識尊親之大義，明上下之定分，則謂之人。若淪喪天常，絕滅人紀，則謂之禽獸。,,刊本自辩。把华夷之辨换成人禽之辨，标准从族群换成伦常。不得扩成全书论纲。
QH-A-YZ-0076,yongzheng,文字或数值陈述,QH-P-000002,reported_in_deposition,曾静供：华夷之辨出于错会《春秋》经旨与无知流言,雍正七年,1729-01-29,1730-02-16,,约略,已采纳,QH-SU-YZ-DYJML-0001I,卷一；口供二,只為向見《春秋》有華夷之辨，錯會經旨，所以發出誕妄狂悖言語。,,讯问供词。曾静自述思想来源是错会经旨加流言。供词经讯问产生，自罪姿态不作思想谱系终审；吕留良层另见卷三。
QH-A-YZ-0077,yongzheng,文字或数值陈述,QH-P-000002,reported_in_deposition,曾静供：耳闻圣德而目未亲见盛世光景,雍正七年,1729-01-29,1730-02-16,,约略,已采纳,QH-SU-YZ-DYJML-0001J,卷一；口供三,然耳雖聞聖德，心雖服聖教，目實未曾親見有道盛世的光景。,,讯问供词。逆书对象是传闻想象的清朝；押解沿途所见成为翻供契机。传闻与亲见的认识论结构，不作悔罪真伪裁断。
QH-A-YZ-0078,yongzheng,文字或数值陈述,QH-P-000002,reported_in_deposition,逆书社会批评：土田尽为富户所收，富者日富贫者日贫,雍正七年,1729-01-29,1730-02-16,,约略,已采纳,QH-SU-YZ-DYJML-0001K,卷一；口供四,土田盡為富戶所收，富者日富，貧者日貧。,,讯问引逆书原文。逆书不止华夷论，含土地兼并社会批评；雍正以勤俭自然之理驳，未接兼并结构问题。
QH-A-YZ-0079,yongzheng,文字或数值陈述,QH-P-000002,reported_in_edict,上谕定罪分级：曾静误听流言讥及朕躬，吕留良自出胸臆上诬圣祖,雍正七年,1729-01-29,1730-02-16,,约略,已采纳,QH-SU-YZ-DYJML-0004A,卷四；雍正上谕,曾靜之謗訕由於誤聽流言，而呂留良則自出胸臆，造作妖妄。,,刊本上谕。生者因「可化」得宥，死者因「病源」被戮；分级标准在话语对象不在行为轻重。定罪逻辑，不作事实裁断。
QH-A-YZ-0080,yongzheng,文字或数值陈述,QH-P-000002,reported_in_edict,上谕以生平拆吕留良：考校失利弃青衿，忽追思明代深怨本朝,雍正七年,1729-01-29,1730-02-16,,约略,已采纳,QH-SU-YZ-DYJML-0004B,卷四；雍正上谕,乃於康熙六年，因考校失利，妄爲大言，棄去青衿，忽追思明代，深怨本朝。,,刊本上谕。以传记叙事拆解作者动机，不逐条辩其学。生平细节（考校失利年份等）须另核年谱，不得据此单源定案。
QH-A-YZ-0081,yongzheng,文字或数值陈述,QH-P-000002,reported_in_deposition,曾静供：吕留良讥诋本朝假托春秋之义寄说于孔子口中,雍正七年,1729-01-29,1730-02-16,,约略,已采纳,QH-SU-YZ-DYJML-0004C,卷四；曾静供词,而其所譏詆本朝處又假託春秋之義，以寄其說於孔子口中，所以不得不令愚人信其實。,,讯问供词。囚犯以皇帝逻辑自供并归罪思想源头；同意之生产的现场。不作曾吕关系终审。
QH-A-YZ-0082,yongzheng,文字或数值陈述,QH-P-000002,reported_in_writing,曾静《归仁说》：圣人之生不以地为限，麒麟凤凰不必尽出中土,雍正七年,1729-01-29,1730-02-16,,约略,已采纳,QH-SU-YZ-DYJML-0004D,卷四；曾静著述,麒麟、鳳凰不必盡出中土，奇珍大貝何嘗不產海濱。,,囚犯获宥后著述。用皇帝逻辑自撰颂圣论；同意的生产之成品。不作真心裁断。
QH-A-YZ-0083,yongzheng,文字或数值陈述,QH-P-000002,reported_in_deposition,曾静供：乡间谣传新皇帝因铸钱不成杀了许多铸匠，渐次信以为实,雍正七年,1729-01-29,1730-02-16,,约略,已采纳,QH-SU-YZ-DYJML-0002A,卷二；口供,謠傳遂以為如今新皇帝因鑄錢不成，殺了幾多鑄匠。,,讯问供词。谣言生成链：求见新钱不得+乡民不通钱法+钱文模糊自验。雍正以铜铅配比驳。谣言机制样本，不作民智裁断。
QH-A-YZ-0084,yongzheng,文字或数值陈述,QH-P-000002,reported_in_deposition,曾静供：长沙见「五星联珠日月合璧」告示，以为将复井田封建,雍正七年,1729-01-29,1730-02-16,,约略,已采纳,QH-SU-YZ-DYJML-0002B,卷二；口供,不意到長沙竟看見有一告示，上有「五星聯珠，日月合璧」的話。彼時大喜，以為有好世界來，畢竟會復井田封建。,,讯问供词。天象被读成政治承诺；两年水荒后同一兆又被重读为别应。兆象解读机制样本。
QH-A-YZ-0085,yongzheng,文字或数值陈述,QH-P-000002,reported_in_deposition,曾静供：收妃嫔谣言出于路上传说押解犯官所言，信其毕竟实事，今记想传说之人不出,雍正七年,1729-01-29,1730-02-16,,约略,已采纳,QH-SU-YZ-DYJML-0003C,卷三；供词,彌天重犯聽得此話不察，妄以為此話自犯官說出，畢竟是實事。,,讯问供词。谣言第三机制：来源权威化（犯官=内部人）+来源不可追。与卷二雍正钱、五星联珠二例合成谣言三机制。
QH-A-YZ-0086,yongzheng,文字或数值陈述,QH-P-000002,reported_in_edict,上谕以再醮之喻反套：岳钟琪叛则再醮，曾静臣事岳钟琪是又失身再醮之人,雍正七年,1729-01-29,1730-02-16,,约略,已采纳,QH-SU-YZ-DYJML-0001L,卷一；口供六,而曾靜又臣事於岳鍾琪，是又失身再醮之人矣。,,刊本上谕。用逆书自己的比喻（择主如从夫）反套作者：修辞陷阱样本。不作岳曾关系终审。
QH-A-YZ-0087,yongzheng,文字或数值陈述,QH-P-000002,reported_in_deposition,逆书：夷狄侵凌中国只有杀而已矣砍而已矣；问今日还是要杀还是要砍,雍正七年,1729-01-29,1730-02-16,,约略,已采纳,QH-SU-YZ-DYJML-0001M,卷一；口供十三,只有殺而已矣，砍而已矣。,,讯问引逆书原文。逆书最激句；问句以彼之言还质彼身，同属修辞陷阱层。
QH-A-YZ-0088,yongzheng,文字或数值陈述,QH-P-000002,reported_in_deposition,曾静供：因吕留良所选程墨房书评点服膺，妄以为本朝第一等人物，言议皆当宗之；初不知其为人行事,雍正七年,1729-01-29,1730-02-16,,约略,已采纳,QH-SU-YZ-DYJML-0001N,卷一；口供八,妄以為此人是本朝第一等人物，舉凡一切言議，皆當以他為宗。其實當時並未曾曉得他的為人行事何如。,,讯问供词。文本碎片造宗师：科举评点市场如何制造思想权威。与卷四曾吕之分互读。
QH-A-YZ-0089,yongzheng,文字或数值陈述,QH-P-000002,reported_in_writing,御制文集诗小序：颁赐诸王大臣之际念及怡贤亲王仙游已周一载，不禁凄然涕下援笔赋此,雍正八年,1730-01-01,1730-12-31,,约略,已采纳,QH-SU-YZ-YZWJ-0001A,诗卷；端阳周年小序,念及吾弟怡賢親王仙逰已週一載，不禁凄然涕下，援筆賦此。,,御笔散文层。私声：公开颁赐场合里的私人悲恸。诗正文维基文库不存，仅小序。
QH-A-YZ-0090,yongzheng,文字或数值陈述,QH-P-000002,reported_in_writing,御制文集诗小序：壬子岁九月七日怡贤亲王定窆水东村，帝念手足至谊亲临奠送稍伸积痛,雍正十年,1732-01-01,1732-12-31,,约略,已采纳,QH-SU-YZ-YZWJ-0001B,诗卷；定窆亲临小序,朕念手足至誼，兼以輔弼功勤、獻替忠欵，撫今憶昔，情不能已，因親臨奠送，稍伸積痛。,,御笔散文层。私声与公录对读：实录写功勤，小序先写手足。诗正文不存，仅小序。
QH-A-YZ-0091,yongzheng,文字或数值陈述,QH-P-000002,reported_in_edict,上谕：召允禵来京是尽子臣之心之本意，非防范疑忌；允禵庸劣无才识威不足以服众；言防范者皆奸党高增允禵声价之论,雍正七年,1729-01-29,1730-02-16,,约略,已采纳,QH-SU-YZ-DYJML-0003D,卷三；上谕召允禵,此實朕之本意，並非防範疑忌而召之來也。以允禵之庸劣狂愚，無才無識，威不足以服眾,,刊本上谕。自贬式自辩：否认疑忌的论据是贬低对手；贬低本身又成了「非防范」的证明。与 yongzheng-07 储位层互读。
QH-A-YZ-0092,yongzheng,文字或数值陈述,QH-P-000002,reported_in_deposition,曾静供：讲孟子井田章心中快活，问人皆曰行不得而不快活；见吕留良评语竟以为行得，遂不觉赏心合意深信其说,雍正七年,1729-01-29,1730-02-16,,约略,已采纳,QH-SU-YZ-DYJML-0001O,卷一；口供十二,後看見呂留良此章書文評語，竟以為行得，且說治天下必要井田封建。……遂不覺賞心合意，從此遂深信呂留良的說話。,,讯问供词。激进化的内容面：经书理想+评点确认+兆象触发三段链。与口供八（权威面）合成评点宗师两例。
QH-A-YZ-0093,yongzheng,文字或数值陈述,QH-P-000002,reported_in_edict,朱批杨名时折：督抚羡余取与任尔自为，但须还朕一是字；岂可限以科则拘以绳墨，惟视秉心何如耳,雍正元年,1723-01-01,1723-12-31,,约略,已采纳,QH-SU-YZ-ZPYZ-0001A,卷三；批杨名时奏折,取與之際任爾自為，但須還朕一是字而巳。督撫羨餘豈可限以科則拘以繩墨，惟視秉心何如耳。,,四库刻本层朱批。与耗羡归公的制度化同朝反向：一手立制，一手拒制。原件未开。
QH-A-YZ-0094,yongzheng,文字或数值陈述,QH-P-000002,reported_in_edict,朱批杨名时谢恩折：此奏若出于至诚，失之东隅收之桑榆未为晚，否则仍属无益；并将数折批谕与鄂尔泰看,雍正五年,1727-01-01,1727-12-31,,约略,已采纳,QH-SU-YZ-ZPYZ-0001B,卷三；批杨名时谢恩折,此奏若出於至誠，所謂失之東隅收之桑榆未為晚也。否則仍屬無益耳。將此數摺批諭與鄂爾泰看。,,四库刻本层朱批。谢恩修辞被至诚条件句接住，且转示同僚——亲密即监察。与「是字」批成对读。
QH-A-YZ-0095,yongzheng,文字或数值陈述,QH-P-000002,reported_in_edict,朱批杨名时荐人折：恐未必如杨名时所荐之科甲中人物；杨回奏不胜悚惧，自陈赋性迂拙平日寡交,雍正五年,1727-01-01,1727-12-31,,约略,已采纳,QH-SU-YZ-ZPYZ-0001C,卷三；批荐人折,恐未必如楊名時所薦之科甲中人物。,,四库刻本层朱批。一句疑语令荐人者自辩朋党；疑的成本为零，回应的成本在臣。与是字批、东隅批成三面。
QH-A-YZ-0096,yongzheng,文字或数值陈述,QH-P-000002,reported_in_edict,钦定宫中现行则例卷一：雍正元年六月二十二日谕，新进太监扫地挟苕菷竟从宝座前昂然直走全无敬畏，嗣后凡有宝座之处行走经过必存一番恭敬之心急趋数步；朕问话遇下雨泥水之处只须躬身答应不必跪奏,雍正元年,1723-06-22,1723-07-21,,约略,已采纳,QH-SU-YZ-GZ-0001A,卷一；雍正元年六月二十二日,嗣後凡有寶座之處行走經過，必存一番恭敬之心，急趨數步，方合禮節。,,宫规汇编层。敬畏的对象是空宝座——制度本身；严在礼节、宽在泥水不必跪，一谕两副手笔。
QH-A-YZ-0097,yongzheng,文字或数值陈述,QH-P-000002,reported_in_edict,钦定宫中现行则例卷一：雍正元年十一月二十八日谕，凡王大臣及外国使臣进内，太监俱要整肃规矩，不许斜倚跛立互相私语；太监不思向上转向外人，倘尔等有事外人岂能与尔作主，实乃至愚,雍正元年,1724-01-01,1724-01-31,,约略,已采纳,QH-SU-YZ-GZ-0001B,卷一；雍正元年十一月二十八日,且爾太監等不思向上，轉向外人，儻爾等有事，外人豈能與爾作主？此等行事，實乃至愚！,,宫规汇编层。使臣进内要太监整肃——外人在场即观瞻；断太监外向之路：外人岂能与尔作主。
QH-A-YZ-0098,yongzheng,文字或数值陈述,QH-P-000025,reported_in_edict,雍正七年卷三上谕引太后谕云：我只知皇帝是我亲子，允禵不过与众阿哥一般耳；未有与我分外更亲处也,雍正七年,1729-01-01,1729-12-31,,约略,已采纳,QH-SU-YZ-DYJML-0003E,卷三,我只知皇帝是我親子，允禵不過與眾阿哥一般耳。,,自辩层转引太后声。继位之争的第三声：皇帝自辩、逆党传闻之外，母亲的话被引来做证。注意：太后声经上谕转引，是雍正要人看见的太后。
QH-A-YZ-0099,yongzheng,文字或数值陈述,QH-P-000002,reported_in_deposition,曾静供称自古帝王兴起与在位皆顺天命得民心,雍正七年,1729-01-29,1730-02-16,,约略,已采纳,QH-SU-YZ-DYJML-0001P,卷一；口供一,彌天重犯這些話，是泛說自古帝王之興，與帝王之在位皆是順天命，得民心的。,,讯问供词。口供一把「道义所在」解释为泛论天命与民心，并将此前不知本朝功德归因于山僻见闻。供词经审讯形成，不作思想来源终审。
QH-A-YZ-0100,yongzheng,文字或数值陈述,QH-P-000002,reported_in_deposition,曾静供称呼号者是洞庭湖滨偶遭水灾而不能安业之民,雍正七年,1729-01-29,1730-02-16,,约略,已采纳,QH-SU-YZ-DYJML-0001Q,卷一；口供五,這等呼號的，乃是洞庭湖濱偶被水災，不能安業之民。,,讯问供词。上谕追问「何人何地何事」，供词把怨恨缩回局部水灾与未遍及的赈济，不证明全湖南灾情只有此因。
QH-A-YZ-0101,yongzheng,文字或数值陈述,QH-P-000002,reported_in_deposition,曾静供称此前全然不知明亡源头并将无知归因于失父早与长期居山僻,雍正七年,1729-01-29,1730-02-16,,约略,已采纳,QH-SU-YZ-DYJML-0001R,卷一；口供七,這個源頭，彌天重犯從前全然不知，蓋因失父太早，獨居山僻窮陋者，已數十餘年左右。,,讯问供词。后文接入李自成与清军入关的官方正当性叙事；本条只钉曾静在供词中的自我解释，不作明清易代终审。
QH-A-YZ-0102,yongzheng,文字或数值陈述,QH-P-000002,reported_in_deposition,曾静供称此前坚持荣辱死生大义源于错解经义与误听谣言并以悔罪自称虽死犹生,雍正七年,1729-01-29,1730-02-16,,约略,已采纳,QH-SU-YZ-DYJML-0001S,卷一；口供九,此時雖死猶生，雖辱亦榮了。,,讯问供词。供词把认罪求生重写为「正义」与荣辱转换；不能据此直接判断内心是否真诚。
QH-A-YZ-0103,yongzheng,文字或数值陈述,QH-P-000002,reported_in_deposition,曾静供出何立忠陈帝锡陈象侯等听闻转述线索但称未见陈帝锡且名字不确定,雍正七年,1729-01-29,1730-02-16,,约略,已采纳,QH-SU-YZ-DYJML-0001T,卷一；口供十,一是安仁縣生員姓何名立忠，曾說他聽聞有個茶陵州人姓陳字帝錫，傳說朝中有人上議皇上多條，其大者如此如此。又永興縣十八都有個醫生，姓陳字象侯，也說他在一處人家行醫，聽得人說茶陵州有個堪輿姓陳字帝錫，口傳有個本章，諫議皇上如此不好。且陳帝錫彌天重犯從未會面，不知其人形貌何如，即帝錫兩字，也不知是此兩字否。,,讯问供词。来源链是听闻、转述和推测源头；人名与传播关系未有独立案档互证。
QH-A-YZ-0104,yongzheng,文字或数值陈述,QH-P-000002,reported_in_deposition,曾静供称山崩传闻记不得来源并承认川竭为误写且此前未意识罪责轻重,雍正七年,1729-01-29,1730-02-16,,约略,已采纳,QH-SU-YZ-DYJML-0001U,卷一；口供十一,「山崩」之說，雖有傳聞，彌天重犯今日萬死，記想個人不出。「川竭」之誤，彌天重犯今日實實該死。而前供猶僅以筆頭不謹蓋過，是身陷於罪而竟不自知其罪之大小輕重矣。,,讯问供词。供词区分山崩传闻来源不可忆与川竭误写；不证明灾异事件真伪，也不证明误写出于故意。
QH-A-YZ-0105,yongzheng,文字或数值陈述,QH-P-000002,reported_in_deposition,曾静把科举批评解释为无经义文理和品行却只求应试,雍正七年,1729-01-29,1730-02-16,,约略,已采纳,QH-SU-YZ-DYJML-0002C,卷二；口供二,若文理全未通，經義全未解，行誼毫不加修，而唯日以應舉應試為榮。豈不是以至重至貴之路，而反為爭名奪利之場！,,讯问供词。供答把对地方士习的批评改释为制度理想与名利竞争的区分，不作永兴应试人数或士人风俗总体统计。
QH-A-YZ-0106,yongzheng,文字或数值陈述,QH-P-000002,reported_in_deposition,曾静供称刘之珩所著格物集专言物理且书不多,雍正七年,1729-01-29,1730-02-16,,约略,已采纳,QH-SU-YZ-DYJML-0002D,卷二；口供三,《格物集》是劉之珩所著的，其中專言物理，並沒說別樣話。書亦不多。,,讯问供词。刘之珩刘光斗与稿本关系只按书中供述登记，未核完整书目或稿本现存。
QH-A-YZ-0107,yongzheng,文字或数值陈述,QH-P-000002,reported_in_deposition,曾静把君师解释为职位与道德并称道德极至者才配居尊位,雍正七年,1729-01-29,1730-02-16,,约略,已采纳,QH-SU-YZ-DYJML-0002E,卷二；口供四,君以職位言，師以道德言。必道德極天下之至，然後職位居天下之尊。,,讯问供词。供答将儒者做君的激烈字面改释为君主必须具备孔孟程朱式德性，不作原书政治意图终审。
QH-A-YZ-0108,yongzheng,文字或数值陈述,QH-P-000002,reported_in_deposition,曾静把见闻不足作为误信张熙廖易推尊语的解释,雍正七年,1729-01-29,1730-02-16,,约略,已采纳,QH-SU-YZ-DYJML-0002F,卷二；口供五,然不到過、親見過，如何信得過？山鄙無知，何以異是。,,讯问供词。旅行见闻被写成悔悟机制，不证明此前没有谋划，也不把乘运起事还原为无害比喻。
QH-A-YZ-0109,yongzheng,文字或数值陈述,QH-P-000002,reported_in_deposition,曾静供称华夷之分不应按地域并以舜文王为例,雍正七年,1729-01-29,1730-02-16,,约略,已采纳,QH-SU-YZ-DYJML-0002G,卷二；口供六,豈知華夷之分，聖人原不在地上論，若以地論，則舜生於諸馮，東夷之人也；文王生於岐周，西夷之人也。,,讯问供词。供答撤回华夷高于君臣的说法并服务于本朝得统自辩，不裁决华夷之辨。
QH-A-YZ-0110,yongzheng,文字或数值陈述,QH-P-000002,reported_in_deposition,曾静把此前论述概括为大义看错导致一错到底,雍正七年,1729-01-29,1730-02-16,,约略,已采纳,QH-SU-YZ-DYJML-0002H,卷二；口供七,大義看錯，遂總錯到底。,,讯问供词。短句把复杂思想链压缩为认错公式，不等于说明每一项历史判断如何被证明错误。
QH-A-YZ-0111,yongzheng,文字或数值陈述,QH-P-000002,reported_in_deposition,曾静把天下一家万物一源说成本心之言并把四夷说归因误听误解,雍正七年,1729-01-29,1730-02-16,,约略,已采纳,QH-SU-YZ-DYJML-0002I,卷二；口供八,天下一家，萬物一源，此兩句是從本心出的話，不雜外誘，不被人惑，所以衝口說出，與道理尚無窒礙。至若後面中華之外，四面皆是夷狄等語，總因誤聽人言，錯觧經旨之所致。,,讯问供词。供答以本心与外诱二分修补原书内部矛盾，不证明清代已经实现普遍平等。
QH-A-YZ-0112,yongzheng,文字或数值陈述,QH-P-000002,reported_in_deposition,曾静否认无君说是本意并把它归因于吕留良诗文影响,雍正七年,1729-01-29,1730-02-16,,约略,已采纳,QH-SU-YZ-DYJML-0002J,卷二；口供九,無君之說，實非彌天重犯的本意。,,讯问供词。供答在上谕追问后收回无君说，不把八十余年无君当历史事实。
QH-A-YZ-0113,yongzheng,文字或数值陈述,QH-P-000002,reported_in_deposition,曾静解释四书五经取士旨在修己治人并先明义理再作文,雍正七年,1729-01-29,1730-02-16,,约略,已采纳,QH-SU-YZ-DYJML-0002K,卷二；口供十,朝廷設立科舉，以四書五經取士者，蓋以修己治人之道盡備於四書五經，欲人童而習之素，講明其理，理通然後發為文章。,,讯问供词。科举制度理想与地方名利激励分层登记，不作所有士人动机的总体结论。
QH-A-YZ-0114,yongzheng,文字或数值陈述,QH-P-000002,reported_in_deposition,曾静称把吕留良写成市井江湖钻刺打点者只是譬喻,雍正七年,1729-01-29,1730-02-16,,约略,已采纳,QH-SU-YZ-DYJML-0002L,卷二；口供十一,彌天重犯以呂留良為市井江湖鑽刺打點作用來的者，是個譬喻的話。,,讯问供词。比喻被用来重写吕留良生平与学术权威，不作独立传记事实。
QH-A-YZ-0115,yongzheng,文字或数值陈述,QH-P-000002,reported_in_deposition,曾静以山谷见闻狭窄和管中窥天解释误信传闻,雍正七年,1729-01-29,1730-02-16,,约略,已采纳,QH-SU-YZ-DYJML-0002M,卷二；口供十二,彌天重犯生處窮鄉陋谷，胸次極狹，眼界極小，往昔狂妄無知，依稀影響，孟浪自信，以為窺探得管中之天。,,讯问供词。供答把信息闭塞改写成错误机制，不证明地方民众普遍如此。
QH-A-YZ-0116,yongzheng,文字或数值陈述,QH-P-000002,reported_in_deposition,曾静把华夷论归因长期居山谷未见外境人而凭想象写下,雍正七年,1729-01-29,1730-02-16,,约略,已采纳,QH-SU-YZ-DYJML-0002N,卷二；口供十三,彌天重犯此等狂悖的說話，總因生平未到外面走過，並未接見一個外境人，兀坐山谷中，意想中外華夷之分，大約是如此，遂不覺狂悖，寫放紙上。,,讯问供词。闭塞见闻是供词中的自我解释，不证明全部思想均由闭塞产生。
QH-A-YZ-0117,yongzheng,文字或数值陈述,QH-P-000002,reported_in_deposition,曾静供称自身狂悖言行尽是受吕留良说法所陷,雍正七年,1729-01-29,1730-02-16,,约略,已采纳,QH-SU-YZ-DYJML-0002O,卷二；口供十四,今日仔細檢點，彌天重犯當身狂悖之舉，狂悖之言，該死該剮的罪，盡是呂留良之說所陷。,,讯问供词。供词把责任链指向已死的吕留良，不能独立证明吕留良原意或曾静真实心迹。
QH-A-YZ-0118,yongzheng,文字或数值陈述,QH-P-000002,reported_in_deposition,曾静把此前心服吕留良归因于山野僻性和未有见闻,雍正七年,1729-01-29,1730-02-16,,约略,已采纳,QH-SU-YZ-DYJML-0002P,卷二；口供十五,彌天重犯從前之所以心服呂留良者，實無他為，因山野僻性，未有見聞。,,讯问供词。此处将思想认同个体化为见闻不足，不作吕留良学术影响范围的统计结论。
QH-A-YZ-0119,yongzheng,文字或数值陈述,QH-P-000002,reported_in_deposition,曾静供称陈梅鼎是安仁县百姓并于康熙五十二年老死,雍正七年,1729-01-29,1730-02-16,,约略,已采纳,QH-SU-YZ-DYJML-0002Q,卷二；口供十六,陳梅鼎是安仁縣的百姓，於康熙五十二年老死。,,讯问供词。人物身份与死亡年只按刊本供词登记，未与地方谱牒或案档互证。
QH-A-YZ-0120,yongzheng,文字或数值陈述,QH-P-000002,reported_in_deposition,曾静把此前狂言解释为井蛙之见并称不知雍正因时立政的政策损益,雍正七年,1729-01-29,1730-02-16,,约略,已采纳,QH-SU-YZ-DYJML-0002R,卷二；口供十七,彌天重犯本山野愚民，從前謬發狂言，固是井蛙之見，無當事理。,,讯问供词。供答把制度批评改写为不知政策损益，不作雍正政制得失的中立评估。
QH-A-YZ-0121,yongzheng,文字或数值陈述,QH-P-000002,reported_in_deposition,曾静以愚顽不知天高地厚解释此前对山西军需民情的误读,雍正七年,1729-01-29,1730-02-16,,约略,已采纳,QH-SU-YZ-DYJML-0002S,卷二；口供十九,彌天重犯稟性愚頑，不知天高地厚。,,讯问供词。山西军需奏折被用作民心证据，供词的认罪不等于山西民众总体态度调查。
QH-A-YZ-0122,yongzheng,文字或数值陈述,QH-P-000002,reported_in_deposition,曾静供称自犯罪以来惶恐待罪并无力分辨且承受再次讯问,雍正七年,1729-01-29,1730-02-16,,约略,已采纳,QH-SU-YZ-DYJML-0002T,卷二；口供二十,彌天重犯山野無知，於人事無一得通，自犯罪以來，只有惶恐戰慄，萬死待罪而已，更有何說可以分辨？今承高厚之恩，複降諭旨語問。,,讯问供词。此处保留被讯者的恐惧与服罪表述，不据此判断湖南民风或君民关系事实。
QH-A-YZ-0123,yongzheng,文字或数值陈述,QH-P-000002,reported_in_deposition,曾静在追问忠民义士与叛逆矛盾时承认罪处处皆是本无一线可生,雍正七年,1729-01-29,1730-02-16,,约略,已采纳,QH-SU-YZ-DYJML-0002U,卷二；口供二十一,彌天重犯狂悖之舉，按其罪，觸處皆是，本無一線可生。,,讯问供词。供答从解释转为无可辩解的服罪，不终审圣祖恩与允禵集团事实。
QH-A-YZ-0124,yongzheng,文字或数值陈述,QH-P-000002,reported_in_deposition,曾静供称治定功成则祥瑞自然协应且祥瑞出现后方可称治定功成,雍正七年,1729-01-29,1730-02-16,,约略,已采纳,QH-SU-YZ-DYJML-0002V,卷二；口供二十二,自古稱聖王勵精圖治，雖不言祥瑞，然到治定功成，而祥瑞自然協應；必到祥瑞協應時，而後稱得治定功成。,,讯问供词。庆云被编入君民感应论证，不把祥瑞当作君德与灾异因果的实证。
QH-A-YZ-0125,yongzheng,文字或数值陈述,QH-P-000002,reported_in_deposition,曾静重复天人感应之理并称此前已经供过,雍正七年,1729-01-29,1730-02-16,,约略,已采纳,QH-SU-YZ-DYJML-0002W,卷二；口供二十三,天人感應之理，捷於影響，彌天重犯已曾供過，不敢複贅。,,讯问供词。供答形成循环引用，说明刊本如何让前供成为后供的依据，不证明天人感应。
QH-A-YZ-0126,yongzheng,文字或数值陈述,QH-P-000002,reported_in_deposition,曾静供称道无处不在人人具备但凡民受气禀物欲遮蔽而不能自见,雍正七年,1729-01-29,1730-02-16,,约略,已采纳,QH-SU-YZ-DYJML-0002X,卷二；口供二十四,道之在天下，本無處不有，無人不備，特凡民為氣稟所拘，物穀所蔽，是以有的不適如其有，備的不能果見其備。,,讯问供词。卷末把道德普遍性和认识障碍连接起来，仍是刊本供词层，不作哲学史终审。
QH-A-YZ-0127,yongzheng,文字或数值陈述,QH-P-000002,reported_in_edict,卷三上谕把地方灾祸归因于曾静一人,雍正七年,1729-01-29,1730-02-16,,约略,已采纳,QH-SU-YZ-DYJML-0003F,卷三；杭奕禄等讯问供词一,災禍之來，實因你一人所致。你知道麼？有何說處？,,讯问者把灾害纳入政治归罪框架；不作气候事实记录。
QH-A-YZ-0128,yongzheng,文字或数值陈述,QH-P-000002,reported_in_deposition,曾静供称有田业者多受恩惠而无田业者可能憾于雨露不均,雍正七年,1729-01-29,1730-02-16,,约略,已采纳,QH-SU-YZ-DYJML-0003G,卷三；杭奕禄等讯问供词二,然只有田業者，飽飫其惠，而無田業的，多致憾於雨露之不均。,,供词保留利益分配层面的解释；不作土地或赈济成效统计。
QH-A-YZ-0129,yongzheng,文字或数值陈述,QH-P-000002,reported_in_deposition,曾静把四川运米解释为酌盈济虚并把水银变卖解释为保全群臣,雍正七年,1729-01-29,1730-02-16,,约略,已采纳,QH-SU-YZ-DYJML-0003H,卷三；杭奕禄等讯问供词三,豈知賣米是移此就彼，乃酌盈濟虛，聖人裁成輔相之能事。,,供词接受并转述官方的平粜与变卖解释；不作米价水银政策独立审计。
QH-A-YZ-0130,yongzheng,文字或数值陈述,QH-P-000002,reported_in_edict,卷三上谕要求为极好杀人的传闻指出具体死者日期与传言人,雍正七年,1729-01-29,1730-02-16,,约略,已采纳,QH-SU-YZ-DYJML-0003I,卷三；杭奕禄等讯问供词四,這傳說紛紛，「極好殺人」之說，確有何人枉殺？確於何年何月日濫殺一人？,,讯问把笼统传闻压缩为可追问个案；没有举出个案不等于没有滥刑。
QH-A-YZ-0131,yongzheng,文字或数值陈述,QH-P-000002,reported_in_deposition,张熙供称到浙江吕留良家买书并因诗稿与时文评点推尊吕留良,雍正七年,1729-01-29,1730-02-16,,约略,已采纳,QH-SU-YZ-DYJML-0003J,卷三；张熙供词一,因至浙江呂留良家買書，偶見其家有詩稿一本，重犯素聞犯師曾靜說，呂留良評選時文論頭批語，說理據章句集注，為近世名儒。,,供词将逆说来源追溯到购书、诗稿与科举评点；不独立重建著作流传范围。
QH-A-YZ-0132,yongzheng,文字或数值陈述,QH-P-000002,reported_in_deposition,供词称岳钟琪停止夹讯并以宾客礼相待,雍正七年,1729-01-29,1730-02-16,,约略,已采纳,QH-SU-YZ-DYJML-0003K,卷三；岳钟琪审讯供词二,岳鍾琪知重犯死不肯供，不能改移，旋即放夾，許重犯為好漢子，且慰之謝之，以賓客禮待之。,,仅登记刊本供述；不作未经加工的审讯现场记录。
QH-A-YZ-0133,yongzheng,文字或数值陈述,QH-P-000002,reported_in_deposition,曾静把孝作为百行之源并极度颂扬雍正至孝至仁,雍正七年,1729-01-29,1730-02-16,,约略,已采纳,QH-SU-YZ-DYJML-0003L,卷三；跪读大礼记注供词,我皇上至孝至仁，至誠至敬，超越萬古帝王。,,颂圣性极强的跪读供词；不据此证明实际服丧行为或曾静内心感受。
QH-A-YZ-0134,yongzheng,文字或数值陈述,QH-P-000002,reported_in_deposition,曾静把君心君德等同天心天德,雍正七年,1729-01-29,1730-02-16,,约略,已采纳,QH-SU-YZ-DYJML-0003M,卷三；跪读朱批供词,是君之心即天之心，君之德即天之德。,,供词吸收并复述皇帝政治语言；不把天命论断当作可独立验证的政治事实。
QH-A-YZ-0135,yongzheng,文字或数值陈述,QH-P-000002,reported_in_edict,刑部覆讯上谕明确提出悔罪供词可能出于畏惧也可能出于本心,雍正七年,1729-01-29,1730-02-16,,约略,已采纳,QH-SU-YZ-DYJML-0003N,卷三；刑部覆讯题本,此等奸險之徒，語言詐偽，或畏懼誅戮，故勉強作此認罪之詞；抑伊自知罪大惡極，愧恥悔恨，出於本心。,,题本把供词真实性问题直接列为覆讯对象；不能判定曾静是真悔悟或是假认罪。
QH-A-YZ-0136,yongzheng,文字或数值陈述,QH-P-000002,reported_in_edict,卷三上谕以有一事属实或字字皆虚设定诽谤与宽宥门槛,雍正七年,1729-01-29,1730-02-16,,约略,已采纳,QH-SU-YZ-DYJML-0003O,卷三；雍正上谕一,若所言字字皆虛，與朕躬毫不干涉，此不過如荒山窮谷之中，偶聞犬吠鴞鳴而已。,,皇帝以自身无愧为前提建立二分论证；不证明所有指控均为虚构。
QH-A-YZ-0137,yongzheng,文字或数值陈述,QH-P-000002,reported_in_edict,卷三上谕以殲厥渠魁脅從罔治解释发遣边方与保全性命,雍正七年,1729-01-29,1730-02-16,,约略,已采纳,QH-SU-YZ-DYJML-0003P,卷三；雍正上谕二,朕既洞燭其奸，本應將伊等置之於法，以絕根株。只以一時不忍，思古人「殲厥渠魁，脅從罔治」之意，予以寬典，發遣邊方，保其性命。,,上谕用宽典说明政治清算与发遣处置；不把奸党与天道报应称谓当作已核实组织事实。
QH-A-YZ-0138,yongzheng,文字或数值陈述,QH-P-000002,reported_in_edict,卷三上谕称诸王大臣所参罪迹为举朝共见共闻,雍正七年,1729-01-29,1730-02-16,,约略,已采纳,QH-SU-YZ-DYJML-0003Q,卷三；雍正上谕三,前諸王大臣等所參惡跡數十條，皆舉朝共見共聞之實事。,,「共见共闻」是上谕中的权威化表述；不替代具体罪状、审判档案或当事人证词。
QH-A-YZ-0139,yongzheng,文字或数值陈述,QH-P-000002,reported_in_edict,诸王大臣再疏请求明正典刑以昭国宪快人心,雍正七年,1729-01-29,1730-02-16,,约略,已采纳,QH-SU-YZ-DYJML-0003R,卷三；诸王大臣再疏请诛题本,懇祈乾斷，明正典刑，以昭國憲，以快人心事。,,题本中的群臣请诛修辞不等于全国民意调查。
QH-A-YZ-0140,yongzheng,文字或数值陈述,QH-P-000002,reported_in_edict,卷三收尾上谕称宽宥曾静由皇帝自身承担并命臣工不必再奏,雍正七年,1729-01-29,1730-02-16,,约略,已采纳,QH-SU-YZ-DYJML-0003S,卷三；收尾上谕,寬宥曾靜等一案，乃諸王大臣官員等所不可贊一詞者，天下後世或以為是，或以為非，皆朕身任之，於臣工無與也。,,上谕以责任自任结束请诛与宽宥冲突；不等于宽宥决定获得普遍认可。
QH-A-YZ-0141,yongzheng,文字或数值陈述,QH-P-000002,reported_in_deposition,卷四众供词称见吕留良抄藏残稿后才知其凶悍悖逆,雍正七年,1729-01-29,1730-02-16,,约略,已采纳,QH-SU-YZ-DYJML-0004E,卷四；曾静等供词二,乃始驚其平日兇悍性成，乖戾無比，逞臆妄言，私心梗化，正是亂臣賊子之尤，罪大惡極，為王法所斷不容。,,集体供述与官府定性分层；不把它当作独立且未经压力形成的证据。
QH-A-YZ-0142,yongzheng,文字或数值陈述,QH-P-000002,reported_in_edict,卷四上谕转引严鸿逵日记记索伦地裂喷火并以边外异事解释,雍正七年,1729-01-29,1730-02-16,,约略,已采纳,QH-SU-YZ-DYJML-0004F,卷四；雍正上谕一,「索倫地方，正月初三地裂，橫五里，縱三里，初飛起石塊，後出火，迫三十里內，居人悉遷避。」旨云：此等異事，古來甚多，況在口外，何足為奇。,,日记异象与上谕去神秘化是两层声音；不据此核实地裂、死亡人数或灾异因果。
QH-A-YZ-0143,yongzheng,文字或数值陈述,QH-P-000002,reported_in_edict,卷四上谕说明将曾静归仁说附在各供词之后并否认仅因颂圣而保存,雍正七年,1729-01-29,1730-02-16,,约略,已采纳,QH-SU-YZ-DYJML-0004G,卷四；雍正上谕二,是以將曾靜《歸仁說》附於各供詞之後，非以其稱功頌德、諂諛而存之也。,,附录位置是编辑层的政治传播结构；不证明归仁说不是出于颂圣或压力。
QH-A-YZ-0144,yongzheng,文字或数值陈述,QH-P-000002,reported_in_edict,四库本《圣谕广训》序：寻绎圣祖上谕十六条、推衍得万言、名曰圣谕广训,雍正二年,1724-01-01,1724-12-31,,约略,已采纳,QH-SU-YZ-SYGX-0001A,序；四库本,上諭十六條尋繹其義推衍其文共得萬言名曰聖諭廣訓,,四库刻本层。万言是序的自称，不作字数统计。不等于雍正二年原刊本。
QH-A-YZ-0145,yongzheng,文字或数值陈述,QH-P-000002,reported_in_edict,四库本《圣谕广训》首条：圣谕十六条首以孝弟开其端，先申孝弟之义,雍正二年,1724-01-01,1724-12-31,,约略,已采纳,QH-SU-YZ-SYGX-0001B,敦孝弟以重人伦；四库本,聖諭十六條首以孝弟開其端朕丕承鴻業追維往訓推廣立教之思先申孝弟之義,,四库刻本层。只证首条开端，不证其余十五条，也不证朔望宣讲已经逐县落实。
QH-A-YZ-0146,yongzheng,文字或数值陈述,QH-P-000002,reported_in_edict,四库本《圣谕广训》第二条：圣祖既谕敦孝弟即继之曰笃宗族以昭雍睦，宗族由人伦而推,雍正二年,1724-01-01,1724-12-31,,约略,已采纳,QH-SU-YZ-SYGX-0001C,篤宗族以昭雍睦；四库本,聖祖仁皇帝既諭爾等敦孝弟以重人倫即繼之曰篤宗族以昭雍睦蓋宗族由人倫而推雍睦未昭即孝弟有所未盡,,四库刻本层。只证第二条开端，不证宗族实政或其余十四条。
QH-A-YZ-0147,yongzheng,文字或数值陈述,QH-P-000002,reported_in_edict,四库本《圣谕广训》第三条：圣祖悯人心好竞，特布训于乡党曰和所以息争讼于未萌,雍正二年,1724-01-01,1724-12-31,,约略,已采纳,QH-SU-YZ-SYGX-0001D,和鄉黨以息爭訟；四库本,聖祖仁皇帝憫人心之好競思化理之貴淳特布訓於鄉黨曰和所以息爭訟於未萌也,,四库刻本层。只证第三条开端，不证乡党争讼已经平息，也不证其余十三条。
QH-A-YZ-0148,yongzheng,文字或数值陈述,QH-P-000002,reported_in_edict,四库本《世宗宪皇帝圣训》乾隆御制序：御极十有三年，体圣祖之心以为心，法圣祖之政以为政,乾隆五年,1740-01-01,1740-12-31,,约略,已采纳,QH-SU-YZ-SX-0001A,序；四库本,御極十有三年體聖祖之心以為心法聖祖之政以為政,,四库刻本层。乾隆序，不是雍正自撰，也不是实录。不得与卷一圣德并成一篇。
QH-A-YZ-0149,yongzheng,文字或数值陈述,QH-P-000002,reported_in_edict,四库本《圣谕广训》第四条：养民之本在于衣食，农桑者衣食所由出；一夫不耕或受之饥，一女不织或受之寒,雍正二年,1724-01-01,1724-12-31,,约略,已采纳,QH-SU-YZ-SYGX-0001E,重農桑以足衣食；四库本,朕聞養民之本在於衣食農桑者衣食所由出也一夫不耕或受之饑一女不織或受之寒,,四库刻本层。只证第四条开端，不证亲耕亲桑已经施行，也不证其余十一条。
QH-A-YZ-0150,yongzheng,文字或数值陈述,QH-P-000002,reported_in_edict,四库本《圣谕广训》第五条：生人不能一日而无用即不可一日而无财，必留有余之财而后可供不时之用，故节俭尚焉,雍正二年,1724-01-01,1724-12-31,,约略,已采纳,QH-SU-YZ-SYGX-0001F,尚節儉以惜財用；四库本,生人不能一日而無用即不可一日而無財然必留有餘之財而後可供不時之用故節儉尚焉,,四库刻本层。只证第五条开端，不证兵民已经节俭，也不证其余十一条。
QH-A-YZ-0151,yongzheng,文字或数值陈述,QH-P-000002,reported_in_edict,四库本《圣谕广训》第六条：古者家有塾党有庠州有序国有学，固无人不在所教之中,雍正二年,1724-01-01,1724-12-31,,约略,已采纳,QH-SU-YZ-SYGX-0001G,隆學校以端士習；四库本,古者家有塾黨有庠州有序國有學固無人不在所教之中,,四库刻本层。只证第六条开端，不证学校已经遍设，也不证其余十条。
QH-A-YZ-0152,yongzheng,文字或数值陈述,QH-P-000002,reported_in_edict,四库本《圣谕广训》第七条：欲厚风俗先正人心，欲正人心先端学术,雍正二年,1724-01-01,1724-12-31,,约略,已采纳,QH-SU-YZ-SYGX-0001H,黜異端以崇正學；四库本,朕惟欲厚風俗先正人心欲正人心先端學術,,四库刻本层。只证第七条开端，不证销毁或查禁已经落实，也不证其余九条。
QH-A-YZ-0153,yongzheng,文字或数值陈述,QH-P-000002,reported_in_edict,四库本《圣谕广训》第八条：法律者帝王不得已而用之也；惩创于已然不若警惕于未然,雍正二年,1724-01-01,1724-12-31,,约略,已采纳,QH-SU-YZ-SYGX-0001I,講法律以儆愚頑；四库本,法律者帝王不得已而用之也法有深意律本人情明其意達其情則囹圄可空訟獄可息故懲創於已然不若警惕於未然之為得也,,四库刻本层。只证第八条开端，不证囹圄已空或刑期无刑已经落实，也不证其余八条。
QH-A-YZ-0154,yongzheng,文字或数值陈述,QH-P-000002,reported_in_edict,四库本《圣谕广训》第九条：礼为天地之经万物之序,雍正二年,1724-01-01,1724-12-31,,约略,已采纳,QH-SU-YZ-SYGX-0001J,明禮讓以厚風俗；四库本,蓋禮為天地之經萬物之序其體至大其用至廣,,四库刻本层。只证第九条开端，不证风俗已经淳厚，也不证其余七条。
QH-A-YZ-0155,yongzheng,文字或数值陈述,QH-P-000002,reported_in_edict,四库本《圣谕广训》第十条：上天生民必各付一业使为立身之本,雍正二年,1724-01-01,1724-12-31,,约略,已采纳,QH-SU-YZ-SYGX-0001K,務本業以定民志；四库本,朕惟上天生民必各付一業使為立身之本,,四库刻本层。只证第十条开端，不证士农工商已经各安本业，也不证其余六条。
QH-A-YZ-0156,yongzheng,文字或数值陈述,QH-P-000002,reported_in_edict,四库本《圣谕广训》第十一条：子弟之率不谨皆由父兄之教不先,雍正二年,1724-01-01,1724-12-31,,约略,已采纳,QH-SU-YZ-SYGX-0001L,訓子弟以禁非為；四库本,大凡子弟之率不謹皆由父兄之教不先,,四库刻本层。只证第十一条开端，不证子弟已经无非为，也不证其余五条。
QH-A-YZ-0157,yongzheng,文字或数值陈述,QH-P-000002,reported_in_edict,四库本《圣谕广训》第十二条：圣谕不曰禁而曰息，谓与其治之以法不如感之使自化,雍正二年,1724-01-01,1724-12-31,,约略,已采纳,QH-SU-YZ-SYGX-0001M,息誣告以全善良；四库本,且尋繹聖諭不曰禁而曰息謂與其治之以法不如感之使自化也,,四库刻本层。只证第十二条开端，不证诬告已经止息，也不证其余四条。
QH-A-YZ-0158,yongzheng,文字或数值陈述,QH-P-000002,reported_in_edict,四库本《圣谕广训》第十三条：八旗人员不奉使令潜往他乡即为逃人，容留者罪并及之,雍正二年,1724-01-01,1724-12-31,,约略,已采纳,QH-SU-YZ-SYGX-0001N,誡匿逃以免株連；四库本,如有不奉使令潛往他鄉者即為逃人例有嚴禁逃人所至之地兵民人等不行覺察擅自容留者罪並及之,,四库刻本层。只证第十三条开端，不证逃人例已经逐案落实，也不证其余三条。
QH-A-YZ-0159,yongzheng,文字或数值陈述,QH-P-000002,reported_in_edict,四库本《圣谕广训》第十四条：自昔画野分州任土作贡而赋税以兴,雍正二年,1724-01-01,1724-12-31,,约略,已采纳,QH-SU-YZ-SYGX-0001O,完錢糧以省催科；四库本,自昔畫野分州任土作貢而賦税以興,,四库刻本层。只证第十四条开端，不证钱粮已经完纳或催科已经省减，也不证其余二条。
QH-A-YZ-0160,yongzheng,文字或数值陈述,QH-P-000002,reported_in_edict,四库本《圣谕广训》第十五条：从来安民在于弭盗，而最善者莫如保甲,雍正二年,1724-01-01,1724-12-31,,约略,已采纳,QH-SU-YZ-SYGX-0001P,聨保甲以弭盜賊；四库本,從来安民在於弭盜摘發守禦之法必當先事而為之備故緝捕有賞疎縱有罰諱盜有禁違限有條而最善者莫如保甲,,四库刻本层。只证第十五条开端，不证保甲已经实心奉行，也不证末条。
QH-A-YZ-0161,yongzheng,文字或数值陈述,QH-P-000002,reported_in_edict,四库本《圣谕广训》第十六条：人道莫大于守身；十六条终之以重身命,雍正二年,1724-01-01,1724-12-31,,约略,已采纳,QH-SU-YZ-SYGX-0001Q,解讐忿以重身命；四库本,朕惟人道莫大於守身,,四库刻本层。只证第十六条开端，不证仇忿已经止息。朔望宣讲落实未开。
QH-A-YZ-0162,yongzheng,文字或数值陈述,QH-P-000002,reported_in_writing,四库本《世宗宪皇帝御制文集》朋党论：天尊地卑而君臣之分定,雍正朝,1723-01-01,1735-12-31,,约略,已采纳,QH-SU-YZ-YZWJ-0001C,巻之五；朋党论,朕惟天尊地卑而君臣之分定,,四库刻本层。只证朋党论开端。不证当时已经无朋党，也不证诸王案已经终审。
QH-A-YZ-0163,yongzheng,文字或数值陈述,QH-P-000002,reported_in_writing,四库本《世宗宪皇帝御制文集》庭训格言序：皇考圣祖仁皇帝性秉生安，道参化育,雍正八年,1730-01-01,1730-12-31,,约略,已采纳,QH-SU-YZ-YZWJ-0001D,巻之八；庭训格言序,欽惟皇考聖祖仁皇帝性秉生安道參化育,,四库刻本层。文集序，不是庭训格言正文，也不是起居注。只证序的开端。
QH-A-YZ-0164,yongzheng,文字或数值陈述,QH-P-000002,reported_in_writing,四库本《世宗宪皇帝御制文集》圣谕广训序：圣祖特颁上谕十六条，晓谕八旗及直省兵民人等,雍正二年,1724-01-01,1724-12-31,,约略,已采纳,QH-SU-YZ-YZWJ-0001E,巻之六；圣谕广训序,故特頒上諭十六條曉諭八旗及直省兵民人等,,四库刻本层。文集序，不是《圣谕广训》本书序。只证开端，不证朔望宣讲已经逐县落实。
QH-A-YZ-0165,yongzheng,文字或数值陈述,QH-P-000002,reported_in_writing,四库本《世宗宪皇帝御制文集》硃批谕旨序：向在藩邸未谙政事，不识一人，毫无阅历闻见,雍正朝至乾隆三年选刻前,1723-01-01,1738-12-31,,约略,已采纳,QH-SU-YZ-YZWJ-0001F,巻之八；硃批谕旨序,朕向在藩邸未諳政事不識一人毫無閲歴聞見,,四库刻本层。文集序，不是朱批原折，也不是刻本卷三杨名时批。只证序的开端。
QH-A-YZ-0166,yongzheng,文字或数值陈述,QH-P-000002,reported_in_edict,四库本《世宗宪皇帝御制文集》登极诏：朕皇考大行皇帝德妃之子,康熙六十一年十一月二十日,1722-12-27,1722-12-27,,约略,已采纳,QH-SU-YZ-YZWJ-0001G,巻之四；登极诏,朕皇考大行皇帝徳妃之子,,四库刻本层。文集诏书层，不是实录日条。只证诏自称德妃之子，不证生母当时已是皇后。
QH-A-YZ-0167,yongzheng,文字或数值陈述,QH-P-000002,reported_in_edict,四库本《世宗宪皇帝御制文集》登极诏：升遐之日诏朕缵承大统,康熙六十一年十一月二十日,1722-12-27,1722-12-27,,约略,已采纳,QH-SU-YZ-YZWJ-0001G,巻之四；登极诏,是以皇考升遐之日詔朕纘承大統,,四库刻本层。诏书自述，不是遗诏原件核验。二皇子两废是诏书叙事，不作废案终审。不得写成已证伪改诏。
QH-A-YZ-0168,yongzheng,文字或数值陈述,QH-P-000002,reported_in_writing,四库本《世宗宪皇帝御制文集》性理论：性之与理，就上而言即无极太极,雍正朝,1723-01-01,1735-12-31,,约略,已采纳,QH-SU-YZ-YZWJ-0001H,巻之五；性理论,性之與理就上而言即無極太極,,四库刻本层。只证性理论开端。不证理学已经裁定。
QH-A-YZ-0169,yongzheng,文字或数值陈述,QH-P-000002,reported_in_writing,四库本《世宗宪皇帝御制文集》七曜会聚记：雍正三年春历官奏二月二日庚午七曜会聚为难逢之天瑞,雍正三年二月,1725-03-15,1725-03-15,,约略,已采纳,QH-SU-YZ-YZWJ-0001I,巻之五；七曜会聚记,雍正三年春歴官奏二月二日庚午七曜㑹聚為難逄之天瑞,,四库刻本层。只证记文自称历官奏七曜会聚。不证天瑞已经应验，也不证庆贺已经举行。公历依 CAL-001，尚未逐条核录。
QH-A-YZ-0170,yongzheng,文字或数值陈述,QH-P-000002,reported_in_writing,四库本《世宗宪皇帝御制文集》数理精蕴序：汇辑成书总一百卷，名为律历渊源,雍正朝,1723-01-01,1735-12-31,,约略,已采纳,QH-SU-YZ-YZWJ-0001J,巻之六；数理精蕴序,彚輯成書總一百卷名為律歴淵源,,四库刻本层。文集序，不是《数理精蕴》或《律历渊源》本书。只证序自称一百卷。不得写成三部本书已开。
QH-A-YZ-0171,yongzheng,文字或数值陈述,QH-P-000002,reported_in_writing,四库本《世宗宪皇帝御制文集》古今图书集成序：命广罗群籍分门别类统为一书,雍正四年,1726-01-01,1726-12-31,,约略,已采纳,QH-SU-YZ-YZWJ-0001K,巻之七；古今图书集成序,乃命廣羅群籍分門别類統為一書,,四库刻本层。文集序，不是《古今图书集成》本书。只证序自称广罗群籍统为一书。跨康雍两朝，不得单归康熙朝，也不证陈梦雷初编细节。
QH-A-YZ-0172,yongzheng,文字或数值陈述,QH-P-000002,reported_in_writing,四库本《世宗宪皇帝御制文集》音韵阐微序：声音之道微矣，天地有自然之声,雍正朝,1723-01-01,1735-12-31,,约略,已采纳,QH-SU-YZ-YZWJ-0001L,巻之七；音韵阐微序,聲音之道㣲矣天地有自然之聲,,四库刻本层。文集序，不是《音韵阐微》本书。只证序的开端。不得写成韵书本书已开。
QH-A-YZ-0173,yongzheng,文字或数值陈述,QH-P-000002,reported_in_writing,四库本《世宗宪皇帝御制文集》大清会典序：自昔书契肇兴，百官以治,雍正朝,1723-01-01,1735-12-31,,约略,已采纳,QH-SU-YZ-YZWJ-0001M,巻之八；大清会典序,自昔書契肇興百官以治,,四库刻本层。文集序，不是会典本书。只证序的开端。康熙、雍正、乾隆会典不是同一部，不得并成一书。
QH-A-YZ-0174,yongzheng,文字或数值陈述,QH-P-000002,reported_in_writing,四库本《世宗宪皇帝御制文集》圣祖仁皇帝圣训序：阅时九载书成千卷,雍正九年,1731-01-01,1731-12-31,,约略,已采纳,QH-SU-YZ-YZWJ-0001N,巻之八；圣祖仁皇帝圣训序,爰命大學士等纂修聖祖仁皇帝實録閲時九載書成千卷,,四库刻本层。文集圣训序，不是圣训本书序（QH-A-KX-0183/0184），也不是实录本书。阅时九载在圣训序，不在实录序。不得写成实录正文已开。
QH-A-YZ-0176,yongzheng,文字或数值陈述,QH-P-000002,reported_in_writing,四库本《世宗宪皇帝御制文集》圣祖仁皇帝实录序：临御宝阼六十余年，历服绵长超越千古,雍正九年,1731-01-01,1731-12-31,,约略,已采纳,QH-SU-YZ-YZWJ-0001P,巻之八；圣祖仁皇帝实录序,臨御寳阼六十餘年歴服綿長超越千古,,四库刻本层。文集实录序，不是《圣祖实录》本书。只证序自称临御六十余年。不得写成实录正文已开。
QH-A-YZ-0175,yongzheng,文字或数值陈述,QH-P-000002,reported_in_writing,四库本《世宗宪皇帝御制文集》悦心集序：朕生平澹泊为怀，恬静自好,雍正朝,1723-01-01,1735-12-31,,约略,已采纳,QH-SU-YZ-YZWJ-0001O,巻之八；悦心集序,朕生平澹泊為懐恬静自好,,四库刻本层。文集序，不是《悦心集》本书。只证序的开端。不得写成选辑正文已开。
QH-A-YZ-0177,yongzheng,文字或数值陈述,QH-P-000002,reported_in_writing,四库本《世宗宪皇帝御制文集》执中成宪御论：家语舜之为君也，其政好生而恶杀,雍正朝,1723-01-01,1735-12-31,,约略,已采纳,QH-SU-YZ-YZWJ-0001Q,巻之九；执中成宪御论,家語舜之為君也其政好生而惡殺,,四库刻本层。文集杂著，不是另开《执中成宪》本书。只证开端。不证当时已经好生恶杀。
QH-A-YZ-0178,yongzheng,文字或数值陈述,QH-P-000002,reported_in_writing,四库本《世宗宪皇帝御制文集》经筵讲义：忠恕二字，朕以为忠者诚也，恕者应也,雍正朝,1723-01-01,1735-12-31,,约略,已采纳,QH-SU-YZ-YZWJ-0001R,巻之十；经筵讲义,忠恕二字朕以為忠者誠也恕者應也,,四库刻本层。正文标题作講義，目录作講議。文集杂著，不是经筵档册。只证开端。不证当时已经一以贯之。
QH-A-YZ-0179,yongzheng,文字或数值陈述,QH-P-000002,reported_in_writing,四库本《世宗宪皇帝御制文集》和硕怡贤亲王遗稿题辞：朕弟怡贤亲王天资高卓颖悟绝伦,雍正八年,1730-01-01,1730-12-31,,约略,已采纳,QH-SU-YZ-YZWJ-0001S,巻之十一；和硕怡贤亲王遗稿题辞,朕弟怡賢親王天資髙卓頴悟絶倫,,四库刻本层。文集题辞，不是诗正文，也不是实录功勤条。只证开端。诗三十二首未见可引分页。
QH-A-YZ-0180,yongzheng,文字或数值陈述,QH-P-000002,reported_in_writing,四库本《世宗宪皇帝御制文集》景陵圣德神功碑：既奉册宝恭上尊谥，山陵礼毕，宜建穹碑颂扬功德,雍正朝,1723-01-01,1735-12-31,,约略,已采纳,QH-SU-YZ-YZWJ-0001T,巻之十三；景陵圣德神功碑,既奉冊寳恭上尊謚山陵禮畢宜建穹碑頌揚功德,,四库刻本层。文集碑文，不是景陵原石，也不是本纪葬景陵条。只证开端。
QH-A-YZ-0181,yongzheng,文字或数值陈述,QH-P-000001,reported_in_writing,四库本《世宗宪皇帝御制文集》景陵圣德神功碑叙曰：圣祖仁皇帝为世祖章皇帝第三子,雍正朝,1723-01-01,1735-12-31,,约略,已采纳,QH-SU-YZ-YZWJ-0001U,巻之十三；景陵圣德神功碑,聖祖合天𢎞運文武睿哲恭儉寛裕孝敬誠信功德大成仁皇帝諱世祖體天隆運定統建極英睿欽文大徳𢎞功至仁純孝章皇帝第三子也,,四库刻本层。文集碑文自称。谥号全称不是另开玉牒。不是景陵原石，也不是实录。
QH-A-YZ-0182,yongzheng,文字或数值陈述,QH-P-000001,reported_in_writing,四库本《世宗宪皇帝御制文集》历代帝王庙碑文：康熙六十一年特颁谕旨，命廷臣详悉从容确议具奏,康熙六十一年,1722-01-01,1723-02-04,,约略,已采纳,QH-SU-YZ-YZWJ-0001V,巻之十四；历代帝王庙碑文,康熈六十一年特頒諭㫖命廷臣詳悉從容確議具奏,,四库刻本层。文集碑文自称。不是实录日条，也不是庙中原石。廷议上奏在雍正绍绪之初，不得并成康熙当年已入庙。
QH-A-YZ-0183,yongzheng,文字或数值陈述,QH-P-000002,reported_in_writing,四库本《世宗宪皇帝御制文集》历代帝王庙碑文：旧崇祀帝王二十一位，今增一百四十三位,雍正元年,1723-01-01,1723-12-31,,约略,已采纳,QH-SU-YZ-YZWJ-0001W,巻之十四；历代帝王庙碑文,舊崇祀帝王二十一位今增一百四十三位,,四库刻本层。只证碑文自称增祀数。不是庙中原石，也不是牌位清册。不得写成一百四十三位已经逐位核验。
QH-A-YZ-0184,yongzheng,文字或数值陈述,QH-P-000002,reported_in_writing,四库本《世宗宪皇帝御制文集》育婴堂碑文：朕抚御寰瀛，子育兆庶,雍正朝,1723-01-01,1735-12-31,,约略,已采纳,QH-SU-YZ-YZWJ-0001X,巻之十四；育婴堂碑文,朕撫御寰瀛子育兆庶,,四库刻本层。文集碑文开端。不是堂中原石。不证当时已经周遍九州。
QH-A-YZ-0185,yongzheng,文字或数值陈述,QH-P-000002,reported_in_writing,四库本《世宗宪皇帝御制文集》育婴堂碑文：京师广渠门内旧有育婴堂一区；锡之题额，又赐帑金,雍正朝,1723-01-01,1735-12-31,,约略,已采纳,QH-SU-YZ-YZWJ-0001Y,巻之十四；育婴堂碑文,京師廣渠門内舊有育嬰堂一區以字遺稚顧其規制未備所存濟者尚少朕用錫之題額以重其事又賜帑金,,四库刻本层。只证碑文自称旧堂、锡额、赐帑。不是堂中原石，也不是府尹档册。不证规制已经完备，也不证九州已经仿行。
QH-A-YZ-0186,yongzheng,文字或数值陈述,QH-P-000002,reported_in_writing,四库本《世宗宪皇帝御制文集》平定青海告成太学碑文：命川陕总督太保公年羹尧为抚远大将军，声罪致讨,雍正元年十月,1723-10-01,1723-11-30,,约略,已采纳,QH-SU-YZ-YZWJ-0001Z,巻之十四；平定青海告成太学碑文,遂命川陜總督太保公年羮堯為撫逺大將軍聲罪致討,,四库刻本层。文集碑文自称。目录作青海平定，正文作平定青海。不是太学原石，也不是实录日条。不覆盖年案死法冲突组。
QH-A-YZ-0187,yongzheng,文字或数值陈述,QH-P-000002,reported_in_writing,四库本《世宗宪皇帝御制文集》平定青海告成太学碑文：以雍正元年十月师始出塞,雍正元年十月,1723-10-01,1723-11-30,,约略,已采纳,QH-SU-YZ-YZWJ-0002A,巻之十四；平定青海告成太学碑文,以雍正元年十月師始出塞,,四库刻本层。只证碑文自称出师月份。不是太学原石，也不是实录日条。不证逐日战报已经打开。
QH-A-YZ-0188,yongzheng,文字或数值陈述,QH-P-000002,reported_in_writing,四库本《世宗宪皇帝御制文集》黑龙潭碑文：京师之西有黑龙潭焉，地灵所钟，实能兴致云雨,雍正二年,1724-01-01,1724-12-31,,约略,已采纳,QH-SU-YZ-YZWJ-0002B,巻之十四；黑龙潭碑文,京師之西有黒龍潭焉地靈所鍾實能興致雲雨,,四库刻本层。文集碑文开端。不是潭中原石。不证灵应已经核验。
QH-A-YZ-0189,yongzheng,文字或数值陈述,QH-P-000001,reported_in_writing,四库本《世宗宪皇帝御制文集》黑龙潭碑文：康熙二十年乃重建祠庙，御制碑文勒之珉石,康熙二十年,1681-01-01,1682-02-15,,约略,已采纳,QH-SU-YZ-YZWJ-0002C,巻之十四；黑龙潭碑文,康熈二十年乃重建祠廟御製碑文勒之珉石,,四库刻本层。文集碑文自称圣祖重建。不是圣祖原碑，也不是实录日条。不得写成康熙二十年原石已开。
QH-A-YZ-0190,yongzheng,文字或数值陈述,QH-P-000002,reported_in_writing,四库本《世宗宪皇帝御制文集》黄河澄清碑记：黄河自陕西府谷县历山西河南山东以至江南之桃源，冰开水清湛然澄澈,雍正四年十二月,1726-12-01,1727-02-28,,约略,已采纳,QH-SU-YZ-YZWJ-0002D,巻之十五；黄河澄清碑记,黄河自陜西府谷縣歴山西河南山東以至江南之桃源氷開水清湛然澄澈,,四库刻本层。文集碑记自称。不是原石，也不是实录日条。不证河水已经澄清。
QH-A-YZ-0191,yongzheng,文字或数值陈述,QH-P-000002,reported_in_writing,四库本《世宗宪皇帝御制文集》黄河澄清碑记：陕西山西始见于雍正四年十二月八日乙丑，迄于五年正月十三日庚子，凡三十有六日,雍正四年十二月至五年正月,1726-12-30,1727-02-03,,约略,已采纳,QH-SU-YZ-YZWJ-0002E,巻之十五；黄河澄清碑记,其在陜西山西始見於雍正四年十有二月八日乙丑迄於雍正五年正月十三日庚子凡三十有六日,,四库刻本层。只证碑记自称日数。不是河道总督原奏。公历依 CAL-001，尚未逐条核录。
QH-A-YZ-0192,yongzheng,文字或数值陈述,QH-P-000001,reported_in_writing,四库本《世宗宪皇帝御制文集》善因寺碑文：圣祖驻跸多伦诺尔，受喀尔喀诸部君长朝谒，创建汇宗寺,康熙朝,1691-01-01,1698-12-31,,约略,已采纳,QH-SU-YZ-YZWJ-0002F,巻之十五；善因寺碑文,駐蹕多倫諾爾之地受喀爾喀諸部君長朝謁錫之封爵為我屏垣既剪兇渠蕩定朔漠撫安藩服允從諸部所請爰於斯地創建彚宗寺,,四库刻本层。文集碑文自称。不是寺中原石，也不是实录亲征条。不得写成多伦会盟逐日已开。
QH-A-YZ-0193,yongzheng,文字或数值陈述,QH-P-000002,reported_in_writing,四库本《世宗宪皇帝御制文集》善因寺碑文：发帑金十万两于汇宗寺西南里许复建寺宇，赐额曰善因,雍正朝,1723-01-01,1735-12-31,,约略,已采纳,QH-SU-YZ-YZWJ-0002G,巻之十五；善因寺碑文,朕特行遣官發帑金十萬兩於彚宗寺之西南里許復建寺宇賜額曰善因,,四库刻本层。只证碑文自称发帑、赐额。不是寺中原石，也不是工部档册。不证银数已经核销。
QH-A-YZ-0194,yongzheng,文字或数值陈述,QH-P-000001,reported_in_writing,四库本《世宗宪皇帝御制文集》修建阙里圣庙碑文：康熙甲子东巡狩临幸阙里，谒奠庙林,康熙二十三年,1684-01-01,1684-12-31,,约略,已采纳,QH-SU-YZ-YZWJ-0002H,巻之十六；修建阙里圣庙碑文,康熈甲子東廵狩臨幸闕里謁奠廟林殷禮隆儀漢唐莫及,,四库刻本层。文集碑文自称。不是阙里原石，也不是实录东巡条。不得写成东巡逐日已开。
QH-A-YZ-0195,yongzheng,文字或数值陈述,QH-P-000002,reported_in_writing,四库本《世宗宪皇帝御制文集》修建阙里圣庙碑文：雍正二年阙里圣庙不戒于火，有司奏告，旋发帑兴修,雍正二年,1724-01-01,1724-12-31,,约略,已采纳,QH-SU-YZ-YZWJ-0002I,巻之十六；修建阙里圣庙碑文,雍正二年闕里聖廟不戒於火有司奏告朕悚惕靡寜詣廟致祭旋發帑興修,,四库刻本层。只证碑文自称失火、发帑兴修。不是阙里原石，也不是工部档册。不证工程已经竣工。
QH-A-YZ-0196,yongzheng,文字或数值陈述,QH-P-000002,reported_in_writing,四库本《世宗宪皇帝御制文集》和硕怡贤亲王碑文：如朕弟怡贤亲王，则于古有光者也,雍正八年,1730-01-01,1730-12-31,,约略,已采纳,QH-SU-YZ-YZWJ-0002J,巻之十六；和硕怡贤亲王碑文,如朕弟怡賢親王則於古有光者也,,四库刻本层。文集碑文，不是墓碑原石。不得与诗题小序、遗稿题辞并成一篇。
QH-A-YZ-0197,yongzheng,文字或数值陈述,QH-P-000002,reported_in_writing,四库本《世宗宪皇帝御制文集》和硕怡贤亲王碑文：缵绍之初，慎选亲贤之寄，特加恩命，晋授王封,雍正元年,1723-01-01,1723-12-31,,约略,已采纳,QH-SU-YZ-YZWJ-0002K,巻之十六；和硕怡贤亲王碑文,是以纉紹之初慎選親賢之寄特加恩命晉授王封,,四库刻本层。只证碑文自称晋封。不是墓碑原石，也不是实录功勤条。不证功勤已经终审。
QH-A-YZ-0198,yongzheng,文字或数值陈述,QH-P-000001,reported_in_writing,四库本《世宗宪皇帝御制文集》惠济庙碑文：康熙三十七年圣祖亲临指授疏导之方，爰锡嘉名,康熙三十七年,1698-01-01,1699-02-09,,约略,已采纳,QH-SU-YZ-YZWJ-0002L,巻之十六；惠济庙碑文,康熈三十七年我皇考聖祖仁皇帝親臨指授䟽導之方新河既瀦遂慶安瀾爰錫嘉名,,四库刻本层。文集碑文自称。不是庙中原石，也不是实录河工条。不得写成永定河逐日已开。
QH-A-YZ-0199,yongzheng,文字或数值陈述,QH-P-000002,reported_in_writing,四库本《世宗宪皇帝御制文集》惠济庙碑文：经始于雍正七年冬，逾一年役竣；爰赐庙名曰惠济,雍正八年,1730-01-01,1730-12-31,,约略,已采纳,QH-SU-YZ-YZWJ-0002M,巻之十六；惠济庙碑文,經始於雍正七年冬逾一年役竣復以盧溝神廟皇考聖蹟所在載加崇飾丹雘維新並増建傑閣翼如煥如稱朕敬神恵民之意爰賜廟名曰惠濟,,四库刻本层。只证碑文自称经始、役竣、赐额。不是庙中原石，也不是工部档册。不证河工已经安澜。
QH-A-YZ-0200,yongzheng,文字或数值陈述,QH-P-000002,reported_in_writing,四库本《世宗宪皇帝御制文集》贤良祠碑文：尔和硕怡贤亲王忠孝自天敬勤成性,雍正朝,1723-01-01,1735-12-31,,约略,已采纳,QH-SU-YZ-YZWJ-0002N,巻之十七；贤良祠碑文,爾和碩怡賢親王忠孝自天敬勤成性,,四库刻本层。文集碑文，不是祠中原石。不得与诗题小序、墓碑、遗稿题辞并成一篇。
QH-A-YZ-0201,yongzheng,文字或数值陈述,QH-P-000002,reported_in_writing,四库本《世宗宪皇帝御制文集》贤良祠碑文：既祠宇之告成，叙官阶而列位,雍正朝,1723-01-01,1735-12-31,,约略,已采纳,QH-SU-YZ-YZWJ-0002O,巻之十七；贤良祠碑文,既祠宇之告成叙官階而列位,,四库刻本层。只证碑文自称祠宇告成、列位。不是祠中原石，也不是入祀清册。不证入祀名单已经逐位核验。
QH-A-YZ-0202,yongzheng,文字或数值陈述,QH-P-000001,reported_in_writing,四库本《世宗宪皇帝御制文集》高家堰碑文：而高堰堤工尤廑睿虑,康熙朝,1662-01-01,1722-12-31,,约略,已采纳,QH-SU-YZ-YZWJ-0002P,巻之十七；高家堰碑文,而髙堰隄工尤厪睿慮,,四库刻本层。文集碑文自称。不是堰上原石，也不是实录河工条。不得写成高家堰逐日已开。
QH-A-YZ-0203,yongzheng,文字或数值陈述,QH-P-000002,reported_in_writing,四库本《世宗宪皇帝御制文集》高家堰碑文：经始于雍正八年二月，越雍正十年六月大工告竣,雍正八年至十年,1730-02-01,1732-07-31,,约略,已采纳,QH-SU-YZ-YZWJ-0002Q,巻之十七；高家堰碑文,經始於雍正八年二月越雍正十年六月大工告竣,,四库刻本层。只证碑文自称经始、告竣。不是堰上原石，也不是工部档册。不证工程已经核销。
QH-A-YZ-0204,yongzheng,文字或数值陈述,QH-P-000002,reported_in_writing,四库本《世宗宪皇帝御制文集》昭忠寺碑文：朕惟疆场用命，因敌忾以效忠,雍正朝,1723-01-01,1735-12-31,,约略,已采纳,QH-SU-YZ-YZWJ-0002R,巻之十七；昭忠寺碑文,朕惟疆塲用命因敵愾以効忠,,四库刻本层。文集碑文开端。不是寺中原石。不证当时已经尽忠。
QH-A-YZ-0205,yongzheng,文字或数值陈述,QH-P-000002,reported_in_writing,四库本《世宗宪皇帝御制文集》昭忠寺碑文：考厥官资，定其位次,雍正朝,1723-01-01,1735-12-31,,约略,已采纳,QH-SU-YZ-YZWJ-0002S,巻之十七；昭忠寺碑文,考厥官資定其位次,,四库刻本层。只证碑文自称考官资、定位次。不是寺中原石，也不是入祀清册。不证入祀名单已经逐位核验。不得写成尼堪传已开。
QH-A-YZ-0206,yongzheng,文字或数值陈述,QH-P-000001,reported_in_writing,四库本《世宗宪皇帝御制文集》普陀山普济寺碑文：圣祖仁皇帝巡幸浙西，遣官兴建殿宇,康熙朝,1684-01-01,1707-12-31,,约略,已采纳,QH-SU-YZ-YZWJ-0002T,巻之十七；普陀山普济寺碑文,我皇考聖祖仁皇帝廵幸浙西遣官興建殿宇,,四库刻本层。文集碑文自称。不是寺中原石，也不是实录南巡条。不得写成南巡逐日已开。
QH-A-YZ-0207,yongzheng,文字或数值陈述,QH-P-000002,reported_in_writing,四库本《世宗宪皇帝御制文集》普陀山普济寺碑文：经始于雍正九年九月，雍正十一年六月告成,雍正九年至十一年,1731-09-01,1733-07-31,,约略,已采纳,QH-SU-YZ-YZWJ-0002U,巻之十七；普陀山普济寺碑文,經始於雍正九年九月雍正十一年六月告成,,四库刻本层。只证碑文自称经始、告成。不是寺中原石，也不是工部档册。不证工程已经核销。
QH-A-YZ-0208,yongzheng,文字或数值陈述,QH-P-000001,reported_in_writing,四库本《世宗宪皇帝御制文集》普陀山法雨寺碑文：圣祖既修建普济寺，复念兹寺为海氛所震荡，发帑重新，赐额立碑,康熙朝,1684-01-01,1707-12-31,,约略,已采纳,QH-SU-YZ-YZWJ-0002V,巻之十七；普陀山法雨寺碑文,皇考聖祖仁皇帝既修建普濟寺上為慈聖祝禧復念兹寺為海氛所震蕩發帑重新俾僧徒得所栖止賜額立碑,,四库刻本层。文集碑文自称。不是寺中原石，也不是圣祖原碑。不得写成圣祖原碑已开。
QH-A-YZ-0209,yongzheng,文字或数值陈述,QH-P-000002,reported_in_writing,四库本《世宗宪皇帝御制文集》普陀山法雨寺碑文：与普济寺大工同时告竣,雍正十一年,1733-01-01,1733-12-31,,约略,已采纳,QH-SU-YZ-YZWJ-0002W,巻之十七；普陀山法雨寺碑文,與普濟寺大工同時告竣,,四库刻本层。只证碑文自称与普济寺同时告竣。不是寺中原石，也不是工部档册。不证工程已经核销。
QH-A-YZ-0210,yongzheng,文字或数值陈述,QH-P-000002,reported_in_writing,四库本《世宗宪皇帝御制文集》崇恩寺碑文：崇恩寺在江南荆溪之磬山，故明天隐修禅师演法道场也,雍正朝,1723-01-01,1735-12-31,,约略,已采纳,QH-SU-YZ-YZWJ-0002X,巻之十七；崇恩寺碑文,崇恩寺在江南荆溪之磬山故明天隠修禪師演法道塲也,,四库刻本层。文集碑文开端。不是寺中原石。不证法系已经终审。
QH-A-YZ-0211,yongzheng,文字或数值陈述,QH-P-000002,reported_in_writing,四库本《世宗宪皇帝御制文集》崇恩寺碑文：经始于雍正十一年，越明年二月告成,雍正十一年十二月至十二年二月,1733-12-01,1734-03-31,,约略,已采纳,QH-SU-YZ-YZWJ-0002Y,巻之十七；崇恩寺碑文,經始於雍正十一年越明年二月告成,,四库刻本层。只证碑文自称经始、告成。不是寺中原石，也不是工部档册。不证工程已经核销。
QH-A-YZ-0212,yongzheng,文字或数值陈述,QH-P-000002,reported_in_writing,四库本《世宗宪皇帝御制文集》报恩寺碑文：国师绍法磬山，年始二十有四即开堂于吴兴之报恩寺,雍正朝,1723-01-01,1735-12-31,,约略,已采纳,QH-SU-YZ-YZWJ-0002Z,巻之十七；报恩寺碑文,國師紹法磬山年始二十有四即開堂於吳興之報恩寺,,四库刻本层。文集碑文自称。不是寺中原石，也不是语录本书。不证法系已经终审。
QH-A-YZ-0213,yongzheng,文字或数值陈述,QH-P-000002,reported_in_writing,四库本《世宗宪皇帝御制文集》报恩寺碑文：朕既选其语录刊布丛林，复念报恩法席宜加修整,雍正朝,1723-01-01,1735-12-31,,约略,已采纳,QH-SU-YZ-YZWJ-0003A,巻之十七；报恩寺碑文,朕既選其語録刋布叢林復念報恩法席宜加修整,,四库刻本层。只证碑文自称选刊语录、命加修整。不是语录本书，也不是工部档册。不得写成语录本书已开。
QH-A-YZ-0214,yongzheng,文字或数值陈述,QH-P-000002,reported_in_writing,四库本《世宗宪皇帝御制文集》十方普觉寺碑文：西山寿安有唐时古刹,雍正朝,1723-01-01,1735-12-31,,约略,已采纳,QH-SU-YZ-YZWJ-0003B,巻之十七；十方普觉寺碑文,西山夀安有唐時古刹,,四库刻本层。文集碑文开端。不是寺中原石。不证寺史已经终审。
QH-A-YZ-0215,yongzheng,文字或数值陈述,QH-P-000002,reported_in_writing,四库本《世宗宪皇帝御制文集》十方普觉寺碑文：朕弟和硕怡贤亲王以无相悉檀庀工修建,雍正朝,1723-01-01,1735-12-31,,约略,已采纳,QH-SU-YZ-YZWJ-0003C,巻之十七；十方普觉寺碑文,朕弟和碩怡賢親王以無相悉檀庀工修建,,四库刻本层。文集碑文自称。不是寺中原石。不得与诗题小序、墓碑、遗稿题辞并成一篇。不证工程已经核销。
QH-A-YZ-0216,yongzheng,文字或数值陈述,QH-P-000002,reported_in_writing,四库本《世宗宪皇帝御制文集》紫阳道院碑文：性命无二途，仙佛无二道,雍正朝,1723-01-01,1735-12-31,,约略,已采纳,QH-SU-YZ-YZWJ-0003D,巻之十七；紫阳道院碑文,性命無二途仙佛無二道,,四库刻本层。文集碑文开端。不是院中原石，也不是《悟真篇》本书。不得写成《悟真篇》本书已开。
QH-A-YZ-0217,yongzheng,文字或数值陈述,QH-P-000002,reported_in_writing,四库本《世宗宪皇帝御制文集》紫阳道院碑文：特命发帑遣官，载加整葺,雍正朝,1723-01-01,1735-12-31,,约略,已采纳,QH-SU-YZ-YZWJ-0003E,巻之十七；紫阳道院碑文,特命發帑遣官載加整葺,,四库刻本层。只证碑文自称发帑、整葺。不是院中原石，也不是工部档册。不证工程已经核销。
QH-A-YZ-0218,yongzheng,文字或数值陈述,QH-P-000001,reported_in_writing,四库本《世宗宪皇帝御制文集》天竺寺碑文：圣祖仁皇帝巡幸浙西，重新香界,康熙朝,1684-01-01,1707-12-31,,约略,已采纳,QH-SU-YZ-YZWJ-0003F,巻之十七；天竺寺碑文,皇考聖祖仁皇帝廵幸浙西重新香界,,四库刻本层。文集碑文自称。不是寺中原石，也不是实录南巡条。不得写成南巡逐日已开。
QH-A-YZ-0219,yongzheng,文字或数值陈述,QH-P-000002,reported_in_writing,四库本《世宗宪皇帝御制文集》天竺寺碑文：雍正十二年十一月工竣,雍正十二年十一月,1734-11-01,1734-12-31,,约略,已采纳,QH-SU-YZ-YZWJ-0003G,巻之十七；天竺寺碑文,雍正十二年十一月工竣,,四库刻本层。只证碑文自称工竣。不是寺中原石，也不是工部档册。不证工程已经核销。
QH-A-YZ-0220,yongzheng,文字或数值陈述,QH-P-000002,reported_in_writing,四库本《世宗宪皇帝御制文集》历代帝王庙祭文：崇祀帝王庙者凡二十有一君,雍正朝,1723-01-01,1735-12-31,,约略,已采纳,QH-SU-YZ-YZWJ-0003H,巻之十八；历代帝王庙祭文,崇祀帝王廟者凡二十有一君厥惟舊矣,,四库刻本层。文集祭文自称。不是庙中原石，也不是入祀清册。不得与帝王庙碑文并成一篇。不证入祀名单已经逐位核验。
QH-A-YZ-0221,yongzheng,文字或数值陈述,QH-P-000002,reported_in_writing,四库本《世宗宪皇帝御制文集》追封孔子五代告祭文：并跻祀典，特晋王封,雍正朝,1723-01-01,1735-12-31,,约略,已采纳,QH-SU-YZ-YZWJ-0003I,巻之十八；追封孔子五代告祭文,並躋祀典特晉王封,,四库刻本层。文集祭文自称。不是庙中原石，也不是玉牒。不得写成玉牒已开。
QH-A-YZ-0222,yongzheng,文字或数值陈述,QH-P-000002,reported_in_writing,四库本《世宗宪皇帝御制文集》文庙增定从祀告祭文：道宗前圣，尊万世之师资,雍正朝,1723-01-01,1735-12-31,,约略,已采纳,QH-SU-YZ-YZWJ-0003J,巻之十八；文庙增定从祀告祭文,道宗前聖尊萬世之師資,,四库刻本层。文集祭文开端。不是庙中原石。不证从祀已经终审。
QH-A-YZ-0223,yongzheng,文字或数值陈述,QH-P-000002,reported_in_writing,四库本《世宗宪皇帝御制文集》文庙增定从祀告祭文：以林放等二十六人新造牌位安奉两庑,雍正朝,1723-01-01,1735-12-31,,约略,已采纳,QH-SU-YZ-YZWJ-0003K,巻之十八；文庙增定从祀告祭文,以林放等二十六人新造牌位安奉兩廡,,四库刻本层。只证祭文自称二十六人新造牌位。不是庙中原石，也不是牌位清册。不证二十六人名单已经逐位核验。
QH-A-YZ-0224,yongzheng,文字或数值陈述,QH-P-000002,reported_in_writing,四库本《世宗宪皇帝御制文集》阙里告祭文：不谓杏坛之地忽生回禄之灾，虽像位幸存而榱楹俱烬,雍正朝,1723-01-01,1735-12-31,,约略,已采纳,QH-SU-YZ-YZWJ-0003L,巻之十八；阙里告祭文,不謂杏壇之地忽生回禄之灾雖像位幸存而榱楹俱燼,,四库刻本层。文集祭文自称。不是庙中原石。不得与修建阙里圣庙碑文并成一篇。不证竣工。
QH-A-YZ-0225,yongzheng,文字或数值陈述,QH-P-000002,reported_in_writing,四库本《世宗宪皇帝御制文集》阙里告祭文：阙里云遥，用专官而展祭,雍正朝,1723-01-01,1735-12-31,,约略,已采纳,QH-SU-YZ-YZWJ-0003M,巻之十八；阙里告祭文,闕里云遥用專官而展祭,,四库刻本层。只证祭文自称专官展祭。不是庙中原石，也不是实录东巡条。不得写成亲诣阙里已开。
QH-A-YZ-0226,yongzheng,文字或数值陈述,QH-P-000002,reported_in_writing,四库本《世宗宪皇帝御制文集》太学文庙祭文：金声玉振，集神圣之大成,雍正朝,1723-01-01,1735-12-31,,约略,已采纳,QH-SU-YZ-YZWJ-0003N,巻之十八；太学文庙祭文,金聲玉振集神聖之大成,,四库刻本层。文集祭文开端。不是庙中原石。不得与阙里告祭并成一篇。
QH-A-YZ-0227,yongzheng,文字或数值陈述,QH-P-000002,reported_in_writing,四库本《世宗宪皇帝御制文集》太学文庙祭文：将升画栋，选卜良辰，忽睹卿云光辉晴昼,雍正朝,1723-01-01,1735-12-31,,约略,已采纳,QH-SU-YZ-YZWJ-0003O,巻之十八；太学文庙祭文,乃者將升畫棟選卜良辰忽覩卿雲光輝晴晝,,四库刻本层。只证祭文自称卿云。不是庙中原石，也不是钦天监档。不证天瑞已经应验。
QH-A-YZ-0228,yongzheng,文字或数值陈述,QH-P-000002,reported_in_writing,四库本《世宗宪皇帝御制文集》先师孔子诞辰告祭文：金声玉振，开宇宙之文明,雍正朝,1723-01-01,1735-12-31,,约略,已采纳,QH-SU-YZ-YZWJ-0003P,巻之十八；先师孔子诞辰告祭文,金聲玉振開宇宙之文明,,四库刻本层。文集祭文开端。不是庙中原石。不得与太学文庙祭文并成一篇。
QH-A-YZ-0229,yongzheng,文字或数值陈述,QH-P-000002,reported_in_writing,四库本《世宗宪皇帝御制文集》先师孔子诞辰告祭文：岁逢庚戌，序属仲秋，推之长历即尼山降诞之时,雍正八年仲秋,1730-08-01,1730-10-31,,约略,已采纳,QH-SU-YZ-YZWJ-0003Q,巻之十八；先师孔子诞辰告祭文,乃者嵗逢庚戌序属仲秋上溯周朝近當今日推之長歴即尼山降誕之時,,四库刻本层。只证祭文自称庚戌仲秋为尼山降诞之时。不是庙中原石，也不是会典祀典条。不证祀典已经逐岁落实。
QH-A-YZ-0230,yongzheng,文字或数值陈述,QH-P-000002,reported_in_writing,四库本《世宗宪皇帝御制文集》圣庙告成祭文：达天尽性，树万世之师模,雍正朝,1723-01-01,1735-12-31,,约略,已采纳,QH-SU-YZ-YZWJ-0003R,巻之十八；圣庙告成祭文,逹天盡性樹萬世之師模,,四库刻本层。文集祭文开端。不是庙中原石。不得与修建阙里圣庙碑文并成一篇。
QH-A-YZ-0231,yongzheng,文字或数值陈述,QH-P-000002,reported_in_writing,四库本《世宗宪皇帝御制文集》圣庙告成祭文：特遣皇五子弘昼等亲诣几筵，敬行祭告,雍正朝,1723-01-01,1735-12-31,,约略,已采纳,QH-SU-YZ-YZWJ-0003S,巻之十八；圣庙告成祭文,特遣皇五子𢎞晝等親詣几筵敬行祭告,,四库刻本层。只证祭文自称遣皇五子弘昼等亲诣祭告。不是庙中原石，也不是起居注。不得写成皇帝亲诣已开。不证竣工已经核销。
QH-A-YZ-0232,yongzheng,文字或数值陈述,QH-P-000001,reported_in_writing,四库本《世宗宪皇帝御制文集》日月合璧五星联珠告祭景陵文：钦惟皇考圣祖仁皇帝道迈羲轩,康熙朝,1662-01-01,1722-12-31,,约略,已采纳,QH-SU-YZ-YZWJ-0003T,巻之十八；日月合璧五星联珠告祭景陵文,欽惟皇考聖祖仁皇帝道邁義軒功㕘覆載,,四库刻本层。文集祭文自称。不是景陵原石。不得与景陵圣德神功碑并成一篇。
QH-A-YZ-0233,yongzheng,文字或数值陈述,QH-P-000002,reported_in_writing,四库本《世宗宪皇帝御制文集》日月合璧五星联珠告祭景陵文：候届仲春，日当初吉，二曜同躔而璧合，五星聚舍以珠联,雍正元年仲春,1723-02-01,1723-04-30,,约略,已采纳,QH-SU-YZ-YZWJ-0003U,巻之十八；日月合璧五星联珠告祭景陵文,乃者𠉀届仲春日當初吉二曜同躔而璧合五星聚舍以珠聨,,四库刻本层。只证祭文自称仲春合璧联珠。不是景陵原石，也不是钦天监档。不证天瑞已经应验。
QH-A-YZ-0234,yongzheng,文字或数值陈述,QH-P-000001,reported_in_writing,四库本《世宗宪皇帝御制文集》景陵悬匾告祭文：陵园葱郁，森警卫于百神,康熙朝至雍正朝,1722-12-20,1735-12-31,,约略,已采纳,QH-SU-YZ-YZWJ-0003V,巻之十八；景陵悬匾告祭文,陵園葱鬱森警衛於百神,,四库刻本层。文集祭文开端。不是景陵原石。目录作悬扁，正文作悬匾，分层保留。不得与景陵圣德神功碑并成一篇。
QH-A-YZ-0235,yongzheng,文字或数值陈述,QH-P-000002,reported_in_writing,四库本《世宗宪皇帝御制文集》景陵悬匾告祭文：因山启隧已占灵淑之征，巨榜丰碑宜极尊崇之制,雍正朝,1723-01-01,1735-12-31,,约略,已采纳,QH-SU-YZ-YZWJ-0003W,巻之十八；景陵悬匾告祭文,因山啓隧已占靈淑之徴巨牓豐碑宜極尊崇之制,,四库刻本层。只证祭文自称因山启隧、巨榜丰碑。不是景陵原石，也不是工部档册。目录作悬扁，正文作悬匾，分层保留。不证匾额已经核销。
QH-A-YZ-0236,yongzheng,文字或数值陈述,QH-P-000001,reported_in_writing,四库本《世宗宪皇帝御制文集》黄河澄清告祭景陵文：钦惟皇考圣祖仁皇帝道济群生恩濡万国,康熙朝,1662-01-01,1722-12-31,,约略,已采纳,QH-SU-YZ-YZWJ-0003X,巻之十八；黄河澄清告祭景陵文,欽惟皇考聖祖仁皇帝道濟羣生恩濡萬國,,四库刻本层。文集祭文自称。不是景陵原石。不得与黄河澄清碑记并成一篇。
QH-A-YZ-0237,yongzheng,文字或数值陈述,QH-P-000002,reported_in_writing,四库本《世宗宪皇帝御制文集》黄河澄清告祭景陵文：由陕州而至桃源，地连五省，自嘉平而逾献岁，时阅三旬,雍正四年十二月至五年正月,1726-12-01,1727-02-28,,约略,已采纳,QH-SU-YZ-YZWJ-0003Y,巻之十八；黄河澄清告祭景陵文,由陜州而至桃源地連五省自嘉平而逾獻嵗時閲三旬,,四库刻本层。只证祭文自称由陕州至桃源、时阅三旬。不是景陵原石，也不是黄河澄清碑记。不得与碑记并成一篇。不证河水已经澄清。
QH-A-YZ-0238,yongzheng,文字或数值陈述,QH-P-000002,reported_in_writing,四库本《世宗宪皇帝御制文集》北镇庙祭文：朕昔奉谒陵之命，曾申诣庙之虔,康熙朝,1662-01-01,1722-12-31,,约略,已采纳,QH-SU-YZ-YZWJ-0003Z,巻之十八；北镇庙祭文,朕昔奉謁陵之命曽申詣廟之䖍,,四库刻本层。文集祭文自称。不是庙中原石，也不是实录谒陵条。不得写成谒陵逐日已开。
QH-A-YZ-0239,yongzheng,文字或数值陈述,QH-P-000002,reported_in_writing,四库本《世宗宪皇帝御制文集》北镇庙祭文：绍承宝位，复发帑以增修,雍正朝,1723-01-01,1735-12-31,,约略,已采纳,QH-SU-YZ-YZWJ-0004A,巻之十八；北镇庙祭文,紹承寳位復發帑以増修,,四库刻本层。只证祭文自称发帑增修。不是庙中原石，也不是工部档册。不证工程已经核销。
QH-A-YZ-0240,yongzheng,文字或数值陈述,QH-P-000002,reported_in_writing,四库本《世宗宪皇帝御制文集》追封关帝三代祭文：秉两间之正气，毓圣有基,雍正朝,1723-01-01,1735-12-31,,约略,已采纳,QH-SU-YZ-YZWJ-0004B,巻之十八；追封关帝三代祭文,秉兩間之正氣毓聖有基,,四库刻本层。文集祭文开端。不是庙中原石。不得写成会典封典已开。
QH-A-YZ-0241,yongzheng,文字或数值陈述,QH-P-000002,reported_in_writing,四库本《世宗宪皇帝御制文集》追封关帝三代祭文：爰诏礼臣特隆封典，建上公于三世,雍正朝,1723-01-01,1735-12-31,,约略,已采纳,QH-SU-YZ-YZWJ-0004C,巻之十八；追封关帝三代祭文,爰詔禮臣特隆封典建上公於三世,,四库刻本层。只证祭文自称诏礼臣建上公于三世。不是庙中原石，也不是玉牒。不得写成玉牒已开。不证谱牒已经改写。
QH-A-YZ-0242,yongzheng,文字或数值陈述,QH-P-000002,reported_in_writing,四库本《世宗宪皇帝御制文集》关帝告祭文：敦大伦而表范，忠冠古今,雍正朝,1723-01-01,1735-12-31,,约略,已采纳,QH-SU-YZ-YZWJ-0004D,巻之十八；关帝告祭文,敦大倫而表範忠冠古今,,四库刻本层。文集祭文开端。不是庙中原石。不得与追封关帝三代祭文并成一篇。
QH-A-YZ-0243,yongzheng,文字或数值陈述,QH-P-000002,reported_in_writing,四库本《世宗宪皇帝御制文集》关帝告祭文：爰命廷臣聿稽门绪，千秋华胄美三叶之芳规，五等崇班锡上公之显号,雍正朝,1723-01-01,1735-12-31,,约略,已采纳,QH-SU-YZ-YZWJ-0004E,巻之十八；关帝告祭文,爰命廷臣聿稽門緒千秋華胄美三葉之芳規五等崇班錫上公之顯號,,四库刻本层。只证祭文自称廷臣稽门绪、锡上公之显号。不是庙中原石，也不是会典封典条。不得与追封关帝三代祭文并成一篇。不证谱牒已经改写。
QH-A-YZ-0244,yongzheng,文字或数值陈述,QH-P-000002,reported_in_writing,四库本《世宗宪皇帝御制文集》清和宣惠风伯之神祭文：惟神象著箕星，德符巽卦,雍正朝,1723-01-01,1735-12-31,,约略,已采纳,QH-SU-YZ-YZWJ-0004F,巻之十八；清和宣惠风伯之神祭文,惟神象著箕星德符巽卦,,四库刻本层。文集祭文开端。不是庙中原石。目录作惠，正文作恵，分层保留。不得写成会典封典已开。
QH-A-YZ-0245,yongzheng,文字或数值陈述,QH-P-000002,reported_in_writing,四库本《世宗宪皇帝御制文集》清和宣惠风伯之神祭文：是用特封为清和宣惠风伯之神,雍正朝,1723-01-01,1735-12-31,,约略,已采纳,QH-SU-YZ-YZWJ-0004G,巻之十八；清和宣惠风伯之神祭文,是用特封為清和宣恵風伯之神,,四库刻本层。只证祭文自称特封。不是庙中原石，也不是河臣原奏。目录作惠，正文作恵，分层保留。不得写成会典封典已开。不证安澜已经核验。
QH-A-YZ-0246,yongzheng,文字或数值陈述,QH-P-000002,reported_in_writing,四库本《世宗宪皇帝御制文集》都城隍庙祭文：灵爽丕昭，作皇都之保障,雍正朝,1723-01-01,1735-12-31,,约略,已采纳,QH-SU-YZ-YZWJ-0004H,巻之十九；都城隍庙祭文,靈爽丕昭作皇都之保障,,四库刻本层。文集祭文开端。不是庙中原石。不得与巻之二十都城隍庙碑亭告成祭文并成一篇。
QH-A-YZ-0247,yongzheng,文字或数值陈述,QH-P-000002,reported_in_writing,四库本《世宗宪皇帝御制文集》都城隍庙祭文：发金钱于内府，命董理于大臣,雍正朝,1723-01-01,1735-12-31,,约略,已采纳,QH-SU-YZ-YZWJ-0004I,巻之十九；都城隍庙祭文,發金錢於内府命董理於大臣,,四库刻本层。只证祭文自称发金钱于内府。不是庙中原石，也不是内府档册。不得写成内府档册已开。不证工程已经核销。
QH-A-YZ-0248,yongzheng,文字或数值陈述,QH-P-000002,reported_in_writing,四库本《世宗宪皇帝御制文集》运河神祭文：国家挽运全藉漕渠，河水畅流最需雨泽,雍正朝,1723-01-01,1735-12-31,,约略,已采纳,QH-SU-YZ-YZWJ-0004J,巻之十九；运河神祭文,國家輓運全藉漕渠河水暢流最需雨澤,,四库刻本层。文集祭文开端。不是庙中原石。不得写成漕运档册已开。
QH-A-YZ-0249,yongzheng,文字或数值陈述,QH-P-000002,reported_in_writing,四库本《世宗宪皇帝御制文集》运河神祭文：春夏之交愆阳间告，缘河一带愆雨泽之施，以致水浅运艰,雍正朝,1723-01-01,1735-12-31,,约略,已采纳,QH-SU-YZ-YZWJ-0004K,巻之十九；运河神祭文,乃者春夏之交愆陽間告朕深懷憫惻夙夜省躬維縁河一帯愆雨澤之施以致水淺運艱,,四库刻本层。只证祭文自称春夏愆阳、水浅运艰。不是庙中原石，也不是河臣原奏。不证漕运已经阻滞终审。
QH-A-YZ-0250,yongzheng,文字或数值陈述,QH-P-000002,reported_in_writing,四库本《世宗宪皇帝御制文集》黄河神祭文：惟神源通星汉，派衍昆仑,雍正朝,1723-01-01,1735-12-31,,约略,已采纳,QH-SU-YZ-YZWJ-0004L,巻之十九；黄河神祭文,惟神源通星漢𣲖衍崑崙,,四库刻本层。文集祭文开端。不是庙中原石。不得与黄河澄清碑记并成一篇。
QH-A-YZ-0251,yongzheng,文字或数值陈述,QH-P-000002,reported_in_writing,四库本《世宗宪皇帝御制文集》黄河神祭文：顷者决口合龙，民居攸奠，既奏安澜之绩，旋呈清泚之祥,雍正朝,1723-01-01,1735-12-31,,约略,已采纳,QH-SU-YZ-YZWJ-0004M,巻之十九；黄河神祭文,頃者決口合龍民居攸奠既奏安瀾之績旋呈清泚之祥,,四库刻本层。只证祭文自称决口合龙、安澜清泚。不是庙中原石，也不是黄河澄清碑记或景陵告祭。不得并成一篇。不证河水已经澄清。
QH-A-YZ-0252,yongzheng,文字或数值陈述,QH-P-000002,reported_in_writing,四库本《世宗宪皇帝御制文集》河神祭文甲：朕注心河务，礼敬明神，历岁以来休征屡著,雍正朝,1723-01-01,1735-12-31,,约略,已采纳,QH-SU-YZ-YZWJ-0004N,巻之十九；河神祭文甲,朕注心河務禮敬明神歴嵗以來休徴屢著,,四库刻本层。文集祭文开端。不是庙中原石。不得与黄河神祭文或后一篇河神祭文并成一篇。
QH-A-YZ-0253,yongzheng,文字或数值陈述,QH-P-000002,reported_in_writing,四库本《世宗宪皇帝御制文集》河神祭文甲：三旬之内早奏安澜，无縻费于金钱,雍正朝,1723-01-01,1735-12-31,,约略,已采纳,QH-SU-YZ-YZWJ-0004O,巻之十九；河神祭文甲,三旬之内早奏安瀾無縻費於金錢匪淹遲於日月,,四库刻本层。只证祭文自称三旬安澜。不是庙中原石，也不是河臣原奏。不证工程已经核销。
QH-A-YZ-0254,yongzheng,文字或数值陈述,QH-P-000002,reported_in_writing,四库本《世宗宪皇帝御制文集》河神祭文乙：惟神功昭四渎，德冠群灵,雍正朝,1723-01-01,1735-12-31,,约略,已采纳,QH-SU-YZ-YZWJ-0004P,巻之十九；河神祭文乙,惟神功昭四瀆德冠羣靈,,四库刻本层。文集祭文开端。不是庙中原石。不得与河神祭文甲并成一篇。
QH-A-YZ-0255,yongzheng,文字或数值陈述,QH-P-000002,reported_in_writing,四库本《世宗宪皇帝御制文集》河神祭文乙：长阡广陌，增二万顷之良畴,雍正朝,1723-01-01,1735-12-31,,约略,已采纳,QH-SU-YZ-YZWJ-0004Q,巻之十九；河神祭文乙,長阡廣陌増二萬頃之良疇,,四库刻本层。只证祭文自称二万顷。不是庙中原石，也不是鱼鳞册。不证田亩已经清丈。
QH-A-YZ-0256,yongzheng,文字或数值陈述,QH-P-000002,reported_in_writing,四库本《世宗宪皇帝御制文集》河源神祭文：惟神象应汉津，源疏昆阆,雍正朝,1723-01-01,1735-12-31,,约略,已采纳,QH-SU-YZ-YZWJ-0004R,巻之十九；河源神祭文,惟神象應漢津源䟽崑閬,,四库刻本层。文集祭文开端。不是庙中原石。不得与河神祭文并成一篇。
QH-A-YZ-0257,yongzheng,文字或数值陈述,QH-P-000002,reported_in_writing,四库本《世宗宪皇帝御制文集》河源神祭文：乘天时而收地力，盈二万顷之膏腴,雍正朝,1723-01-01,1735-12-31,,约略,已采纳,QH-SU-YZ-YZWJ-0004S,巻之十九；河源神祭文,乘天時而収地力盈二萬頃之膏腴,,四库刻本层。只证祭文自称二万顷膏腴。不是庙中原石，也不是鱼鳞册。不得与河神祭文乙并成一篇。不证田亩已经清丈。
QH-A-YZ-0258,yongzheng,文字或数值陈述,QH-P-000002,reported_in_writing,四库本《世宗宪皇帝御制文集》河神祭文丙：惟神灵发昆仑，源通星宿,雍正朝,1723-01-01,1735-12-31,,约略,已采纳,QH-SU-YZ-YZWJ-0004T,巻之十九；河神祭文丙,惟神靈發崑崙源通星宿,,四库刻本层。文集祭文开端。不是庙中原石。不得与河源神祭文或前两篇河神祭文并成一篇。
QH-A-YZ-0259,yongzheng,文字或数值陈述,QH-P-000002,reported_in_writing,四库本《世宗宪皇帝御制文集》河神祭文丙：波恬浪静，澄清上彻乎荣光,雍正朝,1723-01-01,1735-12-31,,约略,已采纳,QH-SU-YZ-YZWJ-0004U,巻之十九；河神祭文丙,波恬浪静澄清上徹乎榮光,,四库刻本层。只证祭文自称澄清上彻。不是庙中原石，也不是黄河澄清碑记。不得与黄河神祭文并成一篇。不证河水已经澄清。
QH-A-YZ-0260,yongzheng,文字或数值陈述,QH-P-000002,reported_in_writing,四库本《世宗宪皇帝御制文集》清口河神祭文：惟神源开星宿，派导龙门,雍正朝,1723-01-01,1735-12-31,,约略,已采纳,QH-SU-YZ-YZWJ-0004V,巻之十九；清口河神祭文,惟神源開星宿𣲖導龍門,,四库刻本层。文集祭文开端。不是庙中原石。不得与河神祭文并成一篇。
QH-A-YZ-0261,yongzheng,文字或数值陈述,QH-P-000002,reported_in_writing,四库本《世宗宪皇帝御制文集》清口河神祭文：漕运万艘循长堤而安挽,雍正朝,1723-01-01,1735-12-31,,约略,已采纳,QH-SU-YZ-YZWJ-0004W,巻之十九；清口河神祭文,漕運萬艘循長隄而安輓,,四库刻本层。只证祭文自称漕运万艘安挽。不是庙中原石，也不是漕运档册。不证漕运已经安澜终审。
QH-A-YZ-0262,yongzheng,文字或数值陈述,QH-P-000002,reported_in_writing,四库本《世宗宪皇帝御制文集》武陟县河神祭文：惟神泽滋坤壤，象应天津,雍正朝,1723-01-01,1735-12-31,,约略,已采纳,QH-SU-YZ-YZWJ-0004X,巻之十九；武陟县河神祭文,惟神澤滋坤壤象應天津,,四库刻本层。文集祭文开端。不是庙中原石。不得与清口河神祭文并成一篇。
QH-A-YZ-0263,yongzheng,文字或数值陈述,QH-P-000002,reported_in_writing,四库本《世宗宪皇帝御制文集》武陟县河神祭文：仪封北岸濬深渠而迅浪通流，兰邑南堤汕引河而中直泻,雍正朝,1723-01-01,1735-12-31,,约略,已采纳,QH-SU-YZ-YZWJ-0004Y,巻之十九；武陟县河神祭文,乃若儀封北岸濬深渠而迅浪通流蘭邑南隄汕引河而中直瀉,,四库刻本层。只证祭文自称仪封北岸、兰邑南堤。不是庙中原石，也不是河臣原奏。不证工程已经核销。
QH-A-YZ-0264,yongzheng,文字或数值陈述,QH-P-000001,reported_in_writing,四库本《世宗宪皇帝御制文集》永定河神庙告成祭文：显佑于皇考之时，肇祀于卢沟之北,康熙朝,1662-01-01,1722-12-31,,约略,已采纳,QH-SU-YZ-YZWJ-0004Z,巻之十九；永定河神庙告成祭文,顯佑於皇考之時肇祀於盧溝之北,,四库刻本层。文集祭文自称皇考肇祀。不是庙中原石，也不是惠济庙碑文。不得并成一篇。不得写成永定河逐日已开。
QH-A-YZ-0265,yongzheng,文字或数值陈述,QH-P-000002,reported_in_writing,四库本《世宗宪皇帝御制文集》永定河神庙告成祭文：朕思石景实处上游，宜建庙以安神,雍正朝,1723-01-01,1735-12-31,,约略,已采纳,QH-SU-YZ-YZWJ-0005A,巻之十九；永定河神庙告成祭文,朕思石景實處上㳺宜建廟以安神,,四库刻本层。只证祭文自称石景建庙。不是庙中原石，也不是工部档册。不证工程已经核销。
QH-A-YZ-0266,yongzheng,文字或数值陈述,QH-P-000001,reported_in_writing,四库本《世宗宪皇帝御制文集》奉安石景山永定河神像祭文：睿谟指授于当年，嘉名肇锡,康熙朝,1662-01-01,1722-12-31,,约略,已采纳,QH-SU-YZ-YZWJ-0005B,巻之十九；奉安石景山永定河神像祭文,睿謨指授於當年嘉名肇錫,,四库刻本层。文集祭文自称当年睿谟嘉名。不是庙中原石，也不是惠济庙碑文。不得并成一篇。不得写成永定河逐日已开。
QH-A-YZ-0267,yongzheng,文字或数值陈述,QH-P-000002,reported_in_writing,四库本《世宗宪皇帝御制文集》奉安石景山永定河神像祭文：洒翰而题巨榜，製文以勒丰碑,雍正朝,1723-01-01,1735-12-31,,约略,已采纳,QH-SU-YZ-YZWJ-0005C,巻之十九；奉安石景山永定河神像祭文,灑翰而題巨牓製文以勒豐碑,,四库刻本层。只证祭文自称题榜勒碑。不是庙中原石，也不是工部档册。不证匾额已经核销。
QH-A-YZ-0268,yongzheng,文字或数值陈述,QH-P-000002,reported_in_writing,四库本《世宗宪皇帝御制文集》清口河神祭文乙：朕轸念民生，廑怀河务,雍正朝,1723-01-01,1735-12-31,,约略,已采纳,QH-SU-YZ-YZWJ-0005D,巻之十九；清口河神祭文乙,朕軫念民生厪懷河務,,四库刻本层。文集祭文开端。不是庙中原石。不得与前一篇清口河神祭文并成一篇。
QH-A-YZ-0269,yongzheng,文字或数值陈述,QH-P-000002,reported_in_writing,四库本《世宗宪皇帝御制文集》清口河神祭文乙：洪波万派循轨道以安流,雍正朝,1723-01-01,1735-12-31,,约略,已采纳,QH-SU-YZ-YZWJ-0005E,巻之十九；清口河神祭文乙,洪波萬𣲖循軌道以安流,,四库刻本层。只证祭文自称洪波安流。不是庙中原石，也不是河臣原奏。不证漕运已经安澜终审。
QH-A-YZ-0270,yongzheng,文字或数值陈述,QH-P-000002,reported_in_writing,四库本《世宗宪皇帝御制文集》浙江海神祭文：明神受职于天，恩覃泽国,雍正朝,1723-01-01,1735-12-31,,约略,已采纳,QH-SU-YZ-YZWJ-0005F,巻之十九；浙江海神祭文,明神受職於天恩覃澤國,,四库刻本层。文集祭文开端。不是庙中原石。不得与清口河神祭文并成一篇。
QH-A-YZ-0271,yongzheng,文字或数值陈述,QH-P-000002,reported_in_writing,四库本《世宗宪皇帝御制文集》浙江海神祭文：廼者风潮鼓盪，冲溃堤防,雍正朝,1723-01-01,1735-12-31,,约略,已采纳,QH-SU-YZ-YZWJ-0005G,巻之十九；浙江海神祭文,廼者風潮鼓盪衝潰隄防,,四库刻本层。只证祭文自称风潮冲溃堤防。不是庙中原石，也不是海塘档册。不证海塘已经核销。
QH-A-YZ-0272,yongzheng,文字或数值陈述,QH-P-000002,reported_in_writing,四库本《世宗宪皇帝御制文集》河源神祭文乙：惟神源从天汉，泽润坤舆,雍正朝,1723-01-01,1735-12-31,,约略,已采纳,QH-SU-YZ-YZWJ-0005H,巻之十九；河源神祭文乙,惟神源從天漢澤潤坤輿,,四库刻本层。文集祭文开端。不是庙中原石。不得与前一篇河源神祭文并成一篇。
QH-A-YZ-0273,yongzheng,文字或数值陈述,QH-P-000002,reported_in_writing,四库本《世宗宪皇帝御制文集》河源神祭文乙：惟甘陕之岩疆，实边陲之重地,雍正朝,1723-01-01,1735-12-31,,约略,已采纳,QH-SU-YZ-YZWJ-0005I,巻之十九；河源神祭文乙,惟甘陜之巖疆實邊陲之重地,,四库刻本层。只证祭文自称甘陕岩疆。不是庙中原石，也不是边政档册。不得写成边政档册已开。
QH-A-YZ-0274,yongzheng,文字或数值陈述,QH-P-000002,reported_in_writing,四库本《世宗宪皇帝御制文集》河神祭文丁：朕心殷河务，敬礼明神,雍正朝,1723-01-01,1735-12-31,,约略,已采纳,QH-SU-YZ-YZWJ-0005J,巻之十九；河神祭文丁,朕心殷河務敬禮明神,,四库刻本层。文集祭文开端。不是庙中原石。不得与前三篇河神祭文并成一篇。
QH-A-YZ-0275,yongzheng,文字或数值陈述,QH-P-000002,reported_in_writing,四库本《世宗宪皇帝御制文集》河神祭文丁：惟是睢宁之境，正当河道之冲,雍正朝,1723-01-01,1735-12-31,,约略,已采纳,QH-SU-YZ-YZWJ-0005K,巻之十九；河神祭文丁,惟是睢寜之境正當河道之衝,,四库刻本层。只证祭文自称睢宁当冲。不是庙中原石，也不是河臣原奏。不证工程已经核销。
QH-A-YZ-0276,yongzheng,文字或数值陈述,QH-P-000002,reported_in_writing,四库本《世宗宪皇帝御制文集》祈雨祭风神文：朕奉天子民，刻刻以雨旸时若为念,雍正朝,1723-01-01,1735-12-31,,约略,已采纳,QH-SU-YZ-YZWJ-0005L,巻之十九；祈雨祭风神文,朕奉天子民刻刻以雨暘時若為念,,四库刻本层。文集祭文开端。不是庙中原石。不得与清和宣惠风伯之神祭文并成一篇。
QH-A-YZ-0277,yongzheng,文字或数值陈述,QH-P-000002,reported_in_writing,四库本《世宗宪皇帝御制文集》祈雨祭风神文：乃今春三月膏雨愆期，恒风示儆,雍正朝,1723-01-01,1735-12-31,,约略,已采纳,QH-SU-YZ-YZWJ-0005M,巻之十九；祈雨祭风神文,乃今春三月膏雨愆期恒風示儆,,四库刻本层。只证祭文自称今春三月膏雨愆期。不是庙中原石，也不是起居注。不证已经得雨。
QH-A-YZ-0278,yongzheng,文字或数值陈述,QH-P-000002,reported_in_writing,四库本《世宗宪皇帝御制文集》太岁坛诸神祈雨祝文：朕承眷命，抚御蒸黎,雍正朝,1723-01-01,1735-12-31,,约略,已采纳,QH-SU-YZ-YZWJ-0005N,巻之十九；太岁坛诸神祈雨祝文,朕承眷命撫御蒸黎,,四库刻本层。文集祭文开端。不是庙中原石，也不是太常档册。不得与祈雨祭风神文并成一篇。
QH-A-YZ-0279,yongzheng,文字或数值陈述,QH-P-000002,reported_in_writing,四库本《世宗宪皇帝御制文集》太岁坛诸神祈雨祝文：乃者时当仲夏，雨泽愆期,雍正朝,1723-01-01,1735-12-31,,约略,已采纳,QH-SU-YZ-YZWJ-0005O,巻之十九；太岁坛诸神祈雨祝文,乃者時當仲夏雨澤愆期,,四库刻本层。只证祭文自称仲夏雨泽愆期。不是庙中原石，也不是起居注。不证已经得雨。
QH-A-YZ-0280,yongzheng,文字或数值陈述,QH-P-000001,reported_in_writing,四库本《世宗宪皇帝御制文集》历代帝王庙碑亭告成祭文：我皇考圣祖仁皇帝综百王之盛德，定万世之公评,康熙朝,1662-01-01,1722-12-31,,约略,已采纳,QH-SU-YZ-YZWJ-0005P,巻之二十；历代帝王庙碑亭告成祭文,我皇考聖祖仁皇帝綜百王之盛徳定萬世之公評,,四库刻本层。文集祭文自称皇考综评。不是庙中原石，也不是历代帝王庙碑文。不得并成一篇。
QH-A-YZ-0281,yongzheng,文字或数值陈述,QH-P-000002,reported_in_writing,四库本《世宗宪皇帝御制文集》历代帝王庙碑亭告成祭文：丰碑式建，爰洒翰以摛文,雍正朝,1723-01-01,1735-12-31,,约略,已采纳,QH-SU-YZ-YZWJ-0005Q,巻之二十；历代帝王庙碑亭告成祭文,豐碑式建爰灑翰以摛文,,四库刻本层。只证祭文自称丰碑式建。不是庙中原石，也不是工部档册。不得与巻之十八帝王庙祭文并成一篇。不证碑亭已经核销。
QH-A-YZ-0282,yongzheng,文字或数值陈述,QH-P-000002,reported_in_writing,四库本《世宗宪皇帝御制文集》关帝庙碑亭告成祭文：英风炳著，丽皎日于中天,雍正朝,1723-01-01,1735-12-31,,约略,已采纳,QH-SU-YZ-YZWJ-0005R,巻之二十；关帝庙碑亭告成祭文,英風炳著麗皎日於中天,,四库刻本层。文集祭文开端。不是庙中原石。目录作闗，正文作關，分层保留。不得与関帝告祭文并成一篇。
QH-A-YZ-0283,yongzheng,文字或数值陈述,QH-P-000002,reported_in_writing,四库本《世宗宪皇帝御制文集》关帝庙碑亭告成祭文：晋秩上公，专祠后殿,雍正朝,1723-01-01,1735-12-31,,约略,已采纳,QH-SU-YZ-YZWJ-0005S,巻之二十；关帝庙碑亭告成祭文,晉秩上公耑祠後殿,,四库刻本层。只证祭文自称晋秩上公专祠后殿。不是庙中原石，也不是会典封典条。不得与追封关帝三代祭文并成一篇。不证谱牒已经改写。
QH-A-YZ-0284,yongzheng,文字或数值陈述,QH-P-000002,reported_in_writing,四库本《世宗宪皇帝御制文集》都城隍庙碑亭告成祭文：明威有赫，资翊卫于金汤,雍正朝,1723-01-01,1735-12-31,,约略,已采纳,QH-SU-YZ-YZWJ-0005T,巻之二十；都城隍庙碑亭告成祭文,明威有赫資翊衞於金湯,,四库刻本层。文集祭文开端。不是庙中原石。不得与巻之十九都城隍庙祭文并成一篇。
QH-A-YZ-0285,yongzheng,文字或数值陈述,QH-P-000002,reported_in_writing,四库本《世宗宪皇帝御制文集》都城隍庙碑亭告成祭文：兹者聿新丹雘，爰勒青珉,雍正朝,1723-01-01,1735-12-31,,约略,已采纳,QH-SU-YZ-YZWJ-0005U,巻之二十；都城隍庙碑亭告成祭文,兹者聿新丹雘爰勒青珉,,四库刻本层。只证祭文自称聿新丹雘。不是庙中原石，也不是工部档册。不证碑亭已经核销。
QH-A-YZ-0286,yongzheng,文字或数值陈述,QH-P-000001,reported_in_writing,四库本《世宗宪皇帝御制文集》明太祖并十三陵祭文：谓有明太祖创业维勤，宅心克广,康熙朝,1662-01-01,1722-12-31,,约略,已采纳,QH-SU-YZ-YZWJ-0005V,巻之二十；明太祖并十三陵祭文,謂有明太祖創業維勤宅心克廣,,四库刻本层。文集祭文自称圣祖语。不是陵中原石，也不是实录谒陵条。不得写成谒陵逐日已开。
QH-A-YZ-0287,yongzheng,文字或数值陈述,QH-P-000002,reported_in_writing,四库本《世宗宪皇帝御制文集》明太祖并十三陵祭文：授为一等侯，列五等之班,雍正朝,1723-01-01,1735-12-31,,约略,已采纳,QH-SU-YZ-YZWJ-0005W,巻之二十；明太祖并十三陵祭文,授為一等侯列五等之班,,四库刻本层。只证祭文自称授为一等侯。不是会典封典条，也不是玉牒。全览人名缺字，不取人名。不得写成会典封典已开。不证谱牒已经改写。
QH-A-YZ-0288,yongzheng,文字或数值陈述,QH-P-000002,reported_in_writing,四库本《世宗宪皇帝御制文集》贤良祠祭文：功铭钟鼎，尚书垂元祀之文,雍正朝,1723-01-01,1735-12-31,,约略,已采纳,QH-SU-YZ-YZWJ-0005X,巻之二十；贤良祠祭文,功銘鐘鼎尚書垂元祀之文,,四库刻本层。文集祭文开端。不是祠中原石。不得与贤良祠碑文并成一篇。
QH-A-YZ-0289,yongzheng,文字或数值陈述,QH-P-000002,reported_in_writing,四库本《世宗宪皇帝御制文集》贤良祠祭文：既祠宇之告成，序官阶而列次,雍正朝,1723-01-01,1735-12-31,,约略,已采纳,QH-SU-YZ-YZWJ-0005Y,巻之二十；贤良祠祭文,既祠宇之告成序官階而列次,,四库刻本层。只证祭文自称祠宇告成、序官阶列次。不是祠中原石，也不是入祀清册。不得与贤良祠碑文并成一篇。不证入祀名单已经逐位核验。
QH-A-YZ-0290,yongzheng,文字或数值陈述,QH-P-000001,reported_in_writing,四库本《世宗宪皇帝御制文集》和硕怡亲王初次祭文：惟王为皇考圣祖仁皇帝之子，朕之亲弟也,康熙朝,1662-01-01,1722-12-31,,约略,已采纳,QH-SU-YZ-YZWJ-0005Z,巻之二十；和硕怡亲王初次祭文,惟王為皇考聖祖仁皇帝之子朕之親弟也,,四库刻本层。文集祭文自称。不是玉牒，也不是怡贤亲王碑文。不得写成玉牒已开。
QH-A-YZ-0291,yongzheng,文字或数值陈述,QH-P-000002,reported_in_writing,四库本《世宗宪皇帝御制文集》和硕怡亲王初次祭文：当朕鸿基之初绍，命王总理之是膺,雍正朝,1723-01-01,1735-12-31,,约略,已采纳,QH-SU-YZ-YZWJ-0006A,巻之二十；和硕怡亲王初次祭文,當朕鴻基之初紹命王總理之是膺,,四库刻本层。只证祭文自称命王总理。不是实录日条，也不是怡贤亲王碑文。不得并成一篇。不证总理逐日已开。
QH-A-YZ-0292,yongzheng,文字或数值陈述,QH-P-000001,reported_in_writing,四库本《世宗宪皇帝御制文集》和硕怡贤亲王祭文：比长遵奉皇考之命，授弟算学，日事讨论,康熙朝,1662-01-01,1722-12-31,,约略,已采纳,QH-SU-YZ-YZWJ-0006B,巻之二十；和硕怡贤亲王祭文,比長遵奉皇考之命授弟算學日事討論,,四库刻本层。文集祭文自称皇考授弟算学。不是起居注，也不是初次祭文。不得写成起居注已开。
QH-A-YZ-0293,yongzheng,文字或数值陈述,QH-P-000002,reported_in_writing,四库本《世宗宪皇帝御制文集》和硕怡贤亲王祭文：呜呼哀哉，贤弟仙逝，倏已阅三载矣,雍正朝,1723-01-01,1735-12-31,,约略,已采纳,QH-SU-YZ-YZWJ-0006C,巻之二十；和硕怡贤亲王祭文,嗚呼哀哉賢弟仙逝倐已閲三載矣,,四库刻本层。只证祭文自称仙逝已阅三载。不是实录日条，也不是初次祭文。不得并成一篇。不证葬期已经核销。
QH-A-YZ-0294,yongzheng,文字或数值陈述,QH-P-000002,reported_in_writing,四库本《世宗宪皇帝御制文集》诔和硕怡亲王诔并序：雍正八年五月初四日，和硕怡亲王以疾薨于位，春秋四十有五,雍正八年五月初四日,1730-06-18,1730-06-18,,约略,已采纳,QH-SU-YZ-YZWJ-0006D,巻之二十；诔和硕怡亲王诔并序,雍正八年五月初四日和碩怡親王以疾薨於位春秋四十有五,,四库刻本层。文集诔文自称薨日与春秋。不是实录日条，也不是祭文。不得并成一篇。公历依 CAL-001，尚未逐条核录。不证实录该日已开。
QH-A-YZ-0295,yongzheng,文字或数值陈述,QH-P-000002,reported_in_writing,四库本《世宗宪皇帝御制文集》诔和硕怡亲王诔：八载之恪恭如一,雍正朝,1723-01-01,1735-12-31,,约略,已采纳,QH-SU-YZ-YZWJ-0006E,巻之二十；诔和硕怡亲王诔,八載之恪恭如一,,四库刻本层。只证诔文自称八载恪恭。不是实录日条，也不是初次祭文。不得并成一篇。不证总理逐日已开。
QH-A-YZ-0296,yongzheng,文字或数值陈述,QH-P-000002,reported_in_writing,四库本《世宗宪皇帝御制文集》雍邸集春园读书：一片芳菲上苑东，昼长人坐落花风,康熙朝,1662-01-01,1722-12-31,,约略,已采纳,QH-SU-YZ-YZWJ-0006F,巻之二十一；春园读书,一片芳菲上苑東晝長人坐落花風,,四库刻本层。文集藩邸诗开端。不是诗题小序，也不是实录日条。不得与即位后祭文并成一篇。不得写成起居注已开。
QH-A-YZ-0297,yongzheng,文字或数值陈述,QH-P-000002,reported_in_writing,四库本《世宗宪皇帝御制文集》雍邸集春园读书：韶光脉脉春如海，讽咏芸编兴不穷,康熙朝,1662-01-01,1722-12-31,,约略,已采纳,QH-SU-YZ-YZWJ-0006G,巻之二十一；春园读书,韶光脉脉春如海諷詠芸編興不窮,,四库刻本层。只证诗自称讽咏芸编。不是起居注。不得写成读书逐日已开。
QH-A-YZ-0298,yongzheng,文字或数值陈述,QH-P-000002,reported_in_writing,四库本《世宗宪皇帝御制文集》雍邸集咏自鸣钟：巧制符天律，阴阳一弹包,康熙朝,1662-01-01,1722-12-31,,约略,已采纳,QH-SU-YZ-YZWJ-0006H,巻之二十一；咏自鸣钟,巧製符天律隂陽一彈包,,四库刻本层。文集藩邸诗开端。不是西洋钟档册。不得与春园读书并成一篇。
QH-A-YZ-0299,yongzheng,文字或数值陈述,QH-P-000002,reported_in_writing,四库本《世宗宪皇帝御制文集》雍邸集咏自鸣钟：晷刻毫无爽，晨昏定不淆,康熙朝,1662-01-01,1722-12-31,,约略,已采纳,QH-SU-YZ-YZWJ-0006I,巻之二十一；咏自鸣钟,晷刻毫無爽晨昏定不淆,,四库刻本层。只证诗自称晷刻不差。不是西洋钟档册，也不是起居注。不证钟表已经核销。
QH-A-YZ-0300,yongzheng,文字或数值陈述,QH-P-000002,reported_in_writing,四库本《世宗宪皇帝御制文集》雍邸集山池晚步：夕阳斜映绿波清，闲傍长桥步履行,康熙朝,1662-01-01,1722-12-31,,约略,已采纳,QH-SU-YZ-YZWJ-0006J,巻之二十一；山池晚步,夕陽斜映緑波清閒傍長橋步屧行,,四库刻本层。文集藩邸诗开端。不是诗题小序。不得与咏自鸣钟并成一篇。
QH-A-YZ-0301,yongzheng,文字或数值陈述,QH-P-000002,reported_in_writing,四库本《世宗宪皇帝御制文集》雍邸集山池晚步：徙倚景光天欲暮，凌虚楼阁带霞明,康熙朝,1662-01-01,1722-12-31,,约略,已采纳,QH-SU-YZ-YZWJ-0006K,巻之二十一；山池晚步,徙倚景光天欲暮凌虚樓閣帯霞明,,四库刻本层。只证诗自称徙倚景光。不是起居注。不得写成起居注已开。
QH-A-YZ-0302,yongzheng,文字或数值陈述,QH-P-000002,reported_in_writing,四库本《世宗宪皇帝御制文集》雍邸集春日泛舟：兰舟宛转浪纹平，一棹容与荡晚晴,康熙朝,1662-01-01,1722-12-31,,约略,已采纳,QH-SU-YZ-YZWJ-0006L,巻之二十一；春日泛舟,蘭舟宛轉浪紋平一櫂容與蕩晩晴,,四库刻本层。文集藩邸诗开端。不是诗题小序。不得与山池晚步并成一篇。
QH-A-YZ-0303,yongzheng,文字或数值陈述,QH-P-000002,reported_in_writing,四库本《世宗宪皇帝御制文集》雍邸集春日泛舟：缥缈中流凭览胜，始知仙境有蓬瀛,康熙朝,1662-01-01,1722-12-31,,约略,已采纳,QH-SU-YZ-YZWJ-0006M,巻之二十一；春日泛舟,縹緲中流憑覽勝始知仙境有蓬瀛,,四库刻本层。只证诗自称中流凭览。不是起居注，也不是实录日条。不得写成起居注已开。
QH-A-YZ-0304,yongzheng,文字或数值陈述,QH-P-000002,reported_in_writing,四库本《世宗宪皇帝御制文集》雍邸集夜坐：独坐幽园里，窗开竹影斜,康熙朝,1662-01-01,1722-12-31,,约略,已采纳,QH-SU-YZ-YZWJ-0006N,巻之二十一；夜坐,獨坐幽園裏牕開竹影斜,,四库刻本层。文集藩邸诗开端。不是诗题小序。不得与春日泛舟并成一篇。
QH-A-YZ-0305,yongzheng,文字或数值陈述,QH-P-000002,reported_in_writing,四库本《世宗宪皇帝御制文集》雍邸集夜坐：悠然怡静境，把卷待烹茶,康熙朝,1662-01-01,1722-12-31,,约略,已采纳,QH-SU-YZ-YZWJ-0006O,巻之二十一；夜坐,悠然怡靜境把巻待烹茶,,四库刻本层。只证诗自称把卷待烹茶。不是起居注。不得写成起居注已开。
QH-A-YZ-0306,yongzheng,文字或数值陈述,QH-P-000002,reported_in_writing,四库本《世宗宪皇帝御制文集》雍邸集春暮登楼：坐惜芳华晚，登楼独举觞,康熙朝,1662-01-01,1722-12-31,,约略,已采纳,QH-SU-YZ-YZWJ-0006P,巻之二十一；春暮登楼,坐惜芳華晩登樓獨舉觴,,四库刻本层。文集藩邸诗开端。不是诗题小序。不得与夜坐并成一篇。
QH-A-YZ-0307,yongzheng,文字或数值陈述,QH-P-000002,reported_in_writing,四库本《世宗宪皇帝御制文集》雍邸集春暮登楼：凭栏无限思，新月逗清光,康熙朝,1662-01-01,1722-12-31,,约略,已采纳,QH-SU-YZ-YZWJ-0006Q,巻之二十一；春暮登楼,憑欄無限思新月逗清光,,四库刻本层。只证诗自称凭栏无限思。不是起居注，也不是实录日条。不得写成起居注已开。
QH-A-YZ-0308,yongzheng,文字或数值陈述,QH-P-000002,reported_in_writing,四库本《世宗宪皇帝御制文集》雍邸集月夜对落花有感：落花满径月朦胧，夜静闲吟料峭风,康熙朝,1662-01-01,1722-12-31,,约略,已采纳,QH-SU-YZ-YZWJ-0006R,巻之二十一；月夜对落花有感,落花滿徑月朦朧夜靜閒吟料峭風,,四库刻本层。文集藩邸诗开端。不是诗题小序。不得与春暮登楼并成一篇。
QH-A-YZ-0309,yongzheng,文字或数值陈述,QH-P-000002,reported_in_writing,四库本《世宗宪皇帝御制文集》雍邸集月夜对落花有感：萋萋芳草春将去，冉冉韶光酒莫空,康熙朝,1662-01-01,1722-12-31,,约略,已采纳,QH-SU-YZ-YZWJ-0006S,巻之二十一；月夜对落花有感,萋萋芳草春将去冉冉韶光酒莫空,,四库刻本层。只证诗自称春将去。不是起居注。不得写成起居注已开。
QH-A-YZ-0310,yongzheng,文字或数值陈述,QH-P-000002,reported_in_writing,四库本《世宗宪皇帝御制文集》雍邸集月下独酌：春月娟娟映水清，一斟一酌听泉声,康熙朝,1662-01-01,1722-12-31,,约略,已采纳,QH-SU-YZ-YZWJ-0006T,巻之二十一；月下独酌,春月娟娟映水清一斟一酌聽泉聲,,四库刻本层。文集藩邸诗开端。不是诗题小序。不得与月夜对落花有感并成一篇。
QH-A-YZ-0311,yongzheng,文字或数值陈述,QH-P-000002,reported_in_writing,四库本《世宗宪皇帝御制文集》雍邸集月下独酌：微风暗拂花枝动，几点残红扑酒罂,康熙朝,1662-01-01,1722-12-31,,约略,已采纳,QH-SU-YZ-YZWJ-0006U,巻之二十一；月下独酌,微風暗拂花枝動㡬㸃殘紅撲酒罌,,四库刻本层。只证诗自称微风暗拂。不是起居注，也不是实录日条。不得写成起居注已开。
QH-A-YZ-0312,yongzheng,文字或数值陈述,QH-P-000002,reported_in_writing,四库本《世宗宪皇帝御制文集》雍邸集春院小饮：春深红紫映楼台，槛外风香花尽开,康熙朝,1662-01-01,1722-12-31,,约略,已采纳,QH-SU-YZ-YZWJ-0006V,巻之二十一；春院小饮,春深紅紫映樓臺檻外風香花盡開,,四库刻本层。文集藩邸诗开端。不是诗题小序。不得与月下独酌并成一篇。
QH-A-YZ-0313,yongzheng,文字或数值陈述,QH-P-000002,reported_in_writing,四库本《世宗宪皇帝御制文集》雍邸集春院小饮：东海玉盘看乍涌，恰逢童子抱尊来,康熙朝,1662-01-01,1722-12-31,,约略,已采纳,QH-SU-YZ-YZWJ-0006W,巻之二十一；春院小饮,東海玉盤看乍湧恰逢童子抱尊来,,四库刻本层。只证诗自称东海玉盘乍涌。不是起居注。不得写成起居注已开。
QH-A-YZ-0314,yongzheng,文字或数值陈述,QH-P-000002,reported_in_writing,四库本《世宗宪皇帝御制文集》雍邸集雨霁：节届清和春未赊，看山不厌半云遮,康熙朝,1662-01-01,1722-12-31,,约略,已采纳,QH-SU-YZ-YZWJ-0006X,巻之二十一；雨霁,節届清和春未賒㸔山不厭半雲遮,,四库刻本层。文集藩邸诗开端。不是诗题小序。不得与春院小饮并成一篇。
QH-A-YZ-0315,yongzheng,文字或数值陈述,QH-P-000002,reported_in_writing,四库本《世宗宪皇帝御制文集》雍邸集雨霁：微风扇暖蒸新雨，为我催开后院花,康熙朝,1662-01-01,1722-12-31,,约略,已采纳,QH-SU-YZ-YZWJ-0006Y,巻之二十一；雨霁,微風扇暖蒸新雨為我催開後院花,,四库刻本层。只证诗自称微风扇暖蒸新雨。不是起居注，也不是祈雨祭文。不得并成一篇。不得写成起居注已开。
QH-A-YZ-0316,yongzheng,文字或数值陈述,QH-P-000002,reported_in_writing,四库本《世宗宪皇帝御制文集》雍邸集暮春：春暮饶佳景，闲行踏碧苔,康熙朝,1662-01-01,1722-12-31,,约略,已采纳,QH-SU-YZ-YZWJ-0006Z,巻之二十一；暮春,春暮饒佳景閒行踏碧苔,,四库刻本层。文集藩邸诗开端。不是诗题小序。不得与春暮登楼并成一篇。
QH-A-YZ-0317,yongzheng,文字或数值陈述,QH-P-000002,reported_in_writing,四库本《世宗宪皇帝御制文集》雍邸集暮春：流光将入夏，更有牡丹开,康熙朝,1662-01-01,1722-12-31,,约略,已采纳,QH-SU-YZ-YZWJ-0007A,巻之二十一；暮春,流光將入夏更有牡丹開,,四库刻本层。只证诗自称流光将入夏。不是起居注。不得写成起居注已开。
QH-A-YZ-0318,yongzheng,文字或数值陈述,QH-P-000002,reported_in_writing,四库本《世宗宪皇帝御制文集》雍邸集立夏：熏风吹水绿于苔，羲驭徐催朱夏来,康熙朝,1662-01-01,1722-12-31,,约略,已采纳,QH-SU-YZ-YZWJ-0007B,巻之二十一；立夏,熏風吹水綠於苔羲馭徐催朱夏来,,四库刻本层。文集藩邸诗开端。不是诗题小序。不得与暮春并成一篇。
QH-A-YZ-0319,yongzheng,文字或数值陈述,QH-P-000002,reported_in_writing,四库本《世宗宪皇帝御制文集》雍邸集立夏：堤畔龙鳞皴古柏，庭前兔目绽新槐,康熙朝,1662-01-01,1722-12-31,,约略,已采纳,QH-SU-YZ-YZWJ-0007C,巻之二十一；立夏,隄畔龍鱗皴古栢庭前兎目綻新槐,,四库刻本层。只证诗自称堤畔龙鳞、庭前兔目。不是起居注，也不是实录日条。不得写成起居注已开。
QH-A-YZ-0320,yongzheng,文字或数值陈述,QH-P-000002,reported_in_writing,四库本《世宗宪皇帝御制文集》雍邸集畅春园芍药花开作：首夏清和殿阁开，园中景物足徘徊,康熙朝,1662-01-01,1722-12-31,,约略,已采纳,QH-SU-YZ-YZWJ-0007D,巻之二十一；畅春园芍药花开作,首夏清和殿閣開園中景物足徘徊,,四库刻本层。文集藩邸诗开端。不是圣祖起居注。不得写成畅春园逐日已开。
QH-A-YZ-0321,yongzheng,文字或数值陈述,QH-P-000002,reported_in_writing,四库本《世宗宪皇帝御制文集》雍邸集畅春园芍药花开作：更怜芍药临风好，香袭书帷锦作堆,康熙朝,1662-01-01,1722-12-31,,约略,已采纳,QH-SU-YZ-YZWJ-0007E,巻之二十一；畅春园芍药花开作,更憐芍藥臨風好香襲書帷錦作堆,,四库刻本层。只证诗自称芍药临风。不是起居注。不得写成起居注已开。
QH-A-YZ-0322,yongzheng,文字或数值陈述,QH-P-000002,reported_in_writing,四库本《世宗宪皇帝御制文集》雍邸集花间小饮：长夏初临芍药开，薰风拂席送香来,康熙朝,1662-01-01,1722-12-31,,约略,已采纳,QH-SU-YZ-YZWJ-0007F,巻之二十一；花间小饮,長夏初臨芍葯開薫風拂席送香來,,四库刻本层。文集藩邸诗开端。不是诗题小序。不得与畅春园芍药花开作并成一篇。
QH-A-YZ-0323,yongzheng,文字或数值陈述,QH-P-000002,reported_in_writing,四库本《世宗宪皇帝御制文集》雍邸集花间小饮：仙姿绰约翻红袖，月影婆娑照绿杯,康熙朝,1662-01-01,1722-12-31,,约略,已采纳,QH-SU-YZ-YZWJ-0007G,巻之二十一；花间小饮,仙姿綽約翻紅袖月影婆娑照緑盃,,四库刻本层。只证诗自称仙姿绰约。不是起居注，也不是实录日条。不得写成起居注已开。
QH-A-YZ-0324,yongzheng,文字或数值陈述,QH-P-000002,reported_in_writing,四库本《世宗宪皇帝御制文集》雍邸集晓晴：晓起浮窗日色明，苔痕滋碧露光莹,康熙朝,1662-01-01,1722-12-31,,约略,已采纳,QH-SU-YZ-YZWJ-0007H,巻之二十一；晓晴,曉起浮𥦗日色明苔㾗滋碧露光瑩,,四库刻本层。文集藩邸诗开端。不是诗题小序。不得与花间小饮并成一篇。
QH-A-YZ-0325,yongzheng,文字或数值陈述,QH-P-000002,reported_in_writing,四库本《世宗宪皇帝御制文集》雍邸集晓晴：春云漠漠寒偏峭，默乞天公十日晴,康熙朝,1662-01-01,1722-12-31,,约略,已采纳,QH-SU-YZ-YZWJ-0007I,巻之二十一；晓晴,春雲漠漠寒偏峭黙乞天公十日晴,,四库刻本层。只证诗自称默乞天公十日晴。不是起居注。不得写成起居注已开。
QH-A-YZ-0326,yongzheng,文字或数值陈述,QH-P-000002,reported_in_writing,四库本《世宗宪皇帝御制文集》雍邸集宫中直宿作：宝殿烛辉煌，承恩宿未央,康熙朝,1662-01-01,1722-12-31,,约略,已采纳,QH-SU-YZ-YZWJ-0007J,巻之二十一；宫中直宿作,寳殿燭煇煌承恩宿未央,,四库刻本层。文集藩邸诗开端。不是起居注。不得与晓晴并成一篇。不得写成起居注已开。
QH-A-YZ-0327,yongzheng,文字或数值陈述,QH-P-000002,reported_in_writing,四库本《世宗宪皇帝御制文集》雍邸集宫中直宿作：太平无一事，常愿奉君王,康熙朝,1662-01-01,1722-12-31,,约略,已采纳,QH-SU-YZ-YZWJ-0007K,巻之二十一；宫中直宿作,太平無一事常願奉君王,,四库刻本层。只证诗自称常愿奉君王。不是起居注，也不是实录日条。不得写成起居注已开。
QH-A-YZ-0328,yongzheng,文字或数值陈述,QH-P-000002,reported_in_edict,四库本《世宗宪皇帝圣训》卷一圣德：雍正元年癸卯七月丙午上谕，朕惟自古帝王抚御寰区，治化隆盛,雍正元年七月丙午,1723-08-25,1723-08-25,,约略,已采纳,QH-SU-YZ-SX-0001B,卷一；圣德一,雍正元年癸卯七月丙午上諭諸王大臣及内外文武官員等朕惟自古帝王撫御寰區治化隆盛,,四库刻本层。圣训分类辑录开端。不是实录日条，也不是乾隆序。不得并成一篇。公历依 CAL-001，尚未逐条核录。
QH-A-YZ-0329,yongzheng,文字或数值陈述,QH-P-000002,reported_in_edict,四库本《世宗宪皇帝圣训》卷一圣德：特宣布中外，于朕诞日毋得建立祝寿道场,雍正元年七月丙午,1723-08-25,1723-08-25,,约略,已采纳,QH-SU-YZ-SX-0001C,卷一；圣德一,特宣布中外於朕誕日毋得建立祝壽道場,,四库刻本层。只证圣训辑录此谕自称毋得建立祝寿道场。不是实录日条，也不是起居注。不证京师及直省已经停建。
QH-A-YZ-0330,yongzheng,文字或数值陈述,QH-P-000002,reported_in_edict,四库本《世宗宪皇帝圣训》卷一圣德：十一月丁酉上谕礼部，孔子道冠古今，为万世师表,雍正元年十一月丁酉,1723-12-23,1723-12-23,,约略,已采纳,QH-SU-YZ-SX-0001D,卷一；圣德一,十一月丁酉上諭禮部孔子道冠古今爲萬世師表,,四库刻本层。圣训分类辑录。不是实录日条。不得与七月丙午诞日条并成一篇。公历依 CAL-001，尚未逐条核录。
QH-A-YZ-0331,yongzheng,文字或数值陈述,QH-P-000002,reported_in_edict,四库本《世宗宪皇帝圣训》卷一圣德：俾庙貌聿新，以申景慕，朕将亲诣焉,雍正元年十一月丁酉,1723-12-23,1723-12-23,,约略,已采纳,QH-SU-YZ-SX-0001E,卷一；圣德一,俾廟貌聿新以申景慕朕將親詣焉,,四库刻本层。只证圣训辑录此谕自称朕将亲诣。不是实录日条，也不是工部档册。不证已经亲诣，也不证工程已经核销。
QH-A-YZ-0332,yongzheng,文字或数值陈述,QH-P-000002,reported_in_edict,四库本《世宗宪皇帝圣训》卷一圣德：雍正二年甲辰二月辛酉上谕礼部，帝王临雍大典所以尊师重道为教化之本,雍正二年二月辛酉,1724-03-16,1724-03-16,,约略,已采纳,QH-SU-YZ-SX-0001F,卷一；圣德一,雍正二年甲辰二月辛酉上諭禮部帝王臨雍大典所以尊師重道爲敎化之本,,四库刻本层。圣训分类辑录。不是实录日条。不得与十一月丁酉国学条并成一篇。公历依 CAL-001，尚未逐条核录。
QH-A-YZ-0333,yongzheng,文字或数值陈述,QH-P-000002,reported_in_edict,四库本《世宗宪皇帝圣训》卷一圣德：嗣后一应奏章记注将幸字改为诣字，以申崇敬,雍正二年二月辛酉,1724-03-16,1724-03-16,,约略,已采纳,QH-SU-YZ-SX-0001G,卷一；圣德一,嗣後一應奏章記注將幸字改爲詣字以申崇敬,,四库刻本层。只证圣训辑录此谕自称将幸字改为诣字。不是实录日条，也不是会典本书。不证已经亲诣。
QH-A-YZ-0334,yongzheng,文字或数值陈述,QH-P-000002,reported_in_edict,四库本《世宗宪皇帝圣训》卷一圣德：六月甲午衍圣公孔传铎奏报阙里圣庙灾，六月初九日申时大雷电火自鸱吻中出,雍正二年六月甲午,1724-07-01,1724-07-31,,约略,已采纳,QH-SU-YZ-SX-0001H,卷一；圣德一,六月甲午衍聖公孔傳鐸奏報闕里聖廟灾六月初九日申時大雷電火自鴟吻中出,,四库刻本层。圣训分类辑录。不是实录日条，也不是修建阙里圣庙碑文。不得并成一篇。公历依 CAL-001，尚未逐条核录。
QH-A-YZ-0335,yongzheng,文字或数值陈述,QH-P-000002,reported_in_edict,四库本《世宗宪皇帝圣训》卷一圣德：先师大成殿及两庑俱毁，圣像神位移奉新建崇圣祠内，幸得无恙,雍正二年六月甲午,1724-07-01,1724-07-31,,约略,已采纳,QH-SU-YZ-SX-0001I,卷一；圣德一,先師大成殿及兩廡俱燬聖像神位移奉新建崇聖祠内幸得無恙,,四库刻本层。只证圣训辑录奏报自称大成殿及两庑俱毁。不是工部档册，也不是阙里原石。不得与修建阙里圣庙碑文并成一篇。不证工程已经核销。
QH-A-YZ-0336,yongzheng,文字或数值陈述,QH-P-000002,reported_in_edict,四库本《世宗宪皇帝圣训》卷一圣德：谨拟亲诣国学文庙虔申祭奠，宣读告文,雍正二年六月甲午,1724-07-01,1724-07-31,,约略,已采纳,QH-SU-YZ-SX-0001J,卷一；圣德一,謹擬親詣國學文廟䖍申祭奠宣讀告文,,四库刻本层。只证圣训辑录此谕自称拟亲诣国学祭奠。不是实录日条。不得与元年十一月丁酉国学条并成一篇。不证已经亲诣。
QH-A-YZ-0337,yongzheng,文字或数值陈述,QH-P-000002,reported_in_edict,四库本《世宗宪皇帝圣训》卷一圣德：遣工部堂官一员会同该抚作速计材料工择日兴修,雍正二年六月甲午,1724-07-01,1724-07-31,,约略,已采纳,QH-SU-YZ-SX-0001K,卷一；圣德一,遣工部堂官一員㑹同該撫作速計材料工擇日興修,,四库刻本层。只证圣训辑录此谕自称遣官兴修。不是工部档册，也不是修建阙里圣庙碑文。不得并成一篇。不证工程已经核销。
QH-A-YZ-0338,yongzheng,文字或数值陈述,QH-P-000002,reported_in_edict,四库本《世宗宪皇帝圣训》卷一圣德：七月甲辰，若以飞鸦食蝗为瑞，则起蝗之初得无有由乎,雍正二年七月甲辰,1724-08-01,1724-08-31,,约略,已采纳,QH-SU-YZ-SX-0001L,卷一；圣德一,若以飛鴉食蝗爲瑞則起蝗之初得無有由乎,,四库刻本层。圣训分类辑录。不是实录日条，也不是七曜会聚记。不得与阙里灾条并成一篇。公历依 CAL-001，尚未逐条核录。
QH-A-YZ-0339,yongzheng,文字或数值陈述,QH-P-000002,reported_in_edict,四库本《世宗宪皇帝圣训》卷一圣德：非以为瑞也，其发抄及宣付史馆俱不必行,雍正二年七月甲辰,1724-08-01,1724-08-31,,约略,已采纳,QH-SU-YZ-SX-0001M,卷一；圣德一,非以爲瑞也其發抄及宣付史館俱不必行,,四库刻本层。只证圣训辑录此谕自称非以为瑞、发抄史馆俱不必行。不是实录日条，也不是起居注。不证蝗灾已经核销。
QH-A-YZ-0340,yongzheng,文字或数值陈述,QH-P-000002,reported_in_edict,四库本《世宗宪皇帝圣训》卷一圣德：据钦天监奏称雍正三年二月二日庚午日月合璧以同明五星联珠而共贯,雍正三年正月戊辰,1725-02-01,1725-02-28,,约略,已采纳,QH-SU-YZ-SX-0001N,卷一；圣德一,據欽天監奏稱雍正三年二月二日庚午日月合璧以同明五星聯珠而共貫,,四库刻本层。圣训分类辑录。不是实录日条，也不是七曜会聚记。不得与飞鸦食蝗并成一篇。公历依 CAL-001，尚未逐条核录。
QH-A-YZ-0341,yongzheng,文字或数值陈述,QH-P-000002,reported_in_edict,四库本《世宗宪皇帝圣训》卷一圣德：朕方临御二载，有何功德遽能致此嘉祥,雍正三年正月戊辰,1725-02-01,1725-02-28,,约略,已采纳,QH-SU-YZ-SX-0001O,卷一；圣德一,朕方臨御二載有何功德遽能致此嘉祥,,四库刻本层。只证圣训辑录此谕自称临御二载不敢自居嘉祥。不是实录日条，也不是七曜会聚记。不证天瑞已经应验。
QH-A-YZ-0342,yongzheng,文字或数值陈述,QH-P-000002,reported_in_edict,四库本《世宗宪皇帝圣训》卷一圣德：据奏二月二日庚午日月合璧五星联珠为亘古难逢之大瑞，请升殿庆贺,雍正三年二月己巳,1725-03-01,1725-03-31,,约略,已采纳,QH-SU-YZ-SX-0001P,卷一；圣德一,據奏二月二日庚午日月合璧五星聯珠爲亘古難逢之大瑞請陞殿慶賀,,四库刻本层。圣训分类辑录。不是实录日条。不得与正月戊辰条并成一篇。公历依 CAL-001，尚未逐条核录。
QH-A-YZ-0343,yongzheng,文字或数值陈述,QH-P-000002,reported_in_edict,四库本《世宗宪皇帝圣训》卷一圣德：在皇考为福钟善庆之余，在朕躬为迎迓天庥之始,雍正三年二月己巳,1725-03-01,1725-03-31,,约略,已采纳,QH-SU-YZ-SX-0001Q,卷一；圣德一,在皇考爲福鍾善慶之餘在朕躬爲迎迓天庥之始,,四库刻本层。只证圣训辑录此谕自称嘉祥在皇考为余、在朕躬为始。不是实录日条，也不是七曜会聚记。不证已经升殿，也不证天瑞已经应验。
QH-A-YZ-0344,yongzheng,文字或数值陈述,QH-P-000002,reported_in_edict,四库本《世宗宪皇帝圣训》卷一圣德：升殿受贺不必举行,雍正三年二月己巳,1725-03-01,1725-03-31,,约略,已采纳,QH-SU-YZ-SX-0001R,卷一；圣德一,陞殿受賀不必舉行,,四库刻本层。只证圣训辑录此谕自称升殿受贺不必举行。不是实录日条，也不是会典本书。不得与正月戊辰条并成一篇。不证典礼已经改订。
QH-A-YZ-0345,yongzheng,文字或数值陈述,QH-P-000002,reported_in_edict,四库本《世宗宪皇帝圣训》卷一圣德：应遣官告祭景陵，以昭祥瑞之自,雍正三年二月己巳,1725-03-01,1725-03-31,,约略,已采纳,QH-SU-YZ-SX-0001S,卷一；圣德一,應遣官告祭景陵以昭祥瑞之自,,四库刻本层。只证圣训辑录此谕自称应遣官告祭景陵。不是实录日条，也不是日月合璧五星联珠告祭景陵文。不得并成一篇。不证已经告祭。
QH-A-YZ-0346,yongzheng,文字或数值陈述,QH-P-000002,reported_in_edict,四库本《世宗宪皇帝圣训》卷一圣德：庚午诸王大臣等复奏请皇上升殿受贺,雍正三年二月庚午,1725-03-01,1725-03-31,,约略,已采纳,QH-SU-YZ-SX-0001T,卷一；圣德一,庚午諸王大臣等復奏請皇上陞殿受賀,,四库刻本层。圣训分类辑录。不是实录日条。不得与二月己巳条并成一篇。公历依 CAL-001，尚未逐条核录。
QH-A-YZ-0347,yongzheng,文字或数值陈述,QH-P-000002,reported_in_edict,四库本《世宗宪皇帝圣训》卷一圣德：所奏升殿庆贺不必行,雍正三年二月庚午,1725-03-01,1725-03-31,,约略,已采纳,QH-SU-YZ-SX-0001U,卷一；圣德一,所奏陞殿慶賀不必行,,四库刻本层。只证圣训辑录此谕自称升殿庆贺不必行。不是实录日条，也不是会典本书。不证典礼已经改订。
QH-A-YZ-0348,yongzheng,文字或数值陈述,QH-P-000002,reported_in_edict,四库本《世宗宪皇帝圣训》卷一圣德：四月己巳，凡人谁无父母，为人子者无不欲其父母常存,雍正三年四月己巳,1725-05-01,1725-05-31,,约略,已采纳,QH-SU-YZ-SX-0001V,卷一；圣德一,凡人誰無父母爲人子者無不欲其父母常存,,四库刻本层。圣训分类辑录。不是实录日条，也不是吏部原议。不得与庚午升殿条并成一篇。公历依 CAL-001，尚未逐条核录。
QH-A-YZ-0349,yongzheng,文字或数值陈述,QH-P-000002,reported_in_edict,四库本《世宗宪皇帝圣训》卷一圣德：似此不仁之语，朕不惟不忍降旨，亦不忍阅览,雍正三年四月己巳,1725-05-01,1725-05-31,,约略,已采纳,QH-SU-YZ-SX-0001W,卷一；圣德一,似此不仁之語朕不惟不忍降㫖亦不忍閱覽,,四库刻本层。只证圣训辑录此谕自称不忍降旨阅览。不是实录日条，也不是吏部原议。不证董玘已经终养。
QH-A-YZ-0350,yongzheng,文字或数值陈述,QH-P-000002,reported_in_edict,四库本《世宗宪皇帝圣训》卷一圣德：今年京城附近地方虽雨水霑足，然山东河南两省尚未得雨,雍正三年四月癸未,1725-05-01,1725-05-31,,约略,已采纳,QH-SU-YZ-SX-0001X,卷一；圣德一,今年京城附近地方雖雨水霑足然山東河南兩省尚未得雨,,四库刻本层。圣训分类辑录。不是实录日条，也不是祈雨祭文。不得与四月己巳董玘条并成一篇。公历依 CAL-001，尚未逐条核录。
QH-A-YZ-0351,yongzheng,文字或数值陈述,QH-P-000002,reported_in_edict,四库本《世宗宪皇帝圣训》卷一圣德：进膳肴羞宜为撤减，著每日只用菜蔬二器饼饵二器满菜二器,雍正三年四月癸未,1725-05-01,1725-05-31,,约略,已采纳,QH-SU-YZ-SX-0001Y,卷一；圣德一,進膳餚羞宜爲撤減著每日只用菜蔬二器餅餌二器滿菜二器,,四库刻本层。只证圣训辑录此谕自称进膳撤减。不是实录日条，也不是内府档册。不证已经得雨。
QH-A-YZ-0352,yongzheng,文字或数值陈述,QH-P-000002,reported_in_edict,四库本《世宗宪皇帝圣训》卷一圣德：朕轸念民生，蠲租赐复，不过行吾心之所安,雍正三年五月癸丑,1725-06-01,1725-06-30,,约略,已采纳,QH-SU-YZ-SX-0001Z,卷一；圣德一,朕軫念民生蠲租賜復不過行吾心之所安,,四库刻本层。圣训分类辑录。不是实录日条。不得与四月癸未减膳条并成一篇。公历依 CAL-001，尚未逐条核录。
QH-A-YZ-0353,yongzheng,文字或数值陈述,QH-P-000002,reported_in_edict,四库本《世宗宪皇帝圣训》卷一圣德：其碑亭建造之处，概行停止,雍正三年五月癸丑,1725-06-01,1725-06-30,,约略,已采纳,QH-SU-YZ-SX-0002A,卷一；圣德一,其碑亭建造之處槩行停止,,四库刻本层。只证圣训辑录此谕自称碑亭建造之处概行停止。不是实录日条。不得与诞日道场条并成一篇。不证苏松已经停建。
QH-A-YZ-0354,yongzheng,文字或数值陈述,QH-P-000002,reported_in_edict,四库本《世宗宪皇帝圣训》卷一圣德：八月癸酉，古有讳名之礼，所以昭诚敬致尊崇也,雍正三年八月癸酉,1725-09-01,1725-09-30,,约略,已采纳,QH-SU-YZ-SX-0002B,卷一；圣德一,古有諱名之禮所以昭誠敬致尊崇也,,四库刻本层。圣训分类辑录。不是实录日条，也不是会典本书。不得与五月癸丑蠲租条并成一篇。公历依 CAL-001，尚未逐条核录。
QH-A-YZ-0355,yongzheng,文字或数值陈述,QH-P-000002,reported_in_edict,四库本《世宗宪皇帝圣训》卷一圣德：凡直省地名有同圣讳者，或改读某音，或另易他字,雍正三年八月癸酉,1725-09-01,1725-09-30,,约略,已采纳,QH-SU-YZ-SX-0002C,卷一；圣德一,凡直省地名有同聖諱者或改讀某音或另易他字,,四库刻本层。只证圣训辑录此谕自称会议改读或另易。不是实录日条。不得与十二月圣讳条并成一篇。不证地名已经改易。
QH-A-YZ-0356,yongzheng,文字或数值陈述,QH-P-000002,reported_in_edict,四库本《世宗宪皇帝圣训》卷一圣德：九月壬寅，耤田嘉谷虽有九穗之瑞，但今岁畿辅地方被水，小民乏食,雍正三年九月壬寅,1725-10-01,1725-10-31,,约略,已采纳,QH-SU-YZ-SX-0002D,卷一；圣德一,耤田嘉穀雖有九穗之瑞但今歲畿輔地方被水小民乏食,,四库刻本层。圣训分类辑录。不是实录日条。不得与飞鸦食蝗或日月合璧条并成一篇。公历依 CAL-001，尚未逐条核录。
QH-A-YZ-0357,yongzheng,文字或数值陈述,QH-P-000002,reported_in_edict,四库本《世宗宪皇帝圣训》卷一圣德：所请撰文勒石不必行,雍正三年九月壬寅,1725-10-01,1725-10-31,,约略,已采纳,QH-SU-YZ-SX-0002E,卷一；圣德一,所請撰文勒石不必行,,四库刻本层。只证圣训辑录此谕自称撰文勒石不必行。不是实录日条。不得与五月癸丑禁碑亭条并成一篇。不证嘉禾已经核验。
QH-A-YZ-0358,yongzheng,文字或数值陈述,QH-P-000002,reported_in_edict,四库本《世宗宪皇帝圣训》卷一圣德：嗣后除四书五经外，凡遇此字并用邱字,雍正三年十二月庚寅,1725-12-01,1726-01-31,,约略,已采纳,QH-SU-YZ-SX-0002F,卷一；圣德一,嗣後除四書五經外凡遇此字竝用邱字,,四库刻本层。圣训分类辑录。不是实录日条。不得与八月癸酉讳名条并成一篇。公历依 CAL-001，尚未逐条核录。
QH-A-YZ-0359,yongzheng,文字或数值陈述,QH-P-000002,reported_in_edict,四库本《世宗宪皇帝圣训》卷一圣德：地名亦不必改易，但加偏旁读作期音,雍正三年十二月庚寅,1725-12-01,1726-01-31,,约略,已采纳,QH-SU-YZ-SX-0002G,卷一；圣德一,地名亦不必改易但加偏旁讀作期音,,四库刻本层。只证圣训辑录此谕自称地名不必改易、加偏旁读作期音。不是会典本书。不得与八月癸酉改读或另易并成一篇。不证地名已经改易。
QH-A-YZ-0360,yongzheng,文字或数值陈述,QH-P-000002,reported_in_edict,四库本《世宗宪皇帝圣训》卷一圣德：四年八月丁卯上亲祭先师孔子，仪注内开献帛进酒皆不跪,雍正四年八月丁卯,1726-09-01,1726-09-30,,约略,已采纳,QH-SU-YZ-SX-0002H,卷一；圣德一,儀注内開獻帛進酒皆不跪,,四库刻本层。圣训分类辑录。不是实录日条。不得与元年十一月丁酉国学条或二年临雍条并成一篇。公历依 CAL-001，尚未逐条核录。
QH-A-YZ-0361,yongzheng,文字或数值陈述,QH-P-000002,reported_in_edict,四库本《世宗宪皇帝圣训》卷一圣德：朕今跪献非误也，可记档案，以后照此遵行,雍正四年八月丁卯,1726-09-01,1726-09-30,,约略,已采纳,QH-SU-YZ-SX-0002I,卷一；圣德一,朕今跪獻非誤也可記檔案以後照此遵行,,四库刻本层。只证圣训辑录此谕自称跪献非误、可记档案。不是会典本书，也不是太常档。不证典礼已经改订。
QH-A-YZ-0362,yongzheng,文字或数值陈述,QH-P-000002,reported_in_edict,四库本《世宗宪皇帝圣训》卷一圣德：今年朕万寿节礼部奏请庆贺，朕降旨停止,雍正四年十月庚申,1726-11-01,1726-11-30,,约略,已采纳,QH-SU-YZ-SX-0002J,卷一；圣德一,今年朕萬壽節禮部奏請慶賀朕降㫖停止,,四库刻本层。圣训分类辑录。不是实录日条。不得与元年七月丙午诞日道场条并成一篇。公历依 CAL-001，尚未逐条核录。
QH-A-YZ-0363,yongzheng,文字或数值陈述,QH-P-000002,reported_in_edict,四库本《世宗宪皇帝圣训》卷一圣德：如万寿节不行庆贺礼，乃事之易行者，著仍遵前旨,雍正四年十月庚申,1726-11-01,1726-11-30,,约略,已采纳,QH-SU-YZ-SX-0002K,卷一；圣德一,如萬壽節不行慶賀禮乃事之易行者著仍遵前㫖,,四库刻本层。只证圣训辑录此谕自称万寿节不行庆贺礼、著仍遵前旨。不是实录日条，也不是会典本书。不证已经停办。
QH-A-YZ-0364,yongzheng,文字或数值陈述,QH-P-000002,reported_in_edict,四库本《世宗宪皇帝圣训》卷一圣德：三月十八日为皇考圣祖仁皇帝万寿圣节，旧例于是日虔诚斋肃禁止屠宰，今应永远遵行,雍正五年二月甲子,1727-03-01,1727-03-31,,约略,已采纳,QH-SU-YZ-SX-0002L,卷一；圣德一,舊例於是日䖍誠齋肅禁止屠宰今應永逺遵行,,四库刻本层。圣训分类辑录。不是实录日条。不得与四年十月庚申万寿停庆贺或元年诞日道场并成一篇。公历依 CAL-001，尚未逐条核录。
QH-A-YZ-0365,yongzheng,文字或数值陈述,QH-P-000002,reported_in_edict,四库本《世宗宪皇帝圣训》卷一圣德：至圣先师孔子师表万世，八月二十七日为圣诞之期，亦应虔肃致敬,雍正五年二月甲子,1727-03-01,1727-03-31,,约略,已采纳,QH-SU-YZ-SX-0002M,卷一；圣德一,至聖先師孔子師表萬世八月二十七日爲聖誕之期亦應䖍肅致敬,,四库刻本层。只证圣训辑录此谕自称孔子圣诞亦应虔肃致敬。不是实录日条。不得与元年十一月丁酉国学条并成一篇。不证已经永远遵行。
QH-A-YZ-0366,yongzheng,文字或数值陈述,QH-P-000002,reported_in_edict,四库本《世宗宪皇帝圣训》卷一圣德：特于京城寺庙设立经坛以申颂祝之意，此举甚为虚妄,雍正五年闰三月乙酉,1727-04-01,1727-05-31,,约略,已采纳,QH-SU-YZ-SX-0002N,卷一；圣德一,特於京城寺廟設立經壇以申頌祝之意此舉甚爲虛妄,,四库刻本层。圣训分类辑录。不是实录日条。不得与四年十月庚申万寿停庆贺或五年二月甲子条并成一篇。公历依 CAL-001，尚未逐条核录。
QH-A-YZ-0367,yongzheng,文字或数值陈述,QH-P-000002,reported_in_edict,四库本《世宗宪皇帝圣训》卷一圣德：其所设经坛即行禁止,雍正五年闰三月乙酉,1727-04-01,1727-05-31,,约略,已采纳,QH-SU-YZ-SX-0002O,卷一；圣德一,其所設經壇即行禁止,,四库刻本层。只证圣训辑录此谕自称其所设经坛即行禁止。不是实录日条。不得与元年七月丙午诞日道场条并成一篇。不证已经停建。
QH-A-YZ-0368,yongzheng,文字或数值陈述,QH-P-000002,reported_in_edict,四库本《世宗宪皇帝圣训》卷一圣德：欲购觅玩好之物以为进献者，此举尤为不可,雍正五年闰三月乙酉,1727-04-01,1727-05-31,,约略,已采纳,QH-SU-YZ-SX-0002P,卷一；圣德一,欲購覔玩好之物以爲進獻者此舉尤爲不可,,四库刻本层。圣训分类辑录。不是实录日条。不得与同日禁经坛句或四年十月庚申万寿停庆贺并成一篇。公历依 CAL-001，尚未逐条核录。
QH-A-YZ-0369,yongzheng,文字或数值陈述,QH-P-000002,reported_in_edict,四库本《世宗宪皇帝圣训》卷一圣德：傥别有玩赏之物，概不寓目,雍正五年闰三月乙酉,1727-04-01,1727-05-31,,约略,已采纳,QH-SU-YZ-SX-0002Q,卷一；圣德一,儻别有玩賞之物槩不寓目,,四库刻本层。只证圣训辑录此谕自称玩赏之物概不寓目。不是内府档册，也不是会典本书。不证督抚已经停献。
QH-A-YZ-0370,yongzheng,文字或数值陈述,QH-P-000002,reported_in_edict,四库本《世宗宪皇帝圣训》卷一圣德：在藩邸数十年所蓄器玩颇有,雍正五年闰三月乙酉,1727-04-01,1727-05-31,,约略,已采纳,QH-SU-YZ-SX-0002R,卷一；圣德一,在藩邸數十年所蓄器玩頗有,,四库刻本层。只证圣训辑录此谕自称藩邸所蓄器玩颇有。不是内府档册，也不是藩邸清册。不得与同日禁经坛句并成一篇。不证藩邸藏品已经核验。
QH-A-YZ-0371,yongzheng,文字或数值陈述,QH-P-000002,reported_in_edict,四库本《世宗宪皇帝圣训》卷一圣德：当日二阿哥在东宫时广蓄奇巧珍贵之物，数倍于皇考宫中之所有,雍正五年闰三月乙酉,1727-04-01,1727-05-31,,约略,已采纳,QH-SU-YZ-SX-0002S,卷一；圣德一,當日二阿哥在東宫時廣蓄竒巧珍貴之物數倍於皇考宫中之所有,,四库刻本层。只证圣训辑录此谕自称二阿哥广蓄。不是实录日条，也不是东宫档。不证已经广蓄。
QH-A-YZ-0372,yongzheng,文字或数值陈述,QH-P-000002,reported_in_edict,四库本《世宗宪皇帝圣训》卷一圣德：行一利民之政，胜于献希世之珍也,雍正五年闰三月乙酉,1727-04-01,1727-05-31,,约略,已采纳,QH-SU-YZ-SX-0002T,卷一；圣德一,行一利民之政勝於獻希世之珍也,,四库刻本层。圣训分类辑录。不是实录日条。不得与同日禁经坛句并成一篇。公历依 CAL-001，尚未逐条核录。
QH-A-YZ-0373,yongzheng,文字或数值陈述,QH-P-000002,reported_in_edict,四库本《世宗宪皇帝圣训》卷一圣德：荐一可用之才，胜于贡连城之宝也,雍正五年闰三月乙酉,1727-04-01,1727-05-31,,约略,已采纳,QH-SU-YZ-SX-0002U,卷一；圣德一,薦一可用之才勝於貢連城之寳也,,四库刻本层。只证圣训辑录此谕自称荐才胜于贡宝。不是吏部档册，也不是会典本书。不证已经荐才。
QH-A-YZ-0374,yongzheng,文字或数值陈述,QH-P-000002,reported_in_edict,四库本《世宗宪皇帝圣训》卷一圣德：当年皇考五十万寿时，朕再三恳请庆贺，不蒙俞允,雍正五年闰三月乙酉,1727-04-01,1727-05-31,,约略,已采纳,QH-SU-YZ-SX-0002V,卷一；圣德一,當年皇考五十萬壽時朕再三懇請慶賀不蒙俞允,,四库刻本层。圣训分类辑录。不是实录日条。不得与四年十月庚申万寿停庆贺并成一篇。公历依 CAL-001，尚未逐条核录。
QH-A-YZ-0375,yongzheng,文字或数值陈述,QH-P-000002,reported_in_edict,四库本《世宗宪皇帝圣训》卷一圣德：至于设立经坛建立碑亭等事，在皇考当日甚鄙而厌之,雍正五年闰三月乙酉,1727-04-01,1727-05-31,,约略,已采纳,QH-SU-YZ-SX-0002W,卷一；圣德一,至於設立經壇建立碑亭等事在皇考當日甚鄙而厭之,,四库刻本层。只证圣训辑录此谕自称皇考鄙厌经坛碑亭。不是实录日条。不得与同日禁经坛句并成一篇。不证已经停建。
QH-A-YZ-0376,yongzheng,文字或数值陈述,QH-P-000002,reported_in_edict,四库本《世宗宪皇帝圣训》卷一圣德：四月辛丑，朕今年五十已有谕旨不行庆贺礼,雍正五年四月辛丑,1727-05-01,1727-05-31,,约略,已采纳,QH-SU-YZ-SX-0002X,卷一；圣德一,朕今年五十已有諭㫖不行慶賀禮,,四库刻本层。圣训分类辑录。不是实录日条。不得与闰三月乙酉或四年十月庚申并成一篇。公历依 CAL-001，尚未逐条核录。
QH-A-YZ-0377,yongzheng,文字或数值陈述,QH-P-000002,reported_in_edict,四库本《世宗宪皇帝圣训》卷一圣德：外任诸臣俱不必具本奏请来京，只照常年之例行,雍正五年四月辛丑,1727-05-01,1727-05-31,,约略,已采纳,QH-SU-YZ-SX-0002Y,卷一；圣德一,外任諸臣俱不必具本奏請來京只照常年之例行,,四库刻本层。只证圣训辑录此谕自称外任不必来京。不是实录日条，也不是会典本书。不证已经停办。
QH-A-YZ-0378,yongzheng,文字或数值陈述,QH-P-000002,reported_in_edict,四库本《世宗宪皇帝圣训》卷一圣德：其各省耆民等若有欲来京庆祝者，著地方官切止之,雍正五年四月辛丑,1727-05-01,1727-05-31,,约略,已采纳,QH-SU-YZ-SX-0002Z,卷一；圣德一,其各省耆民等若有欲來京慶祝者著地方官切止之,,四库刻本层。圣训分类辑录。不是实录日条。不得与闰三月乙酉并成一篇。公历依 CAL-001，尚未逐条核录。
QH-A-YZ-0379,yongzheng,文字或数值陈述,QH-P-000002,reported_in_edict,四库本《世宗宪皇帝圣训》卷一圣德：若有指称万寿建立经坛或聚集梨园喧哗糜费者，尤宜严禁,雍正五年四月辛丑,1727-05-01,1727-05-31,,约略,已采纳,QH-SU-YZ-SX-0003A,卷一；圣德一,若有指稱萬壽建立經壇或聚集梨園諠譁糜費者尤宜嚴禁,,四库刻本层。只证圣训辑录此谕自称尤宜严禁。不是实录日条。不得与闰三月禁经坛句并成一篇。不证已经停建。
QH-A-YZ-0380,yongzheng,文字或数值陈述,QH-P-000002,reported_in_edict,四库本《世宗宪皇帝圣训》卷一圣德：六月丙申御制黄河澄清碑文,雍正五年六月丙申,1727-07-01,1727-07-31,,约略,已采纳,QH-SU-YZ-SX-0003B,卷一；圣德一,六月丙申御製黄河澄清碑文,,四库刻本层。圣训分类辑录。不是文集巻之十五黄河澄清碑记，也不是原石。不得并成一篇。公历依 CAL-001，尚未逐条核录。
QH-A-YZ-0381,yongzheng,文字或数值陈述,QH-P-000002,reported_in_edict,四库本《世宗宪皇帝圣训》卷一圣德：黄河自陕西府谷县历山西河南山东以至江南之桃源冰开水清,雍正五年六月丙申,1727-07-01,1727-07-31,,约略,已采纳,QH-SU-YZ-SX-0003C,卷一；圣德一,黄河自陜西府谷縣歴山西河南山東以至江南之桃源冰開水清,,四库刻本层。只证圣训辑录碑文自称河清。不是河臣原奏，也不是文集巻之十五。不证天瑞已经应验。
QH-A-YZ-0382,yongzheng,文字或数值陈述,QH-P-000002,reported_in_edict,四库本《世宗宪皇帝圣训》卷一圣德：自古圣帝贤王皆务实心实政，不以祥瑞为尚,雍正五年十月己亥,1727-11-01,1727-11-30,,约略,已采纳,QH-SU-YZ-SX-0003D,卷一；圣德一,自古聖帝賢王皆務實心實政不以祥瑞爲尚,,四库刻本层。圣训分类辑录。不是实录日条。不得与九月壬寅耤田嘉禾或飞鸦食蝗并成一篇。公历依 CAL-001，尚未逐条核录。
QH-A-YZ-0383,yongzheng,文字或数值陈述,QH-P-000002,reported_in_edict,四库本《世宗宪皇帝圣训》卷一圣德：著将雍正五年以后各省田亩所产嘉禾俱停其进献奏闻,雍正五年十月己亥,1727-11-01,1727-11-30,,约略,已采纳,QH-SU-YZ-SX-0003E,卷一；圣德一,著將雍正五年以後各省田畝所産嘉禾俱停其進獻奏聞,,四库刻本层。只证圣训辑录此谕自称五年以后嘉禾停进。不是户部档册。不证已经停进。
QH-A-YZ-0384,yongzheng,文字或数值陈述,QH-P-000002,reported_in_edict,四库本《世宗宪皇帝圣训》卷一圣德：朕每恭读圣祖仁皇帝实录，必虔加顶礼然后展诵,雍正五年十一月丙子,1727-12-01,1727-12-31,,约略,已采纳,QH-SU-YZ-SX-0003F,卷一；圣德一,朕每恭讀聖祖仁皇帝實録必䖍加頂禮然後展誦,,四库刻本层。圣训分类辑录。不是圣祖实录本书，也不是乾隆御制序。不得与十月己亥停进嘉禾并成一篇。公历依 CAL-001，尚未逐条核录。
QH-A-YZ-0385,yongzheng,文字或数值陈述,QH-P-000002,reported_in_edict,四库本《世宗宪皇帝圣训》卷一圣德：每遇圣祖尊号，必顶礼致敬，不敢平视,雍正五年十一月丙子,1727-12-01,1727-12-31,,约略,已采纳,QH-SU-YZ-SX-0003G,卷一；圣德一,每遇聖祖尊號必頂禮致敬不敢平視,,四库刻本层。只证圣训辑录此谕自称每遇尊号必顶礼。不是圣祖实录本书，也不是起居注。不证每次已经顶礼。
QH-A-YZ-0386,yongzheng,文字或数值陈述,QH-P-000002,reported_in_edict,四库本《世宗宪皇帝圣训》卷二圣德：据广东总督孔毓珣奏称龙门协副将景慧奉该管总兵官调取考验渡海遭风漂没,雍正六年二月丙戌,1728-03-01,1728-03-31,,约略,已采纳,QH-SU-YZ-SX-0004A,卷二；圣德二,據廣東總督孔毓珣奏稱龍門協副將景慧奉該管總兵官調取考驗渡海遭風漂沒,,四库刻本层。圣训分类辑录。不是实录日条。不得与卷一或十一月己酉进献条并成一篇。公历依 CAL-001，尚未逐条核录。
QH-A-YZ-0387,yongzheng,文字或数值陈述,QH-P-000002,reported_in_edict,四库本《世宗宪皇帝圣训》卷二圣德：当照军功加恩，傥有不幸至于身故者，当照阵亡之例优恤,雍正六年二月丙戌,1728-03-01,1728-03-31,,约略,已采纳,QH-SU-YZ-SX-0004B,卷二；圣德二,當照軍功加恩儻有不幸至於身故者當照陣亡之例優䘏,,四库刻本层。只证圣训辑录此谕自称当照军功、身故当照阵亡优恤。不是会典本书，也不是兵部档册。不证已经著为例。
QH-A-YZ-0388,yongzheng,文字或数值陈述,QH-P-000002,reported_in_edict,四库本《世宗宪皇帝圣训》卷二圣德：朕御极之初即降谕旨令诸臣不必进献仪物,雍正六年十一月己酉,1728-12-01,1728-12-31,,约略,已采纳,QH-SU-YZ-SX-0004C,卷二；圣德二,朕御極之初即降諭㫖令諸臣不必進獻儀物,,四库刻本层。圣训分类辑录。不是实录日条。不得与二月丙戌渡海条或卷一闰三月乙酉禁进献并成一篇。公历依 CAL-001，尚未逐条核录。
QH-A-YZ-0389,yongzheng,文字或数值陈述,QH-P-000002,reported_in_edict,四库本《世宗宪皇帝圣训》卷二圣德：傥或仍有进献古玩者，则并其方物土宜亦行摈却,雍正六年十一月己酉,1728-12-01,1728-12-31,,约略,已采纳,QH-SU-YZ-SX-0004D,卷二；圣德二,儻或仍有進獻古玩者則並其方物土宜亦行擯却,,四库刻本层。只证圣训辑录此谕自称仍进古玩则并方物摈却。不是内府档册，也不是会典本书。不证督抚已经停献。
QH-A-YZ-0390,yongzheng,文字或数值陈述,QH-P-000002,reported_in_edict,四库本《世宗宪皇帝圣训》卷二圣德：其陵寝所在尤当加意防卫，勿使亵慢,雍正七年三月甲寅,1729-04-01,1729-04-30,,约略,已采纳,QH-SU-YZ-SX-0004E,卷二；圣德二,其陵寢所在尤當加意防衞勿使褻慢,,四库刻本层。圣训分类辑录。不是实录日条，也不是景陵告祭文。不得与十一月己酉进献条并成一篇。公历依 CAL-001，尚未逐条核录。
QH-A-YZ-0391,yongzheng,文字或数值陈述,QH-P-000002,reported_in_edict,四库本《世宗宪皇帝圣训》卷二圣德：若有应行修葺之处，著动用本省存公银两委员料理,雍正七年三月甲寅,1729-04-01,1729-04-30,,约略,已采纳,QH-SU-YZ-SX-0004F,卷二；圣德二,若有應行修葺之處著動用本省存公銀兩委員料理,,四库刻本层。只证圣训辑录此谕自称应修葺者动用存公银两。不是工部档册，也不是会典本书。不证工程已经核销。
QH-A-YZ-0392,yongzheng,文字或数值陈述,QH-P-000002,reported_in_edict,四库本《世宗宪皇帝圣训》卷二圣德：明太祖陵在江宁，昔我圣祖仁皇帝屡次南巡皆亲临祭奠,雍正七年三月甲寅,1729-04-01,1729-04-30,,约略,已采纳,QH-SU-YZ-SX-0004G,卷二；圣德二,明太祖陵在江寧昔我聖祖仁皇帝屢次南巡皆親臨祭奠,,四库刻本层。圣训分类辑录。不是实录日条，也不是十三陵祭文。不得与景陵告祭文并成一篇。公历依 CAL-001，尚未逐条核录。
QH-A-YZ-0393,yongzheng,文字或数值陈述,QH-P-000002,reported_in_edict,四库本《世宗宪皇帝圣训》卷二圣德：其明代十二陵之在昌平州者，自本朝定鼎以来即设立太监陵户，给以地亩,雍正七年三月甲寅,1729-04-01,1729-04-30,,约略,已采纳,QH-SU-YZ-SX-0004H,卷二；圣德二,其明代十二陵之在昌平州者自本朝定鼎以來即設立太監陵户給以地畆,,四库刻本层。只证圣训辑录此谕自称昌平明代十二陵设陵户给地。不是工部档册，也不是十三陵祭文。不证已经防护。
QH-A-YZ-0394,yongzheng,文字或数值陈述,QH-P-000002,reported_in_edict,四库本《世宗宪皇帝圣训》卷二圣德：朕见臣工等奏章间有用山川效灵洪福齐天及一切颂扬背理之词,雍正七年五月戊申,1729-06-01,1729-06-30,,约略,已采纳,QH-SU-YZ-SX-0004I,卷二；圣德二,朕見臣工等奏章間有用山川効靈洪福齊天及一切頌揚背理之詞,,四库刻本层。圣训分类辑录。不是实录日条。不得与三月甲寅防护陵寝或觉迷录并成一篇。公历依 CAL-001，尚未逐条核录。
QH-A-YZ-0395,yongzheng,文字或数值陈述,QH-P-000002,reported_in_edict,四库本《世宗宪皇帝圣训》卷二圣德：乃昨衍圣公孔传铎奏贺庆云本内竟用乾坤效灵之语,雍正七年五月戊申,1729-06-01,1729-06-30,,约略,已采纳,QH-SU-YZ-SX-0004J,卷二；圣德二,乃昨衍聖公孔傳鐸奏賀慶雲本内竟用乾坤効靈之語,,四库刻本层。只证圣训辑录此谕自称孔传铎贺庆云本用乾坤效灵。不是实录日条，也不是会典本书。不证已经参奏。
QH-A-YZ-0396,yongzheng,文字或数值陈述,QH-P-000002,reported_in_edict,四库本《世宗宪皇帝圣训》卷二圣德：浙江署督性桂署抚蔡仕舢等奏进湖州居民王文隆家万蚕同织瑞茧一幅,雍正七年八月庚申,1729-09-01,1729-09-30,,约略,已采纳,QH-SU-YZ-SX-0004K,卷二；圣德二,前據浙江署督性桂署撫蔡仕舢等奏進湖州居民王文隆家萬蠶同織瑞繭一幅,,四库刻本层。圣训分类辑录。不是实录日条。不得与五月戊申或卷一十月己亥停进嘉禾并成一篇。公历依 CAL-001，尚未逐条核录。
QH-A-YZ-0397,yongzheng,文字或数值陈述,QH-P-000002,reported_in_edict,四库本《世宗宪皇帝圣训》卷二圣德：朕素不言祥瑞,雍正七年八月庚申,1729-09-01,1729-09-30,,约略,已采纳,QH-SU-YZ-SX-0004L,卷二；圣德二,朕素不言祥瑞,,四库刻本层。只证圣训辑录此谕自称素不言祥瑞。不是户部档册。不证瑞茧已经核验。
QH-A-YZ-0398,yongzheng,文字或数值陈述,QH-P-000002,reported_in_edict,四库本《世宗宪皇帝圣训》卷二圣德：署直隶总督唐执玉奏正月二十日凤凰见于房山,雍正八年正月戊戌,1730-02-01,1730-02-28,,约略,已采纳,QH-SU-YZ-SX-0004M,卷二；圣德二,署直𨽻總督唐執玉奏正月二十日鳯凰見於房山,,四库刻本层。圣训分类辑录。不是实录日条。不得与七年八月庚申瑞茧并成一篇。公历依 CAL-001，尚未逐条核录。
QH-A-YZ-0399,yongzheng,文字或数值陈述,QH-P-000002,reported_in_edict,四库本《世宗宪皇帝圣训》卷二圣德：此事犹疑而未信也,雍正八年正月戊戌,1730-02-01,1730-02-28,,约略,已采纳,QH-SU-YZ-SX-0004N,卷二；圣德二,此事猶疑而未信也,,四库刻本层。只证圣训辑录此谕自称此事犹疑而未信。不是户部档册。不证凤凰已经核验。
QH-A-YZ-0400,yongzheng,文字或数值陈述,QH-P-000002,reported_in_edict,四库本《世宗宪皇帝圣训》卷二圣德：今年三月京师一带雨泽愆期，朕衷甚为忧虑,雍正八年四月己酉,1730-05-01,1730-05-31,,约略,已采纳,QH-SU-YZ-SX-0004O,卷二；圣德二,今年三月京師一帶雨澤愆期朕衷甚爲憂慮,,四库刻本层。圣训分类辑录。不是实录日条，也不是祈雨祭文。不得与正月戊戌凤凰条并成一篇。公历依 CAL-001，尚未逐条核录。
QH-A-YZ-0401,yongzheng,文字或数值陈述,QH-P-000002,reported_in_edict,四库本《世宗宪皇帝圣训》卷二圣德：惟是政务中有清查旗地宽免积欠二件，乃近来降旨施行之事,雍正八年四月己酉,1730-05-01,1730-05-31,,约略,已采纳,QH-SU-YZ-SX-0004P,卷二；圣德二,惟是政務中有清查旗地寛免積欠二件乃近來降㫖施行之事,,四库刻本层。只证圣训辑录此谕自称清查旗地宽免积欠二件。不是户部档册，也不是会典本书。不证已经清查。
QH-A-YZ-0402,yongzheng,文字或数值陈述,QH-P-000002,reported_in_edict,四库本《世宗宪皇帝圣训》卷二圣德：风水地内所有民间田亩，按其升粮科则，照应得之价加倍赏给,雍正八年四月戊午,1730-05-01,1730-05-31,,约略,已采纳,QH-SU-YZ-SX-0004Q,卷二；圣德二,風水地内所有民間田畝按其陞糧科則照應得之價加倍賞給,,四库刻本层。圣训分类辑录。不是工部档册。不得与四月己酉雨泽条或景陵告祭文并成一篇。公历依 CAL-001，尚未逐条核录。
QH-A-YZ-0403,yongzheng,文字或数值陈述,QH-P-000002,reported_in_edict,四库本《世宗宪皇帝圣训》卷二圣德：村庄庐舍悉照房屋间檩加倍先给银两,雍正八年四月戊午,1730-05-01,1730-05-31,,约略,已采纳,QH-SU-YZ-SX-0004R,卷二；圣德二,村莊廬舍悉照房屋間檩加倍先給銀兩,,四库刻本层。只证圣训辑录此谕自称村庄庐舍加倍先给银两。不是内库档册，也不是会典本书。不证已经拨换。
QH-A-YZ-0404,yongzheng,文字或数值陈述,QH-P-000002,reported_in_edict,四库本《世宗宪皇帝圣训》卷二圣德：拟于今岁秋冬之间开恩宽免以示奖励,雍正八年四月己未,1730-05-01,1730-05-31,,约略,已采纳,QH-SU-YZ-SX-0004S,卷二；圣德二,擬於今歲秋冬之間開恩寛免以示奬勵,,四库刻本层。圣训分类辑录。不是实录日条。不得与四月戊午太平峪条或四月己酉雨泽条并成一篇。公历依 CAL-001，尚未逐条核录。
QH-A-YZ-0405,yongzheng,文字或数值陈述,QH-P-000002,reported_in_edict,四库本《世宗宪皇帝圣训》卷二圣德：著将内外满汉文武大小官员一应革职降级留任及罚俸停升之案悉行宽免准其开复,雍正八年四月己未,1730-05-01,1730-05-31,,约略,已采纳,QH-SU-YZ-SX-0004T,卷二；圣德二,著將内外滿漢文武大小官員一應革職降級畱任及罰俸停陞之案悉行寛免准其開復,,四库刻本层。只证圣训辑录此谕自称革职降级留任罚俸停升悉行宽免准其开复。不是吏部档册，也不是会典本书。不证已经开复。
QH-A-YZ-0406,yongzheng,文字或数值陈述,QH-P-000002,reported_in_edict,四库本《世宗宪皇帝圣训》卷二圣德：惟有清查旗地宽免积欠二事出于朕心之独断,雍正八年四月辛酉,1730-05-01,1730-05-31,,约略,已采纳,QH-SU-YZ-SX-0004U,卷二；圣德二,惟有清查旗地寛免積欠二事出於朕心之獨斷,,四库刻本层。圣训分类辑录。不是实录日条。不得与四月己酉雨泽条或四月己未宽免参罚并成一篇。公历依 CAL-001，尚未逐条核录。
QH-A-YZ-0407,yongzheng,文字或数值陈述,QH-P-000002,reported_in_edict,四库本《世宗宪皇帝圣训》卷二圣德：并不由于臣工之条奏，亦未咨询商度于廷臣,雍正八年四月辛酉,1730-05-01,1730-05-31,,约略,已采纳,QH-SU-YZ-SX-0004V,卷二；圣德二,竝不由於臣工之條奏亦未諮詢商度於廷臣,,四库刻本层。只证圣训辑录此谕自称不由条奏、未咨询廷臣。不是户部档册，也不是会典本书。不证已经清查。
QH-A-YZ-0408,yongzheng,文字或数值陈述,QH-P-000002,reported_in_edict,四库本《世宗宪皇帝圣训》卷二圣德：周书洪范言人身五事若有得失，在天之休征咎征即各以其类应之,雍正八年六月甲辰,1730-07-01,1730-07-31,,约略,已采纳,QH-SU-YZ-SX-0004W,卷二；圣德二,周書洪範言人身五事若有得失在天之休徵咎徵即各以其𩔗應之,,四库刻本层。圣训分类辑录。不是实录日条，也不是祈雨祭文。不得与四月己酉雨泽条并成一篇。公历依 CAL-001，尚未逐条核录。
QH-A-YZ-0409,yongzheng,文字或数值陈述,QH-P-000002,reported_in_edict,四库本《世宗宪皇帝圣训》卷二圣德：近見直省各处奏报雨泽颇觉均调，麦秋亦属丰稔，朕心深慰,雍正八年六月甲辰,1730-07-01,1730-07-31,,约略,已采纳,QH-SU-YZ-SX-0004X,卷二；圣德二,近見直省各處奏報雨澤頗覺均調麥秋亦屬豐稔朕心深慰,,四库刻本层。只证圣训辑录此谕自称雨泽均调麦秋丰稔。不是户部档册。不证雨泽已经核验。
QH-A-YZ-0410,yongzheng,文字或数值陈述,QH-P-000002,reported_in_edict,四库本《世宗宪皇帝圣训》卷二圣德：河东总督田文镜奏豫省士民感戴皇仁恭建万寿碑亭,雍正八年六月丙辰,1730-07-01,1730-07-31,,约略,已采纳,QH-SU-YZ-SX-0004Y,卷二；圣德二,河東總督田文鏡奏豫省士民感戴皇仁恭建萬壽碑亭,,四库刻本层。圣训分类辑录。不是实录日条。不得与六月甲辰或闰三月乙酉禁碑亭并成一篇。公历依 CAL-001，尚未逐条核录。
QH-A-YZ-0411,yongzheng,文字或数值陈述,QH-P-000002,reported_in_edict,四库本《世宗宪皇帝圣训》卷二圣德：建立万寿碑亭镂金刻石之举，皆属粉饰虚文，朕所不取,雍正八年六月丙辰,1730-07-01,1730-07-31,,约略,已采纳,QH-SU-YZ-SX-0004Z,卷二；圣德二,建立萬壽碑亭鏤金刻石之舉皆屬粉飾虛文朕所不取,,四库刻本层。只证圣训辑录此谕自称万寿碑亭皆属粉饰虚文。不是工部档册，也不是四年十月万寿停庆贺。不证已经谕止。
QH-A-YZ-0412,yongzheng,文字或数值陈述,QH-P-000002,reported_in_edict,四库本《世宗宪皇帝圣训》卷二圣德：今欲特设圣庙执事官，三品者二员，四品者四员,雍正八年十一月己巳,1730-12-01,1730-12-31,,约略,已采纳,QH-SU-YZ-SX-0005A,卷二；圣德二,今欲特設聖廟執事官三品者二員四品者四員,,四库刻本层。圣训分类辑录。不是实录日条。不得与六月丙辰万寿碑亭、元年国学或修建阙里圣庙碑文并成一篇。公历依 CAL-001，尚未逐条核录。
QH-A-YZ-0413,yongzheng,文字或数值陈述,QH-P-000002,reported_in_edict,四库本《世宗宪皇帝圣训》卷二圣德：凡此人员，著衍圣公于孔氏子孙内选择,雍正八年十一月己巳,1730-12-01,1730-12-31,,约略,已采纳,QH-SU-YZ-SX-0005B,卷二；圣德二,凡此人員著衍聖公於孔氏子孫内選擇,,四库刻本层。只证圣训辑录此谕自称执事人员著衍圣公于孔氏子孙内选择。不是吏部档册，也不是会典本书。不证已经充补。
QH-A-YZ-0414,yongzheng,文字或数值陈述,QH-P-000002,reported_in_edict,四库本《世宗宪皇帝圣训》卷二圣德：恭谒孔林周视规制，见享堂墙垣间有年久倾圮之处,雍正八年十二月壬戌,1730-12-01,1731-01-31,,约略,已采纳,QH-SU-YZ-SX-0005C,卷二；圣德二,恭謁孔林周視規制見享堂牆垣間有年久傾圯之處,,四库刻本层。圣训分类辑录。不是实录日条。不得与十一月己巳执事官、元年国学或修建阙里圣庙碑文并成一篇。公历依 CAL-001，尚未逐条核录。
QH-A-YZ-0415,yongzheng,文字或数值陈述,QH-P-000002,reported_in_edict,四库本《世宗宪皇帝圣训》卷二圣德：今庙貌已经鼎新，林园允宜修葺,雍正八年十二月壬戌,1730-12-01,1731-01-31,,约略,已采纳,QH-SU-YZ-SX-0005D,卷二；圣德二,今廟貌已經鼎新林園允宜修葺,,四库刻本层。只证圣训辑录此谕自称庙貌鼎新林园允宜修葺。不是工部档册，也不是修建阙里圣庙碑文。不证工程已经核销。
QH-A-YZ-0416,yongzheng,文字或数值陈述,QH-P-000002,reported_in_edict,四库本《世宗宪皇帝圣训》卷二圣德：山东巡抚岳濬疏报钜野县牛产瑞麟,雍正十年七月丁亥,1732-08-01,1732-08-31,,约略,已采纳,QH-SU-YZ-SX-0005E,卷二；圣德二,山東廵撫岳濬疏報鉅野縣牛産瑞麟,,四库刻本层。圣训分类辑录。不是实录日条。不得与七年八月庚申瑞茧或八年正月戊戌凤凰见于房山并成一篇。公历依 CAL-001，尚未逐条核录。
QH-A-YZ-0417,yongzheng,文字或数值陈述,QH-P-000002,reported_in_edict,四库本《世宗宪皇帝圣训》卷二圣德：该抚奏请诏付史馆宣示中外皆属虚文,雍正十年七月丁亥,1732-08-01,1732-08-31,,约略,已采纳,QH-SU-YZ-SX-0005F,卷二；圣德二,該撫奏請詔付史館宣示中外皆屬虛文,,四库刻本层。只证圣训辑录此谕自称诏付史馆宣示中外皆属虚文。不是户部档册。不证瑞麟已经核验。
QH-A-YZ-0418,yongzheng,文字或数值陈述,QH-P-000002,reported_in_edict,四库本《世宗宪皇帝圣训》卷二圣德：据湖南巡抚赵弘恩奏称南嶽为朕主寿之山，庙宇碑亭宜加重葺,雍正十年七月己酉,1732-08-01,1732-08-31,,约略,已采纳,QH-SU-YZ-SX-0005G,卷二；圣德二,據湖南廵撫趙𢎞恩奏稱南嶽爲朕主壽之山廟宇碑亭宜加重葺,,四库刻本层。圣训分类辑录。不是实录日条。不得与七月丁亥瑞麟或六月丙辰万寿碑亭并成一篇。公历依 CAL-001，尚未逐条核录。
QH-A-YZ-0419,yongzheng,文字或数值陈述,QH-P-000002,reported_in_edict,四库本《世宗宪皇帝圣训》卷二圣德：南嶽之神佑我楚民，庙貌久未修理，应照该抚所请敬谨举行,雍正十年七月己酉,1732-08-01,1732-08-31,,约略,已采纳,QH-SU-YZ-SX-0005H,卷二；圣德二,南嶽之神佑我楚民廟貌乆未修理應照該撫所請敬謹舉行,,四库刻本层。只证圣训辑录此谕自称庙貌久未修理应照所请举行。不是工部档册。不证工程已经核销。
QH-A-YZ-0420,yongzheng,文字或数值陈述,QH-P-000002,reported_in_edict,四库本《世宗宪皇帝圣训》卷二圣德：朕从来不言符瑞，时时训谕天下臣民屏虚文而务实行,雍正十年十月癸酉,1732-11-01,1732-11-30,,约略,已采纳,QH-SU-YZ-SX-0005I,卷二；圣德二,朕從來不言符瑞時時訓諭天下臣民屏虛文而務實行,,四库刻本层。圣训分类辑录。不是实录日条。不得与七月丁亥瑞麟、七年八月庚申瑞茧或景陵告祭文并成一篇。公历依 CAL-001，尚未逐条核录。
QH-A-YZ-0421,yongzheng,文字或数值陈述,QH-P-000002,reported_in_edict,四库本《世宗宪皇帝圣训》卷二圣德：瑞芝适产于景陵，天人协应，信而有征,雍正十年十月癸酉,1732-11-01,1732-11-30,,约略,已采纳,QH-SU-YZ-SX-0005J,卷二；圣德二,瑞芝適産於景陵天人協應信而有徵,,四库刻本层。只证圣训辑录此谕自称瑞芝适产于景陵。不是景陵告祭文，也不是原石。不证瑞芝已经核验。
QH-A-YZ-0422,yongzheng,文字或数值陈述,QH-P-000002,reported_in_edict,四库本《世宗宪皇帝圣训》卷二圣德：数年以来各省嘉禾瑞谷悉令停其奏报,雍正十年十二月壬申,1732-12-01,1733-01-31,,约略,已采纳,QH-SU-YZ-SX-0005K,卷二；圣德二,數年以來各省嘉禾瑞穀悉令停其奏報,,四库刻本层。圣训分类辑录。不是实录日条。不得与十月癸酉景陵瑞芝或五年十月己亥停进嘉禾并成一篇。公历依 CAL-001，尚未逐条核录。
QH-A-YZ-0423,yongzheng,文字或数值陈述,QH-P-000002,reported_in_edict,四库本《世宗宪皇帝圣训》卷二圣德：所请颁示中外宣付史馆之处不必行,雍正十年十二月壬申,1732-12-01,1733-01-31,,约略,已采纳,QH-SU-YZ-SX-0005L,卷二；圣德二,所請頒示中外宣付史館之處不必行,,四库刻本层。只证圣训辑录此谕自称颁示中外宣付史馆不必行。不是户部档册。不证广东瑞禾已经核验。
QH-A-YZ-0424,yongzheng,文字或数值陈述,QH-P-000002,reported_in_edict,四库本《世宗宪皇帝圣训》卷二圣德：朕躬谒陵寝，见沿途地方安设水缸甚多,雍正十一年正月壬子,1733-02-01,1733-02-28,,约略,已采纳,QH-SU-YZ-SX-0005M,卷二；圣德二,朕躬謁陵寢見沿途地方安設水缸甚多,,四库刻本层。圣训分类辑录。不是实录日条。不得与十二月壬申广东瑞禾或景陵告祭文并成一篇。公历依 CAL-001，尚未逐条核录。
QH-A-YZ-0425,yongzheng,文字或数值陈述,QH-P-000002,reported_in_edict,四库本《世宗宪皇帝圣训》卷二圣德：若只以洒道清尘为迎合朕心之举，错谬已甚,雍正十一年正月壬子,1733-02-01,1733-02-28,,约略,已采纳,QH-SU-YZ-SX-0005N,卷二；圣德二,若祗以灑道清塵爲迎合朕心之舉錯謬已甚,,四库刻本层。只证圣训辑录此谕自称洒道清尘迎合朕心错谬已甚。不是工部档册。不证已经查明。
QH-A-YZ-0426,yongzheng,文字或数值陈述,QH-P-000002,reported_in_edict,四库本《世宗宪皇帝圣训》卷二圣德：四川总督黄廷桂奏潼川州盐亭县牛产瑞麟,雍正十一年七月庚子,1733-08-01,1733-08-31,,约略,已采纳,QH-SU-YZ-SX-0005O,卷二；圣德二,四川總督黄廷桂奏潼川州鹽亭縣牛産瑞麟,,四库刻本层。圣训分类辑录。不是实录日条。不得与十年七月丁亥钜野瑞麟并成一篇。公历依 CAL-001，尚未逐条核录。
QH-A-YZ-0427,yongzheng,文字或数值陈述,QH-P-000002,reported_in_edict,四库本《世宗宪皇帝圣训》卷二圣德：今川省瑞麟再见，朕心倍加愧悚,雍正十一年七月庚子,1733-08-01,1733-08-31,,约略,已采纳,QH-SU-YZ-SX-0005P,卷二；圣德二,今川省瑞麟再見朕心倍加愧悚,,四库刻本层。只证圣训辑录此谕自称川省瑞麟再见。不是户部档册。不证瑞麟已经核验。
QH-A-YZ-0428,yongzheng,文字或数值陈述,QH-P-000002,reported_in_edict,四库本《世宗宪皇帝圣训》卷二圣德：朕于一切器具但取朴素适用，不尚华丽工巧,雍正十二年四月庚午,1734-05-01,1734-05-31,,约略,已采纳,QH-SU-YZ-SX-0005Q,卷二；圣德二,朕於一切器具但取樸素適用不尚華麗工巧,,四库刻本层。圣训分类辑录。不是实录日条。不得与十一年七月庚子盐亭瑞麟或六年十一月己酉停进献并成一篇。公历依 CAL-001，尚未逐条核录。
QH-A-YZ-0429,yongzheng,文字或数值陈述,QH-P-000002,reported_in_edict,四库本《世宗宪皇帝圣训》卷二圣德：从前广东曾进象牙席，朕甚不取,雍正十二年四月庚午,1734-05-01,1734-05-31,,约略,已采纳,QH-SU-YZ-SX-0005R,卷二；圣德二,從前廣東曾進象牙席朕甚不取,,四库刻本层。只证圣训辑录此谕自称广东曾进象牙席朕甚不取。不是内府档册。不证已经禁绝。
QH-A-YZ-0430,yongzheng,文字或数值陈述,QH-P-000002,reported_in_edict,四库本《世宗宪皇帝圣训》卷二圣德：诸王大臣等奏景陵宝城山产瑞芝九本，恭请宣付史馆,雍正十二年十月己巳,1734-11-01,1734-11-30,,约略,已采纳,QH-SU-YZ-SX-0005S,卷二；圣德二,諸王大臣等奏景陵寳城山産瑞芝九本恭請宣付史館,,四库刻本层。圣训分类辑录。不是实录日条。不得与十年十月癸酉景陵瑞芝或景陵告祭文并成一篇。公历依 CAL-001，尚未逐条核录。
QH-A-YZ-0431,yongzheng,文字或数值陈述,QH-P-000002,reported_in_edict,四库本《世宗宪皇帝圣训》卷二圣德：屈指数年以来，三秀之瑞已经四见,雍正十二年十月己巳,1734-11-01,1734-11-30,,约略,已采纳,QH-SU-YZ-SX-0005T,卷二；圣德二,屈指數年以來三秀之瑞已經四見,,四库刻本层。只证圣训辑录此谕自称三秀之瑞已经四见。不是原石，也不是景陵告祭文。不证瑞芝已经核验。
QH-A-YZ-0432,yongzheng,文字或数值陈述,QH-P-000002,reported_in_edict,四库本《世宗宪皇帝圣训》卷二圣德：从前台湾北路大甲西等社顽番不法，官兵已经剿灭，余党亦已就擒,雍正十二年十二月乙卯,1734-12-01,1735-01-31,,约略,已采纳,QH-SU-YZ-SX-0005U,卷二；圣德二,從前臺灣北路大甲西等社頑番不法官兵已經勦滅餘黨亦己就擒,,四库刻本层。圣训分类辑录。不是实录日条。不得与十月己巳景陵瑞芝九本并成一篇。公历依 CAL-001，尚未逐条核录。
QH-A-YZ-0433,yongzheng,文字或数值陈述,QH-P-000002,reported_in_edict,四库本《世宗宪皇帝圣训》卷二圣德：其眷属散处各社未必知情，今当平定之时，若一一搜查不无牵累惊扰，用是格外加恩免其根究,雍正十二年十二月乙卯,1734-12-01,1735-01-31,,约略,已采纳,QH-SU-YZ-SX-0005V,卷二；圣德二,其眷屬散處各社未必知情今當平定之時若一一搜查不無牽累驚擾用是格外加恩免其根究,,四库刻本层。只证圣训辑录此谕自称番眷免其根究。不是兵部档册。不证已经免究。
QH-A-YZ-0434,yongzheng,文字或数值陈述,QH-P-000002,reported_in_edict,四库本《世宗宪皇帝圣训》卷二圣德：雍正十二年十月二十九日庆云见于云南之大理等府，又见于广东之高州府，又山东宁阳县产毓麒麟,雍正十三年正月己卯,1735-02-01,1735-02-28,,约略,已采纳,QH-SU-YZ-SX-0005W,卷二；圣德二,雍正十二年十月二十九日慶雲見於雲南之大理等府又見於廣東之高州府又山東寧陽縣産毓麒麟,,四库刻本层。圣训分类辑录。不是实录日条。不得与十二月乙卯番眷免究或十年七月丁亥钜野瑞麟并成一篇。公历依 CAL-001，尚未逐条核录。
QH-A-YZ-0435,yongzheng,文字或数值陈述,QH-P-000002,reported_in_edict,四库本《世宗宪皇帝圣训》卷二圣德：朕向来不言祥瑞，非为谦让之虚文,雍正十三年正月己卯,1735-02-01,1735-02-28,,约略,已采纳,QH-SU-YZ-SX-0005X,卷二；圣德二,朕向來不言祥瑞非爲謙讓之虛文,,四库刻本层。只证圣训辑录此谕自称向来不言祥瑞。不是十年十月癸酉景陵瑞芝条。不证庆云麒麟已经核验。
QH-A-YZ-0436,yongzheng,文字或数值陈述,QH-P-000002,reported_in_edict,四库本《世宗宪皇帝圣训》卷二圣德：自古地方官员有进献方物之礼,雍正十三年六月辛卯,1735-07-01,1735-07-31,,约略,已采纳,QH-SU-YZ-SX-0005Y,卷二；圣德二,自古地方官員有進獻方物之禮,,四库刻本层。圣训分类辑录。不是实录日条。不得与正月己卯庆云麒麟或六年十一月己酉停进献并成一篇。公历依 CAL-001，尚未逐条核录。
QH-A-YZ-0437,yongzheng,文字或数值陈述,QH-P-000002,reported_in_edict,四库本《世宗宪皇帝圣训》卷二圣德：自接奉此旨为始，著将从前贡物之数再减一半,雍正十三年六月辛卯,1735-07-01,1735-07-31,,约略,已采纳,QH-SU-YZ-SX-0005Z,卷二；圣德二,自接奉此㫖爲始著將從前貢物之數再減一半,,四库刻本层。只证圣训辑录此谕自称贡物之数再减一半。不是户部档册。不证已经减半。卷二可见正文至此。
QH-A-YZ-0438,yongzheng,文字或数值陈述,QH-P-000002,reported_in_edict,四库本《世宗宪皇帝圣训》卷三圣孝：诸王大臣等合词奏请节哀，并劝进饘粥,康熙六十一年十一月丙申,1722-12-01,1722-12-31,,约略,已采纳,QH-SU-YZ-SX-0006A,卷三；圣孝,諸王大臣等合詞奏請節哀竝勸進饘粥,,四库刻本层。圣训分类辑录。不是实录日条。不得与卷二十三年六月辛卯进献方物并成一篇。公历依 CAL-001，尚未逐条核录。
QH-A-YZ-0439,yongzheng,文字或数值陈述,QH-P-000002,reported_in_edict,四库本《世宗宪皇帝圣训》卷三圣孝：尽孝尽哀乃为子之道，奚能自己,康熙六十一年十一月丙申,1722-12-01,1722-12-31,,约略,已采纳,QH-SU-YZ-SX-0006B,卷三；圣孝,盡孝盡哀乃爲子之道奚能自已,,四库刻本层。只证圣训辑录此谕自称尽孝尽哀乃为子之道。不是起居注。不证已经进粥。
QH-A-YZ-0440,yongzheng,文字或数值陈述,QH-P-000002,reported_in_edict,四库本《世宗宪皇帝圣训》卷三圣孝：今王大臣等所议安奉之处，或在南海子，或在郑家庄,康熙六十一年十一月丁酉,1722-12-01,1722-12-31,,约略,已采纳,QH-SU-YZ-SX-0006C,卷三；圣孝,今王大臣等所議安奉之處或在南海子或在鄭家莊,,四库刻本层。圣训分类辑录。不是实录日条。不得与丙申节哀或畅春园崩地并成一篇。公历依 CAL-001，尚未逐条核录。
QH-A-YZ-0441,yongzheng,文字或数值陈述,QH-P-000002,reported_in_edict,四库本《世宗宪皇帝圣训》卷三圣孝：朕意亦欲安奉于景山寿皇殿,康熙六十一年十一月丁酉,1722-12-01,1722-12-31,,约略,已采纳,QH-SU-YZ-SX-0006D,卷三；圣孝,朕意亦欲安奉於景山壽皇殿,,四库刻本层。只证圣训辑录此谕自称欲安奉于景山寿皇殿。不是工部档册。不证已经安奉。
QH-A-YZ-0442,yongzheng,文字或数值陈述,QH-P-000002,reported_in_edict,四库本《世宗宪皇帝圣训》卷三圣孝：亲授神器属于藐躬,康熙六十一年十一月辛丑,1722-12-01,1722-12-31,,约略,已采纳,QH-SU-YZ-SX-0006E,卷三；圣孝,親授神器屬於藐躬,,四库刻本层。圣训分类辑录。不是实录日条。不得与丁酉安奉梓宫或畅春园崩地并成一篇。公历依 CAL-001，尚未逐条核录。
QH-A-YZ-0443,yongzheng,文字或数值陈述,QH-P-000002,reported_in_edict,四库本《世宗宪皇帝圣训》卷三圣孝：朕当永遵成宪，不敢少有更张，何止三年无改,康熙六十一年十一月辛丑,1722-12-01,1722-12-31,,约略,已采纳,QH-SU-YZ-SX-0006F,卷三；圣孝,朕當永遵成憲不敢少有更張何止三年無改,,四库刻本层。只证圣训辑录此谕自称永遵成宪不敢少有更张。不是即位实录条。不证已经无改。
QH-A-YZ-0444,yongzheng,文字或数值陈述,QH-P-000002,reported_in_edict,四库本《世宗宪皇帝圣训》卷三圣孝：谨考彝章，宜升尊谥,康熙六十一年十一月辛丑,1722-12-01,1722-12-31,,约略,已采纳,QH-SU-YZ-SX-0006G,卷三；圣孝,謹考彞章宜升尊諡,,四库刻本层。圣训分类辑录。不是实录日条。不得与即位诏或畅春园崩地并成一篇。公历依 CAL-001，尚未逐条核录。
QH-A-YZ-0445,yongzheng,文字或数值陈述,QH-P-000002,reported_in_edict,四库本《世宗宪皇帝圣训》卷三圣孝：尔部详察典礼具奏,康熙六十一年十一月辛丑,1722-12-01,1722-12-31,,约略,已采纳,QH-SU-YZ-SX-0006H,卷三；圣孝,爾部詳察典禮具奏,,四库刻本层。只证圣训辑录此谕自称尔部详察典礼具奏。不是礼部档册。不证尊谥已经拟定。
QH-A-YZ-0446,yongzheng,文字或数值陈述,QH-P-000002,reported_in_edict,四库本《世宗宪皇帝圣训》卷三圣孝：式考旧章，恭上皇太后尊号,康熙六十一年十一月辛丑,1722-12-01,1722-12-31,,约略,已采纳,QH-SU-YZ-SX-0006I,卷三；圣孝,式考舊章恭上皇太后尊號,,四库刻本层。圣训分类辑录。不是实录日条。不得与是日尊谥或孝恭康熙朝皇后并成一篇。公历依 CAL-001，尚未逐条核录。
QH-A-YZ-0447,yongzheng,文字或数值陈述,QH-P-000002,reported_in_edict,四库本《世宗宪皇帝圣训》卷三圣孝：尔部详察典礼具奏,康熙六十一年十一月辛丑,1722-12-01,1722-12-31,,约略,已采纳,QH-SU-YZ-SX-0006J,卷三；圣孝,爾部詳察典禮具奏,,四库刻本层。只证圣训辑录此谕自称尔部详察典礼具奏。不是礼部档册。不证尊号已经拟定。
QH-A-YZ-0448,yongzheng,文字或数值陈述,QH-P-000002,reported_in_edict,四库本《世宗宪皇帝圣训》卷三圣孝：诸王大臣请遵大行皇帝遗诏二十七日释服,康熙六十一年十一月壬寅,1722-12-01,1722-12-31,,约略,已采纳,QH-SU-YZ-SX-0006K,卷三；圣孝,諸王大臣請遵大行皇帝遺詔二十七日釋服,,四库刻本层。圣训分类辑录。不是实录日条。不得与辛丑尊号或丙申节哀并成一篇。公历依 CAL-001，尚未逐条核录。
QH-A-YZ-0449,yongzheng,文字或数值陈述,QH-P-000002,reported_in_edict,四库本《世宗宪皇帝圣训》卷三圣孝：本朝旧制释服亦待百日之期,康熙六十一年十一月壬寅,1722-12-01,1722-12-31,,约略,已采纳,QH-SU-YZ-SX-0006L,卷三；圣孝,本朝舊制釋服亦待百日之期,,四库刻本层。只证圣训辑录此谕自称本朝旧制释服亦待百日之期。不是会典本书。不证已经百日释服。
QH-A-YZ-0450,yongzheng,文字或数值陈述,QH-P-000002,reported_in_edict,四库本《世宗宪皇帝圣训》卷三圣孝：诸王大臣等以郊庙祀典不可久阙，考据典礼，合词恳请遵大行皇帝遗诏以二十七日释服,康熙六十一年十一月甲辰,1722-12-01,1722-12-31,,约略,已采纳,QH-SU-YZ-SX-0006M,卷三；圣孝,諸王大臣等以郊廟祀典不可乆闕考據典禮合詞懇請遵大行皇帝遺詔以二十七日釋服,,四库刻本层。圣训分类辑录。不是实录日条。不得与壬寅请释服或辛丑尊号并成一篇。公历依 CAL-001，尚未逐条核录。
QH-A-YZ-0451,yongzheng,文字或数值陈述,QH-P-000002,reported_in_edict,四库本《世宗宪皇帝圣训》卷三圣孝：虽勉从所请，朕之哀思因兹愈切矣,康熙六十一年十一月甲辰,1722-12-01,1722-12-31,,约略,已采纳,QH-SU-YZ-SX-0006N,卷三；圣孝,雖勉從所請朕之哀思因兹愈切矣,,四库刻本层。只证圣训辑录此谕自称虽勉从所请哀思愈切。不是礼部档册。不证已经释服。
QH-A-YZ-0452,yongzheng,文字或数值陈述,QH-P-000002,reported_in_edict,四库本《世宗宪皇帝圣训》卷三圣孝：大行皇帝尊谥庙号乃追崇大典,康熙六十一年十一月乙巳,1722-12-01,1722-12-31,,约略,已采纳,QH-SU-YZ-SX-0006O,卷三；圣孝,大行皇帝尊諡廟號乃追崇大典,,四库刻本层。圣训分类辑录。不是实录日条。不得与甲辰郊庙释服或辛丑是日尊谥并成一篇。公历依 CAL-001，尚未逐条核录。
QH-A-YZ-0453,yongzheng,文字或数值陈述,QH-P-000002,reported_in_edict,四库本《世宗宪皇帝圣训》卷三圣孝：朕意宜崇祖号，方副丰功,康熙六十一年十一月乙巳,1722-12-01,1722-12-31,,约略,已采纳,QH-SU-YZ-SX-0006P,卷三；圣孝,朕意宜崇祖號方副豐功,,四库刻本层。只证圣训辑录此谕自称宜崇祖号。不是礼部档册。不证庙号已经钦定。
QH-A-YZ-0454,yongzheng,文字或数值陈述,QH-P-000002,reported_in_edict,四库本《世宗宪皇帝圣训》卷三圣孝：奉安大行皇帝梓宫于寿皇殿,康熙六十一年十二月甲寅,1722-12-01,1723-01-31,,约略,已采纳,QH-SU-YZ-SX-0006Q,卷三；圣孝,奉安大行皇帝梓宮於壽皇殿,,四库刻本层。圣训分类辑录。不是实录日条。不得与乙巳尊谥庙号或丁酉安奉并成一篇。公历依 CAL-001，尚未逐条核录。
QH-A-YZ-0455,yongzheng,文字或数值陈述,QH-P-000002,reported_in_edict,四库本《世宗宪皇帝圣训》卷三圣孝：今梓宫奉移寿皇殿，朕未释服之前，必每日三次亲诣献食,康熙六十一年十二月甲寅,1722-12-01,1723-01-31,,约略,已采纳,QH-SU-YZ-SX-0006R,卷三；圣孝,今梓宮奉移壽皇殿朕未釋服之前必毎日三次親詣獻食,,四库刻本层。只证圣训辑录此谕自称未释服之前必每日三次亲诣献食。不是工部档册。不证已经三次献食。其余各卷未开。
QH-A-QL-0001,qianlong,事件发生,QH-P-000054,accession_occurred,即皇帝位,嘉庆元年正月戊申朔,1796-02-09,1796-02-09,,不确定,审核中,QH-SU-QL-QSG-0015B,卷15；嘉庆元年正月戊申朔,嘉慶元年正月戊申朔，舉行授受大典，立皇太子為皇帝,QH-CF-QL-JQ-ABDICATION-GANZHI,卷15作戊申，卷16作戊辰；两卷均指正月朔同一授受大典。公历依 CAL-001，尚未逐条核录。
QH-A-QL-0002,qianlong,称号授予,QH-P-000019,honored_as,太上皇帝,嘉庆元年正月戊申朔,1796-02-09,1796-02-09,,确定,已采纳,QH-SU-QL-QSG-0015B,卷15；授受大典,尊上為太上皇帝,,证明卷15的称号记载，不推定实际权力已完全移交。
QH-A-QL-0003,qianlong,文字或数值陈述,QH-P-000019,reported_in_edict,军国重务仍奏闻，秉训裁决，大事降旨敕,嘉庆元年正月戊申朔,1796-02-09,1796-02-09,,确定,已采纳,QH-SU-QL-QSG-0015B,卷15；授受大典,軍國重務仍奏聞，秉訓裁決，大事降旨敕,,这是后出本纪对训政安排的表述，不等于逐案统计全部决策。
QH-A-QL-0004,qianlong,文字或数值陈述,QH-P-000019,reported_in_edict,宫中时宪书用乾隆年号,嘉庆元年正月戊申朔,1796-02-09,1796-02-09,,确定,已采纳,QH-SU-QL-QSG-0015B,卷15；授受大典,宮中時憲書用乾隆年號,,只证卷15如此记宫中时宪书，不扩写为全国继续用乾隆年号。
QH-A-QL-0005,qianlong,事件发生,QH-P-000019,died_on,崩，寿八十有九,嘉庆四年正月壬戌,1799-02-07,1799-02-07,,确定,已采纳,QH-SU-QL-QSG-0015C,卷15；嘉庆四年正月壬戌,四年正月壬戌崩，壽八十有九,,卷15本纪记载；公历依 CAL-001，尚未逐条核录。
QH-A-QL-0006,qianlong,文字或数值陈述,QH-P-000019,reported_in_edict,归政后奏事书太上皇帝，奏对称太上皇,乾隆六十年十二月,1796-01-01,1796-02-08,,约略,已采纳,QH-SU-QL-QSG-0015A,卷15；乾隆六十年十二月,朕於明年歸政後，凡有繕奏事件，俱書太上皇帝。其奏對稱太上皇,,本纪转录上谕；原纪年只到月，公历范围从宽。
QH-A-QL-0007,qianlong,文字或数值陈述,QH-P-000019,reported_in_edict,停讲解大义觉迷录并缴原书候旨,雍正十三年十月十九日,1735-12-02,1735-12-02,,确定,已采纳,QH-SU-QL-QSL-0005A,卷5；雍正十三年十月十九日；1/5,大義覺迷錄、著照尚書徐本所請。停其講解。其頒發原書。著該督撫彙送禮部。候朕再降諭旨。,,停讲、缴书、候旨。不是销毁完成。日期是雍正十三年十月不是乾隆元年。公历依 CAL-001，尚未逐条核录。
QH-A-QL-0008,qianlong,文字或数值陈述,QH-P-000019,reported_in_edict,曾静张熙凌迟处死,雍正十三年十二月十九日,1736-01-31,1736-01-31,,确定,审核中,QH-SU-QL-QSL-0009A,卷9；雍正十三年十二月十九日；1/22,曾靜、張熙、著照法司所擬。凌遲處死。,QH-CF-QL-ZENGJING-DEATH,实录作凌迟处死。本纪作磔于市。不择一。不得写入乾隆元年。公历依 CAL-001，尚未逐条核录。
QH-A-QL-0009,qianlong,文字或数值陈述,QH-P-000019,reported_in_edict,命治曾静张熙罪,雍正十三年十月壬申,1735-11-20,1735-11-20,,确定,审核中,QH-SU-QL-QSG-0010A,卷10；雍正十三年十月壬申,命治曾靜、張熙罪。,QH-CF-QL-ZENGJING-ZHIZUI,后出本纪。实录卷4十月七日七条无此旨。不得改成乾隆元年十月。公历依 CAL-001，尚未逐条核录。
QH-A-QL-0010,qianlong,文字或数值陈述,QH-P-000019,reported_in_edict,磔曾静张熙于市,雍正十三年十二月甲申,1736-01-31,1736-01-31,,确定,审核中,QH-SU-QL-QSG-0010B,卷10；雍正十三年十二月甲申,磔曾靜、張熙於巿。,QH-CF-QL-ZENGJING-DEATH,后出本纪用磔于市。实录同日作凌迟处死。不择一。不得改成乾隆元年。公历依 CAL-001，尚未逐条核录。
QH-A-QL-0011,qianlong,文字或数值陈述,QH-P-000019,reported_in_edict,豁免江南等省漕项芦课学租,雍正十三年十月七日,1735-11-20,1735-11-20,,确定,审核中,QH-SU-QL-QSL-0004A,卷4；雍正十三年十月七日；1/7,據果親王密奏、江南等省、漕項蘆課。及學租雜稅等銀。亦係雍正十二年以前之民欠。似可照例豁免。……著全行豁免,QH-CF-QL-ZENGJING-ZHIZUI,实录壬申第1/7条是免漕项。同日其余六条亦无曾静。本纪同日命治罪见QH-A-QL-0009。不择一。公历依 CAL-001，尚未逐条核录。
QH-A-QL-0012,qianlong,事件发生,QH-P-000143,invested_as_empress,皇后,乾隆二年,1737-01-01,1737-12-31,,约略,已采纳,QH-SU-QL-QSG-0214B,卷214；孝贤纯皇后传,雍正五年，世宗冊后為嫡福晉。乾隆二年，冊為皇后。,,后妃传作乾隆二年册后；元后实为雍正五年世宗所册嫡福晋。公历年依 CAL-001，具体日尚未逐条核录。
QH-A-QL-0013,qianlong,事件发生,QH-P-000143,died_on,德州舟次,乾隆十三年三月乙未,1748-01-01,1748-12-31,,约略,已采纳,QH-SU-QL-QSG-0214B,卷214；孝贤纯皇后传,十三年，從上東巡，還蹕，三月乙未，后崩於德州舟次，年三十七。,,东巡非南巡。崩于德州舟次。公历月日待按 CAL-001 核录。
QH-A-QL-0014,qianlong,事件发生,QH-P-000144,invested_as_empress,皇后,乾隆十五年,1750-01-01,1750-12-31,,约略,已采纳,QH-SU-QL-QSG-0214B,卷214；继皇后传,孝賢皇后崩，進皇貴妃，攝六宮事。十五年，冊為皇后。,,十五年册后，此前进皇贵妃摄六宫事。公历年依 CAL-001。
QH-A-QL-0015,qianlong,事件发生,QH-P-000144,died_on,（遣回後）崩,乾隆三十一年七月甲午,1766-01-01,1766-12-31,,约略,已采纳,QH-SU-QL-QSG-0214B,卷214；继皇后传,三十年，從上南巡，至杭州，忤上旨，后剪髮，上益不懌，令后先還京師。三十一年七月甲午，崩。上方幸木蘭，命喪儀視皇貴妃。自是遂不復立皇后。,,剪发遣回（三十年）与崩（三十一年）分两条；丧仪视皇贵妃、不复立后。公历月日待按 CAL-001 核录。
QH-A-QL-0016,qianlong,文字或数值陈述,QH-P-000019,reported_in_edict,並未削其位號,乾隆四十三年,1778-01-01,1778-12-31,,约略,已采纳,QH-SU-QL-QSG-0214B,卷214；继皇后传（乾隆四十三年上谕）,朕猶包含不行廢斥。后以病薨，止令減其儀文，並未削其位號。朕處此仁至義盡，況自是不復繼立皇后。,,乾隆四十三年金从善上书后自述。官书自述不等于第三方证实。不得写成已废后。
QH-A-QL-0017,qianlong,事件发生,QH-P-000145,gave_birth_to,QH-P-000054,乾隆二十五年十月丁丑,1760-01-01,1760-12-31,,约略,已采纳,QH-SU-QL-QSG-0214B,卷214；孝仪纯皇后传,乾隆二十五年十月丁丑，仁宗生。,,仁宗=永琰/颙琰（QH-P-000054）。公历月日待按 CAL-001 核录。
QH-A-QL-0018,qianlong,事件发生,QH-P-000145,died_on,令懿皇貴妃（薨）,乾隆四十年正月丁丑,1775-01-01,1775-12-31,,约略,已采纳,QH-SU-QL-QSG-0214B,卷214；孝仪纯皇后传,四十年正月丁丑，薨，年四十九。諡曰令懿皇貴妃，葬勝水峪。,,四十年薨，谥令懿皇贵妃；生前并非皇后。公历月日待按 CAL-001 核录。
QH-A-QL-0019,qianlong,称号授予,QH-P-000145,honored_as,孝仪皇后（追赠）,乾隆六十年,1795-01-01,1795-12-31,,约略,已采纳,QH-SU-QL-QSG-0214B,卷214；孝仪纯皇后传,六十年，仁宗立為皇太子，命冊贈孝儀皇后。,,六十年因仁宗立太子追赠孝仪皇后；生前为令懿皇贵妃，未任皇后。公历年依 CAL-001。
QH-A-QL-0020,qianlong,事件发生,QH-P-000147,designated_successor,皇太子（密建，未冊立）,乾隆元年,1736-01-01,1736-12-31,,约略,已采纳,QH-SU-QL-QSG-0221,卷221；端慧太子永琏传,親書密旨，召諸大臣藏於乾清宮「正大光明」榜後，是雖未冊立，已命為皇太子矣。,,秘密立储，未正式册立。公历年依 CAL-001，具体日尚未逐条核录。
QH-A-QL-0021,qianlong,事件发生,QH-P-000147,died_on,（殤）,乾隆三年十月,1738-01-01,1738-12-31,,约略,已采纳,QH-SU-QL-QSG-0221,卷221；端慧太子永琏传,乾隆三年十月，殤，年九歲。,,殤于乾隆三年十月，年九岁。公历月日待按 CAL-001 核录。
QH-A-QL-0022,qianlong,称号授予,QH-P-000147,honored_as,端慧皇太子,乾隆三年十一月,1738-01-01,1738-12-31,,约略,已采纳,QH-SU-QL-QSG-0221,卷221；端慧太子永琏传,旋冊贈皇太子，諡端慧。,,殤后追赠皇太子，谥端慧。公历月日待按 CAL-001 核录。
QH-A-QL-0023,qianlong,事件发生,QH-P-000148,died_on,（痘殤）,乾隆十二年十二月,1747-01-01,1747-12-31,,约略,已采纳,QH-SU-QL-QSG-0221,卷221；哲亲王永琮传,乾隆十二年十二月，以痘殤，方二歲。,,痘殇，方二岁。公历月日待按 CAL-001 核录。
QH-A-QL-0024,qianlong,称号授予,QH-P-000148,honored_as,哲親王（追封）,嘉庆四年三月,1799-01-01,1799-12-31,,约略,已采纳,QH-SU-QL-QSG-0221,卷221；哲亲王永琮传,嘉慶四年三月，追封哲親王。,,嘉庆四年追封哲亲王。亡时谥悼敏，丧仪视皇子从优。公历年依 CAL-001。
QH-A-QL-0025,qianlong,事件发生,QH-P-000146,died_on,（薨）,乾隆十五年三月,1750-01-01,1750-12-31,,约略,已采纳,QH-SU-QL-QSG-0221,卷221；定安亲王永璜传,十五年三月，薨。……追封定親王，諡曰安。,,十三年迎丧被斥「不知礼」是另一动作（分日保存），十五年薨追封定安亲王。公历月日待按 CAL-001 核录。
QH-A-QL-0026,qianlong,文字或数值陈述,QH-P-000019,reported_in_edict,詳覈違禁各書分別改毀,乾隆四十一年十一月甲申,1776-01-01,1776-12-31,,约略,已采纳,QH-SU-QL-QSG-0014A,卷14；乾隆四十一年十一月甲申,命四庫全書館詳覈違禁各書，分別改毀。,,四库禁毁这一面：谕中分改毁（钱谦益等）、改字（刘宗周黄道周等）、酌改（杨涟等）层次。公历月日待按 CAL-001 核录。
QH-A-QL-0027,qianlong,事件发生,QH-P-000019,work_completed,四庫全書,乾隆四十七年正月丙寅,1782-01-01,1782-12-31,,约略,已采纳,QH-SU-QL-QSG-0014A,卷14；乾隆四十七年正月丙寅,丙寅，四庫全書成。,,四库全书修书这一面：四十七年正月丙寅成。二月己巳上御文渊阁赐总裁等官宴（同卷）。公历月日待按 CAL-001 核录。
QH-A-QL-0028,qianlong,事件发生,QH-P-000019,campaigned_against,大金川土司莎罗奔,乾隆十二年三月己酉,1747-01-01,1747-12-31,,约略,已采纳,QH-SU-QL-QSG-0011A,卷11；乾隆十二年三月,命張廣泗進剿大金川土司莎羅奔,,第一次金川之役（十二至十四年），莎罗奔终降。本纪战役层。「十全武功第×部」是《十全记》官方建构名目，属史料用语，不是中性事实标签。公历月日待按 CAL-001 核录。
QH-A-QL-0029,qianlong,事件发生,QH-P-000019,conquered,準噶爾（阿睦尔撒纳）,乾隆二十三年正月丙午,1758-01-01,1758-12-31,,约略,已采纳,QH-SU-QL-QSG-0012A,卷12；乾隆二十三年正月,以俄羅斯呈驗阿睦爾撒納屍及哈薩克稱臣納貢，宣諭中外,,准部两次用兵（二十、二十二年），乱首阿睦尔撒纳死，俄呈验其尸。本纪战役层。「平准二」是《十全记》官方建构名目，属史料用语。公历月日待按 CAL-001 核录。
QH-A-QL-0030,qianlong,事件发生,QH-P-000019,conquered,回部（大小和卓）,乾隆二十四年十月庚子,1759-01-01,1759-12-31,,约略,已采纳,QH-SU-QL-QSG-0012B,卷12；乾隆二十四年十月,富德奏巴達克山素勒坦沙獻霍集占首級，全部投誠,,平大小和卓，霍集占首级献。本纪战役层。「平回部一」是《十全记》官方建构名目，属史料用语。公历月日待按 CAL-001 核录。
QH-A-QL-0031,qianlong,事件发生,QH-P-000019,conquered,两金川,乾隆四十一年二月己酉,1776-01-01,1776-12-31,,约略,已采纳,QH-SU-QL-QSG-0014B,卷14；乾隆四十一年二月,阿桂等奏索諾木等出降，檻送京師，兩金川平,,第二次金川之役（三十六至四十一年），索诺木出降完局。本纪战役层。「扫金川二」是《十全记》官方建构名目，属史料用语。公历月日待按 CAL-001 核录。
QH-A-QL-0032,qianlong,事件发生,QH-P-000019,campaigned_against,緬甸,乾隆三十四年二月丙寅,1769-01-01,1769-12-31,,约略,已采纳,QH-SU-QL-QSG-0013A,卷13；乾隆三十四年二月,諭用兵緬甸，輕敵致衄，引為己過,,本纪明言轻敌致衄，明瑞败绩猛育死之；缅甸并未大胜。「十全」是《十全记》自诩用语，属史料用语，不是已核战果。公历月日待按 CAL-001 核录。
QH-A-QL-0033,qianlong,事件发生,QH-P-000019,campaigned_against,台湾林爽文,乾隆五十一年十二月丙寅,1786-01-01,1786-12-31,,约略,已采纳,QH-SU-QL-QSG-0015D,卷15；乾隆五十一年十二月,福建彰化縣賊匪林爽文作亂，陷縣城，知縣俞峻死之,,林爽文陷彰化，五十一年起事，五十二年才平定。不得把起事写成即日荡平。若与「靖台湾」连读，该名目是《十全记》官方建构，属史料用语。公历月日待按 CAL-001 核录。
QH-A-QL-0034,qianlong,事件发生,QH-P-000019,conquered,林爽文,乾隆五十三年三月壬申,1788-01-01,1788-12-31,,约略,已采纳,QH-SU-QL-QSG-0015E,卷15；乾隆五十三年三月,林爽文伏誅,,林爽文伏诛。本纪战役层。「靖台湾」是《十全记》官方建构名目，属史料用语。公历月日待按 CAL-001 核录。
QH-A-QL-0035,qianlong,事件发生,QH-P-000019,campaigned_against,安南阮惠,乾隆五十三年六月戊申,1788-01-01,1788-12-31,,约略,已采纳,QH-SU-QL-QSG-0015F,卷15；乾隆五十三年六月,安南人阮惠等叛逐其國王黎維祁，維祁來求援,,阮惠逐黎维祁，清兵入安南未胜，后阮惠乞降受封。「降安南」是《十全记》官方建构名目，属史料用语；「降」不等于大胜。公历月日待按 CAL-001 核录。
QH-A-QL-0036,qianlong,事件发生,QH-P-000019,campaigned_against,廓爾喀,乾隆五十三年七月戊子,1788-01-01,1788-12-31,,约略,已采纳,QH-SU-QL-QSG-0015G,卷15；乾隆五十三年七月,廓爾喀據後藏濟嚨、聶拉木,,第一次廓尔喀（五十三年）；第二次（五十六至五十七年）福康安入藏另条。「两次受廓尔喀降」是《十全记》官方建构名目，属史料用语，不是中性事实标签。公历月日待按 CAL-001 核录。
QH-A-QL-0037,qianlong,事件发生,QH-P-000019,reported_in_edict,班第等奏九月初擒乌梁海宰桑车根等及属人三十余口，又擒四五十人，获马牛羊甚夥,乾隆十九年,1754-01-01,1754-12-31,,约略,已采纳,QH-SU-QL-GZSL-0001A,卷474；丁未前条,擒宰桑車根等。及屬人三十餘口。……計擒四五十人。獲馬牛羊甚夥。,,官修编年层。平伊犁之役（十全之一）在实录里的开端是人数与牲畜账；与方略胜利日程、十全自诩成三层。
QH-A-QL-0038,qianlong,文字或数值陈述,QH-P-000019,reported_in_edict,高宗实录卷1486传位诏：回顾圣祖大渐授位皇考（隆科多宣传顾命）、皇考传位朕躬（宣示密缄，召大学士鄂尔泰张廷玉当面展缄）、今明颁诏旨亲御殿廷付授神器，以今视昔吉祥善事孰逾于此,乾隆六十年,1795-09-01,1795-10-31,,约略,已采纳,QH-SU-QL-GZSL-0002A,卷1486；传位诏,茲朕躬享大年｡懋膺多福｡明頒詔旨｡親御殿廷｡付授神器｡以今視昔｡吉祥善事｡孰逾於此｡,,官修编年层。传位诏自比三代继位法：口谕、密缄、明诏——第三种最吉祥。清代继位文本的自我排序。
QH-A-QL-0039,qianlong,文字或数值陈述,QH-P-000019,reported_in_edict,高宗实录卷1492：乾隆六十年十二月，禅位后太上皇谕仍称朕，命嗣皇帝之皇后仍照每年常例于重华宫行礼，嗣皇帝之贵妃妃嫔职分俱不至在朕前行礼,乾隆六十年,1795-12-01,1795-12-31,,约略,已采纳,QH-SU-QL-GZSL-0002B,卷1492；十二月谕,其職分俱不至在朕前行禮｡,,官修编年层。禅位后仍称朕、仍排嗣皇帝内廷礼序——诏交年号不交权力的日级证据。
QH-A-QL-0040,qianlong,文字或数值陈述,QH-P-000019,reported_in_edict,乾隆四十九年正月十五日谕：引明洪武懿文太子既没、刘三吾议皇孙世嫡礼宜承统、遂立建文为皇太孙、其后酿成永乐靖难之变，皆刘三吾一言丧邦所致；朕深鉴历代建储之失，再三宣谕并令纂辑储贰金鉴一书为万世法戒,乾隆四十九年,1784-02-01,1784-03-15,,约略,已采纳,QH-SU-QL-GZ-0001A,卷一；乾隆四十九年正月十五日,朕惟深鑒於歷代建儲之失，是以再三宣諭，並令纂輯《儲貳金》一書爲萬世法戒。,,宫规汇编层。乾隆自论建储：以洪武立建文酿靖难为戒；储贰金鉴为万世法戒。与传位诏三代排序互勘——诏排继位法，此谕论建储失。
QH-A-QL-0041,qianlong,文字或数值陈述,QH-P-000019,reported_in_edict,乾隆四十八年十一月初八日谕：嗣后宫内等处倘遇有火烛之事，总管等即行开门，放外边王公大臣进内扑救，并著量其相近之门开放，不可著外边人等绕远,乾隆四十八年,1783-12-01,1784-01-15,,约略,已采纳,QH-SU-QL-GZ-0001B,卷一；乾隆四十八年十一月初八日,嗣後宮內等處，儻遇有火燭之事，總管等即行開門，放外邊王公大臣進內撲救。,,宫规汇编层。火防的开门规则：内外之防在火面前让路；就近开门不绕远=救火优先于礼防。
QH-A-QL-0042,qianlong,文字或数值陈述,QH-P-000019,reported_in_edict,事定功成，写诸功臣像于紫光阁，朕亲御丹铅，各系以赞，不过誉，不尚藻，惟就诸臣实事录之,乾隆二十五年前后,1760-01-01,1761-12-31,原纪年只到事定功成，公历从宽,约略,已采纳,QH-SU-QL-YZWJ-ZGG-0001,御制文初集；紫光阁五十功臣像赞序,兹者事定功成，写诸功臣像於紫光阁，朕亲御丹铅，各系以赞，不过誉，不尚藻，惟就诸臣实事录之,,御制序。只证前五十由皇帝自撰像赞、就实事录之；不推定画像作者与悬挂原状。
QH-A-QL-0043,qianlong,文字或数值陈述,QH-P-000019,reported_in_edict,五十人举其尤赫；斩将搴旗、建一绩致一命者亦图其形而命儒臣缀辞,乾隆二十五年前后,1760-01-01,1761-12-31,原纪年只到事定功成，公历从宽,约略,已采纳,QH-SU-QL-YZWJ-ZGG-0001,御制文初集；紫光阁五十功臣像赞序,此犹举其尤赫者。若夫斩将搴旗，建一绩、致一命者，亦不忍其泯灭无闻，将亦图其形，而命儒臣缀辞焉,,御制序。前五十与后五十的制度分界在此。不得把后五十写成无功备数。
QH-A-QL-0044,qianlong,文字或数值陈述,QH-P-000019,reported_in_edict,亲第著绩尤赫者五十人图形紫光阁；宣勤效命者功以次及、数亦如之，续为之赞；跋称奄有百人,乾隆朝西师事后,1760-01-01,1763-12-31,跋文未标日，公历从宽,约略,已采纳,QH-SU-QL-XYTZ-ZGG-0001,西域图志；次五十像赞恭跋,上亲第其著绩尤赫者五十人，图形紫光阁……其在事宣勤效命，有成劳堪纪者，虽功以次及，而数亦如之，则敕等胪名摭实，续为之赞,,儒臣跋。只证西域批次前后各五十、合计百人这一层；金川台湾廓尔喀后绘不在本条。与通行维基表异名异序，不择一。
QH-A-JQ-0001,jiaqing,事件发生,QH-P-000054,accession_occurred,即皇帝位,嘉庆元年正月戊辰朔,1796-02-09,1796-02-09,,不确定,审核中,QH-SU-JQ-QSG-0016A,卷16；嘉庆元年正月戊辰朔,嘉慶元年丙辰春正月戊辰朔，舉行內禪……上即位,QH-CF-QL-JQ-ABDICATION-GANZHI,卷16作戊辰，卷15作戊申；两卷均指正月朔同一授受大典。
QH-A-JQ-0002,jiaqing,称号授予,QH-P-000019,honored_as,太上皇帝,嘉庆元年正月戊辰朔,1796-02-09,1796-02-09,,确定,已采纳,QH-SU-JQ-QSG-0016A,卷16；内禅条,尊高宗為太上皇帝,,与卷15称号方向一致，仍属同一《清史稿》来源家族。
QH-A-JQ-0003,jiaqing,文字或数值陈述,QH-P-000019,reported_in_edict,太上皇帝训政,嘉庆元年正月戊辰朔,1796-02-09,1796-02-09,,确定,已采纳,QH-SU-JQ-QSG-0016A,卷16；内禅条,尊高宗為太上皇帝，訓政,,“训政”是本纪概括，不是每项决策权的逐案统计。
QH-A-JQ-0004,jiaqing,事件发生,QH-P-000019,died_on,太上皇帝崩,嘉庆四年正月壬戌,1799-02-07,1799-02-07,,确定,已采纳,QH-SU-JQ-QSG-0016B,卷16；嘉庆四年正月壬戌,四年己未春正月壬戌，太上皇帝崩,,与卷15同日方向一致。公历依 CAL-001，尚未逐条核录。
QH-A-JQ-0005,jiaqing,文字或数值陈述,QH-P-000054,reported_in_edict,始亲政,嘉庆四年正月壬戌,1799-02-07,1799-02-07,,确定,已采纳,QH-SU-JQ-QSG-0016B,卷16；嘉庆四年正月壬戌,上始親政,,这是本纪的编纂表述，不自动证明此前每件政务均无参与。
QH-A-JQ-0006,jiaqing,事件发生,QH-P-000124,imprisoned,与福长安俱下狱鞫讯,嘉庆四年正月丁卯,1799-02-12,1799-02-12,,确定,已采纳,QH-SU-JQ-QSG-0016B,卷16；嘉庆四年正月丁卯,丁卯，大學士和珅有罪，及尚書福長安俱下獄鞫訊,,下狱鞫讯不是同日已经赐死。公历按壬戌后五干支日对照。
QH-A-JQ-0007,jiaqing,文字或数值陈述,QH-P-000054,reported_in_edict,中外陈奏直达，不许副封关会军机处,嘉庆四年正月丁卯,1799-02-12,1799-02-12,,确定,已采纳,QH-SU-JQ-QSG-0016B,卷16；嘉庆四年正月丁卯,中外陳奏直達朕前，不許副封關會軍機處,,具体奏事程序调整，不扩写成所有乾隆制度同日废除。
QH-A-JQ-0008,jiaqing,事件发生,QH-P-000124,granted_death,赐死于狱,嘉庆四年正月丁丑,1799-02-22,1799-02-22,,确定,已采纳,QH-SU-JQ-QSG-0016B,卷16；嘉庆四年正月丁丑,丁丑，和珅賜死於獄,,距壬戌太上皇崩十五干支日，不是五日后即死。
QH-A-JQ-0009,jiaqing,称号授予,QH-P-000124,appointed_as,军机大臣；内务府大臣,乾隆四十一年,1776-01-01,1777-12-31,,约略,已采纳,QH-SU-JQ-QSG-0319A,卷319；和珅传乾隆四十至四十一年,次年，遂授戶部侍郎，命為軍機大臣，兼內務府大臣,,卷319页面标50%文本质量；公历年界从宽，待按 CAL-001 核录并待影印本复核。
QH-A-JQ-0010,jiaqing,事件发生,QH-P-000124,imprisoned,命王大臣会鞫,嘉庆四年正月,1799-02-05,1799-03-06,,约略,已采纳,QH-SU-JQ-QSG-0319A,卷319；和珅传嘉庆四年正月,仁宗即以宣遺詔日傳旨逮治，命王大臣會鞫，俱得實,,列传后出叙述；“俱得实”是史稿判断，不替代逐款档案。
QH-A-JQ-0011,jiaqing,文字或数值陈述,QH-P-000054,reported_in_edict,上谕宣布和珅罪状二十款,嘉庆四年正月,1799-02-05,1799-03-06,,约略,已采纳,QH-SU-JQ-QSG-0319A,卷319；和珅传转录上谕,詔宣布和珅罪狀，略曰……大罪二十,,证明列传转录了一份二十款罪状上谕，不证明二十款均有独立材料互证。
QH-A-JQ-0012,jiaqing,文字或数值陈述,QH-P-000124,reported_in_edict,上谕指控提前递如意、以拥戴自居,嘉庆四年正月,1799-02-05,1799-03-06,,约略,已采纳,QH-SU-JQ-QSG-0319A,卷319；二十大罪第一款,和珅於初二日在朕前先遞如意，以擁戴自居，大罪一,,这是卷319转录的政治清算上谕指控，不升格为已独立证实事实。
QH-A-JQ-0013,jiaqing,事件发生,QH-P-000124,granted_death,赐自尽，不令肆市,嘉庆四年正月,1799-02-05,1799-03-06,,约略,已采纳,QH-SU-JQ-QSG-0319A,卷319；和珅传嘉庆四年正月,上猶以和珅嘗任首輔，不忍令肆市，賜自盡,,与卷16“赐死于狱”方向一致，但同属《清史稿》家族，不算独立双源。
QH-A-NH-0001,tianming,事件发生,QH-P-000051,titled_as,有甲十三,明万历十一年癸未,1583-01-01,1583-12-31,,确定,已采纳,QH-SU-NH-QSG-0001A,卷1；万历十一年癸未,太祖既歸，有甲十三。……是歲癸未，明萬曆十一年也，太祖年二十五。,,后出本纪。甲十三是本纪用字，不得写成已核件数或建国神话。公历只用年窗，待按 CAL-001 核录。
QH-A-NH-0002,tianming,事件发生,QH-P-000051,accession_occurred,建元天命定国号曰金,天命元年正月壬申朔,1616-02-17,1616-02-17,,确定,已采纳,QH-SU-NH-QSG-0001B,卷1；天命元年正月壬申朔,上卽位，建元天命，定國號曰金。,QH-CF-NH-GUOHAO,本纪国号作金。不得写成大清，也不得写成称帝。公历依 CAL-001，尚未逐条核录。
QH-A-NH-0003,tianming,事件发生,QH-P-000051,titled_as,以七大恨告天,天命三年二月壬寅,1618-04-13,1618-04-13,,确定,已采纳,QH-SU-NH-QSG-0001C,卷1；天命三年二月壬寅,上伐明，以七大恨告天，祭堂子而行。,QH-CF-NH-SEVEN-HATES,本条只证本纪有「七大恨」这一用语。七条全文与各本异文未拆。日期：本纪作天命三年二月壬寅；满洲实录卷四作四月十三壬寅。明实录与卢龙谕未见，不写已核引文。公历依 CAL-001，尚未逐条核录。
QH-A-HT-0001,tiancong,事件发生,QH-P-000052,accession_occurred,即位于沈阳,天命十一年九月庚午朔,1626-10-20,1626-10-20,,确定,已采纳,QH-SU-HT-QSG-0002A,卷2；天命十一年九月庚午朔,即位於瀋陽。詔以明年為天聰元年。,QH-CF-HT-ACCESSION,继汗位。诏明年改元，不是当年称帝。公历依 CAL-001，尚未逐条核录。
QH-A-HT-0002,tiancong,事件发生,QH-P-000052,titled_as,大清,崇德元年四月乙酉,1636-05-15,1636-05-15,,确定,已采纳,QH-SU-HT-QSG-0003A,卷3；崇德元年四月乙酉,祭告天地，行受尊號禮，定有天下之號曰大清，改元崇德,,称帝改国号在1636。不得倒写到努尔哈赤1616年。公历依 CAL-001，尚未逐条核录。
QH-A-SZ-0001,shunzhi,事件发生,QH-P-000053,accession_occurred,即皇帝位于笃恭殿,崇德八年八月丁亥,1643-10-08,1643-10-08,,确定,已采纳,QH-SU-SZ-QSG-0004A,卷4；崇德八年八月丁亥,上即皇帝位於篤恭殿。詔以明年為順治元年,,盛京即位。入北京登极是次年十月另一句。公历依 CAL-001，尚未逐条核录。
QH-A-SZ-0002,shunzhi,事件发生,QH-P-000053,campaign_concluded,大军入关,顺治元年四月己卯,1644-05-27,1644-05-27,,确定,已采纳,QH-SU-SZ-QSG-0004B,卷4；顺治元年四月己卯,師至山海關，三桂開關出迎，大軍入關。,,本纪写多尔衮军入关。不得写成六岁皇帝亲征。公历依 CAL-001，尚未逐条核录。
QH-A-SZ-0003,shunzhi,事件发生,QH-P-000053,accession_occurred,定鼎燕京,顺治元年十月乙卯朔,1644-10-30,1644-10-30,,确定,已采纳,QH-SU-SZ-QSG-0004C,卷4；顺治元年十月乙卯朔,定鼎燕京，仍建有天下之號曰大清，紀元順治。,,北京登极。与盛京即位、四月入关分三层。公历依 CAL-001，尚未逐条核录。
QH-A-DG-0001,daoguang,事件发生,QH-P-000055,accession_occurred,即皇帝位于太和殿,嘉庆二十五年八月庚戌,1820-10-03,1820-10-03,,确定,已采纳,QH-SU-DG-QSG-0017A,卷17；嘉庆二十五年八月庚戌,上即皇帝位於太和殿……以明年為道光元年。,,即位与改元分年。绵宁改旻宁不在本句。公历依 CAL-001，尚未逐条核录。
QH-A-DG-0002,daoguang,事件发生,QH-P-000055,titled_as,议罢兵定约,道光二十二年七月己未至癸亥,1842-08-15,1842-08-29,,确定,已采纳,QH-SU-DG-QSG-0019A,卷19；道光二十二年七月,耆英奏與英兵官瑪禮遜等議罷兵。……耆英等請與英兵官定約，鈐御寶。,,本纪只到议款定约。条约条款、签字地点须回原件。不得写成静海寺已核议约现场。公历用七月窗口，待按 CAL-001 核录。
QH-A-XF-0001,xianfeng,事件发生,QH-P-000056,stationed_at,避暑山庄,咸丰十年八月己巳至丁丑,1860-09-22,1860-09-30,,确定,已采纳,QH-SU-XF-QSG-0020A,卷20；咸丰十年八月己巳丁丑,上幸木蘭，自圓明園啟鑾。……丁丑，上駐蹕避暑山莊。,,本纪用语是幸木兰、驻跸避暑山庄。不得改写成北狩或逃离。圆明园被焚掠不在这两句里。公历依 CAL-001，尚未逐条核录。
QH-A-TZ-0001,tongzhi,文字或数值陈述,QH-P-000057,announced_next_reign_era,祺祥,咸丰十一年七月乙卯,1861-08-22,1861-08-22,,确定,已采纳,QH-SU-TZ-QSG-0021A,卷21；咸丰十一年七月乙卯,定年號祺祥。,,祺祥是拟用年号。十月即位诏改明年为同治元年。不得把祺祥写成正式纪年。公历依 CAL-001，尚未逐条核录。
QH-A-TZ-0002,tongzhi,事件发生,QH-P-000057,accession_occurred,即皇帝位,咸丰十一年十月甲子,1861-11-11,1861-11-11,,确定,已采纳,QH-SU-TZ-QSG-0021A,卷21；咸丰十一年十月甲子,上御太和殿即皇帝位，受朝。頒詔天下，以明年為同治元年,,六岁即位。垂帘与亲政另层。公历依 CAL-001，尚未逐条核录。
QH-A-GX-0001,guangxu,事件发生,QH-P-000058,designated_successor,继文宗为子入承大统,同治十三年十二月癸酉,1875-01-12,1875-01-12,,确定,已采纳,QH-SU-GX-QSG-0023A,卷23；同治十三年十二月癸酉,傳懿旨，以上繼文宗為子，入承大統，為嗣皇帝。俟嗣皇帝有子，即承繼大行皇帝。,,礼法上继咸丰为子。不得写成过继给同治。公历已入1875年。待按 CAL-001 核录。
QH-A-XT-0001,xuantong,事件发生,QH-P-000059,titled_as,将统治权公诸全国,宣统三年十二月戊午,1912-02-12,1912-02-12,,确定,已采纳,QH-SU-XT-QSG-0025A,卷25；宣统三年十二月戊午,特率皇帝將統治權公諸全國，定為共和立憲國體。……即由袁世凱以全權組織臨時共和政府,,懿旨层。不得写成三岁皇帝本人决策。全权组织临时共和政府是诏书用语。公历依 CAL-001，尚未逐条核录。
QH-A-XT-0002,xuantong,事件发生,QH-P-000059,titled_as,逊位,宣统三年十二月戊午,1912-02-12,1912-02-12,,确定,已采纳,QH-SU-XT-QSG-0025A,卷25；宣统三年十二月戊午,遂遜位。,,本纪收束用语。伪满不续清朝在位。公历依 CAL-001，尚未逐条核录。
QH-A-NH-0004,tianming,事件发生,QH-P-000051,script_created,滿洲國書（老滿文）,太祖起兵十六年 岁己亥二月辛亥朔,1599-01-01,1599-12-31,,约略,已采纳,QH-SU-NH-QSG-0228A,卷228；额尔德尼传,於是製國書，行於國中。滿洲有文字自此始。,,额尔德尼、噶盖以蒙古字协满洲语制国书。老满文无圈点。加圈点是皇太极朝达海改制：卷228把「字旁加圈点」写在天聪六年三月（1632）；把加圈点系于1629（天聪三年／文馆）的说法，本库未见老档原条，标待核，未核前不得「已回查」。公历纪年即万历二十七年己亥，具体日待按 CAL-001 核录。
QH-A-DG-0003,daoguang,事件发生,QH-P-000056,work_completed,宣宗成皇帝實錄,咸丰六年十一月乙卯朔,1856-01-01,1856-12-31,,约略,已采纳,QH-SU-XF-QSG-0020B,卷20；咸丰六年十一月乙卯朔,十一月乙卯朔，宣宗實錄成。,,宣宗实录告成于咸丰六年（卷20文宗本纪）。通行著录另有四年说，异说待核。公历月日待按 CAL-001 核录。
QH-A-XF-0002,xianfeng,事件发生,QH-P-000161,gave_birth_to,QH-P-000056,道光十一年六月初九日,1831-01-01,1831-12-31,,约略,已采纳,QH-SU-XF-QSG-0020C,卷20；文宗本纪卷首,母孝全成皇后鈕祜祿氏，道光十一年六月初九日生,,孝全成皇后是谥号，生咸丰时并非皇后，本卷卷首用谥号追称。生母与时态身份另层。公历月日待按 CAL-001 核录。
QH-A-XF-0003,xianfeng,文字或数值陈述,QH-P-000056,birth_order,宣宗第四子,道光十一年六月初九日,1831-01-01,1831-12-31,,约略,已采纳,QH-SU-XF-QSG-0020C,卷20；文宗本纪卷首,宣宗第四子也,,序齿第四。不得把序齿写成自然出生次第。公历月日待按 CAL-001 核录。
QH-A-XF-0004,xianfeng,事件发生,QH-P-000056,sealed_heir_edict_behind,立储家法书名缄藏,道光二十六年,1846-01-01,1846-12-31,,约略,已采纳,QH-SU-XF-QSG-0020D,卷20；文宗本纪卷首,二十六年，用立儲家法，書名緘藏,,道光密立储，书咸丰名缄藏。不得把书名缄藏与即位宣示混为一日。公历月日待按 CAL-001 核录。
QH-A-XF-0005,xianfeng,事件发生,QH-P-000056,designated_successor,皇太子,道光三十年正月丁未,1850-01-01,1850-12-31,,约略,已采纳,QH-SU-XF-QSG-0020E,卷20；道光三十年正月丁未,宣宗不豫，宣召大臣示硃筆，立為皇太子,,丁未立皇太子是示硃笔；己未即位另日。公历月日待按 CAL-001 核录。
QH-A-XF-0006,xianfeng,事件发生,QH-P-000056,accession_occurred,即位,道光三十年正月己未,1850-01-01,1850-12-31,,约略,已采纳,QH-SU-XF-QSG-0020E,卷20；道光三十年正月己未,宣宗崩，己未，上即位,,道光三十年即位，次年才改元咸丰。即位与改元分两层。公历月日待按 CAL-001 核录。
QH-A-XF-0007,xianfeng,文字或数值陈述,QH-P-000056,announced_next_reign_era,咸丰,道光三十年正月己未,1850-01-01,1850-12-31,,约略,已采纳,QH-SU-XF-QSG-0020E,卷20；道光三十年正月己未,頒詔覃恩，以明年為咸豐元年,,次年改元。不得把即位写成咸丰元年。公历月日待按 CAL-001 核录。
QH-A-XF-0008,xianfeng,事件发生,QH-P-000162,revolted,广西桂平县金田,道光三十年六月,1850-01-01,1850-12-31,,约略,已采纳,QH-SU-XF-QSG-0020F,卷20；道光三十年六月,是月，廣東花縣人洪秀全在廣西桂平縣金田起事,,清史稿系金田起事于道光三十年六月；通行说法常作1851年初。两说并存，不择一。公历月日待按 CAL-001 核录。
QH-A-XF-0009,xianfeng,事件发生,QH-P-000162,titled_as,太平天国,咸丰元年闰八月甲申朔,1851-01-01,1851-12-31,,约略,已采纳,QH-SU-XF-QSG-0020G,卷20；咸丰元年闰八月甲申朔,新墟眾首洪秀全陷永安州，踞之，僭號太平天國,,陷永安踞之并僭号太平天国。不得写成当日称帝。公历月日待按 CAL-001 核录。
QH-A-XF-0010,xianfeng,事件发生,QH-P-000163,captured,英人,咸丰七年十二月庚申,1858-01-01,1858-12-31,,约略,已采纳,QH-SU-XF-QSG-0020H,卷20；咸丰七年十二月庚申,英人入廣東省城，劫總督葉名琛以去,,二次鸦片战争广东陷，叶名琛被英人掳。不得写成投敌。公历月日待按 CAL-001 核录。
QH-A-XF-0011,xianfeng,事件发生,QH-P-000056,signed_treaty,俄英美法四国条约,咸丰八年五月丁酉,1858-01-01,1858-12-31,,约略,已采纳,QH-SU-XF-QSG-0020I,卷20；咸丰八年五月丁酉,桂良、花沙納奏進俄、美、英、法四國條約,,即后世所称天津条约。本纪不写天津条约字样。公历月日待按 CAL-001 核录。
QH-A-XF-0012,xianfeng,事件发生,QH-P-000164,defeated,英船（大沽）,咸丰九年五月丙申,1859-01-01,1859-12-31,,约略,已采纳,QH-SU-XF-QSG-0020J,卷20；咸丰九年五月丙申,僧格林沁奏英船鳴砲闖入大沽，我軍開砲轟擊，擊沈多船,,大沽之捷。获胜是僧格林沁所奏，不是本纪直接叙事。公历月日待按 CAL-001 核录。
QH-A-XF-0013,xianfeng,事件发生,QH-P-000056,fort_fell,大沽砲台、天津,咸丰十年七月戊戌,1860-01-01,1860-12-31,,约略,已采纳,QH-SU-XF-QSG-0020K,卷20；咸丰十年七月戊戌,大沽砲台失守，提督樂善死之,,联军再犯，大沽失守，乐善阵亡。公历月日待按 CAL-001 核录。
QH-A-XF-0014,xianfeng,事件发生,QH-P-000056,palace_burned,圆明园,咸丰十年八月癸未,1860-01-01,1860-12-31,,约略,已采纳,QH-SU-XF-QSG-0020L,卷20；咸丰十年八月癸未,圓明園災，常嬪薨，內務府大臣、尚書文豐死之,,本纪只写圆明园灾三字加文丰死。纵火者本纪不载。公历月日待按 CAL-001 核录。
QH-A-XF-0015,xianfeng,事件发生,QH-P-000056,institution_noted_as_begun,总理各国通商事务衙门,咸丰十年十二月己巳,1860-01-01,1860-12-31,,约略,已采纳,QH-SU-XF-QSG-0020M,卷20；咸丰十年十二月己巳,始置總理各國通商事務衙門，命恭親王奕訢、桂良、文祥管理,,总理衙门设立，恭亲王等管理。后改外务部。公历月日待按 CAL-001 核录。
QH-A-XF-0016,xianfeng,事件发生,QH-P-000056,died_on,崩于行宫,咸丰十一年七月癸卯,1861-01-01,1861-12-31,,约略,已采纳,QH-SU-XF-QSG-0020N,卷20；咸丰十一年七月癸卯,癸卯，上崩於行宮，年三十一,,崩于避暑山庄行宫，年三十一。本纪不写丹药与死因。公历月日待按 CAL-001 核录。
QH-A-TZ-0003,tongzhi,事件发生,QH-P-000165,gave_birth_to,QH-P-000057,咸丰六年三月二十三日,1856-01-01,1856-12-31,,约略,已采纳,QH-SU-TZ-QSG-0021B,卷21；穆宗本纪卷首,母孝欽顯皇后那拉氏,,孝钦显皇后是谥号，生同治时身份非皇后。生母与时态身份另层。公历月日待按 CAL-001 核录。
QH-A-TZ-0004,tongzhi,文字或数值陈述,QH-P-000057,birth_order,文宗长子,咸丰六年三月二十三日,1856-01-01,1856-12-31,,约略,已采纳,QH-SU-TZ-QSG-0021B,卷21；穆宗本纪卷首,文宗長子,,长子。不得把序齿写成自然出生次第。公历月日待按 CAL-001 核录。
QH-A-TZ-0005,tongzhi,事件发生,QH-P-000057,born_on,储秀宫,咸丰六年三月二十三日,1856-01-01,1856-12-31,,约略,已采纳,QH-SU-TZ-QSG-0021B,卷21；穆宗本纪卷首,咸豐六年三月二十三日，生於儲秀宮,,生于储秀宫。公历月日待按 CAL-001 核录。
QH-A-TZ-0006,tongzhi,事件发生,QH-P-000057,designated_successor,皇太子,咸丰十一年七月壬寅,1861-01-01,1861-12-31,,约略,已采纳,QH-SU-TZ-QSG-0021C,卷21；咸丰十一年七月壬寅,文宗不豫，壬寅，疾大漸，召御前大臣載垣、端華、景壽、肅順，軍機大臣穆廕、匡源、杜翰、焦佑瀛宣諭立為皇太子,,文宗疾大渐时立皇太子。不得写成遗诏已写继统。公历月日待按 CAL-001 核录。
QH-A-TZ-0007,tongzhi,事件发生,QH-P-000056,appointed_regency_council,载垣、端华、景寿、肃顺、穆荫、匡源、杜翰、焦佑瀛赞襄政务,咸丰十一年七月壬寅,1861-01-01,1861-12-31,,约略,已采纳,QH-SU-TZ-QSG-0021C,卷21；咸丰十一年七月壬寅,命載垣、端華、景壽、肅順、穆廕、匡源、杜翰、焦佑瀛贊襄政務,,赞襄政务八大臣。不得写成摄政。公历月日待按 CAL-001 核录。
QH-A-TZ-0008,tongzhi,事件发生,QH-P-000057,dismissed_from_office,载垣、端华、肃顺等赞襄八大臣,咸丰十一年九月乙卯,1861-01-01,1861-12-31,,约略,已采纳,QH-SU-TZ-QSG-0021D,卷21；咸丰十一年九月乙卯,以擅改諭旨，力阻垂簾，解載垣、端華、肅順任，罷景壽、穆廕、匡源、杜翰、焦佑瀛軍機,,辛酉政变：解八大臣任。不得写成当日夺权已完成。公历月日待按 CAL-001 核录。
QH-A-TZ-0009,tongzhi,事件发生,QH-P-000167,executed,处斩,咸丰十一年十月辛酉,1861-01-01,1861-12-31,,约略,已采纳,QH-SU-TZ-QSG-0021E,卷21；咸丰十一年十月辛酉,賜載垣、端華自盡，肅順處斬,,肃顺处斩，载垣端华自尽。三王同罪异刑。公历月日待按 CAL-001 核录。
QH-A-TZ-0010,tongzhi,事件发生,QH-P-000057,regency_began,慈安、慈禧两宫垂帘听政,咸丰十一年十一月乙酉朔,1861-01-01,1861-12-31,,约略,已采纳,QH-SU-TZ-QSG-0021F,卷21；咸丰十一年十一月乙酉朔,上奉慈安皇太后、慈禧皇太后御養心殿垂簾聽政,,两宫垂帘。不得写成慈禧一人独揽。公历月日待按 CAL-001 核录。
QH-A-TZ-0011,tongzhi,事件发生,QH-P-000057,personal_rule_began,亲政,同治十二年正月丙午,1873-01-01,1873-12-31,,约略,已采纳,QH-SU-TZ-QSG-0022A,卷22；同治十二年正月丙午,丙午，上親政，詔「恪遵慈訓，敬天法祖，勤政愛民」,,亲政。不得写成慈禧自此交权。公历月日待按 CAL-001 核录。
QH-A-TZ-0012,tongzhi,事件发生,QH-P-000162,died_on,自尽,同治三年六月戊戌,1864-01-01,1864-12-31,,约略,已采纳,QH-SU-TZ-QSG-0021G,卷21；同治三年六月戊戌,官軍克復江寧，洪秀全先自盡，其子福瑱遁，獲賊酋洪仁達、李秀成，江南平,,克江宁即天京陷，太平天国政权覆亡。洪秀全自尽与天京陷是两件。公历月日待按 CAL-001 核录。
QH-A-TZ-0013,tongzhi,事件发生,QH-P-000057,died_on,崩于养心殿,同治十三年十二月,1875-01-01,1875-12-31,,约略,已采纳,QH-SU-TZ-QSG-0022B,卷22；同治十三年十二月,上疾大漸，崩於養心殿，年十九,,崩于养心殿，年十九。本纪不写天花或梅毒，死因不裁。脉案公布层：朱琼臻《同治皇帝感染天花的进药用药底簿》，《历史档案》2018年第3期（SRC-036；CNKI LSDA201803021）。只转述，不镜像。版次页码待补。公历月日待按 CAL-001 核录。
QH-A-GX-0002,guangxu,事件发生,QH-P-000058,regency_began,慈安、慈禧两宫垂帘听政,同治十三年十二月丙子,1875-01-01,1875-12-31,,约略,已采纳,QH-SU-GX-QSG-0023B,卷23；同治十三年十二月丙子,從王大臣請，兩宮皇太后垂簾聽政,,两宫垂帘。不得写成慈禧一人独揽。公历月日待按 CAL-001 核录。
QH-A-GX-0003,guangxu,文字或数值陈述,QH-P-000058,announced_next_reign_era,光绪,同治十三年十二月甲辰,1875-01-01,1875-12-31,,约略,已采纳,QH-SU-GX-QSG-0023B,卷23；同治十三年十二月甲辰,詔以明年為光緒元年,,次年改元。不得把入承大统写成光绪元年。公历月日待按 CAL-001 核录。
QH-A-GX-0004,guangxu,事件发生,QH-P-000166,died_on,崩于钟粹宫,光绪七年三月壬申,1881-01-01,1881-12-31,,约略,已采纳,QH-SU-GX-QSG-0023C,卷23；光绪七年三月壬申,辛未，慈安皇太后不豫，壬申，崩於鍾粹宮,,慈安崩。本纪不写死因，慈安猝逝一说后世附会不载。公历月日待按 CAL-001 核录。
QH-A-GX-0005,guangxu,事件发生,QH-P-000058,personal_rule_began,亲政,光绪十三年正月癸卯,1887-01-01,1887-12-31,,约略,已采纳,QH-SU-GX-QSG-0023D,卷23；光绪十三年正月癸卯,癸卯，上始親政，頒詔天下,,本纪作十三年正月始亲政；通行说法常作光绪十五年大婚后正式亲政，因醇亲王请慈禧仍训政。两说并存，不择一。公历月日待按 CAL-001 核录。
QH-A-GX-0006,guangxu,事件发生,QH-P-000058,declared_war,日本,光绪二十年七月乙亥朔,1894-01-01,1894-12-31,,约略,已采纳,QH-SU-GX-QSG-0023E,卷23；光绪二十年七月乙亥朔,日本侵朝鮮，下詔宣戰,,甲午战争。不得把战败责任收成皇帝一个人道德评语。公历月日待按 CAL-001 核录。
QH-A-GX-0007,guangxu,事件发生,QH-P-000058,signed_treaty,马关和约,光绪二十一年三月己亥,1895-01-01,1895-12-31,,约略,已采纳,QH-SU-GX-QSG-0024A,卷24；光绪二十一年三月己亥,李鴻章與日本全權伊籐博文、陸奧宗光馬關會議。和約成，定朝鮮為獨立自主國，割遼南地、台灣、澎湖各島，償軍費二萬萬,,马关和约。本纪不写马关条约四字，写作和约成。不得把签约写成光绪亲自所为。公历月日待按 CAL-001 核录。
QH-A-GX-0008,guangxu,事件发生,QH-P-000165,regency_resumed,训政,光绪二十四年八月丁亥,1898-01-01,1898-12-31,,约略,已采纳,QH-SU-GX-QSG-0024B,卷24；光绪二十四年八月丁亥,丁亥，皇太后復垂簾於便殿訓政,,戊戌政变：慈禧复垂帘训政。不得写成光绪主动交权。公历月日待按 CAL-001 核录。
QH-A-GX-0009,guangxu,事件发生,QH-P-000168,executed,戊戌六君子同处斩,光绪二十四年八月甲午,1898-01-01,1898-12-31,,约略,已采纳,QH-SU-GX-QSG-0024B,卷24；光绪二十四年八月甲午,楊深秀、楊銳、林旭、劉光第、譚嗣同、康廣仁俱處斬,,六君子：杨深秀、杨锐、林旭、刘光第、谭嗣同、康广仁。本纪不写康广仁与康有为之亲。公历月日待按 CAL-001 核录。
QH-A-GX-0010,guangxu,事件发生,QH-P-000058,fled_capital,西安,光绪二十六年闰八月乙巳,1900-01-01,1900-12-31,,约略,已采纳,QH-SU-GX-QSG-0024C,卷24；光绪二十六年闰八月乙巳,乙巳，詔幸西安。丁未，啟蹕,,庚子西幸。不得写成北狩；此次两宫出京是避联军。公历月日待按 CAL-001 核录。
QH-A-GX-0011,guangxu,事件发生,QH-P-000058,constitution_announced,仿行宪政、预备立宪,光绪三十二年七月戊申,1906-01-01,1906-12-31,,约略,已采纳,QH-SU-GX-QSG-0024D,卷24；光绪三十二年七月戊申,時處今日，惟有仿行憲政，大權統於朝廷，庶政公諸輿論。預備立憲基礎,,预备立宪。本纪措辞是仿行宪政，不得写成已立宪。公历月日待按 CAL-001 核录。
QH-A-GX-0012,guangxu,事件发生,QH-P-000058,died_on,崩于瀛台涵元殿,光绪三十四年十月癸酉,1908-01-01,1908-12-31,,约略,已采纳,QH-SU-GX-QSG-0024E,卷24；光绪三十四年十月癸酉,癸酉，上疾大漸，崩於瀛台涵元殿，年三十有八,,崩于瀛台涵元殿，年三十八。本纪不写死因。2008年国家清史纂修工程课题：钟里满、耿左车、李军等《清光绪帝死因研究工作报告》，《清史研究》2008年第4期。结论限定急性胃肠型／胃肠性砒霜中毒。下毒者未知。检测是21世纪科学层，不是光绪朝验尸。版次页码待补。公历月日待按 CAL-001 核录。
QH-A-DG-0004,daoguang,事件发生,QH-P-000169,appointed_as,钦差大臣（查办广东海口事件）,道光十八年十一月癸丑,1838-01-01,1838-12-31,,约略,已采纳,QH-SU-DG-QSG-0018A,卷18；道光十八年十一月,命林則徐為欽差大臣，查辦廣東海口事件，節制該省水師,,禁烟钦差。不得把林则徐写成有师保之倚。公历月日待按 CAL-001 核录。
QH-A-DG-0005,daoguang,事件发生,QH-P-000169,work_completed,收缴鸦片烟土,道光十九年三月乙卯,1839-01-01,1839-12-31,,约略,已采纳,QH-SU-DG-QSG-0018B,卷18；道光十九年三月,林則徐等奏躉船呈繳煙土，諭嘉之，予獎敘,,本纪写作躉船呈缴烟土，不写虎门销烟四字；销烟数量与方式另核。公历月日待按 CAL-001 核录。
QH-A-DG-0006,daoguang,事件发生,QH-P-000169,issued_proclamation,英吉利国（禁贩鸦片檄）,道光十九年七月壬子,1839-01-01,1839-12-31,,约略,已采纳,QH-SU-DG-QSG-0018C,卷18；道光十九年七月,命林則徐以禁販鴉片檄諭英吉利國及各國在粵洋商,,檄谕英吉利禁贩鸦片。不得把檄谕写成宣战。公历月日待按 CAL-001 核录。
QH-A-DG-0007,daoguang,事件发生,QH-P-000055,campaigned_against,英吉利（鸦片战争）,道光二十年六月甲申,1840-01-01,1840-12-31,,约略,已采纳,QH-SU-DG-QSG-0018D,卷18；道光二十年六月,英人陷定海縣，知縣姚懷祥等死之,,英人陷定海是第一次鸦片战争爆发标志。不得把开战写成单一事件。公历月日待按 CAL-001 核录。
QH-A-DG-0008,daoguang,事件发生,QH-P-000170,died_on,虎门炮台陷,道光二十一年二月壬午,1841-01-01,1841-12-31,,约略,已采纳,QH-SU-DG-QSG-0019B,卷19；道光二十一年二月,英人陷廣東虎門砲台及烏涌卡座，廣東水師提督關天培、署湖南提督祥福等死之,,虎门炮台陷，水师提督关天培死。本纪不写关天培战守细节。公历月日待按 CAL-001 核录。
QH-A-DG-0009,daoguang,事件发生,QH-P-000055,signed_treaty,南京条约（五口通商）,道光二十二年八月戊寅,1842-01-01,1842-12-31,,约略,已采纳,QH-SU-DG-QSG-0019C,卷19；道光二十二年八月,耆英奏廣州、福州、廈門、寧波、上海各海口，與英國定議通商,,广州福州厦门宁波上海五口通商是南京条约要点；本纪不写割香港与赔款数额，须回条约原件。公历月日待按 CAL-001 核录。
QH-A-XT-0003,xuantong,事件发生,QH-P-000059,accession_occurred,即皇帝位于太和殿,光绪三十四年十一月辛卯,1908-01-01,1908-12-31,,约略,已采纳,QH-SU-XT-QSG-0025B,卷25；光绪三十四年十一月,辛卯，帝即位於太和殿，以明年為宣統元年,,幼帝即位，以明年为宣统元年。不得把在位起点写成宣统元年。公历月日待按 CAL-001 核录。
QH-A-XT-0004,xuantong,事件发生,QH-P-000059,campaigned_against,革命党（武昌起义）,宣统三年八月乙卯,1911-01-01,1911-12-31,,约略,已采纳,QH-SU-XT-QSG-0025C,卷25；宣统三年八月,乙卯，武昌新軍變附於革命黨，總督瑞澂棄城走，遂陷武昌,,武昌起义。本纪写新军变附革命党，不写其中党魁。不得把起义写成清廷主动。公历月日待按 CAL-001 核录。
QH-A-XT-0005,xuantong,事件发生,QH-P-000171,appointed_as,内阁总理大臣,宣统三年九月乙亥,1911-01-01,1911-12-31,,约略,已采纳,QH-SU-XT-QSG-0025D,卷25；宣统三年九月,乙亥，授袁世凱內閣總理大臣，命組織完全內閣,,袁世凯组阁。懿旨授，不是溥仪本人。公历月日待按 CAL-001 核录。
QH-A-NH-0005,tianming,事件发生,QH-P-000051,defeated,明四路大军（萨尔浒）,天命四年三月,1619-01-01,1619-12-31,,约略,已采纳,QH-SU-NH-QSG-0001D,卷1；天命四年三月,凡四日而破三路明兵,,萨尔浒之役，四日破三路。不得把此役写成一次伏击歼灭。公历月日待按 CAL-001 核录。
QH-A-HT-0003,tiancong,事件发生,QH-P-000052,died_on,崩（无疾）,崇德八年八月庚午,1643-01-01,1643-12-31,,约略,已采纳,QH-SU-HT-QSG-0003B,卷3；崇德八年八月,庚午，上御崇政殿。是夕，亥時，無疾崩，年五十有二，在位十七年,,皇太极崩，本纪写无疾崩。不得写成猝然被其他疾病所戮。公历月日待按 CAL-001 核录。
QH-A-SZ-0004,shunzhi,事件发生,QH-P-000053,personal_rule_began,亲政,顺治八年正月庚申,1651-01-01,1651-12-31,,约略,已采纳,QH-SU-SZ-QSG-0005A,卷5；顺治八年正月,庚申，上親政，御殿受賀，大赦,,顺治亲政在多尔衮卒后。不得把亲政写成顺治元年前就独立理政。公历月日待按 CAL-001 核录。
QH-A-SZ-0005,shunzhi,事件发生,QH-P-000053,died_on,崩于养心殿,顺治十八年正月丁巳,1661-01-01,1661-12-31,,约略,已采纳,QH-SU-SZ-QSG-0005B,卷5；顺治十八年正月,丁巳，崩於養心殿，年二十四,,顺治崩，年二十四。遗诏立玄烨为皇太子。不得把顺治写成出家未死。公历月日待按 CAL-001 核录。
QH-A-NH-0006,tianming,事件发生,QH-P-000051,moved_capital,盛京（沈阳）,天命十年三月庚午,1625-01-01,1625-12-31,,约略,已采纳,QH-SU-NH-QSG-0001E,卷1；天命十年三月,三月庚午，遷都瀋陽，凡五遷乃定都焉，是曰盛京,,努尔哈赤迁都沈阳。不得把迁都写成迁入北京。公历月日待按 CAL-001 核录。
QH-A-NH-0007,tianming,事件发生,QH-P-000051,campaigned_against,明宁远城（袁崇焕婴城固守）,天命十一年正月丁卯,1626-01-01,1626-12-31,,约略,已采纳,QH-SU-NH-QSG-0001F,卷1；天命十一年正月,丁卯，至寧遠。寧前道袁崇煥偕總兵滿桂、副將祖大壽嬰城固守。天寒土凍，鑿城不隳，城上放西洋炮，頗傷士卒，乃罷攻,,宁远之役努尔哈赤不克。不得把宁远写成后金取胜。公历月日待按 CAL-001 核录。
QH-A-HT-0004,tiancong,事件发生,QH-P-000052,defeated,明松锦大军（洪承畴降）,崇德七年五月癸酉,1642-01-01,1642-12-31,,约略,已采纳,QH-SU-HT-QSG-0003C,卷3；崇德七年五月,癸酉，洪承疇、祖大壽等至，入見請死。上赦之，諭以盡忠報效，承疇等泣謝,,松锦之战以洪承畴降结束，明关外主力尽失。不得把这一仗写成皇太极未入关就没用。公历月日待按 CAL-001 核录。
QH-A-SZ-0006,shunzhi,事件发生,QH-P-000053,institution_noted_as_begun,逃人法（严稽察逃人）,顺治元年九月丁酉,1644-01-01,1644-12-31,,约略,已采纳,QH-SU-SZ-QSG-0004D,卷4；顺治元年九月,始嚴稽察逃人之令,,逃人法起点。不得把入关前的旧律与新令混为一天。公历月日待按 CAL-001 核录。
QH-A-SZ-0007,shunzhi,事件发生,QH-P-000053,commanded,剃发（不从者治以军法）,顺治二年六月丙辰,1645-01-01,1645-12-31,,约略,已采纳,QH-SU-SZ-QSG-0004E,卷4；顺治二年六月,諭南中文武軍民薙髮，不從者治以軍法。是月，始諭直省限旬日薙髮如律令,,剃发令。不得把剃发令提前到顺治元年入关当天。公历月日待按 CAL-001 核录。
QH-A-GX-0013,guangxu,事件发生,QH-P-000058,campaigned_against,义和拳（庚子拳乱）,光绪二十六年正月,1900-01-01,1900-12-31,,约略,已采纳,QH-SU-GX-QSG-0024F,卷24；光绪二十六年正月,是月，拳匪起山東，號「義和拳會」，假仇教為名，劫殺相尋，蔓延滋害,,义和拳起山东。清廷先剿后抚、后来利用义和拳，时态须分开，不得写成清廷一开始就支持。公历月日待按 CAL-001 核录。
QH-A-GX-0014,guangxu,事件发生,QH-P-000058,campaigned_against,八国联军（庚子）,光绪二十六年五月辛酉,1900-01-01,1900-12-31,,约略,已采纳,QH-SU-GX-QSG-0024G,卷24；光绪二十六年五月,外軍攻大沽口，提督羅榮光不能御，走天津，死之，大沽遂陷,,联军攻陷大沽。不得把大沽陷写成清军先胜。公历月日待按 CAL-001 核录。
QH-A-HT-0005,tiancong,文字或数值陈述,QH-P-000052,reported_in_anecdote,啸亭杂录：太宗读金世宗本纪，心伟其女真衣冠之禁，谕诸王不许褒衣博带,道咸间成书,1820-01-01,1850-12-31,,约略,已采纳,QH-SU-HT-XTZL-0001A,卷一；太宗读金史,嘗讀《金世宗本紀》，見其申女真人學漢人衣冠之禁，心偉其語。,,掌故层。汉化焦虑的金朝镜像；乾隆卧碑之联系为此书自述，另核。
QH-A-HT-0006,tiancong,事件发生,QH-P-000052,reported_in_anecdote,啸亭杂录：清设反间（杨太监、鲍承先私语），庄烈帝信而磔袁崇焕,己巳冬,1629-01-01,1630-12-31,,约略,已采纳,QH-SU-HT-XTZL-0001B,卷一；设间诛袁崇焕,鮑承先在帳外作私語曰：「今日上退兵乃袁巡撫意，不日伊即輸誠矣。」復陰縱楊監歸。,QH-CF-HT-YUAN,掌故层反间机制叙述；须与明崇祯实录、清太宗实录互勘，不得单源终审。
QH-A-HT-0007,tiancong,文字或数值陈述,QH-P-000052,reported_in_anecdote,啸亭杂录：太宗亲至洪馆解貂裘衣之，「先生得无冷乎」，洪承畴遂降,崇德七年,1642-01-01,1643-12-31,,约略,已采纳,QH-SU-HT-XTZL-0001C,卷一；用洪文襄,上乃親至洪館，解貂裘與之服，徐曰：「先生得無冷乎？」,,掌故层场景；洪降事实有实录互证，貂裘细节为掌故。作者自驳毛西河优人诱惑说，见解读。
QH-A-DG-0010,daoguang,事件发生,QH-P-000055,reported_in_edict,承德行在八大臣前公启鐍匣，宣示嘉庆四年立皇太子旻宁朱谕，是夜仁宗崩,嘉庆二十五年七月己卯,1820-01-01,1820-12-31,,约略,已采纳,QH-SU-DG-XZSL-0001A,卷一；己卯条,公啟鐍匣。宣示御書嘉慶四年四月初十日卯初立皇太子旻寧朱諭一紙。,,官修编年层。密匣制度（雍正立制）首次实际启动；朱谕书于嘉庆四年、启于二十五年。私记层（太后懿旨、戴均元等）另核。
QH-A-DG-0011,daoguang,事件发生,QH-P-000055,reported_in_edict,扈从诸臣遵奉朱笔遗旨请旻宁即正尊位,嘉庆二十五年七月己卯,1820-01-01,1820-12-31,,约略,已采纳,QH-SU-DG-XZSL-0001B,卷一；己卯条,扈從諸臣、遵奉朱筆遺旨。請上即正尊位。,,官修编年层。即位程序之实录叙述；与私记层差异另核。
QH-A-NH-0008,tianming,文字或数值陈述,QH-P-000051,reported_in_edict,满洲实录：太祖报祖父仇止有遗甲十三副，结诺密纳起兵攻尼堪外兰，癸未岁夏五月，年二十五,万历十一年,1583-01-01,1583-12-31,,约略,已采纳,QH-SU-NH-MZSL-0001A,卷一；十三副遗甲,止有遺甲十三副，遂結諾密納共起兵攻尼堪外蘭。時癸未歲夏五月也。,,官修开国叙事。起源以甲数计；纪年用癸未（万历十一），开国叙事自带明历。乾隆重绘层，不作崇德旧本。
QH-A-NH-0009,tianming,事件发生,QH-P-000051,reported_in_edict,满洲实录：尼堪外兰唆构宁远伯李成梁攻古哷城主阿太，太祖祖父之仇由此,万历十一年,1583-01-01,1583-12-31,,约略,已采纳,QH-SU-NH-MZSL-0001B,卷一；尼堪外兰条,有尼堪外蘭者，於癸未歲唆構寧遠伯李成梁攻古哷城主阿太。,,官修开国叙事。起兵之因在明辽东秩序内：李成梁、尼堪外兰、古哷城。与十三副遗甲同条互读。
QH-A-GX-0015,guangxu,文字或数值陈述,QH-P-000058,reported_in_edict,德宗实录卷1：两宫懿旨，醇亲王奕譞之子承继文宗显皇帝为子，入承大统为嗣皇帝；俟嗣皇帝生有皇子，即承继大行皇帝为嗣,同治十三年,1875-01-01,1875-12-31,,约略,已采纳,QH-SU-GX-DZSL-0001A,卷1；懿旨立嗣,醇親王奕譞之子。承繼文宗顯皇帝為子。入承大統為嗣皇帝。俟嗣皇帝生有皇子。即承繼大行皇帝為嗣。,,官修编年层。过继公式：继咸丰不继同治，同治的嗣子推迟到下一代——垂帘因此在本代合法。与本纪层及承德密匣层对读。
QH-A-XT-0006,xuantong,文字或数值陈述,QH-P-000059,reported_in_edict,退位诏：特率皇帝将统治权公诸全国，定为共和立宪国体；由袁世凯以全权组织临时共和政府；仍合满汉蒙回藏五族完全领土为一大中华民国,宣统三年十二月,1912-02-12,1912-02-12,,确定,已采纳,QH-SU-XT-TWZ-0001A,诏全文,特率皇帝將統治權公諸全國，定為共和立憲國體。……仍合滿、漢、蒙、回、藏五族完全領土為一大中華民國。,,1912年官文书文本层。王朝用自己的合法性词汇认证自己终结；主权转移写成委托；帝国翻译成民国领土主张。签署链条仍待原件。
QH-A-GX-0016,guangxu,事件发生,QH-P-000058,reported_in_edict,德宗实录卷102：出使俄国大臣崇厚奏与俄外部议明交收伊犁，订约十八条，伊犁西边及帖克斯川一带地方归俄管理,光绪五年,1879-01-01,1879-12-31,,约略,已采纳,QH-SU-GX-DZSL-0001B,卷102；崇厚订约条,出使俄國大臣崇厚奏。與俄外部議明交收伊犁。修定約章。計訂約十八條。,,官修编年层。全权大臣签字；朝廷数月后拒签。与卷106对读。
QH-A-GX-0017,guangxu,文字或数值陈述,QH-P-000058,reported_in_edict,德宗实录卷106：金顺奏崇厚所拟条约必不可允；得旨，所陈约必不可允各节实能洞见利弊,光绪五年,1879-01-01,1879-12-31,,约略,已采纳,QH-SU-GX-DZSL-0001C,卷106；金顺奏约不可允,得旨、所陳約必不可允各節。實能洞見利弊。,,官修编年层。朝廷在自己的编年里记下对本国全权签字的拒绝。与南京条约钤御宝对读。
QH-A-DG-0012,daoguang,事件发生,QH-P-000055,reported_in_edict,宣宗实录卷476：道光三十年正月，上疾大渐，召宗人府宗令、御前大臣、军机大臣等公启鐍匣，宣示御书皇四子奕詝立为皇太子,道光三十年,1850-02-01,1850-02-28,,约略,已采纳,QH-SU-DG-XZSL-0002A,卷476；启匣条,召宗人府宗令載銓、御前大臣載垣、端華、僧格林沁、軍機大臣穆彰阿、賽尚阿、何汝霖、陳孚恩、季芝昌、總管內務府大臣文慶、公啟鐍匣。宣示御書皇四子奕詝立為皇太子。,,官修编年层。密匣制度第二次实际启动；启于圆明园慎德堂，非承德。见证十一人含僧格林沁。
QH-A-DG-0013,daoguang,文字或数值陈述,QH-P-000055,reported_in_edict,宣宗实录卷476：朱谕皇四子奕詝著立为皇太子，尔王大臣等何待朕言；午刻上崩于圆明园慎德堂苫次,道光三十年,1850-02-01,1850-02-28,,约略,已采纳,QH-SU-DG-XZSL-0002A,卷476；朱谕与崩逝,朱諭、皇四子奕詝著立為皇太子。爾王大臣等何待朕言。其同心贊輔。,,官修编年层。「何待朕言」先一步去掉等待；实录不记朱谕书写日期，与卷一朱谕记嘉庆四年日期不同。
QH-A-DG-0014,daoguang,文字或数值陈述,QH-P-000055,reported_in_edict,筹办夷务始末卷之一：鸦片本属药材，吸食既久谓之上瘾；嘉庆初年食鸦片者罪止枷杖，今递加徒、流、绞监候,道光年间,1836-01-01,1838-12-31,,约略,已采纳,QH-SU-DG-CBYW-0001A,卷之一；鸦片条,查鴉片之類有三：一曰公班皮，黑色，亦謂之烏土，出明雅喇；一曰白皮，出孟買；一曰紅皮，出曼達喇薩，皆𠸄咭屬國。,,官修汇编层。禁例递加（枷杖→徒流→绞监候）是法律承认前一级失败；三种鸦片皆英属国出。药物志开篇。
QH-A-XF-0017,xianfeng,文字或数值陈述,QH-P-000056,reported_in_edict,文宗实录序：咸丰十年八月秋狝木兰，子臣扈从；圣心屡欲回銮，未及启行，寖至大渐；实录阅六年书成，凡三百五十六卷,咸丰十年,1860-08-01,1860-09-30,,约略,已采纳,QH-SU-XF-WZSL-0001A,序,聖心屢欲回鑾｡未及啟行｡寖至大漸｡,,编纂层。嗣君之序记父皇之死为一次被打断的回銮；与退位诏、懿旨同属「终结由嗣君书写」序列。356卷阅六年成。
QH-A-XF-0018,xianfeng,事件发生,QH-P-000056,reported_in_edict,咸丰遗诏：十六日子刻召宗人府宗令右宗正御前大臣军机大臣，令其承写朱谕，立皇长子载淳为皇太子，并令该王大臣等尽心辅弼、赞襄政务,咸丰十一年,1861-07-16,1861-07-17,,约略,已采纳,QH-SU-XF-YZ-0001A,遗诏,十六日子刻召見宗人府宗令、右宗正、御前大臣、軍機大臣，令其承寫硃諭，立皇長子載淳為皇太子，並令該王大臣等盡心輔弼，贊襄政務。,,当事终结文本。赞襄政务四字出自遗诏本身；垂帘无遗诏依据（对读 tongzhi-01）。令承写朱谕=弥留之际口授代笔。
QH-A-XF-0019,xianfeng,文字或数值陈述,QH-P-000056,reported_in_edict,咸丰遗诏自叙：本年正月曾降旨春仲回銮，适旧疾复作停止；本拟俟秋间气体复元启蹕回京，孰意弥留不起,咸丰十一年,1861-07-16,1861-07-17,,约略,已采纳,QH-SU-XF-YZ-0001A,遗诏,本擬俟秋間氣體復元，啟蹕回京，與諸王大臣講求庶政，次第舉行。孰意入夏以來，暑瀉日久，元氣愈虧，以致彌留不起，豈非天乎？,,当事层。父皇自己写「未及回京」，与嗣君序「屡欲回銮」同构——打断的回銮修辞出自两代人之手。
QH-A-KX-0181,kangxi,文字或数值陈述,QH-P-000001,reported_in_edict,钦定宫中现行则例卷一：康熙十八年谕宫内灯火凡有火之处必著人看守不许一时少人；四十年谕太监三五成群结盟聚党日后发觉尔等尚能保全首领乎；四十四年谕太监与各宫女子认亲戚叔伯姊妹断乎不可,康熙十八年至四十四年,1679-01-01,1705-12-31,,约略,已采纳,QH-SU-KX-GZ-0001A,卷一；康熙十八年/四十年/四十四年三谕,近來太監不守規矩，與各宮內女子認親戚叔伯姊妹，往來結識，斷乎不可！,,宫规汇编层。三防（火/党/亲）谕归朝钉康熙三日期。家主式反问与断令。
QH-A-JQ-0014,jiaqing,事件发生,QH-P-000054,reported_in_edict,嘉庆十八年九月十八日朱谕罪己诏：九月十五日天理教逆七十余众犯禁门入大内，皇次子亲执鸟枪连毙二贼、贝勒绵志续击一贼；当今大弊在因循怠玩四字；笔随泪洒通谕知之,嘉庆十八年,1813-09-15,1813-10-31,,约略,已采纳,QH-SU-JQ-GZ-0001A,卷一；嘉庆十八年九月十八日,變生肘腋，禍起蕭牆，天理教逆七十餘眾犯禁門，入大內，戕害兵役。,,宫规汇编层。罪己诏自名大弊「因循怠玩」；皇次子（后道光）执枪毙贼入官书——继位层可互勘（daoguang-02 持满密旨说）。
QH-A-JQ-0015,jiaqing,文字或数值陈述,QH-P-000054,reported_in_edict,嘉庆十八年九月二十三日谕：逆贼太监七人豫谋引路，平日约束懈弛听其告假闲游甚至数十里外恣意往还；嗣后告假须两三人同行限以时刻；著载入宫史,嘉庆十八年,1813-09-15,1813-10-31,,约略,已采纳,QH-SU-JQ-GZ-0001A,卷一；嘉庆十八年九月二十三日,嗣後嚴諭總管太監等俱不得任聽太監藉詞告假，獨自私出禁門。,,宫规汇编层。案后治理：告假须结伴限时；并著载入宫史——则例入宫史，宫史入则例，制度自引。
QH-A-DG-0016,daoguang,事件发生,QH-P-000055,reported_in_edict,道光九年十二月二十一日谕：静宜园内杀虎三只，尚有人脑骨一具，园太监园户恐奏后无虎涉谎报，只称病故或报逃走；帝质询鹿园内少鹿九只，岂有虎三只于三五日内即能食鹿如许之多；隐瞞不肯呈报有虎者交总管治罪,道光九年,1830-01-01,1830-02-28,,约略,已采纳,QH-SU-DG-GZ-0001B,卷一；道光九年十二月二十一日,至鹿園內少鹿九隻，豈有虎三隻於三五日內即能食鹿如許之多？爾等詳查。,,宫规汇编层。虎食人而下属瞒报病故/逃走；皇帝以鹿数算术拆瞒报——怕谎报甚于怕虎。
QH-A-XF-0020,xianfeng,事件发生,QH-P-000056,reported_in_edict,咸丰五年六月十八日朱谕：珳常在凌虐使女、与太监孙来福任意谈笑，褫革位分降为官女子，孙来福重责发遣；各宫女子与太监原不应互认亲戚，从前康熙年间已曾奉有圣训，現時仍不免此贱习；以后呼本宫太监为伯叔兄弟者，女子痛惩逐出、家属发新疆,咸丰五年,1855-07-01,1855-08-31,,约略,已采纳,QH-SU-XF-GZ-0001A,卷一；咸丰五年六月十八日,再各宮女子與太監原不應互認親戚，從前康熙年間已曾奉有聖訓，現時仍不免有此賤習，更宜即行禁止。,,宫规汇编层。咸丰自引康熙圣训（三防之防亲）加重：逐出+家属发新疆。制度自引链：康熙立规→咸丰引为成案。
QH-A-JQ-0016,jiaqing,文字或数值陈述,QH-P-000054,reported_in_edict,嘉庆四年正月初九日谕：军机处满汉章京只许在南书房办事，不许向别处行走出入；如朕在某处召见军机大臣，军机章京不准跟随；军机出入取送事件使令南书房太监,嘉庆四年正月初九日,1799-02-13,1799-02-13,,约略,已采纳,QH-SU-JQ-GZ-0001B,卷一；嘉庆四年正月初九日,再軍機處滿漢章京，只許在南書房辦事，不許向別處行走出入。,,宫规汇编层。和珅下狱次日即收紧军机章京行走——章京不许跟随召见=切断军机私交链；案后制度反应的第一笔。
QH-A-JQ-0017,jiaqing,文字或数值陈述,QH-P-000054,reported_in_edict,嘉庆四年四月十一日谕：朕披阅现行则例，各处太监额数内竟有与则例不符者，或以前有增减之处，尔总管等详细查明酌加增减，以便将来修理现行则例,嘉庆四年四月十一日,1799-05-01,1799-05-31,,约略,已采纳,QH-SU-JQ-GZ-0001B,卷一；嘉庆四年四月十一日,再朕披閱現行則例，各處太監額數內竟有與則例不符者。,,宫规汇编层。皇帝亲读则例发现额数不符，下令查核以便将来修理则例——制度自引链的修订环：则例被它的读者（皇帝）修订。
QH-A-DG-0017,daoguang,文字或数值陈述,QH-P-000055,reported_in_edict,道光十九年十一月初八日谕：钦安殿首领太监办道场及拜斗永远停止，圆明园佛楼等处太监充当僧人上殿念经一并裁撤，该首领太监均著留发当差，年老不愿留发者听其在原处当差终身,道光十九年十一月初八日,1839-12-01,1840-01-15,,约略,已采纳,QH-SU-DG-GZ-0001C,卷一；道光十九年十一月初八日,該首領太監等均著留髮當差，有年老不願留髮者，聽其在原處當差終身而止。,,宫规汇编层。太监充僧道念经办道场被裁撤，留发当差=还俗归役；年老不愿者听其终身——裁事不裁人。
QH-A-DG-0018,daoguang,文字或数值陈述,QH-P-000055,reported_in_edict,道光十八年六月十二日偷钓鱼虾治罪章程：宫内园庭太监偷钓鱼虾无论竿钓网取不分首从，枷号一个月满日重责四十版发吴甸铡草三年；释回后再犯者枷号两个月发黑龙江给兵丁为奴,道光十八年六月十二日,1838-06-12,1838-07-31,,约略,已采纳,QH-SU-DG-GZ-0001C,卷一；道光十八年六月十二日,如由吳甸釋回交進後再犯者，枷號兩個月，滿日發往黑龍江給兵丁爲奴。,,宫规汇编层。鱼虾小偷配黑龙江为奴——罚则与留发谕的宽免并读，道光治理一手重一手轻。
QH-A-XF-0021,xianfeng,文字或数值陈述,QH-P-000056,reported_in_edict,咸丰六年四月二十三日旨：大阿哥满月，璷贵人之母呈进之物殊属可恶、著掷还；嗣后妃嫔贵人等家属不准与各宫互相来往，亦不准差人往别家去；此旨著续入现行则例,咸丰六年四月二十三日,1856-05-01,1856-06-30,,约略,已采纳,QH-SU-XF-GZ-0001B,卷一；咸丰六年四月二十三日,伊是何人，擅自呈進，殊屬可惡。所進之物著擲還。,,宫规汇编层。防亲线第四笔：妃嫔母家层；谕自命「续入现行则例」=制度自写。
QH-A-XF-0022,xianfeng,文字或数值陈述,QH-P-000056,reported_in_edict,咸丰十一年内阁驳董元醇谕：我朝圣圣相承，向无皇太后垂帘听政之礼；皇考特派怡亲王载垣等赞襄政务；该御史必欲于亲王中另行简派，是诚何心，所奏尤不可行,咸丰十一年,1861-09-01,1861-10-31,,约略,已采纳,QH-SU-XF-JL-0001A,卷一；不准垂帘听政谕,我朝聖聖相承，向無皇太后垂簾聽政之禮。,,笔记转录官书。辛酉辩论端肃方：祖制无垂帘+顾命赞襄两论证；是诚何心=驳谕原声。
QH-A-XF-0023,xianfeng,文字或数值陈述,QH-P-000056,reported_in_memorial,胜保奏请太后亲理大政折：载垣端华以臣仆而代纶音、挟至尊以令天下；我皇上以宗子缵承大统，原不必以朱谕之有无为定；道路之人见诏旨皆曰此非吾君之言也；文皇后虽无垂帘明文而有听政实用,咸丰十一年,1861-09-01,1861-10-31,,约略,已采纳,QH-SU-XF-JL-0001A,卷一；胜保奏请太后亲理大政折,在該王等，不過以承寫朱諭爲詞，居之不疑，不知我皇上以宗子纘承大統，天與人歸，原不必以朱諭之有無爲定。,,笔记转录奏折。辛酉辩论反方：直接攻击承写朱谕的凭据层；此非吾君之言=诏旨合法性危机；引宋宣仁与本朝文皇后为垂帘先例。
QH-A-TZ-0014,tongzhi,文字或数值陈述,QH-P-000057,reported_in_edict,同治元年三月十五日上谕：奉慈安慈禧两宫懿旨，命南书房上书房翰林等将历代帝王善政及前史垂帘事迹择其可为法戒者据事直书简明注释汇册进呈，赐名治平宝鉴；潘祖荫奏草：垂帘则著于宋廷,同治元年三月十五日,1862-04-01,1862-04-30,,约略,已采纳,QH-SU-TZ-JL-0001A,卷一；治平宝鉴,前奉慈安皇太后、慈禧皇太后懿旨，命南書房、上書房、翰林等，將曆代帝王善政，及前史垂簾事跡，擇其可爲法戒者，據事直書，簡明注釋，彙冊進呈。,,笔记转录官书。垂帘落地层：辛酉驳谕说向无垂帘之礼，一年后两宫命编前史垂帘事迹为法戒；潘奏明引宋廷垂帘先例。
QH-A-TZ-0015,tongzhi,事件发生,QH-P-000057,reported_in_edict,同治四年二月初四日两宫皇太后懿旨命翰林院检讨徐桐在弘德殿行走授皇帝读，三月二十二日命为翰林院侍讲；笔记称异数也，后来入直者皆以官秩较崇者任之,同治四年,1865-03-01,1865-04-30,,约略,已采纳,QH-SU-TZ-JL-0001B,卷一；徐桐异数,同治四年二月初四日，兩宮皇太后懿旨，命翰林院檢討徐桐在弘德殿行走，授皇帝讀。,,笔记转录懿旨。垂帘管到皇帝课堂：以检讨（低秩）授读为异数；帝师人事由懿旨点。
QH-A-GX-0018,guangxu,文字或数值陈述,QH-P-000058,reported_in_anecdote,光绪庚子德宗奉孝钦后西狩即于西安度岁；除夕德宗御便服小冠、冠顶缀红绒结、垂肩黄丝穗；内监皆服蟒袍、外罩青色半臂、以蓝布裹头如营兵,光绪二十六年除夕,1901-02-01,1901-02-28,,约略,已采纳,QH-SU-GX-QB-0001A,001；庚子西安行宫之除夕,內監皆服蟒袍，外罩青色半臂，而以藍布裹頭，如營兵。,,掌故层。行在除夕的衣冠小景：便服小冠+蓝布裹头如营兵——流亡朝廷的礼制降档。
QH-A-GX-0019,guangxu,文字或数值陈述,QH-P-000165,reported_in_anecdote,清稗类钞记孝钦后宫岁暮：年终各省督抚进呈贡物孝钦逐一审视择所爱者留置左右；直隶总督进黄缎衣以珍宝缀成大牡丹花叶以翡翠制之孝钦大喜元旦曾一衣之；除夕皇后率行礼辞岁；除夕奏乐达旦,光绪朝（未系年）,1875-01-01,1908-11-14,,约略,已采纳,QH-SU-GX-QB-0001A,001；孝钦后宫中之岁暮新年,除夕之晨，孝欽禮神佛祖宗。……由皇后率領行禮，即辭歲也。,,掌故层。京礼岁暮场景：贡物审视+辞岁+奏乐达旦；与西安行在礼对读。
QH-A-GX-0020,guangxu,事件发生,QH-P-000186,reported_in_diary,光绪七年正月廿六日曾纪泽至外部与吉尔斯布策校阅敕书议定通商章程，遂将条约章程卡伦单专条画押盖印酉初二刻毕,光绪七年正月二十六日,1881-02-24,1881-02-24,,确定,已采纳,QH-SU-GX-RJ-0001A,卷四；正月廿六日条,遂將條約章程、卡倫單專條畫押蓋印，酉初二刻畢。,,使臣亲笔。伊犁改约（圣彼得堡条约）画押当日的第一人称记录；备约细节（画格、粘贴添注、试演写约）为条约的物质层。 2026-09-08纠正日记作者及签署主体为曾纪泽，非光绪帝。
QH-A-GX-0021,guangxu,文字或数值陈述,QH-P-000058,reported_in_edict,光绪二十四年政变后以帝疾命中外保荐精通医理之人,光绪二十四年八月,1898-09-01,1898-10-31,,约略,已采纳,QH-SU-GX-BM-0001A,卷六十六,以帝疾，命中外保薦精通醫理之人。,,编成层转录。征医谕是政变的信号文本：病是谕说的，不是脉案说的；与后来脉案层对读。
QH-A-GX-0022,guangxu,文字或数值陈述,QH-P-000058,reported_in_memorial,废立议起，两江总督刘坤一抗电力争，有「君臣之分已定，中外之口宜防」之语，时人谓十二字电奏为帝延命金丹,光绪二十四年,1898-09-01,1898-12-31,,约略,已采纳,QH-SU-GX-BM-0001A,卷六十六,君臣之分已定，中外之口宜防。,,编成层转录。地方督抚一电挡住废立——电报层的合法性辩护。
QH-A-GX-0023,guangxu,事件发生,QH-P-000058,reported_in_anecdote,太后幽帝于南海瀛台，遴亲信太监监守，撤门外板桥以断出入防帝逸,光绪二十四年八月,1898-09-01,1898-10-31,,约略,已采纳,QH-SU-GX-BM-0001A,卷六十六,撤門外板橋以斷出入，防帝逸也。,,编成层。瀛台囚禁的物质层：四面环水、撤桥断路。
QH-A-GX-0024,guangxu,文字或数值陈述,QH-P-000058,reported_in_edict,光绪二十四年七月二十九日帝召见杨锐赐衣带诏，有朕位几不保、命四卿与康有为速设法筹救之语,光绪二十四年七月二十九日,1898-09-14,1898-09-14,,约略,已采纳,QH-SU-GX-BM-0001A,卷六十六,朕位幾不保，命四卿與康有爲速設法籌救。,,编成层转录。皇帝亲笔的求救文本；与征医谕（政变方文本）成对：同一场政变，两边各写一份。
QH-A-XT-0007,xuantong,文字或数值陈述,QH-P-000059,reported_in_edict,隆裕太后谕：朝廷何忍以一姓之尊荣，贻万民以实祸；故授袁世凯全权，与民军研究一切办法,宣统三年十二月十九日,1912-02-06,1912-02-06,,约略,已采纳,QH-SU-XT-BM-0001A,卷八十,朝廷何忍以一姓之尊榮，貽萬民以實禍？,,编成层转录。退位契约的授权方文本：一姓尊荣与万民实祸的对价句式。
QH-A-XT-0008,xuantong,文字或数值陈述,QH-P-000059,reported_in_treaty,优待皇室八条首条：帝但御政体不废尊号；中华民国以待各外国君主之礼相待,宣统三年十二月二十五日,1912-02-12,1912-02-12,,约略,已采纳,QH-SU-XT-BM-0001A,卷八十,帝但御政體，不廢尊號。中華民國以待各外國君主之禮相待。,,编成层转录终结性法律文件。退位不是单纸诏书，是契约：诏书是接受端，条件是交换端。
QH-A-XT-0009,xuantong,文字或数值陈述,QH-P-000059,reported_in_anecdote,宣统三年十二月初八日彭家珍炸良弼；良弼临终谓杀我者好英雄也真知我也，又言我宗社之亡将无日也,宣统三年十二月初八日,1912-01-26,1912-01-26,,约略,已采纳,QH-SU-XT-BM-0001A,卷八十,殺我者，好英雄也，真知我也。,,编成层。宗社党（抵抗派）的最后一刺与绝声：良弼死前两语，一认刺客，一认亡期。
QH-A-GX-0025,guangxu,文字或数值陈述,QH-P-000058,reported_in_anecdote,庚子两宫微服出走，间关道途，昼餐无糗糒，夕休无床榻，饥寒羸瘁有平民所不堪者；行二日至榆林堡，怀来知县吴永具衣冠恭迓，帝后始得进饘粥备供帐,光绪二十六年七月,1900-08-01,1900-08-31,,约略,已采纳,QH-SU-GX-CX-0001A,卷一,晝餐無糗糒，夕休無床榻，飢寒羸瘁，有平民所不堪者，况萬乘之尊乎？,,当事人口述。西逃途次的第一人称：微服、无食、无榻；榆林堡始进粥。与类钞西安除夕对读=途与驻。
QH-A-XT-0010,xuantong,文字或数值陈述,QH-P-000059,reported_in_anecdote,盛宣怀主张铁路干归国有、枝任民为；然未审历年祸患潜伏之深，川乱以成，鄂变随起，而事遂不可为,宣统三年四月,1911-05-01,1911-05-31,,约略,已采纳,QH-SU-XT-YC-0001A,卷四；盛宣怀之铁路主张,武進於是主張鐵路幹歸國有，枝任民為，盡塞以前弊竇。然未審歷年禍患潛伏之深。,,掌故层。铁路国有的决策层：看见弊窦，没看见潜伏；川乱鄂变随起。
QH-A-XT-0011,xuantong,文字或数值陈述,QH-P-000059,reported_in_anecdote,武昌起事后新内阁谋借外款作战费：请先于列强将庚子赔款迟期一年而加息，并移币制借款应急,宣统三年八月,1911-09-01,1911-10-31,,约略,已采纳,QH-SU-XT-YC-0001A,卷四；新内阁谋结列强之计,今武漢亂作，難保無蔓延之勢。,,掌故层。终点前夕内阁的算计：借庚款延期与币制借款作战费——拿前一场战争的赔款，打这一场战争的仗。
QH-A-XF-0024,xianfeng,文字或数值陈述,QH-P-000056,reported_in_anecdote,醇邸奉懿旨捕肃顺于客邸，捶门呼有旨意；肃顺内应：若是母旨意，我却不受；乃破扉入擒而治之,咸丰十一年七月,1861-09-01,1861-09-30,,约略,已采纳,QH-SU-XF-CM-0001A,卷上,若是母旨意，我卻不受！,,见闻层。辛酉的被捕声：败方对懿旨的拒认——与胜保抗章「原不必以朱谕之有无为定」同一问：懿旨凭什么算旨。
QH-A-XF-0025,xianfeng,文字或数值陈述,QH-P-000056,reported_in_anecdote,宝鋆以户部侍郎力持京仓米不宜输热河，得旨宝某著即处斩；文宗宾天两宫垂帘后乃改署户部侍郎旋即大用,咸丰十一年,1861-01-01,1861-12-31,,约略,已采纳,QH-SU-XF-CM-0001A,卷上,得旨寶某著即處斬。,,见闻层。赞襄柄政时与部臣的摩擦：一纸几斩谕；垂帘后同一人旋即大用——换的不是人，是执柄者。
QH-A-XT-0012,xuantong,文字或数值陈述,QH-P-000173,reported_in_anecdote,张之洞晚年见新学猖狂颇有悔心；新政倡自湖北，既提倡在先不能尽反前议，袖手嗟叹而已；晚岁官愈高而境愈逆，由是郁郁成疾,宣统元年,1909-01-01,1909-12-31,,约略,已采纳,QH-SU-XT-GW-0001A,卷次待核；国闻备乘张之洞抑郁而死,既提倡在先，不能盡反前議，袖手嗟歎而已。,,掌故层（国闻备乘，SRC-052；卷次待核）。新政倡导者的自反：废科举的人晚年嗟叹学堂；他死在铁路国有前一年。
QH-A-XT-0013,xuantong,文字或数值陈述,QH-P-000165,reported_in_anecdote,慈禧语人：奕劻藉朝廷势网取金钱，是诚负我；今我夺奕劻位以畀他人，他人遂足信哉？奕劻好利之名早达慈听而卒不罢,光绪朝晚年,1902-01-01,1908-11-14,,约略,已采纳,QH-SU-XT-GW-0001A,国闻备乘孝钦优容庆邸,今我奪奕劻位以他人，他人遂足信哉？,,掌故层（国闻备乘，SRC-052）。慈禧自述不罢奕劻之故：知贪而不换——换人成本高于容忍。皇族内阁的伏笔。
QH-A-GX-0026,guangxu,事件发生,QH-P-000174,reported_in_anecdote,光绪三十三年奕劻密谋参瞿鸿禨，疏上留中；翼日奕劻入朝袖其折归，径从私宅拟旨，鸿禨遂罢,光绪三十三年,1907-01-01,1907-12-31,,约略,已采纳,QH-SU-XT-GW-0001A,国闻备乘瞿鸿禨因衽席之言失位,奕劻入朝，袖其折歸，徑從私宅擬旨，鴻禨遂罷。,,掌故层（国闻备乘，SRC-052）。罢枢臣的旨从庆邸私宅拟出——生产者层晚清一例：与端肃拟旨、承写朱谕同问。衽席之言腾播西报为同条信息层。
QH-A-XT-0014,xuantong,文字或数值陈述,QH-P-000058,reported_in_edict,隆裕奉德宗遗诏命诛袁世凯；监国与张之洞力解之，迟迟未决,光绪三十四年十月,1908-11-01,1908-11-30,,约略,已采纳,QH-SU-XT-GW-0001A,国闻备乘陈璧袁世凯之去,隆裕奉德宗遺詔，命世凱。,,掌故层（国闻备乘，SRC-052）。德宗遗诏的另一端：罢瞿的旨出庆邸，诛袁的诏出德宗——两条遗命，一被私宅接、一被力解。
QH-A-XT-0015,xuantong,事件发生,QH-P-000173,reported_in_anecdote,监国之初张之洞与监国密商处置袁世凯累日不决；明面上之洞对言官称袁公知兵朝廷不肯轻听一言官之辞，暗里赵炳麟陈田同日具疏参之，世凯果罢,宣统元年,1909-01-01,1909-12-31,,约略,已采纳,QH-SU-XT-GW-0001A,国闻备乘张袁相恶,君讀史人，豈有樞輔重臣，朝廷肯輕聽一言官之辭遽行易置乎？,,掌故层。人事的双面：明面袒袁、暗里谋罢；言官的疏是台面。与私宅拟旨同层——旨与疏的生产者都不在台面上。
QH-A-GX-0027,guangxu,事件发生,QH-P-000165,reported_in_anecdote,和议既成慈禧颇欲根究主战者之罪，意专注于常熟；其时帝眷未衰，仅披其枝叶而未伤本根：吴大澂复任寻免、汪鸣銮突然被谴,光绪二十一年,1895-05-01,1895-12-31,,约略,已采纳,QH-SU-XT-YC-0001D,卷三；慈禧欲究主战之罪,於是吳大澂已復任而尋免，汪鳴鑾突然被譴，俱常熟里黨。,,掌故层（异辞录，SRC-050）。甲午败后的究罪：败战要找罪人，主战派成罪人；帝眷护本根，先披枝叶。与寿典层（六旬遇甲午）对读。
QH-A-GX-0028,guangxu,事件发生,QH-P-000175,reported_in_anecdote,南巡至香港琅威里上岸，帅纛移于镇远，部众拒不受命，琅威里怒而辞去；海军之败兆于此,光绪十六年前后,1890-01-01,1890-12-31,,约略,已采纳,QH-SU-XT-YC-0001D,卷三；海军之败兆,部眾拒不受命，怒而辭去。海軍之敗兆於此。,,掌故层（异辞录，SRC-050）。败兆在甲午前四年：旗移镇远、部众拒命、洋员怒辞——纪律层先于战事层。
QH-A-GX-0029,guangxu,文字或数值陈述,QH-P-000175,reported_in_anecdote,丁汝昌夙将骑兵以统海师朝廷用人自为失当；屡受督责欲战自知不敌惟求一死塞责；见危授命较临阵脱逃之方伯谦服毒呼救之刘步蟾高之奚止一等,光绪二十年,1894-01-01,1895-12-31,,约略,已采纳,QH-SU-XT-YC-0001D,卷三；丁汝昌见危授命,丁汝昌夙將騎兵，以統海師，朝廷用人，自為失當。,,掌故层。甲午海军的个人层：骑兵统海师是用人失当；求一死塞责是败后的个人账。与究罪层对读：朝廷究主战，掌故评用人。
QH-A-TZ-0016,tongzhi,事件发生,QH-P-000176,reported_in_anecdote,胜保业经逮问治罪之时仍以疏请垂帘自居拥戴之功胆敢上章自诉；给事中赵树吉请速诛之；同治二年四月奉旨褫职,同治二年,1863-01-01,1863-12-31,,约略,已采纳,QH-SU-XT-YC-0001B,卷一；胜保之恶习,仍以疏請垂簾，自居擁戴之功，膽敢上章自訴。,,掌故层（异辞录，SRC-050）。辛酉抗章的续笔：写「原不必以朱谕之有无为定」的人，逮问时仍请垂帘、自居拥戴——抗章之声与罪臣自诉是同一支笔。劾吴台寿疏为张之洞少年手笔。
QH-A-GX-0030,guangxu,事件发生,QH-P-000165,reported_in_anecdote,同治十三年十二月慈禧问孰为宜立，目视恭邸曰奕訢其为之，恭邸悲痛绝于地；复曰其令奕譞之子入嗣，醇邸亦昏绝；惇邸进言然则今上不为立后耶，两宫如弗闻焉而入内,同治十三年十二月,1875-01-07,1875-02-04,,约略,已采纳,QH-SU-XT-YC-0001C,卷二；议立光绪,惇邸進言曰：「然則今上不為立後耶？」兩宮如弗聞焉而入內。,,掌故层（异辞录，SRC-050）。立嗣场景的在场声：问者慈禧、绝地的恭醇、被忽略的惇邸之问——「今上不为立后耶」即光绪继咸丰不继同治的现场一问。
QH-A-XF-0026,xianfeng,文字或数值陈述,QH-P-000177,reported_in_anecdote,恭邸当国阴行肃顺政策，亲用汉臣，李文忠尤其倚赖，凡所措置足奠邦基,同治朝,1862-01-01,1874-12-31,,约略,已采纳,QH-SU-XT-YC-0001C,卷二；恭亲王当国,恭邸當國，陰行肅順政策，親用漢臣。,,掌故层。辛酉的后续：赢者拿位、行者用败者之策——肃顺亲用汉臣的政策在恭邸当国时延续。与捕肃顺声对读：门内拒认懿旨的人，其策被赢者阴行。
QH-A-TZ-0017,tongzhi,事件发生,QH-P-000178,executed,同治八年八月癸卯内监安得海出京，丁宝桢奏诛之,同治八年八月,1869-09-01,1869-10-31,,约略,已采纳,QH-SU-TZ-QSG-0022C,卷22,內監安得海出京，丁寶楨奏誅之。,,官书层。宦官线的同治一笔：出京即诛。与咸丰治理层（禁太监认亲戚）对读——咸丰防的是太监认亲，同治诛的是太监出京。
QH-A-TZ-0018,tongzhi,文字或数值陈述,QH-P-000057,issued_edict,同治八年八月庚戌申谕约束太监,同治八年八月,1869-09-01,1869-10-31,,约略,已采纳,QH-SU-TZ-QSG-0022C,卷22,庚戌，申諭約束太監。,,官书层。诛安得海后五日申谕约束太监——先诛一人，再申一谕；与咸丰「此旨著续入现行则例」同构：个案之后是则例。
QH-A-XF-0027,xianfeng,文字或数值陈述,QH-P-000179,reported_in_anecdote,洪秀全之乱蔓延朝野咸惧，惇王悦曰：非此一震，选色征歌未知伊于胡底；殷忧启圣，正斯时矣,咸丰初年,1851-01-01,1853-12-31,,约略,已采纳,QH-SU-XT-YC-0001C,卷二；惇亲王斩祀,殷憂啟聖，正斯時矣。,,掌故层（异辞录，SRC-050）。亲王声：以乱为震、以忧启圣——对文宗耽逸乐的宗室批评。与治理层防亲线对读：皇帝自己防母家，亲王以乱谏逸乐。
QH-A-XF-0028,xianfeng,事件发生,QH-P-000179,reported_in_anecdote,文宗崩于热河，恭邸献计两宫谋诛三奸，惇王斥其非；及恭邸得罪王力为调护,咸丰十一年,1861-08-01,1861-12-31,,约略,已采纳,QH-SU-XT-YC-0001C,卷二；惇亲王斩祀,恭邸獻計兩宮，謀誅三奸，皆重臣也，王斥其非。,,掌故层。辛酉的宗室反声：赢方阵营里也有人斥其非——政变文本层之外的宗室异议。与母旨意不受、抗章、自诉并读，辛酉至少四种声。
QH-A-GX-0031,guangxu,文字或数值陈述,QH-P-000165,reported_in_anecdote,庚子西巡琐记：行在膳房极简率，以生鱼难求，故传单不用鱼；行宫极陕隘，两宫太监数千人此次随扈者不及百人；寝宫无晷漏，命设木晷以测日景；长安苦热求冰不可得，购青瓷大缸注清泉以代冰桶,光绪二十六年,1900-10-01,1901-12-31,,约略,已采纳,QH-SU-GX-QB-0011A,011；庚子西巡琐记,行在膳房極簡率，以生魚難求，故傳單不用魚。,,掌故层（清稗类钞，SRC-045）。行在物质层：不用鱼的传单、不及百人的太监、木晷、青瓷缸代冰桶——与蓝布裹头同层：庚子的行在是用缺什么记什么的。
QH-A-XF-0029,xianfeng,文字或数值陈述,QH-P-000167,reported_in_anecdote,清稗类钞记辛酉秋七月上疾大渐受遗诏立皇太子后，三奸辄矫遗诏自署为赞襄政务王大臣，又擅遏禁留京王大臣恭亲王等,咸丰十一年七月,1861-09-01,1861-09-30,,约略,已采纳,QH-SU-GX-QB-0009A,009；咸丰季年三奸伏诛,三奸輒矯遺詔……自署為贊襄政務王大臣。,,掌故层（清稗类钞，SRC-045）。辛酉承写层的掌故判词：官书不写「矫」，掌故写「辄矫遗诏」——与胜保「以承写朱谕为词」同一问的两端。
QH-A-GX-0032,guangxu,事件发生,QH-P-000165,reported_in_anecdote,光绪庚子十二月立春，庚子虽在行在亦与顺天无异：画工依钦天监颁行之式写春牛图进呈，顺天府亦写图由驿驰至同日呈进；立春日宫中以大盘盛生萝卜镂字为联分呈两宫谓之咬春,光绪庚子十二月,1901-01-01,1901-02-28,,约略,已采纳,QH-SU-GX-QB-0001B,001；庚子西安行宫之立春,庚子雖在行在，亦與順天無異。,,掌故层（清稗类钞，SRC-045）。行在礼的另一面：物质层记缺（不用鱼的传单），立春层记不降档——春牛图由驿驰至、咬春沿明制。缺的是物，不缺的是礼。
QH-A-TZ-0019,tongzhi,文字或数值陈述,QH-P-000057,reported_in_anecdote,同治宾天有联云弘德殿广德楼德行何居惯唱曲儿钞曲本献春方进春册春光能几可怜天子出天花；穆宗不豫人无不归咎庆祺，此对盛传一时，言路闻之至入弹章,同治十三年,1874-11-01,1875-01-11,,约略,已采纳,QH-SU-XT-YC-0001C,卷二；刺王庆祺联,可憐天子出天花。,,舆论层（异辞录，SRC-050）。脉案层的舆论旁声：二十六天天花是脉案写的，「可怜天子出天花」是市井写的；言路至入弹章。注意作者自限：春方春册事本无考，诬人名节不取。
QH-A-GX-0033,guangxu,文字或数值陈述,QH-P-000180,reported_in_anecdote,德宗嗣位初年醇邸欲以左易李既知不可任之益专；文忠坐镇津门朝廷大事悉咨而后行；北洋章奏所请无不予也；淮军将校果有能者无不用也；臣下弹章皆立予谴责不能动,光绪初年,1875-01-01,1884-12-31,,约略,已采纳,QH-SU-XT-YC-0001C,卷二；李鸿章遥执朝政,北洋章奏所請，無不予也。,,掌故层（异辞录，SRC-050）。光绪朝政层：垂帘之外还有北洋——朝廷大事悉咨后行、章奏所请无不予。与伊犁拒签对读：对外全权大臣签字，对内北洋章奏无不予。
QH-A-GX-0034,guangxu,事件发生,QH-P-000181,reported_in_anecdote,关外军需咸经光墉之肆；频年外洋丝市不振，不通译者每昧外情，不得已贱售露窘状；上海道靳应缴西饷不之予，风声四播取存款者云集潮涌，支持不经日而肆闭,光绪九年,1883-01-01,1883-12-31,,约略,已采纳,QH-SU-XT-YC-0001C,卷二；胡光墉破产,關外軍需，咸經光墉之肆。,,掌故层（异辞录，SRC-050）。商人层：收复新疆的军需经他的铺子走；几年后丝市不振、西饷被靳，一日肆闭。与伊犁层对读：朝廷在彼得堡拒签全权，经手同一场战事军需的商人在上海倒账。
QH-A-GX-0035,guangxu,事件发生,QH-P-000171,reported_in_anecdote,项城闻变惧为日俘将先归，举唐绍怡自代；绍怡避入英馆；及相偕返国甫登轮船入大沽口，某甲突抱持绍怡入海泣述始末谓绍怡辱己以辱国；项城两解之而不责,甲午开衅时,1894-07-01,1894-12-31,,约略,已采纳,QH-SU-XT-YC-0001D,卷三；袁世凯闻变先归,項城聞變，懼為日俘，將先歸，舉唐紹怡自代。,,掌故层（异辞录，SRC-050）。袁线前史：甲午在汉城闻变先归的是他，宣统年被德宗遗诏命诛的也是他——逃过一次的人，后来被一道遗诏点名。
QH-A-GX-0036,guangxu,文字或数值陈述,QH-P-000180,reported_in_anecdote,中日战事方起，李文忠为海陆军帅手握全权，直隶提督叶曙青为大将身当前敌，项城为行人通使命，合词请班师以待天下公论；政府未识敌情惟责统帅意存畏葸,甲午开衅时,1894-07-01,1894-12-31,,约略,已采纳,QH-SU-XT-YC-0001D,卷三；李鸿章殊难辞责,合詞請班師，以待天下公論。,,掌故层。甲午开衅时主帅、大将、行人合词请班师——主战派成罪人之前，先有一纸请班师的合词。与甲午三笔账对读：纪律、用人、究罪之外，开衅时还有「请班师」一笔。
QH-A-GX-0037,guangxu,文字或数值陈述,QH-P-000058,reported_in_anecdote,自户部奏定光绪十四年之后不购新械，武库已空如洗；战衅既开议购英国新式三快轮、智利兵轮七艘、德国鱼雷猎船四艘、德国大炮一百二十尊；船械不敌政府未尝不知而敢孤注一掷,光绪十四年后,1888-01-01,1894-06-30,,约略,已采纳,QH-SU-XT-YC-0001D,卷三；政府孤注一掷,自戶部奏定，光緒十四年之後不購新械，武庫已空如洗。,,掌故层（异辞录，SRC-050）。军械层：败兆在旗是纪律层，武库空如洗是器物层——光绪十四年户部奏定不购新械，战衅既开才议购五批。与海军三笔账合读：纪律先坏、用人再错、究罪收尾，器物层在最底。
QH-A-GX-0038,guangxu,事件发生,QH-P-000182,reported_in_anecdote,叶曙青以步卒二千当倭一旅团，全师退至平壤，未始无功；然区区小事侈陈功绩大开保案，宜乎受人指摘；惶遽之中失履以袜行,甲午开衅时,1894-07-01,1894-12-31,,约略,已采纳,QH-SU-XT-YC-0001D,卷三；叶志超侈陈功绩,侈陳功績，大開保案。,,掌故层（异辞录，SRC-050）。用人层补笔：败兆在旗是海军的纪律，侈陈功绩是陆军的保案——小功大开保案，平壤之败后保案成了罪状的一部分。
QH-A-GX-0039,guangxu,文字或数值陈述,QH-P-000182,reported_in_anecdote,志超汝贵帅师分道至朝鲜，以间色服装，持旧式器械，用密集阵法；无工兵为营垒则战守咸失其宜，无辎重以输运则前后不能相顾；一旦与日人遇寡不敌众缓不济急其败固宜,甲午开衅时,1894-07-01,1894-12-31,,约略,已采纳,QH-SU-XT-YC-0001D,卷三；平壤之败,以間色服裝，持舊式器械，用密集陣法。,,掌故层（异辞录，SRC-050）。战况层：间色服装、旧式器械、密集阵法、无工兵、无辎重——五笔写完平壤。同条袁语：其败譬如机器，引擎锅炉马达速率之不敌，出货固宜不若；仅归咎货出之一部谁任其咎——机器喻是系统层。
QH-A-GX-0040,guangxu,文字或数值陈述,QH-P-000180,reported_in_anecdote,平壤集师势均，诸将乞以文忠公子伯行为帅；张佩纶争曰公之弟且不以能战名何有于其子；文忠乃复诸将电云方儿向未亲行阵吾更难内举不避亲,甲午开衅时,1894-07-01,1894-12-31,,约略,已采纳,QH-SU-XT-YC-0001D,卷三；张佩纶阻李经方为帅,方兒向未親行陣，吾更難內舉不避親。,,掌故层（异辞录，SRC-050）。用人层补笔：诸将乞以李经方为帅，张佩纶阻之，李鸿章以「向未亲行阵、难内举不避亲」复绝——与大开保案对读：一边是侈陈保举，一边是拒绝举子。
QH-A-GX-0041,guangxu,事件发生,QH-P-000180,reported_in_anecdote,平壤之败诏夺文忠三眼翎褫黄马褂；次日伶人赶三演丑表功，去保儿插諢云我有汗马功劳奈何夺我三眼翎褫我黄马褂,平壤之败后,1894-09-16,1894-12-31,,约略,已采纳,QH-SU-XT-YC-0001D,卷三；李经楚闻败而匿,我有汗馬功勞，奈何奪我三眼翎，褫我黃馬褂？,,舆论层（异辞录，SRC-050）。甲午的市井账：夺翎褫褂的次日，伶人演丑表功插諢——与同治「可怜天子出天花」同层：挽联写皇帝，丑戏写帅臣。
QH-A-GX-0042,guangxu,文字或数值陈述,QH-P-000183,reported_in_anecdote,孝钦后将至太原某夕梦中惊啼；适岑春煊自甘肃率勤王师至，是夜立寝门外闻惊啼声，亟呼曰臣春煊在此保驾请太后毋恐，于是后醒,两宫在庚子行在时,1900-10-01,1901-12-31,,约略,已采纳,QH-SU-GX-QB-0011A,011；庚子西巡琐记,臣春煊在此保駕，請太后毋恐。,,掌故层（清稗类钞，SRC-045）。庚子扈从层：物质层记缺、立春层记不降档、保驾声记人——寝门外的护驾一呼，是行在的人声层。
QH-A-XF-0030,xianfeng,事件发生,QH-P-000167,reported_in_anecdote,是日垣端自缢；肃身肥面白以大丧故白袍布靴反接置牛车上，过骡马市大街儿童驩呼曰肃顺亦有今日乎，或拾瓦砾泥土掷之顷刻面目遂模糊不可辨；将行刑肃肆口大骂又不肯跪，刽子以大铁柄敲之,肃顺就刑日,1861-11-01,1861-11-30,,约略,已采纳,QH-SU-GX-QB-0009A,009；三奸伏诛,肅順亦有今日乎！,,掌故层（清稗类钞，SRC-045）。辛酉就刑层：四声记文本之声，西市记现场之声——儿童驩呼、瓦砾掷面、不肯跪、大铁柄。官书不写西市，掌故写。
QH-A-XF-0031,xianfeng,文字或数值陈述,QH-P-000056,reported_in_anecdote,咸丰季年文宗嬖雏伶朱莲芬不时传召；有陆御史者亦狎之因不得常见遂直言极谏；文宗阅之不加罪大笑曰陆都老爷醋矣；即批其摺云如狗啃骨被人夺去岂不恨哉钦此,咸丰季年,1858-01-01,1861-08-21,,约略,已采纳,QH-SU-GX-QB-0009A,009；文宗容纳陆御史之直谏,陸都老爺醋矣。,,掌故层（清稗类钞，SRC-045）。言路层：直言极谏不加罪，朱批以戏答——「如狗啃骨，被人夺去，岂不恨哉」。热河层的皇帝记避走，言路层的皇帝记笑答；两副面孔同朝。
QH-A-GX-0043,guangxu,文字或数值陈述,QH-P-000058,reported_in_anecdote,翁同龢授读惟女子与小人为难养也章引史事数十条反覆讲论；德宗为之下泪曰女戎之祸其中必有小人，盖指李莲英也；翁复引明怀宗故事，语为李所闻讒之于孝钦后,戊戌前,1895-01-01,1898-06-10,,约略,已采纳,QH-SU-GX-QB-0009A,009；德宗听讲下泪,女戎之禍，其中必有小人！,,掌故层（清稗类钞，SRC-045）。讲筵层：病层记谣言与征医，讲筵层记泪——「女戎之祸，其中必有小人」，盖指李莲英。掌故自连因果（语为李所闻讒于后，戊戌遂有政变之祸）——因果是掌故层，泪是现场层；两层分记。
QH-A-GX-0044,guangxu,文字或数值陈述,QH-P-000058,reported_in_anecdote,德宗自奉极俭，谕内务府大臣增某制一书案谆嘱勿尚华丽但求适用；及案成未加漆即命进呈，问其值以七百金对；怒曰一书案而糜款若是汝辈积习何时始能革除耶，又以足蹴其背而斥之曰混蛋,某年,,,原文仅记某年，尚无可据以限定年份的材料。,约略,已采纳,QH-SU-GX-QB-0009D,帝德类；德宗自奉俭约（维基文库分段 009）,一書案而糜款若是，汝輩積習何時始能革除耶！,,2026-09-08回查《德宗自奉俭约》：原文只写某年，删除无文本支持的戊戌前及公历范围；七百金为笔记用语，不直接等同银两或换算人民币。所叙事件未经账册旁证。
QH-A-GX-0045,guangxu,文字或数值陈述,QH-P-000058,reported_in_writing,清季外交史料选辑导言：王彦威供职军机处时手录光绪元年至三十年外交诏令章奏密电，初名光绪朝洋务始末记；哲嗣续至宣统三年，改今名；本选辑取中法、中日两役与台湾关涉史事，正文未上线,光绪朝至宣统三年,1875-01-01,1912-02-12,,约略,已采纳,QH-SU-GX-WJ-0001A,导言,王氏在清光緒中供職軍機處時，嘗手錄元年至三十年間有關外交之朝廷詔令、樞臣彊吏章奏以及密電秘稿等件，初名曰「光緒朝洋務始末記」；以後其哲嗣希隱復蒐集光緒季年至宣統三年之涉外文件賡續成書，改易今名。,,源流层（SRC-043）。只证汇编来源与续编关系，不证正文电文；不得把选辑目录写成筹办夷务始末原书。
QH-A-GX-0046,guangxu,文字或数值陈述,QH-P-000058,reported_in_writing,清季外交史料选辑目录马关序列：台民不服割地恐激他变；和议各条万不可允；恳将割台事请各使公断；拟将全台密畀各国为租界；台民闻三国阻约人心稍定,光绪二十一年,1895-04-01,1895-05-31,,约略,已采纳,QH-SU-GX-WJ-0001A,目录；第344/349/351/354/359条,臺撫唐景崧致軍務處臺民不服割地恐激他變電……署江督張之洞奏和議各條萬不可允電……臺撫唐景崧致總署懇將割臺事請各使公斷電……臺撫唐景崧致總署擬將全臺密畀各國為租界電……臺撫唐景崧致總署臺民聞三國阻約人心稍定電,,目录层（SRC-043）。只证选辑目录有这五条篇名，不证电文正文；正文未上线，不得写成已回原电。
QH-A-GX-0047,guangxu,文字或数值陈述,QH-P-000058,reported_in_writing,清季外交史料选辑目录中法序列：法以兵船来华恫喝；法水师提督拟据中国口岸为质；法攻基隆甚危；法使照称攻取基隆允赔仍和；总署请各国公使秉公评论；刘铭传奏守护基隆大获胜仗；张佩纶与法交战船焚厂毁；谕法国渝盟肇衅不得已而用兵,光绪十年,1884-07-01,1884-08-31,,约略,已采纳,QH-SU-GX-WJ-0001B,目录；第17/18/25/26/32/61/69/70条,諭沿海各督撫法以兵船來華恫喝著督飭將領實力籌防電……直督李鴻章致樞垣興化失守法水師提督擬據中國口岸為質電……直督李鴻章致總署報法攻基隆甚危電……直督李鴻章致總署法使照稱攻取基隆允賠仍和電……總署致各國公使償款正在會商法輒攫基隆請秉公評論照會……臺撫劉銘傳奏守護基隆大獲勝仗摺……閩海疆會辦張佩綸致樞垣與法交戰船焚廠毀請派兵輪赴援電……諭軍民人等法國渝盟肇釁不得已而用兵電,,目录层（SRC-043）。只证选辑目录有这些篇名，不证电文或战况；不得把目录条写成基隆已核胜负。
QH-A-SZ-0008,shunzhi,文字或数值陈述,QH-P-000053,reported_in_edict,四库本《御定资政要览》顺治十二年正月序：帝王为政贤哲修身莫不本于德而成于学,顺治十二年正月,1655-02-01,1655-03-02,,约略,已采纳,QH-SU-SZ-ZZYL-0001A,序；顺治十二年正月吉日,朕惟帝王為政賢哲修身莫不本於徳而成於學,,四库御定本层。只证序的开端，不是原刊本，也不证十八岁汉学修养已经有多深。
QH-A-SZ-0009,shunzhi,文字或数值陈述,QH-P-000053,reported_in_edict,四库本《御定资政要览》顺治十二年正月序：采集诸书中之关于政事者为三十篇，名曰资政要览,顺治十二年正月,1655-02-01,1655-03-02,,约略,已采纳,QH-SU-SZ-ZZYL-0001B,序；顺治十二年正月吉日,乃採集諸書中之闗於政事者為三十篇,,四库御定本层。只证序自称三十篇。三十章正文未逐章拆，不得写成全书已开。
QH-A-SZ-0010,shunzhi,文字或数值陈述,QH-P-000053,reported_in_edict,四库本《御定资政要览》君道章第一：得道者必静，静而宁可以为天下贞,顺治十二年,1655-02-01,1655-12-31,,约略,已采纳,QH-SU-SZ-ZZYL-0001C,君道章第一,得道者必靜静而寕可以為天下貞,,四库御定本层。只证君道章开端。夹注不作正文。不证无为而治已经落实，也不证其余二十八章。
QH-A-SZ-0011,shunzhi,文字或数值陈述,QH-P-000053,reported_in_edict,四库本《御定资政要览》臣道章第二：士不可辱则大，大则尊于富贵,顺治十二年,1655-02-01,1655-12-31,,约略,已采纳,QH-SU-SZ-ZZYL-0001D,臣道章第二,士不可辱則大大則尊於富貴,,四库御定本层。只证臣道章开端。夹注不作正文。不证当时臣工已经如此，也不证其余二十八章。
QH-A-SZ-0012,shunzhi,文字或数值陈述,QH-P-000053,reported_in_edict,四库本《御定资政要览》父道章第三：父子之爱天性也，必教以成之,顺治十二年,1655-02-01,1655-12-31,,约略,已采纳,QH-SU-SZ-ZZYL-0001E,父道章第三,父子之愛天性也必教以成之,,四库御定本层。只证父道章开端。夹注不作正文。不证宫廷教子已经如此。
QH-A-SZ-0013,shunzhi,文字或数值陈述,QH-P-000053,reported_in_edict,四库本《御定资政要览》子道章第四：执一术而众善从百邪去者其惟孝乎,顺治十二年,1655-02-01,1655-12-31,,约略,已采纳,QH-SU-SZ-ZZYL-0001F,子道章第四,執一術而衆善從百邪去者其惟孝乎,,四库御定本层。只证子道章开端。夹注不作正文。不证孝行已经落实。
QH-A-SZ-0014,shunzhi,文字或数值陈述,QH-P-000053,reported_in_edict,四库本《御定资政要览》夫道章第五：天地合而万物兴焉，婚姻人道之始也,顺治十二年,1655-02-01,1655-12-31,,约略,已采纳,QH-SU-SZ-ZZYL-0001G,夫道章第五,天地合而萬物興焉婚姻人道之始也,,四库御定本层。只证夫道章开端。夹注不作正文。不证当时婚姻礼制已经如此。
QH-A-SZ-0015,shunzhi,文字或数值陈述,QH-P-000053,reported_in_edict,四库本《御定资政要览》妇道章第六：女子始生而衣禓，稍长而鞶丝，柔道也,顺治十二年,1655-02-01,1655-12-31,,约略,已采纳,QH-SU-SZ-ZZYL-0001H,婦道章第六,女子始生而衣禓稍長而鞶絲柔道也,,四库御定本层。只证妇道章开端。夹注不作正文。不证当时女子教育已经如此。
QH-A-SZ-0016,shunzhi,文字或数值陈述,QH-P-000053,reported_in_edict,四库本《御定资政要览》兄弟章第七：兄弟分形而连气，父子之纪也,顺治十二年,1655-02-01,1655-12-31,,约略,已采纳,QH-SU-SZ-ZZYL-0001I,兄弟章第七,兄弟分形而連氣父子之紀也,,四库御定本层。只证兄弟章开端。目录作友道，正文标题作兄弟章，分层保留。夹注不作正文。
QH-A-SZ-0017,shunzhi,文字或数值陈述,QH-P-000053,reported_in_edict,四库本《御定资政要览》体仁章第八：天地大矣，生而弗子，成而弗有,顺治十二年,1655-02-01,1655-12-31,,约略,已采纳,QH-SU-SZ-ZZYL-0001J,體仁章第八,天地大矣生而弗子成而弗有,,四库御定本层。只证体仁章开端。夹注不作正文。不证仁政已经落实。
QH-A-SZ-0018,shunzhi,文字或数值陈述,QH-P-000053,reported_in_edict,四库本《御定资政要览》弘义章第九：得失殊致，取舍攸分,顺治十二年,1655-02-01,1655-12-31,,约略,已采纳,QH-SU-SZ-ZZYL-0001K,𢎞義章第九,得失殊致取舍攸分,,四库御定本层。只证弘义章开端。目录作宏义，正文标题作𢎞義章，分层保留。夹注不作正文。
QH-A-SZ-0019,shunzhi,文字或数值陈述,QH-P-000053,reported_in_edict,四库本《御定资政要览》敦礼章第十：辨上下定民志莫切乎礼,顺治十二年,1655-02-01,1655-12-31,,约略,已采纳,QH-SU-SZ-ZZYL-0001L,敦禮章第十,辨上下定民志莫切乎禮,,四库御定本层。只证敦礼章开端。夹注不作正文。不证礼制已经辨上下。
QH-A-SZ-0020,shunzhi,文字或数值陈述,QH-P-000053,reported_in_edict,四库本《御定资政要览》察微章第十一：万事之化莫不起于细而成于钜,顺治十二年,1655-02-01,1655-12-31,,约略,已采纳,QH-SU-SZ-ZZYL-0001M,察微章第十一,萬事之化莫不起於細而成於鉅,,四库御定本层。只证察微章开端。夹注不作正文。不证当时已经察微知远。
QH-A-SZ-0021,shunzhi,文字或数值陈述,QH-P-000053,reported_in_edict,四库本《御定资政要览》昭信章第十二：天非信不生，地非信不成，人非信不立,顺治十二年,1655-02-01,1655-12-31,,约略,已采纳,QH-SU-SZ-ZZYL-0001N,昭信章第十二,天非信不生地非信不成人非信不立,,四库御定本层。只证昭信章开端。夹注不作正文。不证当时已经昭信。
QH-A-SZ-0022,shunzhi,文字或数值陈述,QH-P-000053,reported_in_edict,四库本《御定资政要览》知人章第十三：官必择贤，游必择交,顺治十二年,1655-02-01,1655-12-31,,约略,已采纳,QH-SU-SZ-ZZYL-0001O,知人章第十三,故官必擇賢游必擇交,,四库御定本层。只证知人章开端。夹注不作正文。不证当时已经知人善任。
QH-A-SZ-0023,shunzhi,文字或数值陈述,QH-P-000053,reported_in_edict,四库本《御定资政要览》厚生章第十四：独以民食得之，仓廪充而衣食足,顺治十二年,1655-02-01,1655-12-31,,约略,已采纳,QH-SU-SZ-ZZYL-0001P,厚生章第十四,獨以民食得之倉廩充而衣食足,,四库御定本层。只证厚生章开端。夹注不作正文。不证仓廪已经充。
QH-A-SZ-0024,shunzhi,文字或数值陈述,QH-P-000053,reported_in_edict,四库本《御定资政要览》教化章第十五：礼正月始和，县教法于象魏以眎万民,顺治十二年,1655-02-01,1655-12-31,,约略,已采纳,QH-SU-SZ-ZZYL-0001Q,教化章第十五,禮正月始和縣教法於象魏以眎萬民,,四库御定本层。只证教化章开端。夹注不作正文。不证当时已经悬法象魏。
QH-A-SZ-0025,shunzhi,文字或数值陈述,QH-P-000053,reported_in_edict,四库本《御定资政要览》俭德章第十六：邃古淳风渐以文而代质,顺治十二年,1655-02-01,1655-12-31,,约略,已采纳,QH-SU-SZ-ZZYL-0001R,儉徳章第十六,邃古淳風漸以文而代質,,四库御定本层。只证俭德章开端。夹注不作正文。不证当时已经崇俭。
QH-A-SZ-0026,shunzhi,文字或数值陈述,QH-P-000053,reported_in_edict,四库本《御定资政要览》迁善章第十七：自以为善斯不善至，自知不善斯善至,顺治十二年,1655-02-01,1655-12-31,,约略,已采纳,QH-SU-SZ-ZZYL-0001S,遷善章第十七,自以為善斯不善至自知不善斯善至,,四库御定本层。只证迁善章开端。夹注不作正文。不证当时已经迁善改过。
QH-A-SZ-0027,shunzhi,文字或数值陈述,QH-P-000053,reported_in_edict,四库本《御定资政要览》务学章第十八：学非能益也，达天性也,顺治十二年,1655-02-01,1655-12-31,,约略,已采纳,QH-SU-SZ-ZZYL-0001T,務學章第十八,學非能益也達天性也,,四库御定本层。只证务学章开端。夹注不作正文。不证当时已经复性成德。
QH-A-SZ-0028,shunzhi,文字或数值陈述,QH-P-000053,reported_in_edict,四库本《御定资政要览》重农章第十九：粟者国之大用，政之本务也,顺治十二年,1655-02-01,1655-12-31,,约略,已采纳,QH-SU-SZ-ZZYL-0001U,重農章第十九,粟者國之大用政之本務也,,四库御定本层。只证重农章开端。夹注不作正文。不证当时已经重农足粟。
QH-A-SZ-0029,shunzhi,文字或数值陈述,QH-P-000053,reported_in_edict,四库本《御定资政要览》睦亲章：族和则动得所求，静得所安,顺治十二年,1655-02-01,1655-12-31,,约略,已采纳,QH-SU-SZ-ZZYL-0001V,睦親章第二十九,族和則動得所求靜得所安,,四库御定本层。只证睦亲章开端。正文标题作第二十九，不按目录排第二十。夹注不作正文。不证当时已经九族和睦。
QH-A-SZ-0030,shunzhi,文字或数值陈述,QH-P-000053,reported_in_edict,四库本《御定资政要览》积善章第二十一：善者天人所以授受,顺治十二年,1655-02-01,1655-12-31,,约略,已采纳,QH-SU-SZ-ZZYL-0001W,積善章第二十一,善者天人所以授受,,四库御定本层。只证积善章开端。夹注不作正文。不证当时已经积善致庆。
QH-A-SZ-0031,shunzhi,文字或数值陈述,QH-P-000053,reported_in_edict,四库本《御定资政要览》爱民章第二十二：大道之行也，选贤与能，讲信修睦,顺治十二年,1655-02-01,1655-12-31,,约略,已采纳,QH-SU-SZ-ZZYL-0001X,愛民章第二十二,大道之行也選賢與能講信修睦,,四库御定本层。只证爱民章开端。夹注不作正文。不证当时已经大同。
QH-A-SZ-0032,shunzhi,文字或数值陈述,QH-P-000053,reported_in_edict,四库本《御定资政要览》慈幼章第二十三：周礼大司徒以保息六养万民，一曰慈幼,顺治十二年,1655-02-01,1655-12-31,,约略,已采纳,QH-SU-SZ-ZZYL-0001Y,慈幼章第二十三,周禮大司徒以保息六養萬民一曰慈幼,,四库御定本层。只证慈幼章开端。夹注不作正文。不证当时已经设掌幼官。
QH-A-SZ-0033,shunzhi,文字或数值陈述,QH-P-000053,reported_in_edict,四库本《御定资政要览》养生章第二十四：大人以群生为生，以各遂为养,顺治十二年,1655-02-01,1655-12-31,,约略,已采纳,QH-SU-SZ-ZZYL-0001Z,養生章第二十四,大人以羣生為生以各遂為養,,四库御定本层。只证养生章开端。夹注不作正文。不得写成入海求药或祠灶化金已经实行。
QH-A-SZ-0034,shunzhi,文字或数值陈述,QH-P-000053,reported_in_edict,四库本《御定资政要览》惩忿章第二十五：君子容以养德，忍以济事,顺治十二年,1655-02-01,1655-12-31,,约略,已采纳,QH-SU-SZ-ZZYL-0002A,懲忿章第二十五,君子容以養徳忍以濟事,,四库御定本层。只证惩忿章开端。夹注不作正文。不证当时已经惩忿息争。
QH-A-SZ-0035,shunzhi,文字或数值陈述,QH-P-000053,reported_in_edict,四库本《御定资政要览》窒欲章第二十六：多欲者必放于利,顺治十二年,1655-02-01,1655-12-31,,约略,已采纳,QH-SU-SZ-ZZYL-0002B,窒欲章第二十六,多欲者必放於利,,四库御定本层。只证窒欲章开端。夹注不作正文。不证当时已经窒欲不贪。
QH-A-SZ-0036,shunzhi,文字或数值陈述,QH-P-000053,reported_in_edict,四库本《御定资政要览》履谦章第二十七：君子卑以自牧,顺治十二年,1655-02-01,1655-12-31,,约略,已采纳,QH-SU-SZ-ZZYL-0002C,履謙章第二十七,君子卑以自牧,,四库御定本层。只证履谦章开端。夹注不作正文。不证当时已经卑以自牧。
QH-A-SZ-0037,shunzhi,文字或数值陈述,QH-P-000053,reported_in_edict,四库本《御定资政要览》谨言章第二十八：精喻者不待言,顺治十二年,1655-02-01,1655-12-31,,约略,已采纳,QH-SU-SZ-ZZYL-0002D,謹言章第二十八,精喻者不待言,,四库御定本层。只证谨言章开端。夹注不作正文。不证当时已经慎密弗出。
QH-A-SZ-0038,shunzhi,文字或数值陈述,QH-P-000053,reported_in_edict,四库本《御定资政要览》慎行章第二十九：进德修业淑身以接物者其惟行欤,顺治十二年,1655-02-01,1655-12-31,,约略,已采纳,QH-SU-SZ-ZZYL-0002E,慎行章第二十九,進徳修業淑身以接物者其惟行歟,,四库御定本层。只证慎行章开端。正文标题亦作第二十九，与睦亲章分层。夹注不作正文。
QH-A-SZ-0039,shunzhi,文字或数值陈述,QH-P-000053,reported_in_edict,四库本《御定资政要览》爱物章第三十：君子之用物也有不可废之礼而有不忍尽之心,顺治十二年,1655-02-01,1655-12-31,,约略,已采纳,QH-SU-SZ-ZZYL-0002F,愛物章第三十,故君子之用物也有不可廢之禮而有不忍盡之心,,四库御定本层。只证爱物章开端。夹注不作正文。不证当时已经仁及鸟兽。三十章开端已齐，不是原刊本，也不证汉学修养有多深。
QH-A-SZ-0040,shunzhi,文字或数值陈述,QH-P-000001,reported_in_edict,四库本《世祖章皇帝圣训》康熙二十六年序：因命儒臣分类编纂，朕复详加披绎,康熙二十六年三月二十七日,1687-04-01,1687-05-31,,约略,已采纳,QH-SU-SZ-SX-0001A,序；康熙二十六年三月二十七日,因命儒臣分𩔖編纂朕復詳加披繹,,四库刻本层。康熙序，不是顺治自撰，也不是实录。正文各卷未见可引分页。
QH-A-SZ-0041,shunzhi,文字或数值陈述,QH-P-000001,reported_in_edict,四库本《世祖章皇帝圣训》康熙二十六年序：计一百一十三条统为圣训六卷,康熙二十六年三月二十七日,1687-04-01,1687-05-31,,约略,已采纳,QH-SU-SZ-SX-0001B,序；康熙二十六年三月二十七日,計一百一十三條統為聖訓六卷,,四库刻本层。只证序自称一百一十三条、六卷。乾隆四年序另拆，条数同称，不是另开正文。不得写成六卷正文已开。
QH-A-SZ-0042,shunzhi,文字或数值陈述,QH-P-000019,reported_in_edict,四库本《世祖章皇帝圣训》乾隆四年序：古昔帝王应运而兴，开物成务,乾隆四年十二月初十日,1740-01-01,1740-01-31,,约略,已采纳,QH-SU-SZ-SX-0001C,序；乾隆四年十二月初十日,古昔帝王應運而興開物成務,,四库刻本层。乾隆序，不是康熙序，也不是顺治自撰，也不是实录。正文各卷未见可引分页。
QH-A-SZ-0043,shunzhi,文字或数值陈述,QH-P-000019,reported_in_edict,四库本《世祖章皇帝圣训》乾隆四年序：圣祖命儒臣分类编辑，计一百一十有三条，汇成圣训六卷,乾隆四年十二月初十日,1740-01-01,1740-01-31,,约略,已采纳,QH-SU-SZ-SX-0001D,序；乾隆四年十二月初十日,我聖祖仁皇帝躬承先訓命儒臣分𩔖編輯計一百一十有三條彚成聖訓六卷,,四库刻本层。只证乾隆序追述康熙编纂。条数与康熙序同称，不是另开正文。不得写成六卷正文已开。
QH-A-GX-0048,guangxu,文字或数值陈述,QH-P-000186,reported_in_diary,日记记试演在硬纸上印底、书写条约,光绪七年正月十五日,,,保留光绪七年正月十五日；本次未进行公历换算。,约略,审核中,QH-SU-GX-RJ-0001B,卷四；正月十五日条,觀寫條約之硬紙，擬以糖板印底而後書之，試演良久。,,2026-09-08 直播选题回查：已对应公开排印录文及上下文；未与影印原本逐字校勘。解释与原文分列。
QH-A-GX-0049,guangxu,文字或数值陈述,QH-P-000186,reported_in_diary,日记记外部所送纸张尺寸变大，此前画格不可用,光绪七年正月二十日,,,保留光绪七年正月二十日；本次未进行公历换算。,约略,审核中,QH-SU-GX-RJ-0001C,卷四；正月二十日条,接外部送來寫條約紙尺寸，較前加大，連日所畫格皆不可用，裁紙擬另畫一格。,,2026-09-08 直播选题回查：已对应公开排印录文及上下文；未与影印原本逐字校勘。解释与原文分列。
QH-A-GX-0050,guangxu,文字或数值陈述,QH-P-000186,reported_in_diary,日记记将已缮条约印糖板，以防汗手沾污脱墨,光绪七年正月二十四日,,,保留光绪七年正月二十四日；本次未进行公历换算。,约略,审核中,QH-SU-GX-RJ-0001D,卷四；正月二十四日条,將小村所繕條約印糖板一次，以防汗手沾汙脫墨之弊。,,2026-09-08 直播选题回查：已对应公开排印录文及上下文；未与影印原本逐字校勘。解释与原文分列。
QH-A-YZ-0456,yongzheng,文字或数值陈述,QH-P-000002,reported_in_edict,上谕转述湖南巡抚奏报中的沿途喊话；不是现场采访记录,卷三上谕（追述）,,,上谕追述传闻，所述喊话没有可确认的发生日。,约略,审核中,QH-SU-YZ-DYJML-0003T,卷三；雍正上谕一：沿途喊话,你們都來聽新皇帝的新聞，我們已受冤屈，要向你們告訴，好等你們向人傳說。,,2026-09-08 直播选题回查：已对应公开排印录文及上下文；未与影印原本逐字校勘。解释与原文分列。
QH-A-YZ-0457,yongzheng,文字或数值陈述,QH-P-000002,reported_in_edict,上谕命令将逆书、审讯问语和口供一并刊刻；实际传播范围另需取证,卷三上谕（追述）,,,此摘录未标出具体发旨日期，尚未核定。,约略,审核中,QH-SU-YZ-DYJML-0003U,卷三；雍正上谕一：刊刻命令,並將伊之逆書及前後審訊詰問之語，與伊口供，一一刊刻頒布，使天下人共知之。,,2026-09-08 直播选题回查：已对应公开排印录文及上下文；未与影印原本逐字校勘。解释与原文分列。
QH-A-YZ-0458,yongzheng,文字或数值陈述,QH-P-000002,reported_in_deposition,曾静供述所居之地少用银钱，间有交易亦用稻谷,卷二问答（追述）,,,记录追述早年经历或解释政策；本段讯问日未核，不以叙述内年份充当供述日期。,约略,审核中,QH-SU-YZ-DYJML-0002Y,卷二；十八；曾静供：谷物交易,即間有買賣，亦是用稻穀，不惟不使錢，竟少有用銀子。,,2026-09-09 回查维基文库卷二问答及上下文。仅证明刊本如此记载；未校勘影印、未核案档或独立地方记录。
QH-A-YZ-0459,yongzheng,文字或数值陈述,QH-P-000002,reported_in_deposition,曾静供称细看钱文字画不清，到雍正六年春将此事作为验证,卷二问答（追述）,,,记录追述早年经历或解释政策；本段讯问日未核，不以叙述内年份充当供述日期。,约略,审核中,QH-SU-YZ-DYJML-0002Z,卷二；十八；曾静供：钱文与验证,直至雍正六年春，狂悖將萌，竟把此事做一個驗証。,,2026-09-09 回查维基文库卷二问答及上下文。仅证明刊本如此记载；未校勘影印、未核案档或独立地方记录。
QH-A-YZ-0460,yongzheng,文字或数值陈述,QH-P-000002,reported_in_deposition,曾静供称乡间只听到取铜禁铜之令，未得知缘由,卷二问答（追述）,,,记录追述早年经历或解释政策；本段讯问日未核，不以叙述内年份充当供述日期。,约略,审核中,QH-SU-YZ-DYJML-0002AA,卷二；十八；曾静供：禁铜之令与缘由,在外只有取銅禁銅之令，中間並未說出取銅禁銅之由。,,2026-09-09 回查维基文库卷二问答及上下文。仅证明刊本如此记载；未校勘影印、未核案档或独立地方记录。
QH-A-YZ-0461,yongzheng,文字或数值陈述,QH-P-000002,reported_in_deposition,曾静将雍正三年的西行解释为寻找四川安耕之地,卷二问答（追述）,,,记录追述早年经历或解释政策；本段讯问日未核，不以叙述内年份充当供述日期。,约略,审核中,QH-SU-YZ-DYJML-0002AB,卷二；一；曾静供：四川安耕,思欲去四川尋採個安靜的所在，以為搬家安耕之計。,,2026-09-09 回查维基文库卷二问答及上下文。仅证明刊本如此记载；未校勘影印、未核案档或独立地方记录。
QH-A-YZ-0462,yongzheng,文字或数值陈述,QH-P-000002,reported_in_deposition,曾静供称两年收成、水荒及米谷价格使其对同一天象改作解释,卷二问答（追述）,,,记录追述早年经历或解释政策；本段讯问日未核，不以叙述内年份充当供述日期。,约略,审核中,QH-SU-YZ-DYJML-0002AC,卷二；一；曾静供：重新解释天象,乃翻疑此五星聯珠、日月合璧的兆，恐另有別應。,,2026-09-09 回查维基文库卷二问答及上下文。仅证明刊本如此记载；未校勘影印、未核案档或独立地方记录。
QH-A-YZ-0463,yongzheng,文字或数值陈述,QH-P-000002,reported_in_edict,奉旨问语以铜铅搭配及防止销钱制器解释铸钱政策,卷二问答（追述）,,,记录追述早年经历或解释政策；本段讯问日未核，不以叙述内年份充当供述日期。,约略,审核中,QH-SU-YZ-DYJML-0002AD,卷二；十八；奉旨问语：铸钱与销毁,是以令錢局以鉛銅各半搭配鼓鑄，使奸民無銷毀之利。,,2026-09-09 回查维基文库卷二问答及上下文。仅证明刊本如此记载；未校勘影印、未核案档或独立地方记录。
QH-A-AD-0001,kangxi,文字或数值陈述,QH-P-000001,reported_in_edict,清史稿本纪：嗣后滋生户口勿庸更出丁钱即以本年丁数为定额,康熙五十一年二月壬午,1712-01-01,1712-12-31,,约略,已采纳,QH-SU-AD-0001,卷8；康熙五十一年二月壬午,承平日久，生齒日繁。嗣後滋生戶口，勿庸更出丁錢，即以本年丁數為定額，著為令。,,清史稿本纪短诏层。食货志另有盛世滋生人丁永不加赋长句，字句不同，并列不择一。实录日条未回。换算依 CAL-001，尚未逐条核录。
QH-A-AD-0002,kangxi,文字或数值陈述,QH-P-000001,reported_in_edict,清史稿食货志：五十年以后谓之盛世滋生人丁永不加赋仍五岁一编审,康熙五十一年,1712-01-01,1712-12-31,,约略,已采纳,QH-SU-AD-0004,卷121食货志役法；康熙五十一年,五十年以後，謂之盛世滋生人丁，永不加賦。仍五歲一編審。,,食货志层。本纪二月壬午诏未写盛世滋生四字。户部缺额抵补细则同段另见，本条不取。换算依 CAL-001，尚未逐条核录。
QH-A-AD-0003,shunzhi,文字或数值陈述,QH-P-000053,reported_in_writing,清史稿食货志：顺治十一年复采用明万历一条鞭法,顺治十一年,1654-01-01,1654-12-31,,约略,已采纳,QH-SU-AD-0003,卷121食货志赋役；顺治十一年,復採用明萬曆一條鞭法。一條鞭者，以府、州、縣一歲中夏稅秋糧存留起運之額，均徭里甲土貢雇募加銀之額，通為一條，總徵而均支之。,,后出志书。只证志文记顺治十一年复用并给定义。会典未开。不得写成万历原法已核，也不得写成清初已逐县落实。换算依 CAL-001，尚未逐条核录。
QH-A-AD-0004,kangxi,文字或数值陈述,QH-P-000001,reported_in_writing,清史稿本纪：康熙五十一年正月壬子命内外大臣具摺陈事并记摺奏自此始,康熙五十一年正月壬子,1712-01-01,1712-12-31,,约略,已采纳,QH-SU-AD-0002,卷8；康熙五十一年正月壬子,命內外大臣具摺陳事。摺奏自此始。,,后出本纪。命具摺是纪事；摺奏自此始是案语。不得写成康熙朝此前无折。宫中档与图像层已另记康熙朝朱批。实录未回。换算依 CAL-001，尚未逐条核录。
QH-A-AD-0005,yongzheng,事件发生,QH-P-000002,reported_in_edict,清史稿本纪：命山西丁银摊入地粮征收其后各省以渐行之,雍正元年九月甲寅,1723-01-01,1723-12-31,,约略,已采纳,QH-SU-AD-0006,卷9；雍正元年九月甲寅,命山西丁銀攤入地糧徵收，其後各省以漸行之。,,后出本纪。与食货志直隶李维钧起点并列，不择一。其后各省以渐行之不得写成元年全国一刀切。实录未回。换算依 CAL-001，尚未逐条核录。
QH-A-AD-0006,yongzheng,事件发生,QH-P-000002,reported_in_edict,清史稿本纪：命河南陕西四川均摊丁银入地并征,雍正四年十二月辛酉,1726-12-01,1727-01-31,十二月或跨公历年,约略,已采纳,QH-SU-AD-0007,卷9；雍正四年十二月辛酉,命河南、陝西、四川均攤丁銀入地並徵。,,后出本纪逐省条。不得写成全国已在四年完成。十二月或跨公历年，页面须显式说明。换算依 CAL-001，尚未逐条核录。
QH-A-AD-0007,yongzheng,文字或数值陈述,QH-P-000002,reported_in_writing,清史稿食货志：雍正初准直隶巡抚李维钧丁银随地起征统谓之地丁,雍正初,1723-01-01,1725-12-31,,约略,已采纳,QH-SU-AD-0008,卷121食货志役法；雍正初,雍正初，令各省將丁口之賦，攤入地畝輸納徵解，統謂之「地丁」。先是康熙季年，四川、廣東諸省已有行之者。至是準直隸巡撫李維鈞請，將丁銀隨地起徵,,食货志层。起点作直隶李维钧，与本纪元年山西不同，并列不择一。康熙季年川粤已行，不得写成雍正独创。换算依 CAL-001，尚未逐条核录。
QH-A-AD-0008,yongzheng,文字或数值陈述,QH-P-000002,reported_in_writing,清史稿食货志：直隶每地赋一两摊入丁银二钱二厘,雍正初,1723-01-01,1725-12-31,,约略,已采纳,QH-SU-AD-0008,卷121食货志役法；直隶则例,每地賦一兩，攤入丁銀二錢二釐，嗣後直省一體仿行。,,二钱二厘是食货志所记直隶则例。同段另列闽鲁豫甘赣桂鄂苏皖湘分数，不得写成全国同一则。一体仿行是志文概括。换算依 CAL-001，尚未逐条核录。
QH-A-AD-0009,yongzheng,文字或数值陈述,QH-P-000002,reported_in_writing,清史稿食货志：奉天贵州户籍未定仍丁地分征,雍正初以后,1723-01-01,1735-12-31,,约略,已采纳,QH-SU-AD-0008,卷121食货志役法；奉天贵州例外,自後丁徭與地賦合而為一，民納地丁之外，別無徭役矣。惟奉天、貴州以戶籍未定，仍丁地分徵。,,食货志自设例外。不得把摊丁写成全国已完成。山西阳曲等四十二州县另编丁银同段未拆。换算依 CAL-001，尚未逐条核录。
QH-A-AD-0010,yongzheng,文字或数值陈述,QH-P-000002,reported_in_writing,清史稿食货志：各省文职养廉二百八十余万两取诸耗羡,雍正后至乾隆初,1724-01-01,1736-12-31,,约略,已采纳,QH-SU-AD-0009,卷121食货志赋役；文职养廉总数,其後又酌定分數，各省文職養廉二百八十餘萬兩，及各項公費，悉取諸此。,,食货志后出总数。各省品级分额未开。及帝即位下接高宗朝廷议，不得写成雍正二年当日定额。换算依 CAL-001，尚未逐条核录。
QH-A-AD-0011,yongzheng,文字或数值陈述,QH-P-000002,reported_in_edict,圣训：耗羡存库备地方公用不可归入钱粮正项,雍正二年三月丁丑,1724-01-01,1724-12-31,,约略,已采纳,QH-SU-AD-0010,卷二十三理财；雍正二年三月丁丑,耗羨存庫不過暫寄以備地方公用斷不可歸入錢糧之内凡此等羨餘概不得牽混正項,,圣训分类辑录层，不是实录日条。四库本页作丁丒。与食货志石文焯条同旨不同文本。换算依 CAL-001，尚未逐条核录。
QH-A-AD-0012,yongzheng,文字或数值陈述,QH-P-000002,reported_in_edict,圣训：耗羡银两并非正项钱粮可比不可比照正项报销,雍正四年四月己丑,1726-01-01,1726-12-31,,约略,已采纳,QH-SU-AD-0011,卷二十三理财；雍正四年四月己丑,各省耗羨銀兩與營伍中數分公糧存貯公所原為本省本營之中或有公事需用或為各官養亷使地方營伍備用有資不致派累兵民乃通權達變之法其來久矣竝非正項錢糧可比也,,圣训层。同谕又禁将耗羡比照正项具题报销。养廉字作养亷。只证当时口径，不证各省已停苛求。换算依 CAL-001，尚未逐条核录。
QH-A-AD-0013,yongzheng,文字或数值陈述,QH-P-000002,reported_in_edict,圣训：诺岷裁汰州县重耗量留耗羡抵补亏空并酌拨养廉,雍正五年九月戊辰,1727-01-01,1727-12-31,,约略,已采纳,QH-SU-AD-0012,卷二十三理财；雍正五年九月戊辰,將州縣之火耗重者嚴行裁汰酌中量留耗羨抵補無著之虧空不使累及民間而官員亦免承追不力之叅罰又恐官員無以養亷復酌撥以為日用之資,,圣训五年追记山西办法，不是二年当日实录。圣训作諾岷，食货志作諾敏，字形两见，不静默统一。换算依 CAL-001，尚未逐条核录。
QH-A-AD-0014,yongzheng,文字或数值陈述,QH-P-000002,reported_in_edict,圣训：耗羡出产于地方亏空既完应仍归于本地官民岂有收入公帑之理,雍正五年九月戊辰,1727-01-01,1727-12-31,,约略,已采纳,QH-SU-AD-0012,卷二十三理财；雍正五年九月戊辰,蓋耗羨者出産於地方即小民之膏脂也以地方之出産完本地之虧項所謂以公完公官民均有裨益若虧空既完則此項耗羨應仍歸於本地之官民豈有收入公帑之理,,圣训自称反对把耗羡解充公帑。与食货志提解火耗归公用词不同：一指提解存公、一指不可收入中央公帑。并列，不压成一句归公。换算依 CAL-001，尚未逐条核录。
QH-A-AD-0015,yongzheng,文字或数值陈述,QH-P-000002,reported_in_edict,圣训：提解火耗乃均平通便官员有养廉之资民间无苛派之扰,雍正七年十二月癸卯,1729-12-01,1730-01-31,十二月或跨公历年,约略,已采纳,QH-SU-AD-0013,卷二十三理财；雍正七年十二月癸卯,至於提解火耗乃均平通便之道官員有養廉之資民間無苛派之擾,,圣训七年口径。十二月或跨公历年，页面须显式说明。这是当时说法，不是效果已核。换算依 CAL-001，尚未逐条核录。
QH-A-AD-0016,yongzheng,文字或数值陈述,QH-P-000002,reported_in_edict,圣训：耗羡乃民间之物惟用之本地若将丝毫归公是朕利其所有必不为,雍正七年十二月癸卯,1729-12-01,1730-01-31,十二月或跨公历年,约略,已采纳,QH-SU-AD-0013,卷二十三理财；雍正七年十二月癸卯,從前督撫中有請將耗羨歸公者朕切加訓飭盖此項乃民間之物惟有用之於本地若將絲毫歸公是朕利其所有矣朕必不為也,,圣训用归公指收入中央。食货志用归公指提解火耗。本纪六年壬寅亦有不可以归公。三层用词不同，并列不择一。不入冲突组。换算依 CAL-001，尚未逐条核录。
QH-A-AD-0017,yongzheng,文字或数值陈述,QH-P-000002,reported_in_edict,圣训：地丁钱粮百姓自行投纳为定例江西里长催头应查明裁革,雍正二年六月庚子,1724-01-01,1724-12-31,,约略,已采纳,QH-SU-AD-0014,卷十五爱民一；雍正二年六月庚子,地丁錢糧百姓自行投納此定例也聞江西省用里民催收每里十甲輪遞値年名曰里長催頭小民充者有經催之責既不免姦胥之需索而經年奔走曠農失業擾民實甚須即查明通行裁革,,圣训层。自行投纳是当时所称定例，对应一条鞭官收官解。只证谕令江西查明裁革，不证已经裁尽。换算依 CAL-001，尚未逐条核录。
QH-A-AD-0018,yongzheng,文字或数值陈述,QH-P-000002,reported_in_writing,硃批谕旨序：内外臣工皆令其具摺奏事,雍正十年三月初一日,1732-01-01,1732-12-31,,约略,已采纳,QH-SU-AD-0015,卷首上谕；雍正十年三月初一日御笔,是以内外臣工皆令其具摺奏事以廣諮諏,,刻本序自述。不是原折，也不是清史稿摺奏自此始。只证序称令内外臣工具摺。换算依 CAL-001，尚未逐条核录。
QH-A-AD-0019,yongzheng,文字或数值陈述,QH-P-000002,reported_in_writing,硃批谕旨序：奏摺本人封达朕前亲自批发无一件假手于人亦无一人赞襄于侧,雍正十年三月初一日,1732-01-01,1732-12-31,,约略,已采纳,QH-SU-AD-0015,卷首上谕；雍正十年三月初一日御笔,此等奏摺皆本人封達朕前朕親自覽閱親筆批發一字一句皆出朕之心思無一件假手於人亦無一人贊襄於側,,刻本序自述日常运作：封达、亲阅、亲批、不假手。不是宫中档原折。不得写成所有折件皆已核对。换算依 CAL-001，尚未逐条核录。
QH-A-AD-0020,yongzheng,文字或数值陈述,QH-P-000002,reported_in_writing,硃批谕旨序：奏摺批发非如外廷谕旨尚有阁臣撰拟,雍正十年三月初一日,1732-01-01,1732-12-31,,约略,已采纳,QH-SU-AD-0015,卷首上谕；雍正十年三月初一日御笔,非如外廷宣布之諭㫖尚有閣臣等之撰擬也,,刻本序把奏摺通道与外廷本章/阁臣撰拟分开。不是军机处始设考异。会典未开。换算依 CAL-001，尚未逐条核录。
QH-A-AD-0021,yongzheng,文字或数值陈述,QH-P-000002,reported_in_writing,硃批谕旨序：雍正六年以前灯下批阅奏摺每至二鼓三鼓,雍正十年三月初一日,1732-01-01,1732-12-31,,约略,已采纳,QH-SU-AD-0016,卷首上谕；雍正十年三月初一日御笔,雍正六年以前晝則延接廷臣引見官弁傍晚觀覽本章燈下批閲奏摺每至二鼓三鼓,,刻本序自述六年以前作息。本章与奏摺分两段：傍晚观本章，灯下批奏摺。不是起居注时刻表。换算依 CAL-001，尚未逐条核录。
QH-A-AD-0022,yongzheng,文字或数值陈述,QH-P-000002,reported_in_writing,硃批谕旨序：缴回硃批之摺不下万余件,雍正十年三月初一日,1732-01-01,1732-12-31,,约略,已采纳,QH-SU-AD-0017,卷首上谕；雍正十年三月初一日御笔,今檢内外諸臣繳囘硃批之摺不下萬餘件,,刻本序自述缴回约数。选刻比例见 QH-A-AD-0024。刻本不等于宫中档全宗。换算依 CAL-001，尚未逐条核录。
QH-A-AD-0024,yongzheng,文字或数值陈述,QH-P-000002,reported_in_writing,硃批谕旨序：外任大臣官员奏摺手批可以颁发者刊刻不过十分之二三,雍正十年三月初一日,1732-01-01,1732-12-31,,约略,已采纳,QH-SU-AD-0017,卷首上谕；雍正十年三月初一日御笔,今將外任之大臣官員奏摺經朕手批酌量可以頒發者檢出付之剞劂計算實不過十分之二三,,刻本序自述选刻比例。只算外任大臣官员可以颁发者。不得把刻本当成原折全档。换算依 CAL-001，尚未逐条核录。
QH-A-AD-0023,kangxi,文字或数值陈述,QH-P-000001,reported_in_writing,清史稿食货志：康熙二十八年议行三联串票,康熙二十八年,1689-01-01,1689-12-31,,约略,已采纳,QH-SU-AD-0005,卷121食货志赋役；康熙二十八年,至是議行三聯串票，一存有司，一付役應比，一付民執照。,,后出志书。同段记其后更刊四联、未几仍复三联。只证志文记票式，不证州县已一律更换。换算依 CAL-001，尚未逐条核录。
QH-A-FW-0001,tianming,文字或数值陈述,QH-P-000051,reported_in_writing,设四旗复增四旗,清初,1615-01-01,1626-12-31,,约略,已采纳,QH-SU-FW-0001,卷130；兵一·八旗开端,設四旗，曰正黃、正白、正紅、正藍，復增四旗，曰鑲黃、鑲白、鑲紅、鑲藍,,只证兵志如此记始制。不得写成某一战役的出兵编制。后出《清史稿》，不作终审。换算依 CAL-001，尚未逐条核录
QH-A-FW-0002,tianming,文字或数值陈述,QH-P-000051,reported_in_writing,每旗三百人为一牛录,清初,1615-01-01,1626-12-31,,约略,已采纳,QH-SU-FW-0001,卷130；兵一·八旗开端,每旗三百人為一牛錄，以牛錄額真領之,,牛录是编制单位，不是某一战役出兵数。后出《清史稿》，不作终审。换算依 CAL-001，尚未逐条核录
QH-A-FW-0003,kangxi,文字或数值陈述,QH-P-000001,reported_in_writing,驻防四类：畿辅、东三省、各直省、藩部,清代,1644-01-01,1795-12-31,,约略,已采纳,QH-SU-FW-0002,卷130；兵一·驻防,八旗駐防之兵，大類有四：曰畿輔駐防兵……曰東三省駐防兵；曰各直省駐防兵，新疆駐防兵附焉；曰籓部兵,,四类是志书分类，不是一张已核的全国驻军表。新疆附于各直省。后出《清史稿》，不作终审。换算依 CAL-001，尚未逐条核录
QH-A-FW-0004,kangxi,文字或数值陈述,QH-P-000001,institution_noted_as_begun,黑龙江将军,康熙二十二年,1683-01-01,1683-12-31,,约略,已采纳,QH-SU-FW-0002,卷130；东三省驻防,二十二年，初置黑龍江將軍,,兵志设官年。本纪同月日见 QH-A-FW-0005。两处都保存。后出《清史稿》，不作终审。换算依 CAL-001，尚未逐条核录
QH-A-FW-0005,kangxi,称号授予,QH-P-000001,appointed_as,萨布素为新设黑龙江将军,康熙二十二年十月癸亥,1683-01-01,1683-12-31,,约略,已采纳,QH-SU-FW-0006,卷7；康熙二十二年十月癸亥,以薩布素為新設黑龍江將軍,,本纪设官句。萨布素人物ID未建，暂存字面值。公历月日待按 CAL-001 核录。
QH-A-FW-0006,shunzhi,文字或数值陈述,QH-P-000053,institution_noted_as_begun,各省绿营（马兵、守兵、战兵）,顺治初,1644-01-01,1651-12-31,,约略,已采纳,QH-SU-FW-0005,卷131；兵二开端,清順治初，天下已定，始建各省營制。綠營之制，有馬兵、守兵、戰兵,,只证兵志如此记始建。战守皆步兵，是同段下文，本条不扩写。后出《清史稿》，不作终审。换算依 CAL-001，尚未逐条核录
QH-A-FW-0007,shunzhi,文字或数值陈述,QH-P-000053,reported_in_writing,综天下制兵都六十六万人,清代绿营额兵,1644-01-01,1911-12-31,,约略,审核中,QH-SU-FW-0005,卷131；兵二开端,綜天下制兵都六十六萬人,,后出汇总数。本库不取总数，不作已核兵额。换算依 CAL-001，尚未逐条核录。
QH-A-FW-0008,kangxi,文字或数值陈述,QH-P-000001,reported_in_writing,征三藩用旗绿兵至四十万,康熙朝征三藩,1673-01-01,1681-12-31,,约略,审核中,QH-SU-FW-0005,卷131；兵二开端,自康熙征三籓時，用旗、綠兵至四十萬,,后出汇总。不作兵力统计。三藩战事见既有本纪主张。换算依 CAL-001，尚未逐条核录。
QH-A-FW-0009,kangxi,事件发生,QH-P-000001,commanded,设台湾府县官，隶福建行省,康熙二十三年夏四月己酉,1684-01-01,1684-12-31,,约略,已采纳,QH-SU-FW-0007,卷7；康熙二十三年四月己酉,設台灣府縣官，隸福建行省,,本纪未写三县县名、巡道。县三府一见施琅传 QH-A-FW-0011。公历月日待按 CAL-001 核录。
QH-A-FW-0010,kangxi,文字或数值陈述,QH-P-000098,reported_in_memorial,台湾关四省要害断不可弃；请设总兵副将参将分防,康熙二十二年至二十三年善后,1683-01-01,1684-12-31,,约略,已采纳,QH-SU-KX-QSG-0260,卷260；施琅传善后,台灣雖在外島，關四省要害，斷不可棄,,史稿转述施琅疏，不是原疏标题页。通行《恭陈台湾弃留疏》书名未回原件。后出《清史稿》，不作终审。换算依 CAL-001，尚未逐条核录
QH-A-FW-0011,kangxi,事件发生,QH-P-000001,commanded,设县三、府一、巡道一,康熙二十三年,1684-01-01,1684-12-31,,约略,已采纳,QH-SU-KX-QSG-0260,卷260；施琅传善后,尋蘇拜等疏亦用瑯議，並設縣三、府一、巡道一，上命允行,,列传层。本纪同作设台湾府县官，未写县名。不得补诸罗、台湾、凤山三县名进本纪层。后出《清史稿》，不作终审。换算依 CAL-001，尚未逐条核录
QH-A-FW-0012,kangxi,文字或数值陈述,QH-P-000001,commanded,克雅克萨后会议永驻官兵地点,康熙二十四年六月癸卯,1685-01-01,1685-12-31,,约略,已采纳,QH-SU-FW-0008,卷7；康熙二十四年六月癸卯,應於何地永駐官兵，即會議具奏,,驻防会议，不是立约。尼布楚在二十八年。公历月日待按 CAL-001 核录。
QH-A-FW-0013,kangxi,事件发生,QH-P-000001,commanded,增设喀尔喀两翼扎萨克，编置旗队,康熙二十八年冬十月辛未,1689-01-01,1689-12-31,,约略,已采纳,QH-SU-FW-0009,卷7；康熙二十八年十月辛未,增設喀爾喀兩翼扎薩克，招集流亡，編置旗隊,,编旗善后，不是乌兰布通战役。公历月日待按 CAL-001 核录。
QH-A-FW-0014,kangxi,文字或数值陈述,QH-P-000001,commanded,与四十九旗一体编设各处扎萨克,康熙三十年五月戊子,1691-01-01,1691-12-31,,约略,已采纳,QH-SU-FW-0010,卷7；康熙三十年五月戊子,今與四十九旗一體編設各處扎薩克，管轄稽察,,本纪作驻多罗诺尔，通行作多伦诺尔。不得改写本纪用字。公历月日待按 CAL-001 核录。
QH-A-FW-0015,kangxi,事件发生,QH-P-000001,commanded,定喀尔喀部为三路,康熙三十一年五月癸卯,1692-01-01,1692-12-31,,约略,已采纳,QH-SU-FW-0011,卷7；康熙三十一年五月癸卯,定喀爾喀部為三路，土謝圖為北路，車臣為東路，扎薩克圖為西路,,三路是本纪分地，不是乾隆元年六会盟长条。公历月日待按 CAL-001 核录。
QH-A-FW-0016,qianlong,文字或数值陈述,QH-P-000019,reported_in_writing,理藩院尚书掌内外藩蒙古回部诸番部：爵禄朝会刑罚,清代理藩院职掌,1638-01-01,1911-12-31,,约略,已采纳,QH-SU-FW-0012,卷115；理藩院尚书职掌,尚書掌內外籓蒙古、回部及諸番部，制爵祿，定朝會，正刑罰,,职官志职掌句。不是边疆政策通论。后出《清史稿》，不作终审。换算依 CAL-001，尚未逐条核录
QH-A-FW-0017,tiancong,事件发生,QH-P-000052,institution_renamed_as,理藩院（由蒙古衙门更名）,崇德三年,1638-01-01,1638-12-31,,约略,已采纳,QH-SU-FW-0012,卷115；理藩院沿革,三年，更名理籓院,QH-CF-HT-LIFANYUAN,只证职官志记崇德三年由蒙古衙门更名。则例本书未开。后出《清史稿》，不作终审。换算依 CAL-001，尚未逐条核录
QH-A-FW-0018,qianlong,文字或数值陈述,QH-P-000019,reported_in_writing,内扎萨克二十四部为旗四十有九,清代旗籍职掌,1644-01-01,1795-12-31,,约略,已采纳,QH-SU-FW-0012,卷115；旗籍清吏司,大漠以南曰內蒙古，部二十有四……為旗四十有九,,志书职掌汇总。不得写成某一年编定的已核总数。后出《清史稿》，不作终审。换算依 CAL-001，尚未逐条核录
QH-A-FW-0019,qianlong,文字或数值陈述,QH-P-000019,reported_in_writing,王会掌内扎萨克宾礼，典朝觐贡献仪式,清代王会职掌,1644-01-01,1795-12-31,,约略,已采纳,QH-SU-FW-0012,卷115；王会清吏司,王會掌內扎薩克賓禮，典朝覲、貢獻儀式,,朝贡只落到这句职掌，不写成通论教材。后出《清史稿》，不作终审。换算依 CAL-001，尚未逐条核录
QH-A-FW-0020,qianlong,文字或数值陈述,QH-P-000019,reported_in_writing,外扎萨克喀尔喀四部为旗八十有六；喀尔喀四盟,清代典属职掌,1691-01-01,1795-12-31,,约略,已采纳,QH-SU-FW-0012,卷115；典属清吏司,大漠以北曰外蒙古，部四：曰土謝圖汗，曰賽音諾顏，曰車臣汗，曰扎薩克圖汗，為旗八十有六,,四部八十六旗是职官志汇总；康熙本纪先作三路，三音诺颜部分出在雍正十年。不压成一年。后出《清史稿》，不作终审。换算依 CAL-001，尚未逐条核录
QH-A-FW-0021,qianlong,文字或数值陈述,QH-P-000019,reported_in_writing,徕远掌回部扎萨克伯克岁贡年班,清代徕远职掌,1759-01-01,1795-12-31,,约略,已采纳,QH-SU-FW-0012,卷115；徕远清吏司,徠遠掌回部扎薩克、伯克歲貢年班,,朝贡只落到岁贡年班这句。徕远司乾隆二十六年增设，见同卷沿革，本条不扩写。后出《清史稿》，不作终审。换算依 CAL-001，尚未逐条核录
QH-A-FW-0022,qianlong,文字或数值陈述,QH-P-000019,institution_noted_as_begun,伊犁将军,乾隆二十七年,1762-01-01,1762-12-31,,约略,已采纳,QH-SU-FW-0013,卷117；新疆驻防,新疆駐防伊犁將軍一人。乾隆二十七年置,,职官志设年。本纪月日见 QH-A-FW-0023。两处都保存。后出《清史稿》，不作终审。换算依 CAL-001，尚未逐条核录
QH-A-FW-0023,qianlong,称号授予,QH-P-000019,appointed_as,明瑞为总管伊犁等处将军,乾隆二十七年十月乙巳,1762-01-01,1762-12-31,,约略,已采纳,QH-SU-FW-0014,卷12；乾隆二十七年十月乙巳,設總管伊犁等處將軍，以明瑞為之,,本纪设官句。明瑞人物ID未建，暂存字面值。设官不是平准战役本身。公历月日待按 CAL-001 核录。
QH-A-FW-0024,qianlong,事件发生,QH-P-000019,institution_noted_as_begun,伊犁参赞大臣,乾隆二十七年十一月庚申,1762-01-01,1762-12-31,,约略,已采纳,QH-SU-FW-0014,卷12；乾隆二十七年十一月庚申,設伊犁參贊大臣,,与将军分条。不得写成同一天设将军兼参赞。公历月日待按 CAL-001 核录。
QH-A-FW-0025,yongzheng,文字或数值陈述,QH-P-000002,institution_noted_as_begun,西藏办事大臣,雍正五年,1727-01-01,1727-12-31,,约略,已采纳,QH-SU-FW-0013,卷117；西藏驻劄大臣,西藏 辦事大臣一人。雍正五年置,,职官志始置年。兵志另记乾隆十五年除王爵设驻藏大臣，见 QH-A-FW-0026。不择一。后出《清史稿》，不作终审。换算依 CAL-001，尚未逐条核录
QH-A-FW-0026,qianlong,文字或数值陈述,QH-P-000019,institution_noted_as_begun,驻藏大臣（兵志系于除西藏王爵）,乾隆十五年,1750-01-01,1750-12-31,,约略,已采纳,QH-SU-FW-0004,卷130；西藏兵制,當乾隆十五年，始除西藏王爵，設駐藏大臣,,兵志层。职官志作雍正五年置，见 QH-A-FW-0025。两处都保存，不择一抹平。后出《清史稿》，不作终审。换算依 CAL-001，尚未逐条核录
QH-A-FW-0027,qianlong,文字或数值陈述,QH-P-000019,institution_noted_as_begun,西藏旗兵（前后藏番兵额）,乾隆五十七年,1792-01-01,1792-12-31,,约略,已采纳,QH-SU-FW-0004,卷130；西藏兵制,西藏旗兵，自乾隆五十七年始,,兵志称始此。番兵额、戴琫以下是同段下文，本条不扩写成已核兵数。后出《清史稿》，不作终审。换算依 CAL-001，尚未逐条核录
QH-A-FW-0028,yongzheng,事件发生,QH-P-000002,signed_treaty,恰克图互市界约十一款,雍正五年秋九月,1727-01-01,1727-12-31,,约略,已采纳,QH-SU-FW-0015,卷153；邦交志一,雍正五年秋九月，與俄訂恰克圖互市界約十一條,,后出邦交志。条约汉满文本未开。不是尼布楚定界的续写。公历月日待按 CAL-001 核录。
QH-A-FW-0029,qianlong,事件发生,QH-P-000019,institution_noted_as_begun,库伦办事大臣掌恰克图互市,乾隆三十三年秋八月,1768-01-01,1768-12-31,,约略,已采纳,QH-SU-FW-0015,卷153；邦交志一,三十三年秋八月，復俄恰克圖互市，理籓院設庫倫辦事大臣掌之,,复市与设官是一条。此前停市原委本条不扩写。公历月日待按 CAL-001 核录。
QH-A-FW-0030,qianlong,文字或数值陈述,QH-P-000019,commanded,内扎萨克六会以大扎萨克为盟长,乾隆元年,1736-01-01,1736-12-31,,约略,已采纳,QH-SU-FW-0003,卷130；藩部兵制,乾隆元年，諭內札薩克六會，防秋兵丁各備牧馬器械……以大札薩克為盟長,,盟长是乾隆元年兵志层。康熙本纪多伦编旗见 QH-A-FW-0014。后出《清史稿》，不作终审。换算依 CAL-001，尚未逐条核录
QH-A-FW-0031,qianlong,文字或数值陈述,QH-P-000019,reported_in_writing,驻防将军掌镇守险要、绥和军民,清代驻防将军职掌,1644-01-01,1795-12-31,,约略,已采纳,QH-SU-FW-0013,卷117；各省驻防将军,掌鎮守險要，綏和軍民，均齊政刑，修舉武備,,职官志对驻防将军的职掌，不是伊犁一处的专条。后出《清史稿》，不作终审。换算依 CAL-001，尚未逐条核录
QH-A-CU-0001,qianlong,文字或数值陈述,QH-P-000019,reported_in_writing,十全记自列十功名目,乾隆五十七年,1792-01-01,1792-12-31,换算依 CAL-001，尚未逐条核录。,约略,已采纳,QH-SU-CU-0001,御製文三集卷08；十全記,十功者平準噶爾為二定回部為一掃金川為二靖臺灣為一降緬甸安南各一即今二次受廓爾喀降合為十,,史料用语层。十功是官方建构名目。本篇未见十全老人四字。未回高宗实录日条。后出本纪战役条不得顶替本记。
QH-A-CU-0002,qianlong,文字或数值陈述,QH-P-000019,reported_in_writing,十全记自述先有诗句十全大武扬再叙而记之,乾隆五十七年,1792-01-01,1792-12-31,换算依 CAL-001，尚未逐条核录。,约略,已采纳,QH-SU-CU-0001,御製文三集卷08；十全記开端,昨准廓爾喀歸降命凱旋班師詩有十全大武揚之句盖引而未發兹特敘而記之,,证明十全名目是事后自叙。不得写成已核战果清单。
QH-A-CU-0003,qianlong,文字或数值陈述,QH-P-000019,reported_in_writing,清史稿艺文志所记高宗诗集卷数,艺文四著录,,,志文著录不系年。不补造公历。,约略,已采纳,QH-SU-CU-0002,卷148；高宗古文集与诗集连书,高宗文初集三十卷、二集四十四卷、三集十六卷、詩初集四十八卷、二集一百卷、三集一百十二卷、四集一百十二卷、五集一百卷、餘集二十卷,,只证志文卷数。与四库本目录及通行四百五十四卷算法不是同一栏。不择一。后出志书不作终审。
QH-A-CU-0004,qianlong,文字或数值陈述,QH-P-000019,reported_in_writing,御制初集诗小序自记四千一百五十首有奇,乾隆己巳夏六月望日,1749-01-01,1749-12-31,换算依 CAL-001，尚未逐条核录。,约略,已采纳,QH-SU-CU-0003,四库本御製詩；初集小序,都為四十四巻古今體計四千一百五十首有奇,,只证初集。不是全集终数。四十四卷与艺文志四十八卷并存。
QH-A-CU-0005,qianlong,文字或数值陈述,QH-P-000019,reported_in_writing,四库馆臣提要三集统合约二万四千二百四十余首,提要记至乾隆辛卯,,,提要止于三集辛卯。不补造全集终年公历。,约略,已采纳,QH-SU-CU-0003,四库本御製詩；馆臣提要,統合二萬四千二百四十餘首壬辰以後未剞劂宣布者尚不知其數焉,,馆臣口径止于三集。明文说壬辰以后未知其数。不得写成全集四万余首已核。
QH-A-CU-0006,qianlong,文字或数值陈述,QH-P-000019,reported_in_writing,1993年全集通行介绍作四万三千六百三十首,1993年出版说明层,,,1993年出版说明层。未见原书。不补造诗篇系年。,约略,审核中,QH-SU-CU-0004,人大社1993；ISBN 9787300016139；版次页码待补,出版说明通行作四万三千六百三十首并注含辞臣之作。本库未见原书。,,书目可核。未见原书出版说明原句。与四万一千八百一类通行说并列。不择一。
QH-A-CU-0007,tianming,文字或数值陈述,QH-P-000051,reported_in_edict,满洲实录卷四七大恨首恨,天命三年四月十三壬寅,1618-01-01,1618-12-31,换算依 CAL-001，尚未逐条核录。满洲实录作四月十三壬寅。本纪作二月壬寅。不择一。,约略,已采纳,QH-SU-CU-0005,满洲实录卷四；告天书首恨,吾父祖於明國禁邊寸土不擾一草不折秋毫未犯彼無故生事於邊外殺吾父祖此其一也,,乾隆重绘层。不作崇德旧本。只拆首恨。卢龙谕与明实录未见。不写已核引文。
QH-A-CU-0008,tiancong,文字或数值陈述,QH-P-000052,reported_in_edict,达海传六年三月字旁加圈点,天聪六年三月,1632-01-01,1632-12-31,换算依 CAL-001，尚未逐条核录。,约略,已采纳,QH-SU-CU-0006,卷228；达海传六年三月,爾其審度字旁加圈點，使音義分明，俾讀者易曉。達海承命尋繹，字旁加圈點。,,本纪同月只写分析国书音义。加圈点三字在本传。1629说未见老档原条。未核前不得已回查。后出列传不作终审。
QH-A-CU-0009,qianlong,文字或数值陈述,QH-P-000019,reported_in_writing,四库总目经部总叙汉宋两家互为胜负,乾隆四十七年总目,1782-01-01,1782-12-31,换算依 CAL-001，尚未逐条核录。,约略,已采纳,QH-SU-CU-0007,总目提要卷001；经部总叙,要其歸宿，則不過漢學、宋學兩家互為勝負。夫漢學具有根柢，講學者以淺陋輕之，不足服漢儒也。宋學具有精微，讀書者以空疎薄之，亦不足服宋儒也。消融門戶之見而各取所長，則私心祛而公理出。,,馆臣立场。不是惠栋戴震自述。不得写成汉宋之争已消融。
QH-A-CU-0010,shunzhi,文字或数值陈述,QH-P-000053,reported_in_writing,清史稿选举志科目开端乡会殿试,有清科目；顺治元年定制,1644-01-01,1644-12-31,换算依 CAL-001，尚未逐条核录。开端兼记清代通制与顺治元年场期。,约略,已采纳,QH-SU-CU-0008,卷108；选举三开端,有清科目取士，承明制用八股文。取四子書及易、書、詩、春秋、禮記五經命題，謂之制義。三年大比，試諸生於直省，曰鄉試，中式者為舉人。次年試舉人於京師，曰會試，中式者為貢士。天子親策於廷，曰殿試。,,只证志文开端。科场细则与舒赫德奏未拆。后出志书不作终审。
QH-A-CU-0011,qianlong,文字或数值陈述,QH-P-000019,reported_in_writing,学校志记高宗明诏奖劝书院,高宗明诏奖劝,,,志文未系诏年。不补造公历。,约略,已采纳,QH-SU-CU-0009,卷106；选举一书院,各省書院之設，輔學校所不及，初於省會設之。世祖頒給帑金，風勵天下。厥後府、州、縣次第建立，延聘經明行修之士為之長，秀異多出其中。高宗明詔獎勸，比於古者侯國之學。,,职掌句。诏年诏文未见。不得写成某座书院已开。后出志书不作终审。
QH-A-CU-0012,guangxu,文字或数值陈述,QH-P-000058,reported_in_writing,2008年光绪死因课题组工作报告书目,2008年,2008-01-01,2008-12-31,期刊出版年。论文正文本库未见逐页。,约略,审核中,QH-SU-CU-0010,《清史研究》2008年第4期；版次页码待补,公开报道层结论作急性胃肠型砒霜中毒。论文正文本库未见逐页。,,钟里满耿左车李军等执笔。作者单位含清西陵文物管理处、中国原子能科学研究院、北京市公安局法医检验鉴定中心。限定中毒类型。下毒者未知。不是光绪朝验尸。与SRC-078同书。
QH-A-REL-0001,kangxi,人物关系,QH-P-000003,has_biological_father,QH-P-000001,清史稿卷164圣祖系（表无生年）,1661-02-07,1722-12-20,本条为世表／后妃传所述表序或结构类主张，原文未给生年；公历区间为编辑据父皇在位起迄推定的窗口，非本人时间。待按 CAL-001 核录。,确定,审核中,QH-SU-QSG-0164,卷164；圣祖系；胤禔行,聖祖第一子。,,由皇子世表「聖祖第N子」转出的生物父子。表序≠玉牒自然序。后出《清史稿》不作终审。表序第一子。后妃传另称承瑞为圣祖长子，长子≠第一子。本条不裁决排行。
QH-A-REL-0002,kangxi,人物关系,QH-P-000004,has_biological_father,QH-P-000001,清史稿卷164圣祖系（表无生年）,1661-02-07,1722-12-20,本条为世表／后妃传所述表序或结构类主张，原文未给生年；公历区间为编辑据父皇在位起迄推定的窗口，非本人时间。待按 CAL-001 核录。,确定,审核中,QH-SU-QSG-0164,卷164；圣祖系；胤礽行,聖祖第二子。,,由皇子世表「聖祖第N子」转出的生物父子。表序≠玉牒自然序。后出《清史稿》不作终审。后妃传皇二子与世表第二子一致。废立年月日见储位链既有事件主张，本条只证父子。
QH-A-REL-0003,kangxi,人物关系,QH-P-000005,has_biological_father,QH-P-000001,清史稿卷164圣祖系（表无生年）,1661-02-07,1722-12-20,本条为世表／后妃传所述表序或结构类主张，原文未给生年；公历区间为编辑据父皇在位起迄推定的窗口，非本人时间。待按 CAL-001 核录。,确定,审核中,QH-SU-QSG-0164,卷164；圣祖系；胤祉行,聖祖第三子。,,由皇子世表「聖祖第N子」转出的生物父子。表序≠玉牒自然序。后出《清史稿》不作终审。勿与第二十四子胤祕的诚亲王号混为一人。
QH-A-REL-0004,kangxi,人物关系,QH-P-000002,has_biological_father,QH-P-000001,清史稿卷214孝恭传（无生年）,1661-02-07,1722-12-20,本条为世表／后妃传所述表序或结构类主张，原文未给生年；公历区间为编辑据父皇在位起迄推定的窗口，非本人时间。待按 CAL-001 核录。,确定,审核中,QH-SU-QSG-0214,卷214；孝恭仁皇后传,子三：世宗，允禵，允祚。,QH-CF-KX-PRINCE-ORDER,本卷缺号。父子由后妃传孝恭子女句转出，不用「卷164无此行」编辑语。不能读成康熙无第四子。表序≠玉牒自然序。后出《清史稿》不作终审。
QH-A-REL-0005,kangxi,人物关系,QH-P-000006,has_biological_father,QH-P-000001,清史稿卷164圣祖系（表无生年）,1661-02-07,1722-12-20,本条为世表／后妃传所述表序或结构类主张，原文未给生年；公历区间为编辑据父皇在位起迄推定的窗口，非本人时间。待按 CAL-001 核录。,确定,审核中,QH-SU-QSG-0164,卷164；圣祖系；胤祺行,聖祖第五子。,,由皇子世表「聖祖第N子」转出的生物父子。表序≠玉牒自然序。后出《清史稿》不作终审。
QH-A-REL-0006,kangxi,人物关系,QH-P-000062,has_biological_father,QH-P-000001,清史稿卷164圣祖系（表无生年）,1661-02-07,1722-12-20,本条为世表／后妃传所述表序或结构类主张，原文未给生年；公历区间为编辑据父皇在位起迄推定的窗口，非本人时间。待按 CAL-001 核录。,确定,审核中,QH-SU-QSG-0164,卷164；圣祖系；胤祚行,聖祖第六子。早卒,,由皇子世表「聖祖第N子」转出的生物父子。表序≠玉牒自然序。后出《清史稿》不作终审。入序而早卒。六岁殇只见于后妃传，不写进本条。
QH-A-REL-0007,kangxi,人物关系,QH-P-000061,has_biological_father,QH-P-000001,清史稿卷164圣祖系（表无生年）,1661-02-07,1722-12-20,本条为世表／后妃传所述表序或结构类主张，原文未给生年；公历区间为编辑据父皇在位起迄推定的窗口，非本人时间。待按 CAL-001 核录。,确定,审核中,QH-SU-QSG-0164,卷164；圣祖系；胤祐行,聖祖第七子。,,由皇子世表「聖祖第N子」转出的生物父子。表序≠玉牒自然序。后出《清史稿》不作终审。成妃戴佳氏尚未建档，本条只证父子。
QH-A-REL-0008,kangxi,人物关系,QH-P-000007,has_biological_father,QH-P-000001,清史稿卷164圣祖系（表无生年）,1661-02-07,1722-12-20,本条为世表／后妃传所述表序或结构类主张，原文未给生年；公历区间为编辑据父皇在位起迄推定的窗口，非本人时间。待按 CAL-001 核录。,确定,审核中,QH-SU-QSG-0164,卷164；圣祖系；胤禩行,聖祖第八子。,,由皇子世表「聖祖第N子」转出的生物父子。表序≠玉牒自然序。后出《清史稿》不作终审。
QH-A-REL-0009,kangxi,人物关系,QH-P-000008,has_biological_father,QH-P-000001,清史稿卷164圣祖系（表无生年）,1661-02-07,1722-12-20,本条为世表／后妃传所述表序或结构类主张，原文未给生年；公历区间为编辑据父皇在位起迄推定的窗口，非本人时间。待按 CAL-001 核录。,确定,审核中,QH-SU-QSG-0164,卷164；圣祖系；胤禟行,聖祖第九子。,,由皇子世表「聖祖第N子」转出的生物父子。表序≠玉牒自然序。后出《清史稿》不作终审。
QH-A-REL-0010,kangxi,人物关系,QH-P-000009,has_biological_father,QH-P-000001,清史稿卷164圣祖系（表无生年）,1661-02-07,1722-12-20,本条为世表／后妃传所述表序或结构类主张，原文未给生年；公历区间为编辑据父皇在位起迄推定的窗口，非本人时间。待按 CAL-001 核录。,确定,审核中,QH-SU-QSG-0164,卷164；圣祖系；胤䄉行,聖祖第十子。,,由皇子世表「聖祖第N子」转出的生物父子。表序≠玉牒自然序。后出《清史稿》不作终审。
QH-A-REL-0011,kangxi,人物关系,QH-P-000063,has_biological_father,QH-P-000001,清史稿卷164圣祖系（表无生年）,1661-02-07,1722-12-20,本条为世表／后妃传所述表序或结构类主张，原文未给生年；公历区间为编辑据父皇在位起迄推定的窗口，非本人时间。待按 CAL-001 核录。,确定,审核中,QH-SU-QSG-0164,卷164；圣祖系；胤禌行,聖祖第十一子，早卒,,由皇子世表「聖祖第N子」转出的生物父子。表序≠玉牒自然序。后出《清史稿》不作终审。入序而早卒。
QH-A-REL-0012,kangxi,人物关系,QH-P-000010,has_biological_father,QH-P-000001,清史稿卷164圣祖系（表无生年）,1661-02-07,1722-12-20,本条为世表／后妃传所述表序或结构类主张，原文未给生年；公历区间为编辑据父皇在位起迄推定的窗口，非本人时间。待按 CAL-001 核录。,确定,审核中,QH-SU-QSG-0164,卷164；圣祖系；胤祹行,聖祖第十二子。,,由皇子世表「聖祖第N子」转出的生物父子。表序≠玉牒自然序。后出《清史稿》不作终审。
QH-A-REL-0013,kangxi,人物关系,QH-P-000011,has_biological_father,QH-P-000001,清史稿卷164圣祖系（表无生年）,1661-02-07,1722-12-20,本条为世表／后妃传所述表序或结构类主张，原文未给生年；公历区间为编辑据父皇在位起迄推定的窗口，非本人时间。待按 CAL-001 核录。,确定,审核中,QH-SU-QSG-0164,卷164；圣祖系；胤祥行,聖祖第十三子。,,由皇子世表「聖祖第N子」转出的生物父子。表序≠玉牒自然序。后出《清史稿》不作终审。
QH-A-REL-0014,kangxi,人物关系,QH-P-000012,has_biological_father,QH-P-000001,清史稿卷164圣祖系（表无生年）,1661-02-07,1722-12-20,本条为世表／后妃传所述表序或结构类主张，原文未给生年；公历区间为编辑据父皇在位起迄推定的窗口，非本人时间。待按 CAL-001 核录。,确定,审核中,QH-SU-QSG-0164,卷164；圣祖系；第十四子行,胤禎〈聖祖第十四子。,,由皇子世表「聖祖第N子」转出的生物父子。表序≠玉牒自然序。后出《清史稿》不作终审。世表用胤禎。人物档规范名胤禵。三层名字并存。不是传位十四子的证据。
QH-A-REL-0015,kangxi,人物关系,QH-P-000064,has_biological_father,QH-P-000001,清史稿卷164圣祖系（表无生年）,1661-02-07,1722-12-20,本条为世表／后妃传所述表序或结构类主张，原文未给生年；公历区间为编辑据父皇在位起迄推定的窗口，非本人时间。待按 CAL-001 核录。,确定,审核中,QH-SU-QSG-0164,卷164；圣祖系；胤禑行,聖祖第十五子。,,由皇子世表「聖祖第N子」转出的生物父子。表序≠玉牒自然序。后出《清史稿》不作终审。后妃传作允琶，琶/禑不自动合并；本条只证世表父子。
QH-A-REL-0016,kangxi,人物关系,QH-P-000013,has_biological_father,QH-P-000001,清史稿卷164圣祖系（表无生年）,1661-02-07,1722-12-20,本条为世表／后妃传所述表序或结构类主张，原文未给生年；公历区间为编辑据父皇在位起迄推定的窗口，非本人时间。待按 CAL-001 核录。,确定,审核中,QH-SU-QSG-0164,卷164；圣祖系；胤禄行,聖祖第十六子，嗣博果鐸後。,,由皇子世表「聖祖第N子」转出的生物父子。表序≠玉牒自然序。后出《清史稿》不作终审。生物父子与过继分栏。过继已见 QH-A-KX-0068，本条不重复过继。
QH-A-REL-0017,kangxi,人物关系,QH-P-000014,has_biological_father,QH-P-000001,清史稿卷164圣祖系（表无生年）,1661-02-07,1722-12-20,本条为世表／后妃传所述表序或结构类主张，原文未给生年；公历区间为编辑据父皇在位起迄推定的窗口，非本人时间。待按 CAL-001 核录。,确定,审核中,QH-SU-QSG-0164,卷164；圣祖系；胤礼行,聖祖第十七子。,,由皇子世表「聖祖第N子」转出的生物父子。表序≠玉牒自然序。后出《清史稿》不作终审。勿与庶妃陈氏允禐混母。
QH-A-REL-0018,kangxi,人物关系,QH-P-000015,has_biological_father,QH-P-000001,清史稿卷164圣祖系（表无生年）,1661-02-07,1722-12-20,本条为世表／后妃传所述表序或结构类主张，原文未给生年；公历区间为编辑据父皇在位起迄推定的窗口，非本人时间。待按 CAL-001 核录。,确定,审核中,QH-SU-QSG-0164,卷164；圣祖系；胤祄行,聖祖第十八子。早卒,,由皇子世表「聖祖第N子」转出的生物父子。表序≠玉牒自然序。后出《清史稿》不作终审。入序而早卒。
QH-A-REL-0019,kangxi,人物关系,QH-P-000065,has_biological_father,QH-P-000001,清史稿卷164圣祖系（表无生年）,1661-02-07,1722-12-20,本条为世表／后妃传所述表序或结构类主张，原文未给生年；公历区间为编辑据父皇在位起迄推定的窗口，非本人时间。待按 CAL-001 核录。,确定,审核中,QH-SU-QSG-0164,卷164；圣祖系；胤禝行,聖祖第十九子。早卒,,由皇子世表「聖祖第N子」转出的生物父子。表序≠玉牒自然序。后出《清史稿》不作终审。已打开的后妃传段落未点名此子。生母待玉牒。
QH-A-REL-0020,kangxi,人物关系,QH-P-000066,has_biological_father,QH-P-000001,清史稿卷164圣祖系（表无生年）,1661-02-07,1722-12-20,本条为世表／后妃传所述表序或结构类主张，原文未给生年；公历区间为编辑据父皇在位起迄推定的窗口，非本人时间。待按 CAL-001 核录。,确定,审核中,QH-SU-QSG-0164,卷164；圣祖系；胤禕行,聖祖第二十子。,,由皇子世表「聖祖第N子」转出的生物父子。表序≠玉牒自然序。后出《清史稿》不作终审。襄嫔尚未建档。
QH-A-REL-0021,kangxi,人物关系,QH-P-000067,has_biological_father,QH-P-000001,清史稿卷164圣祖系（表无生年）,1661-02-07,1722-12-20,本条为世表／后妃传所述表序或结构类主张，原文未给生年；公历区间为编辑据父皇在位起迄推定的窗口，非本人时间。待按 CAL-001 核录。,确定,审核中,QH-SU-QSG-0164,卷164；圣祖系；胤禧行,聖祖第二十一子。,,由皇子世表「聖祖第N子」转出的生物父子。表序≠玉牒自然序。后出《清史稿》不作终审。熙嫔尚未建档。
QH-A-REL-0022,kangxi,人物关系,QH-P-000068,has_biological_father,QH-P-000001,清史稿卷164圣祖系（表无生年）,1661-02-07,1722-12-20,本条为世表／后妃传所述表序或结构类主张，原文未给生年；公历区间为编辑据父皇在位起迄推定的窗口，非本人时间。待按 CAL-001 核录。,确定,审核中,QH-SU-QSG-0164,卷164；圣祖系；胤祜行,聖祖第二十二子。,,由皇子世表「聖祖第N子」转出的生物父子。表序≠玉牒自然序。后出《清史稿》不作终审。谨嫔尚未建档。
QH-A-REL-0023,kangxi,人物关系,QH-P-000069,has_biological_father,QH-P-000001,清史稿卷164圣祖系（表无生年）,1661-02-07,1722-12-20,本条为世表／后妃传所述表序或结构类主张，原文未给生年；公历区间为编辑据父皇在位起迄推定的窗口，非本人时间。待按 CAL-001 核录。,确定,审核中,QH-SU-QSG-0164,卷164；圣祖系；胤祁行,聖祖第二十三子。,,由皇子世表「聖祖第N子」转出的生物父子。表序≠玉牒自然序。后出《清史稿》不作终审。静嫔尚未建档。
QH-A-REL-0024,kangxi,人物关系,QH-P-000070,has_biological_father,QH-P-000001,清史稿卷164圣祖系（表无生年）,1661-02-07,1722-12-20,本条为世表／后妃传所述表序或结构类主张，原文未给生年；公历区间为编辑据父皇在位起迄推定的窗口，非本人时间。待按 CAL-001 核录。,确定,审核中,QH-SU-QSG-0164,卷164；圣祖系；胤祕行,聖祖第二十四子。,,由皇子世表「聖祖第N子」转出的生物父子。表序≠玉牒自然序。后出《清史稿》不作终审。勿与皇三子胤祉混为一人。
QH-A-REL-0025,kangxi,人物关系,QH-P-000003,has_biological_mother,QH-P-000026,清史稿卷214惠妃条（无生年）,1661-02-07,1722-12-20,本条为世表／后妃传所述表序或结构类主张，原文未给生年；公历区间为编辑据父皇在位起迄推定的窗口，非本人时间。待按 CAL-001 核录。,确定,审核中,QH-SU-QSG-0214,卷214；惠妃纳喇氏,惠妃，納喇氏。子二：承慶，殤；允禔。,,由后妃传子女句转出的生物母子。生母、嫡母、养母不得混写。后出《清史稿》不作终审。生母当时位号惠妃，不得倒写成最终谥号。
QH-A-REL-0026,kangxi,人物关系,QH-P-000004,has_biological_mother,QH-P-000023,清史稿卷214孝诚传（无生年）,1661-02-07,1722-12-20,本条为世表／后妃传所述表序或结构类主张，原文未给生年；公历区间为编辑据父皇在位起迄推定的窗口，非本人时间。待按 CAL-001 核录。,确定,审核中,QH-SU-QSG-0214,卷214；孝诚仁皇后传,十三年五月丙寅，生皇二子允礽。子二：承祐，四歲殤；允礽。,,由后妃传子女句转出的生物母子。生母、嫡母、养母不得混写。后出《清史稿》不作终审。嫡出。承祐是孝诚另一子，未入此序，不得与允礽合并。
QH-A-REL-0027,kangxi,人物关系,QH-P-000005,has_biological_mother,QH-P-000027,清史稿卷214荣妃条（无生年）,1661-02-07,1722-12-20,本条为世表／后妃传所述表序或结构类主张，原文未给生年；公历区间为编辑据父皇在位起迄推定的窗口，非本人时间。待按 CAL-001 核录。,确定,审核中,QH-SU-QSG-0214,卷214；荣妃马佳氏,榮妃，馬佳氏。子五：……允祉。,,由后妃传子女句转出的生物母子。生母、嫡母、养母不得混写。后出《清史稿》不作终审。引文省略号照表内存「……」。
QH-A-REL-0028,kangxi,人物关系,QH-P-000002,has_biological_mother,QH-P-000025,清史稿卷214孝恭传（无生年）,1661-02-07,1722-12-20,本条为世表／后妃传所述表序或结构类主张，原文未给生年；公历区间为编辑据父皇在位起迄推定的窗口，非本人时间。待按 CAL-001 核录。,确定,审核中,QH-SU-QSG-0214,卷214；孝恭仁皇后传,子三：世宗，允禵，允祚。,QH-CF-KX-PRINCE-ORDER,由后妃传子女句转出的生物母子。生母、嫡母、养母不得混写。后出《清史稿》不作终审。当时生母位号是德妃，不是皇后。本卷缺号，不能读成康熙无此子。
QH-A-REL-0029,kangxi,人物关系,QH-P-000006,has_biological_mother,QH-P-000028,清史稿卷214宜妃条（无生年）,1661-02-07,1722-12-20,本条为世表／后妃传所述表序或结构类主张，原文未给生年；公历区间为编辑据父皇在位起迄推定的窗口，非本人时间。待按 CAL-001 核录。,确定,审核中,QH-SU-QSG-0214,卷214；宜妃郭络罗氏,宜妃，郭絡羅氏。子三：允祺、允禟、允禌,,由后妃传子女句转出的生物母子。生母、嫡母、养母不得混写。后出《清史稿》不作终审。宜妃与贵人郭络罗氏同姓，后妃传分列，不自动合并。
QH-A-REL-0030,kangxi,人物关系,QH-P-000062,has_biological_mother,QH-P-000025,清史稿卷214孝恭传（无生年）,1661-02-07,1722-12-20,本条为世表／后妃传所述表序或结构类主张，原文未给生年；公历区间为编辑据父皇在位起迄推定的窗口，非本人时间。待按 CAL-001 核录。,确定,审核中,QH-SU-QSG-0214,卷214；孝恭仁皇后传,子三：世宗，允禵，允祚。允祚六歲殤。,,由后妃传子女句转出的生物母子。生母、嫡母、养母不得混写。后出《清史稿》不作终审。六岁殇只见于后妃传。当时生母位号是德妃。
QH-A-REL-0031,kangxi,人物关系,QH-P-000007,has_biological_mother,QH-P-000029,清史稿卷214良妃条（无生年）,1661-02-07,1722-12-20,本条为世表／后妃传所述表序或结构类主张，原文未给生年；公历区间为编辑据父皇在位起迄推定的窗口，非本人时间。待按 CAL-001 核录。,确定,审核中,QH-SU-QSG-0214,卷214；良妃卫氏,良妃，衛氏。子一，允禩。,,由后妃传子女句转出的生物母子。生母、嫡母、养母不得混写。后出《清史稿》不作终审。
QH-A-REL-0032,kangxi,人物关系,QH-P-000008,has_biological_mother,QH-P-000028,清史稿卷214宜妃条（无生年）,1661-02-07,1722-12-20,本条为世表／后妃传所述表序或结构类主张，原文未给生年；公历区间为编辑据父皇在位起迄推定的窗口，非本人时间。待按 CAL-001 核录。,确定,审核中,QH-SU-QSG-0214,卷214；宜妃郭络罗氏,宜妃子三：允祺、允禟、允禌,,由后妃传子女句转出的生物母子。生母、嫡母、养母不得混写。后出《清史稿》不作终审。引文照胤禟行后妃传子女句。
QH-A-REL-0033,kangxi,人物关系,QH-P-000009,has_biological_mother,QH-P-000030,清史稿卷214温僖贵妃条（无生年）,1661-02-07,1722-12-20,本条为世表／后妃传所述表序或结构类主张，原文未给生年；公历区间为编辑据父皇在位起迄推定的窗口，非本人时间。待按 CAL-001 核录。,确定,审核中,QH-SU-QSG-0214,卷214；温僖贵妃钮祜禄氏,溫僖貴妃，鈕祜祿氏，孝昭皇后妹。子一，允䄉。,,由后妃传子女句转出的生物母子。生母、嫡母、养母不得混写。后出《清史稿》不作终审。与第二十女庶妃钮祜禄氏分人。
QH-A-REL-0034,kangxi,人物关系,QH-P-000063,has_biological_mother,QH-P-000028,清史稿卷214宜妃条（无生年）,1661-02-07,1722-12-20,本条为世表／后妃传所述表序或结构类主张，原文未给生年；公历区间为编辑据父皇在位起迄推定的窗口，非本人时间。待按 CAL-001 核录。,确定,审核中,QH-SU-QSG-0214,卷214；宜妃郭络罗氏,宜妃，郭絡羅氏。子三：允祺、允禟、允禌,,由后妃传子女句转出的生物母子。生母、嫡母、养母不得混写。后出《清史稿》不作终审。胤禌行子女句仅「允禌十二歲殤」，不点名生母；引文取同表宜妃条已录子女句，未新造。
QH-A-REL-0035,kangxi,人物关系,QH-P-000010,has_biological_mother,QH-P-000031,清史稿卷214定妃条（无生年）,1661-02-07,1722-12-20,本条为世表／后妃传所述表序或结构类主张，原文未给生年；公历区间为编辑据父皇在位起迄推定的窗口，非本人时间。待按 CAL-001 核录。,确定,审核中,QH-SU-QSG-0214,卷214；定妃万琉哈氏,定妃，萬琉哈氏。……就養其子履親王允祹邸。,,由后妃传子女句转出的生物母子。生母、嫡母、养母不得混写。后出《清史稿》不作终审。
QH-A-REL-0036,kangxi,人物关系,QH-P-000011,has_biological_mother,QH-P-000032,清史稿卷214敬敏传（无生年）,1661-02-07,1722-12-20,本条为世表／后妃传所述表序或结构类主张，原文未给生年；公历区间为编辑据父皇在位起迄推定的窗口，非本人时间。待按 CAL-001 核录。,确定,审核中,QH-SU-QSG-0214,卷214；敬敏皇贵妃章佳氏,雍正初，世宗以其子怡親王允祥賢，追進封。,,由后妃传子女句转出的生物母子。生母、嫡母、养母不得混写。后出《清史稿》不作终审。「其子」指敬敏之子允祥。追进封的是生母，不是本条所证父子，也不把追进写成生前进封。
QH-A-REL-0037,kangxi,人物关系,QH-P-000012,has_biological_mother,QH-P-000025,清史稿卷214孝恭传（无生年）,1661-02-07,1722-12-20,本条为世表／后妃传所述表序或结构类主张，原文未给生年；公历区间为编辑据父皇在位起迄推定的窗口，非本人时间。待按 CAL-001 核录。,确定,审核中,QH-SU-QSG-0214,卷214；孝恭仁皇后传,子三：世宗，允禵，允祚。,,由后妃传子女句转出的生物母子。生母、嫡母、养母不得混写。后出《清史稿》不作终审。当时生母位号是德妃。不是传位十四子的证据。
QH-A-REL-0038,kangxi,人物关系,QH-P-000013,has_biological_mother,QH-P-000033,清史稿卷214密妃条（无生年）,1661-02-07,1722-12-20,本条为世表／后妃传所述表序或结构类主张，原文未给生年；公历区间为编辑据父皇在位起迄推定的窗口，非本人时间。待按 CAL-001 核录。,确定,审核中,QH-SU-QSG-0214,卷214；顺懿密妃王氏,子三：允琶、允祿、允祄,,由后妃传子女句转出的生物母子。生母、嫡母、养母不得混写。后出《清史稿》不作终审。生物母子。过继见 QH-A-KX-0068，不混写养母。
QH-A-REL-0039,kangxi,人物关系,QH-P-000014,has_biological_mother,QH-P-000034,清史稿卷214勤妃条（无生年）,1661-02-07,1722-12-20,本条为世表／后妃传所述表序或结构类主张，原文未给生年；公历区间为编辑据父皇在位起迄推定的窗口，非本人时间。待按 CAL-001 核录。,确定,审核中,QH-SU-QSG-0214,卷214；纯裕勤妃陈氏,純裕勤太妃，陳氏。子一，允禮。,,由后妃传子女句转出的生物母子。生母、嫡母、养母不得混写。后出《清史稿》不作终审。勿与庶妃陈氏允禐混母。
QH-A-REL-0040,kangxi,人物关系,QH-P-000015,has_biological_mother,QH-P-000033,清史稿卷214密妃条（无生年）,1661-02-07,1722-12-20,本条为世表／后妃传所述表序或结构类主张，原文未给生年；公历区间为编辑据父皇在位起迄推定的窗口，非本人时间。待按 CAL-001 核录。,确定,审核中,QH-SU-QSG-0214,卷214；顺懿密妃王氏,子三：允琶、允祿、允祄,,由后妃传子女句转出的生物母子。生母、嫡母、养母不得混写。后出《清史稿》不作终审。胤祄行子女句仅「允祄八歲殤」；引文取同表密妃条已录子女句，未新造。
QH-A-REL-0041,yongzheng,人物关系,QH-P-000017,has_biological_father,QH-P-000002,清史稿卷165世宗系（表无生年）,1722-12-27,1735-10-08,本条为世表／后妃传所述表序或结构类主张，原文未给生年；公历区间为编辑据父皇在位起迄推定的窗口，非本人时间。待按 CAL-001 核录。,确定,审核中,QH-SU-YZ-QSG-0165A,卷165；弘晖,世宗第一子。,,由皇子世表「世宗第N子」或后妃传子女句转出的生物父子。表序≠玉牒自然序。后出《清史稿》不作终审。嫡长。后妃传孝敬条未单列此子句。
QH-A-REL-0042,yongzheng,人物关系,QH-P-000128,has_biological_father,QH-P-000002,清史稿卷165世宗系（表无生年）,1722-12-27,1735-10-08,本条为世表／后妃传所述表序或结构类主张，原文未给生年；公历区间为编辑据父皇在位起迄推定的窗口，非本人时间。待按 CAL-001 核录。,确定,审核中,QH-SU-YZ-QSG-0165A,卷165；弘昀,世宗第二子。早薨，無嗣,,由皇子世表「世宗第N子」或后妃传子女句转出的生物父子。表序≠玉牒自然序。后出《清史稿》不作终审。入序而早薨。玉牒未见。
QH-A-REL-0043,yongzheng,人物关系,QH-P-000018,has_biological_father,QH-P-000002,清史稿卷165世宗系（表无生年）,1722-12-27,1735-10-08,本条为世表／后妃传所述表序或结构类主张，原文未给生年；公历区间为编辑据父皇在位起迄推定的窗口，非本人时间。待按 CAL-001 核录。,确定,审核中,QH-SU-YZ-QSG-0165A,卷165；弘时,世宗第三子。早薨，無嗣,,由皇子世表「世宗第N子」或后妃传子女句转出的生物父子。表序≠玉牒自然序。后出《清史稿》不作终审。表文只有早薨无嗣。削籍年月不在本表。
QH-A-REL-0044,yongzheng,人物关系,QH-P-000019,has_biological_father,QH-P-000002,清史稿卷214孝圣传（无生年）,1722-12-27,1735-10-08,本条为世表／后妃传所述表序或结构类主张，原文未给生年；公历区间为编辑据父皇在位起迄推定的窗口，非本人时间。待按 CAL-001 核录。,确定,审核中,QH-SU-YZ-QSG-0214B,卷214；孝圣宪皇后传,子一，高宗。,,由皇子世表「世宗第N子」或后妃传子女句转出的生物父子。表序≠玉牒自然序。后出《清史稿》不作终审。本卷缺号。引文用后妃传孝圣子女句。不能读成雍正无第四子。
QH-A-REL-0045,yongzheng,人物关系,QH-P-000020,has_biological_father,QH-P-000002,清史稿卷165世宗系（表无生年）,1722-12-27,1735-10-08,本条为世表／后妃传所述表序或结构类主张，原文未给生年；公历区间为编辑据父皇在位起迄推定的窗口，非本人时间。待按 CAL-001 核录。,确定,审核中,QH-SU-YZ-QSG-0165A,卷165；弘昼,世宗第五子。,,由皇子世表「世宗第N子」或后妃传子女句转出的生物父子。表序≠玉牒自然序。后出《清史稿》不作终审。后妃传作纯慤。人物档旧作纯懿，异写不合并谥号。
QH-A-REL-0046,yongzheng,人物关系,QH-P-000133,has_biological_father,QH-P-000002,清史稿卷165世宗系（表无生年）,1722-12-27,1735-10-08,本条为世表／后妃传所述表序或结构类主张，原文未给生年；公历区间为编辑据父皇在位起迄推定的窗口，非本人时间。待按 CAL-001 核录。,确定,审核中,QH-SU-YZ-QSG-0165A,卷165；弘曕,世宗第六子，嗣胤禮後。,,由皇子世表「世宗第N子」或后妃传子女句转出的生物父子。表序≠玉牒自然序。后出《清史稿》不作终审。生物父子与过继分栏。过继已见 QH-A-YZ-0062（事件发生），本条不重复过继。后妃传作弘適，两写并存。
QH-A-REL-0047,yongzheng,人物关系,QH-P-000128,has_biological_mother,QH-P-000039,清史稿卷214齐妃条（无生年）,1722-12-27,1735-10-08,本条为世表／后妃传所述表序或结构类主张，原文未给生年；公历区间为编辑据父皇在位起迄推定的窗口，非本人时间。待按 CAL-001 核录。,确定,审核中,QH-SU-YZ-QSG-0214B,卷214；齐妃李氏,子三：弘盼、弘昀，皆殤；弘時。,,由后妃传子女句转出的生物母子。生母、嫡母、养母不得混写。后出《清史稿》不作终审。
QH-A-REL-0048,yongzheng,人物关系,QH-P-000018,has_biological_mother,QH-P-000039,清史稿卷214齐妃条（无生年）,1722-12-27,1735-10-08,本条为世表／后妃传所述表序或结构类主张，原文未给生年；公历区间为编辑据父皇在位起迄推定的窗口，非本人时间。待按 CAL-001 核录。,确定,审核中,QH-SU-YZ-QSG-0214B,卷214；齐妃李氏,子三：弘盼、弘昀，皆殤；弘時。,,由后妃传子女句转出的生物母子。生母、嫡母、养母不得混写。后出《清史稿》不作终审。
QH-A-REL-0049,yongzheng,人物关系,QH-P-000019,has_biological_mother,QH-P-000037,清史稿卷214孝圣传（无生年）,1722-12-27,1735-10-08,本条为世表／后妃传所述表序或结构类主张，原文未给生年；公历区间为编辑据父皇在位起迄推定的窗口，非本人时间。待按 CAL-001 核录。,确定,审核中,QH-SU-YZ-QSG-0214B,卷214；孝圣宪皇后传,子一，高宗。,,由后妃传子女句转出的生物母子。生母、嫡母、养母不得混写。后出《清史稿》不作终审。当时生母位号待册文，不得倒写成康熙朝皇后。
QH-A-REL-0050,yongzheng,人物关系,QH-P-000020,has_biological_mother,QH-P-000040,清史稿卷214纯慤传（无生年）,1722-12-27,1735-10-08,本条为世表／后妃传所述表序或结构类主张，原文未给生年；公历区间为编辑据父皇在位起迄推定的窗口，非本人时间。待按 CAL-001 核录。,确定,审核中,QH-SU-YZ-QSG-0214B,卷214；纯慤皇贵妃耿氏,子一，弘晝。,,由后妃传子女句转出的生物母子。生母、嫡母、养母不得混写。后出《清史稿》不作终审。后妃传作纯慤。
QH-A-REL-0051,yongzheng,人物关系,QH-P-000133,has_biological_mother,QH-P-000134,清史稿卷214谦妃条（无生年）,1722-12-27,1735-10-08,本条为世表／后妃传所述表序或结构类主张，原文未给生年；公历区间为编辑据父皇在位起迄推定的窗口，非本人时间。待按 CAL-001 核录。,不确定,审核中,QH-SU-YZ-QSG-0214B,卷214；谦妃刘氏,子一，弘適。,,由后妃传子女句转出的生物母子。生母、嫡母、养母不得混写。后出《清史稿》不作终审。人物档标生母候选。后妃传作弘適，世表作弘曕，两写并存，不择一。
QH-A-REL-0052,kangxi,人物关系,QH-P-000021,has_biological_father,QH-P-000001,清史稿卷166第三女行（父女）,,,依 CAL-001，尚未逐条核录。表内生薨或下嫁仅及年号月；不新造公历。,确定,审核中,QH-SU-QSG-0166,卷166；圣祖第三女,聖祖第三女,,由公主表用名转出的父女。抚育女不在此列。后出《清史稿》不作终审。荣宪
QH-A-REL-0053,kangxi,人物关系,QH-P-000021,spouse_of,乌尔衮,康熙三十年六月，下嫁乌尔衮,,,依 CAL-001，尚未逐条核录。表内生薨或下嫁仅及年号月；不新造公历。,约略,审核中,QH-SU-QSG-0166,卷166；圣祖第三女；下嫁,康熙三十年六月，下嫁乌尔衮,,由公主表下嫁摘要转出的婚配。额驸乌尔衮尚未建档，客体用字面值。既有 married_to 事件主张（若有）记下嫁动作，本条记配偶关系，不混写订婚或追认婚姻。荣宪
QH-A-REL-0054,kangxi,人物关系,QH-P-000107,has_biological_father,QH-P-000001,清史稿卷166第五女行（父女）,,,依 CAL-001，尚未逐条核录。表内生薨或下嫁仅及年号月；不新造公历。,确定,审核中,QH-SU-QSG-0166,卷166；圣祖第五女,聖祖第五女,,由公主表用名转出的父女。抚育女不在此列。后出《清史稿》不作终审。端静
QH-A-REL-0055,kangxi,人物关系,QH-P-000107,spouse_of,噶尔臧,康熙三十一年十月，下嫁噶尔臧,,,依 CAL-001，尚未逐条核录。表内生薨或下嫁仅及年号月；不新造公历。,约略,审核中,QH-SU-QSG-0166,卷166；圣祖第五女；下嫁,康熙三十一年十月，下嫁噶尔臧,,由公主表下嫁摘要转出的婚配。额驸噶尔臧尚未建档，客体用字面值。既有 married_to 事件主张（若有）记下嫁动作，本条记配偶关系，不混写订婚或追认婚姻。端静
QH-A-REL-0056,kangxi,人物关系,QH-P-000108,has_biological_father,QH-P-000001,清史稿卷166第六女行（父女）,,,依 CAL-001，尚未逐条核录。表内生薨或下嫁仅及年号月；不新造公历。,确定,审核中,QH-SU-QSG-0166,卷166；圣祖第六女,聖祖第六女,,由公主表用名转出的父女。抚育女不在此列。后出《清史稿》不作终审。恪靖
QH-A-REL-0057,kangxi,人物关系,QH-P-000108,spouse_of,敦多布多尔济,康熙三十六年十一月，下嫁敦多布多尔济,,,依 CAL-001，尚未逐条核录。表内生薨或下嫁仅及年号月；不新造公历。,约略,审核中,QH-SU-QSG-0166,卷166；圣祖第六女；下嫁,康熙三十六年十一月，下嫁敦多布多尔济,,由公主表下嫁摘要转出的婚配。额驸敦多布多尔济尚未建档，客体用字面值。既有 married_to 事件主张（若有）记下嫁动作，本条记配偶关系，不混写订婚或追认婚姻。恪靖
QH-A-REL-0058,kangxi,人物关系,QH-P-000111,has_biological_father,QH-P-000001,清史稿卷166第九女行（父女）,,,依 CAL-001，尚未逐条核录。表内生薨或下嫁仅及年号月；不新造公历。,确定,审核中,QH-SU-QSG-0166,卷166；圣祖第九女,聖祖第九女,,由公主表用名转出的父女。抚育女不在此列。后出《清史稿》不作终审。温宪。雍正元年追进固伦，时人已薨，不得写成生前进固伦。
QH-A-REL-0059,kangxi,人物关系,QH-P-000111,spouse_of,舜安颜,康熙三十九年九月，下嫁舜安颜,,,依 CAL-001，尚未逐条核录。表内生薨或下嫁仅及年号月；不新造公历。,约略,审核中,QH-SU-QSG-0166,卷166；圣祖第九女；下嫁,康熙三十九年九月，下嫁舜安颜,,由公主表下嫁摘要转出的婚配。额驸舜安颜尚未建档，客体用字面值。既有 married_to 事件主张（若有）记下嫁动作，本条记配偶关系，不混写订婚或追认婚姻。温宪。雍正元年追进固伦，时人已薨，不得写成生前进固伦。
QH-A-REL-0060,kangxi,人物关系,QH-P-000112,has_biological_father,QH-P-000001,清史稿卷166第十女行（父女）,,,依 CAL-001，尚未逐条核录。表内生薨或下嫁仅及年号月；不新造公历。,确定,审核中,QH-SU-QSG-0166,卷166；圣祖第十女,聖祖第十女,,由公主表用名转出的父女。抚育女不在此列。后出《清史稿》不作终审。纯悫。表作策棱，是否即超勇亲王策凌，不自动合并。追进固伦在薨后。
QH-A-REL-0061,kangxi,人物关系,QH-P-000112,spouse_of,策棱,康熙四十五年五月，下嫁策棱,,,依 CAL-001，尚未逐条核录。表内生薨或下嫁仅及年号月；不新造公历。,约略,审核中,QH-SU-QSG-0166,卷166；圣祖第十女；下嫁,康熙四十五年五月，下嫁策棱,,由公主表下嫁摘要转出的婚配。额驸策棱尚未建档，客体用字面值。既有 married_to 事件主张（若有）记下嫁动作，本条记配偶关系，不混写订婚或追认婚姻。纯悫。表作策棱，是否即超勇亲王策凌，不自动合并。追进固伦在薨后。
QH-A-REL-0062,kangxi,人物关系,QH-P-000115,has_biological_father,QH-P-000001,清史稿卷166第十三女行（父女）,,,依 CAL-001，尚未逐条核录。表内生薨或下嫁仅及年号月；不新造公历。,确定,审核中,QH-SU-QSG-0166,卷166；圣祖第十三女,聖祖第十三女,,由公主表用名转出的父女。抚育女不在此列。后出《清史稿》不作终审。温恪。额驸仓津初名班第，与抚育女纯禧额驸班第不是同一人。
QH-A-REL-0063,kangxi,人物关系,QH-P-000115,spouse_of,仓津,康熙四十五年七月，下嫁仓津,,,依 CAL-001，尚未逐条核录。表内生薨或下嫁仅及年号月；不新造公历。,约略,审核中,QH-SU-QSG-0166,卷166；圣祖第十三女；下嫁,康熙四十五年七月，下嫁仓津,,由公主表下嫁摘要转出的婚配。额驸仓津尚未建档，客体用字面值。既有 married_to 事件主张（若有）记下嫁动作，本条记配偶关系，不混写订婚或追认婚姻。温恪。额驸仓津初名班第，与抚育女纯禧额驸班第不是同一人。
QH-A-REL-0064,kangxi,人物关系,QH-P-000116,has_biological_father,QH-P-000001,清史稿卷166第十四女行（父女）,,,依 CAL-001，尚未逐条核录。表内生薨或下嫁仅及年号月；不新造公历。,确定,审核中,QH-SU-QSG-0166,卷166；圣祖第十四女,聖祖第十四女,,由公主表用名转出的父女。抚育女不在此列。后出《清史稿》不作终审。悫靖。额驸为汉人。下嫁只到年。
QH-A-REL-0065,kangxi,人物关系,QH-P-000116,spouse_of,孙承运,康熙四十五年，下嫁孙承运,,,依 CAL-001，尚未逐条核录。表内生薨或下嫁仅及年号月；不新造公历。,约略,审核中,QH-SU-QSG-0166,卷166；圣祖第十四女；下嫁,康熙四十五年，下嫁孙承运,,由公主表下嫁摘要转出的婚配。额驸孙承运尚未建档，客体用字面值。既有 married_to 事件主张（若有）记下嫁动作，本条记配偶关系，不混写订婚或追认婚姻。悫靖。额驸为汉人。下嫁只到年。
QH-A-REL-0066,kangxi,人物关系,QH-P-000117,has_biological_father,QH-P-000001,清史稿卷166第十五女行（父女）,,,依 CAL-001，尚未逐条核录。表内生薨或下嫁仅及年号月；不新造公历。,确定,审核中,QH-SU-QSG-0166,卷166；圣祖第十五女,聖祖第十五女,,由公主表用名转出的父女。抚育女不在此列。后出《清史稿》不作终审。敦恪。额驸多尔济勿与他处同名台吉自动合并。
QH-A-REL-0067,kangxi,人物关系,QH-P-000117,spouse_of,多尔济,康熙四十七年十二月，下嫁多尔济,,,依 CAL-001，尚未逐条核录。表内生薨或下嫁仅及年号月；不新造公历。,约略,审核中,QH-SU-QSG-0166,卷166；圣祖第十五女；下嫁,康熙四十七年十二月，下嫁多尔济,,由公主表下嫁摘要转出的婚配。额驸多尔济尚未建档，客体用字面值。既有 married_to 事件主张（若有）记下嫁动作，本条记配偶关系，不混写订婚或追认婚姻。敦恪。额驸多尔济勿与他处同名台吉自动合并。
QH-A-REL-0068,yongzheng,人物关系,QH-P-000137,has_biological_father,QH-P-000002,清史稿卷166世宗第二女行,,,依 CAL-001，尚未逐条核录。表内生薨或下嫁仅及年号月；不新造公历。,确定,审核中,QH-SU-YZ-QSG-0166B,卷166；世宗第二女,世宗第二女,,由公主表用名转出的父女。追进和硕在薨后，见 QH-A-YZ-0061，本条不写封号。后出《清史稿》不作终审。
QH-A-REL-0069,yongzheng,人物关系,QH-P-000137,spouse_of,星德,康熙五十一年下嫁星德,,,依 CAL-001，尚未逐条核录。表内生薨或下嫁仅及年号月；不新造公历。,约略,审核中,QH-SU-YZ-QSG-0166B,卷166；世宗第二女；下嫁,康熙五十一年下嫁星德,,额驸星德尚未建档，客体用字面值。下嫁只到年。后出《清史稿》不作终审。
QH-A-REL-0070,yongzheng,人物关系,QH-P-000140,has_biological_father,QH-P-000004,清史稿卷166抚育行；淑慎,,,依 CAL-001，尚未逐条核录。表内生薨或下嫁仅及年号月；不新造公历。,确定,审核中,QH-SU-YZ-QSG-0166B,卷166；抚育行,世宗撫兄理親王允礽第六女,,抚育女。生父按表内父亲ID。生父允礽。不得写成世宗第五女。后出《清史稿》不作终审。
QH-A-REL-0071,yongzheng,人物关系,QH-P-000140,has_foster_parent,QH-P-000002,清史稿卷166抚育行；淑慎,,,依 CAL-001，尚未逐条核录。表内生薨或下嫁仅及年号月；不新造公历。,确定,审核中,QH-SU-YZ-QSG-0166B,卷166；抚育行,世宗撫兄理親王允礽第六女,,抚育不等于亲生，也不等于正式过继。不得计入世宗亲生女。生父允礽。不得写成世宗第五女。
QH-A-REL-0072,yongzheng,人物关系,QH-P-000140,spouse_of,觀音保,雍正四年十二月，下嫁觀音保,,,依 CAL-001，尚未逐条核录。表内生薨或下嫁仅及年号月；不新造公历。,约略,审核中,QH-SU-YZ-QSG-0166B,卷166；抚育行；淑慎；下嫁,雍正四年十二月，下嫁觀音保,,额驸觀音保尚未建档，客体用字面值。后出《清史稿》不作终审。
QH-A-REL-0073,yongzheng,人物关系,QH-P-000141,has_biological_father,QH-P-000011,清史稿卷166抚育行；和惠,,,依 CAL-001，尚未逐条核录。表内生薨或下嫁仅及年号月；不新造公历。,确定,审核中,QH-SU-YZ-QSG-0166B,卷166；抚育行,世宗撫弟怡親王允祥第四女,,抚育女。生父按表内父亲ID。生父允祥。后出《清史稿》不作终审。
QH-A-REL-0074,yongzheng,人物关系,QH-P-000141,has_foster_parent,QH-P-000002,清史稿卷166抚育行；和惠,,,依 CAL-001，尚未逐条核录。表内生薨或下嫁仅及年号月；不新造公历。,确定,审核中,QH-SU-YZ-QSG-0166B,卷166；抚育行,世宗撫弟怡親王允祥第四女,,抚育不等于亲生，也不等于正式过继。不得计入世宗亲生女。生父允祥。
QH-A-REL-0075,yongzheng,人物关系,QH-P-000141,spouse_of,多爾濟塞布騰,雍正七年十二月，下嫁多爾濟塞布騰,,,依 CAL-001，尚未逐条核录。表内生薨或下嫁仅及年号月；不新造公历。,约略,审核中,QH-SU-YZ-QSG-0166B,卷166；抚育行；和惠；下嫁,雍正七年十二月，下嫁多爾濟塞布騰,,额驸多爾濟塞布騰尚未建档，客体用字面值。后出《清史稿》不作终审。
QH-A-REL-0076,yongzheng,人物关系,QH-P-000142,has_biological_father,QH-P-000013,清史稿卷166抚育行；端柔,,,依 CAL-001，尚未逐条核录。表内生薨或下嫁仅及年号月；不新造公历。,确定,审核中,QH-SU-YZ-QSG-0166B,卷166；抚育行,世宗撫弟莊親王允祿第一女,,抚育女。生父按表内父亲ID。生父允禄。后出《清史稿》不作终审。
QH-A-REL-0077,yongzheng,人物关系,QH-P-000142,has_foster_parent,QH-P-000002,清史稿卷166抚育行；端柔,,,依 CAL-001，尚未逐条核录。表内生薨或下嫁仅及年号月；不新造公历。,确定,审核中,QH-SU-YZ-QSG-0166B,卷166；抚育行,世宗撫弟莊親王允祿第一女,,抚育不等于亲生，也不等于正式过继。不得计入世宗亲生女。生父允禄。
QH-A-REL-0078,yongzheng,人物关系,QH-P-000142,spouse_of,齊默特多爾濟,雍正八年十二月，下嫁齊默特多爾濟,,,依 CAL-001，尚未逐条核录。表内生薨或下嫁仅及年号月；不新造公历。,约略,审核中,QH-SU-YZ-QSG-0166B,卷166；抚育行；端柔；下嫁,雍正八年十二月，下嫁齊默特多爾濟,,额驸齊默特多爾濟尚未建档，客体用字面值。后出《清史稿》不作终审。
QH-A-REL-0079,kangxi,人物关系,QH-P-000123,spouse_of,班第,康熙二十九年三月，下嫁班第,,,依 CAL-001，尚未逐条核录。表内生薨或下嫁仅及年号月；不新造公历。,约略,审核中,QH-SU-QSG-0166,卷166；圣祖抚弟恭亲王常宁第一女；下嫁,康熙二十九年三月，下嫁班第,,抚育非亲生已见 QH-A-KX-0116，本条不重复。生父常宁尚未建档，不写父女。额驸班第尚未建档，与仓津初名班第分人。
QH-A-DG-0026,daoguang,事件发生,QH-P-000055,issued_proclamation,黄爵滋疏下各督抚议,道光十八年闰四月丙子,1838-01-01,1838-12-31,待按朔闰表核日,约略,审核中,QH-SU-DG-QSG-0018F,卷18；闰四月丙子,鴻臚寺卿黃爵滋奏請將內地吸食鴉片者俱罪死，命各省將軍督撫各抒所見議奏。,,本纪层。原折未拆。
QH-A-DG-0027,daoguang,事件发生,QH-P-000055,dismissed_from_office,许乃济休致,道光十八年九月己酉,1838-01-01,1838-12-31,待按朔闰表核日,约略,审核中,QH-SU-DG-QSG-0018G,卷18；九月己酉,許乃濟請弛鴉片禁，命休致。,,休致日期不是十六年原奏。邦交志十六年「已报可」另条。
QH-A-DG-0030,daoguang,事件发生,QH-P-000056,student_of,杜受田授读,道光二十九年二月,1849-01-01,1849-12-31,待按朔闰表核日,约略,审核中,QH-SU-DG-QSG-0019E,卷19；二十九年二月,受田仍授皇四子讀。,,官书只到授读。藏拙说未开笔记，不升格。
QH-A-DG-0028,daoguang,事件发生,QH-P-000177,titled_as,亲王（硃谕）,道光三十年正月,1850-02-01,1850-02-28,本纪崩条窗口,约略,审核中,QH-SU-DG-QSG-0019D,卷19崩条,硃諭「封皇六子奕訢為親王」。,,本纪层。已开实录卷476短引未见此句。不得写成密匣第二份立储。
QH-A-DG-0022,daoguang,事件发生,QH-P-000055,dismissed_from_office,托津、戴均元军机,嘉庆二十五年九月庚申,1820-01-01,1820-12-31,待按朔闰表核日,约略,审核中,QH-SU-DG-QSG-0017E,卷17；九月庚申,切責軍機大臣，以擬遺詔錯誤，罷托津、戴均元軍機大臣。,,本纪层。错误原文未开。不得与七月启匣并成「启匣有诈」。
QH-A-GX-0089,guangxu,事件发生,QH-P-000058,dismissed_from_office,翁同龢罢,光绪二十四年四月己酉,1898-01-01,1898-12-31,依陈垣《二十史朔闰表》，尚未逐条核录；页面只标年窗,约略,审核中,QH-SU-GX-NET-0024A,卷24；二十四年四月己酉,四月己酉，翁同龢罢。庚戌，召见康有为。,,两天两事。不得并成一事。
QH-A-JQ-0045,jiaqing,事件发生,QH-P-000054,appointed_as,永瑆董诰庆桂在军机处行走,嘉庆四年正月,1799-01-01,1799-12-31,依陈垣《二十史朔闰表》，尚未逐条核录；页面只标年窗,约略,审核中,QH-SU-JQ-NET-0016A,卷16；四年正月,命成親王永瑆、大學士董誥、尚書慶桂在軍機處行走。,,亲政当天人事。
QH-A-JQ-0024,jiaqing,文字或数值陈述,QH-P-000054,reported_in_edict,会报川陕楚教匪荡平,嘉庆七年十二月,1803-01-14,1803-02-11,,约略,审核中,QH-SU-JQ-QSG-0016E,卷16；七年十二月,詔額勒登保、德楞泰、勒保、惠齡、吳熊光會報川、陝、楚教匪蕩平。,,会报不等于战场清零；通行九年平定不覆盖此句。
QH-A-JQ-0046,jiaqing,事件发生,CAND-JQ-LINQING,executed,林清及通逆内监刘进亨等伏诛,嘉庆十八年九月,1813-01-01,1813-12-31,依陈垣《二十史朔闰表》，尚未逐条核录；页面只标年窗,约略,审核中,QH-SU-JQ-QSG-0016G,卷16；十八年九月,首逆林清、通逆內監劉進亨等伏誅。,,内监通逆是本纪用词。
QH-A-SZ-PROP-0081,shunzhi,事件发生,QH-P-000053,appointed_as,索尼苏克萨哈遏必隆鳌拜为辅臣,顺治十八年正月,1661-01-01,1661-12-31,依陈垣《二十史朔闰表》，尚未逐条核录；页面只标年窗,约略,审核中,QH-SU-SZ-QSG-0005B,卷5；崩条遗诏,特命內大臣索尼、蘇克薩哈、遏必隆、鰲拜為輔臣。,,后出本纪所录遗诏。不是已核满汉原件。
QH-A-KX-0200,kangxi,文字或数值陈述,CAND-KX-AOBEI,reported_in_writing,四辅臣史稿概括,康熙六年前后,,,后出本纪概括，不是某一日,约略,审核中,QH-SU-KX-NET-0006A,卷6；六年十一月条后,四大臣之輔政也，皆以勛舊。索尼年老，遏必隆闇弱，蘇克薩哈望淺，心非鰲拜所為而不能爭。,,史稿概括。不是盟誓原件。
QH-A-KX-0201,kangxi,事件发生,QH-P-000001,imprisoned,鳌拜贷死籍没拘禁,康熙八年五月戊申,1669-01-01,1669-12-31,依陈垣《二十史朔闰表》，尚未逐条核录；页面只标年窗,约略,审核中,QH-SU-KX-NET-0006A,卷6；八年五月戊申,詔逮輔臣鰲拜交廷鞫。即令侍衛等掊而縶之。列陳大罪三十，請族誅。詔貸其死，籍沒拘禁。,,贷死不是族诛。
QH-A-KX-0202,kangxi,人物关系,CAND-KX-SONI,grandparent_of,孝诚仁皇后赫舍里氏,康熙四年九月辛卯,1665-01-01,1665-12-31,依陈垣《二十史朔闰表》，尚未逐条核录；页面只标年窗,约略,审核中,QH-SU-KX-NET-0006A,卷6；四年九月,冊赫舍里氏為皇后，輔臣索尼之孫女也。,,外戚边。册后干支与后妃传分层。
QH-A-KX-0203,kangxi,事件发生,CAND-KX-AOBEI,accused,苏纳海、朱昌祚、王登联,康熙六年十一月丙申,1667-01-01,1667-12-31,依陈垣《二十史朔闰表》，尚未逐条核录；页面只标年窗,约略,审核中,QH-SU-KX-NET-0006A,卷6；六年十一月丙申,輔臣鰲拜以改撥圈地，誣奏大學士管戶部尚書蘇納海、直隸總督朱昌祚、巡撫王登聯等罪，逮下獄。,,大狱。不是中性整顿旗地。
QH-A-NH-0016,tianming,文字或数值陈述,QH-P-000051,titled_as,覆育列国英明皇帝,天命元年正月壬申朔,1616-02-17,1616-02-17,公历日级对照已见于 QH-A-NH-0002；换算依陈垣《二十史朔闰表》，尚未逐条核录,确定,已采纳,QH-SU-NH-TZSL-0005A,康熙本卷之五；天命元年正月壬申朔,尊上爲覆育列國英明皇帝。……建元天命、以是年爲天命元年。時上年五十有八,QH-CF-NH-GUOHAO,本条只证尊号与建元。同日未见定国号曰金。尊号里的皇帝不是后来清国帝位。
QH-A-NH-0013,tianming,文字或数值陈述,QH-P-000051,titled_as,神武皇帝（蒙古五部所尊）,明万历三十四年丙午冬十二月,1606-01-01,1606-12-31,依陈垣《二十史朔闰表》，尚未逐条核录；页面只标年窗,约略,已采纳,QH-SU-NH-QSG-0001J,卷1；丙午冬十二月,尊太祖為神武皇帝。,,来朝上号，不是太庙庙号，也不是已经改元称帝。
QH-A-NH-0010,tianming,事件发生,QH-P-000051,born_on,喜塔喇氏宣皇后所出,明嘉靖三十八年己未,1559-01-01,1559-12-31,依陈垣《二十史朔闰表》，尚未逐条核录；页面只标年窗,约略,已采纳,QH-SU-NH-QSG-0001G,卷1；己未嘉靖三十八年,孕十三月而生。是歲己未，明嘉靖三十八年也。,,后出本纪。生年干支与母氏。不得写成已有庙号。
QH-A-NH-0011,tianming,事件发生,QH-P-000051,titled_as,建州卫都督佥事,明万历十七年己丑冬十月,1589-01-01,1589-12-31,依陈垣《二十史朔闰表》，尚未逐条核录；页面只标年窗,约略,已采纳,QH-SU-NH-QSG-0001H,卷1；己丑冬十月,明以太祖為建州衛都督僉事。,,后出本纪。不得与甲辰龙虎将军并年。故宫世系页并到1589，是馆方层。
QH-A-NH-0012,tianming,事件发生,QH-P-000051,titled_as,龙虎将军,明万历三十二年甲辰,1604-01-01,1604-12-31,依陈垣《二十史朔闰表》，尚未逐条核录；页面只标年窗,约略,已采纳,QH-SU-NH-QSG-0001I,卷1；甲辰,明授我龍虎將軍。,,后出本纪。当时身份仍是明授职衔，不是称汗。
QH-A-NH-0021,tianming,事件发生,QH-P-000051,died_at,爱鸡堡,天命十一年八月庚戌,1626-01-01,1626-12-31,依陈垣《二十史朔闰表》，尚未逐条核录；页面只标年窗,约略,已采纳,QH-SU-NH-QSG-0001P,卷1；八月庚戌,庚戌，至愛雞堡，上崩。……年六十有八。,QH-CF-NH-DEATH,本纪崩地作爱鸡堡。未写炮伤，未写痛疽。宁远在正月，崩在八月。
QH-A-NH-0022,tianming,事件发生,QH-P-000051,buried_at,福陵,天聪三年,1629-01-01,1629-12-31,依陈垣《二十史朔闰表》，尚未逐条核录；页面只标年窗,约略,已采纳,QH-SU-NH-QSG-0001P,卷1；天聪三年,天聰三年葬福陵。,,后出本纪。实录同作天聪三年二月己亥。不得写成入关东陵。
QH-A-NH-0023,tianming,文字或数值陈述,QH-P-000051,titled_as,初谥武皇帝庙号太祖改谥高皇帝,崇德以后累谥,1636-01-01,1736-12-31,累谥跨崇德至乾隆；依陈垣《二十史朔闰表》，尚未逐条核录,约略,已采纳,QH-SU-NH-QSG-0001P,卷1；崩条收束,初諡武皇帝，廟號太祖，改諡高皇帝，累諡承天廣運聖德神功肇紀立極仁孝睿武端毅欽安弘文定業高皇帝。,,初谥、改谥、累谥三步。不得把累谥写成生前尊号。
QH-A-NH-0046,tianming,文字或数值陈述,QH-P-000051,titled_as,崇德初谥武皇帝至乾隆累谥高皇帝,崇德元年四月丙戌起,1636-01-01,1736-12-31,累加跨朝；依陈垣《二十史朔闰表》，尚未逐条核录,约略,已采纳,QH-SU-NH-TZSL-0010C,康熙本卷之十；累谥,崇德元年。四月丙戌。尊諡……武皇帝。廟號太祖。康熙元年。四月乙卯。加上尊諡……高皇帝。,,实录累谥日程。本纪收束见 QH-A-NH-0023。
QH-A-NH-0033,tianming,文字或数值陈述,QH-P-000051,reported_in_edict,宫闱但称福晋,太祖初起,,,后妃传开篇不是某一日,约略,已采纳,QH-SU-NH-QSG-0214A,卷214开篇,太祖初起，草創闊略，宮闈未有位號，但循國俗稱「福晉」。,,后人缘饰名之，非当时本称。不得把福晋写成已册皇后。
QH-A-NH-0028,tianming,文字或数值陈述,QH-P-000051,reported_in_edict,太祖十六子,太祖诸子开端,,,世表开端不是某一日,约略,已采纳,QH-SU-NH-QSG-0216A,卷216开端,太祖十六子：孝慈高皇后生太宗，元妃佟佳氏生廣略貝勒褚英、禮親王代善,,后出列传开端。费扬古不详所自出。不作玉牒。
QH-A-NH-0032,tianming,文字或数值陈述,QH-P-000051,reported_in_edict,景祖以上觉罗显祖以下宗室,皇子世表序,,,序文不是某一日,约略,已采纳,QH-SU-NH-QSG-0161A,卷161序,蓋自景祖以上子孫謂之「覺羅」，與顯祖以下子孫謂之「宗室」者，親疏攸別,,后出史表序。不是玉牒原文。
QH-A-NH-0040,tianming,事件发生,QH-P-000052,issued,德世库等子孙以觉罗为氏系红带,天聪九年,1635-01-01,1635-12-31,依陈垣《二十史朔闰表》，尚未逐条核录；页面只标年窗,约略,已采纳,QH-SU-NH-QSG-0215A,卷215；天聪九年,天聰九年，詔德世庫等子孫以「覺羅」為氏，系紅帶。,,已是皇太极朝法令。不得写成努尔哈赤生前已定红带。
QH-A-NH-0024,tianming,事件发生,QH-P-000201,came_to_marriage,归太祖,岁戊子秋九月,1588-01-01,1588-12-31,依陈垣《二十史朔闰表》，尚未逐条核录；页面只标年窗,约略,已采纳,QH-SU-NH-QSG-0214B,卷214；孝慈传,歲戊子秋九月，以后來歸……是歲，后年十四。,,当时称福晋。孝慈高皇后是后来谥号。
QH-A-NH-0025,tianming,事件发生,QH-P-000201,died_on,崩年二十九,岁癸卯九月庚辰,1603-01-01,1603-12-31,依陈垣《二十史朔闰表》，尚未逐条核录；页面只标年窗,约略,已采纳,QH-SU-NH-QSG-0214B,卷214；孝慈传,九月庚辰，后崩，年二十九。,,后出后妃传。不得写成已经册立的皇后崩逝。
QH-A-NH-0027,tianming,人物关系,QH-P-000202,biological_mother_of,褚英、代善,太祖朝,,,后妃传未给二子生年；不标公历,约略,已采纳,QH-SU-NH-QSG-0214C,卷214；元妃传,元妃，佟佳氏。歸太祖最早。子二：褚英、代善。,,生母候选。玉牒未见。
QH-A-NH-0026,tianming,事件发生,QH-P-000204,died_on,辛亥殉年三十七,天命十一年辛亥,1626-01-01,1626-12-31,依陈垣《二十史朔闰表》，尚未逐条核录；页面只标年窗,约略,已采纳,QH-SU-NH-QSG-0214E,卷214；大妃传,辛亥，大妃殉焉，年三十七。,QH-CF-NH-DAFEI,官书只写殉。强迫或自愿另层，不编造。
QH-A-NH-0047,tianming,事件发生,QH-P-000203,died_on,继妃得罪死,天命五年,1620-01-01,1620-12-31,依陈垣《二十史朔闰表》，尚未逐条核录；页面只标年窗,约略,已采纳,QH-SU-NH-QSG-0214D,卷214；继妃传,天命五年，妃得罪，死。,,只证卷214这样写。不补宫廷情节。
QH-A-NH-0048,tianming,事件发生,QH-P-000205,died_on,寿康太妃康熙四年薨,康熙四年,1665-01-01,1665-12-31,依陈垣《二十史朔闰表》，尚未逐条核录；页面只标年窗,约略,已采纳,QH-SU-NH-QSG-0214F,卷214；寿康太妃传,太祖諸妃中最老壽。……康熙四年，薨。,,已是康熙朝事。不得写成天命朝太妃薨。
QH-A-NH-0039,tianming,人物关系,QH-P-000214,biological_mother_of,QH-P-000051,岁己未,1559-01-01,1559-12-31,依陈垣《二十史朔闰表》，尚未逐条核录；页面只标年窗,约略,已采纳,QH-SU-NH-QSG-0214G,卷214；宣皇后传,歸顯祖為嫡妃。歲己未，太祖生。,,宣皇后是显祖的嫡妃，不是太祖的妃。
QH-A-NH-0029,tianming,事件发生,QH-P-000206,died_on,本纪作自缢死,乙卯闰八月,1615-01-01,1615-12-31,依陈垣《二十史朔闰表》，尚未逐条核录；页面只标年窗,约略,有争议,QH-SU-NH-QSG-0001L,卷1；乙卯闰八月,秋閏八月，帝長子褚英卒。……自縊死。,QH-CF-NH-CHUYING,本纪一层。与赐死、死于禁所并存，不择一。
QH-A-NH-0030,tianming,事件发生,QH-P-000206,died_on,世表作以罪赐死,乙卯年,1615-01-01,1615-12-31,依陈垣《二十史朔闰表》，尚未逐条核录；页面只标年窗,约略,有争议,QH-SU-NH-QSG-0162A,卷162；褚英行,乙卯年，以罪賜死。,QH-CF-NH-CHUYING,世表一层。不得压掉本纪自缢句。
QH-A-NH-0031,tianming,事件发生,QH-P-000206,died_on,列传作死于禁所,乙卯,1615-01-01,1615-12-31,依陈垣《二十史朔闰表》，尚未逐条核录；页面只标年窗,约略,有争议,QH-SU-NH-QSG-0216A,卷216；褚英传,越二年乙卯閏八月，死於禁所，年三十六。明人以為諫上毋背明，忤旨被譴。,QH-CF-NH-CHUYING,列传一层。明人谏阻说是转述，不升格为死因。
QH-A-NH-0034,tianming,事件发生,QH-P-000051,died_at,叆鸡堡（距沈阳城四十里）,天命十一年八月庚戌未刻,1626-01-01,1626-12-31,依陈垣《二十史朔闰表》，尚未逐条核录；页面只标年窗,约略,已采纳,QH-SU-NH-TZSL-0010A,康熙本卷之十；庚戌未刻,泝流至靉雞堡。距瀋陽城四十里。庚戌。未刻。上崩。,QH-CF-NH-DEATH,实录崩地作叆鸡堡。未写炮伤。与本纪爱鸡堡两写并存，不销改字形。
QH-A-NH-0038,tianming,事件发生,QH-P-000201,buried_at,三迁至沈阳石嘴头山福陵,越三载至天聪三年,1606-01-01,1629-12-31,三迁跨年；依陈垣《二十史朔闰表》，尚未逐条核录,约略,已采纳,QH-SU-NH-QSG-0214B,卷214；孝慈葬地,越三載，葬赫圖阿拉尼雅滿山岡。天命九年，遷葬東京楊魯山。天聰三年，再遷葬瀋陽石嘴頭山，是為福陵。,QH-CF-NH-YONGLING,孝慈三迁。东京杨鲁山与本纪阳鲁山同地两写。
QH-A-NH-0020,tianming,事件发生,QH-P-000051,built,东京阳鲁山山陵（本纪称永陵）,天命九年四月,1624-01-01,1624-12-31,依陈垣《二十史朔闰表》，尚未逐条核录；页面只标年窗,约略,草稿,QH-SU-NH-QSG-0001O,卷1；天命九年四月,營山陵於東京城東北陽魯山，奉景祖、顯祖遷葬焉，是曰永陵。,QH-CF-NH-YONGLING,本纪把东京阳鲁山写成是曰永陵。今新宾兴京陵后称永陵，不并成一座。
QH-A-NH-0035,tianming,事件发生,QH-P-000204,died_on,实录作大妃以身殉,天命十一年八月辛亥辰刻,1626-01-01,1626-12-31,依陈垣《二十史朔闰表》，尚未逐条核录；页面只标年窗,约略,已采纳,QH-SU-NH-TZSL-0010A,康熙本卷之十；辛亥辰刻,辛亥。辰刻。大妃以身殉焉。年三十有七。,QH-CF-NH-DAFEI,官修只写以身殉。二庶妃亦殉。不补谁下令。
QH-A-NH-0014,tianming,文字或数值陈述,QH-P-000051,reported_in_edict,四旗黄红白黑至是增镶旗易黑为蓝,明万历四十三年乙卯,1615-01-01,1615-12-31,依陈垣《二十史朔闰表》，尚未逐条核录；页面只标年窗,约略,有争议,QH-SU-NH-QSG-0001K,卷1；乙卯岁末,初以黃、紅、白、黑四旗統兵，至是增四鑲旗，易黑為藍。,QH-CF-NH-BANNERS,本纪颜色句。与实录康熙本黄红蓝白句并存，不择一。
QH-A-NH-0015,tianming,文字或数值陈述,QH-P-000051,reported_in_edict,四旗黄红蓝白添设四旗镶之为八旗,乙卯岁,1615-01-01,1615-12-31,依陈垣《二十史朔闰表》，尚未逐条核录；页面只标年窗,约略,有争议,QH-SU-NH-TZSL-0004A,康熙本卷之四；乙卯八旗,初设有四旗。旗以纯色爲别。曰黄、曰红、曰蓝、曰白、至是添设四旗。参用其色镶之。共爲八旗。,QH-CF-NH-BANNERS,康熙重修本数字文本，不是崇德原修。与本纪黑改蓝并存。
QH-A-NH-0045,tianming,事件发生,QH-P-000051,issued,释朝鲜降将姜弘立并谕其国主,天命四年三月甲辰,1619-01-01,1619-12-31,依陈垣《二十史朔闰表》，尚未逐条核录；页面只标年窗,约略,已采纳,QH-SU-NH-QSG-0001S,卷1；天命四年三月甲辰,甲辰，釋朝鮮降將姜弘立歸，以書諭其國主。,,书稿未见。《李朝实录》未开。
QH-A-NH-0041,tianming,事件发生,QH-P-000051,appointed_as,四大贝勒代善阿敏莽古尔泰皇太极,天命元年正月壬申朔,1616-02-17,1616-02-17,与 QH-A-NH-0002 同日；换算依陈垣《二十史朔闰表》，尚未逐条核录,确定,已采纳,QH-SU-NH-QSG-0001M,卷1；天命元年正月,命次子代善為大貝勒，弟子阿敏為二貝勒，五子莽古爾泰為三貝勒，八子皇太極為四貝勒。,,阿敏是舒尔哈齐子，不是太祖子。
QH-A-NH-0037,tianming,事件发生,QH-P-000051,issued,给降将印一,天命七年正月,1622-01-01,1622-12-31,依陈垣《二十史朔闰表》，尚未逐条核录；页面只标年窗,约略,已采纳,QH-SU-NH-TZSL-0008A,康熙本卷之八；广宁请降,上給以印一。賜之白金。遣之還。,,只证文书行政出现印。不得写成已核天命汗印文物。印文质地未见。
QH-A-NH-0017,tianming,文字或数值陈述,QH-P-000051,reported_in_edict,七大恨告天书首恨,天命三年二月壬寅,1618-04-13,1618-04-13,与 QH-A-NH-0003 同日；日历栏曾标待核。依陈垣《二十史朔闰表》，尚未逐条核录,约略,已采纳,QH-SU-NH-TZSL-0005B,康熙本卷之五；壬寅告天书首恨,我之祖父、未嘗損明邊一草寸土也、明無端越釁邊陲、害我祖父、恨一也。,QH-CF-NH-SEVEN-HATES,只拆首恨。拜天毕焚其书。白话异文与卢龙谕未见，不择一。
QH-A-NH-0043,tianming,事件发生,QH-P-000051,built,虎阑哈达南冈宫室,明万历十五年丁亥春正月,1587-01-01,1587-12-31,依陈垣《二十史朔闰表》，尚未逐条核录；页面只标年窗,约略,已采纳,QH-SU-NH-QSG-0001Q,卷1；丁亥春正月,城虎闌哈達南岡，始建宮室。,,与癸卯迁赫图阿喇不是同一句。
QH-A-NH-0044,tianming,事件发生,QH-P-000051,moved_capital,赫图阿喇,明万历三十一年癸卯春正月,1603-01-01,1603-12-31,依陈垣《二十史朔闰表》，尚未逐条核录；页面只标年窗,约略,已采纳,QH-SU-NH-QSG-0001R,卷1；癸卯春正月,遷於赫圖阿喇，肇祖以來舊所居也。,,五迁之一。今地见 QH-ST-0002。
QH-A-NH-0018,tianming,事件发生,QH-P-000051,captured,沈阳,天命六年三月乙卯,1621-01-01,1621-12-31,依陈垣《二十史朔闰表》，尚未逐条核录；页面只标年窗,约略,已采纳,QH-SU-NH-QSG-0001N,卷1；天命六年三月乙卯,乙卯，入瀋陽。,,后出本纪。克沈阳在迁都沈阳之前。
QH-A-NH-0019,tianming,事件发生,QH-P-000051,captured,辽阳,天命六年三月癸亥,1621-01-01,1621-12-31,依陈垣《二十史朔闰表》，尚未逐条核录；页面只标年窗,约略,已采纳,QH-SU-NH-QSG-0001N,卷1；天命六年三月癸亥,癸亥，入遼陽。,,后出本纪。辽阳一站不得略去。
QH-A-NH-0036,tianming,文字或数值陈述,QH-P-000051,reported_in_edict,宁远二日伤游击二人备御二人兵五百,天命十一年正月,1626-01-01,1626-12-31,依陈垣《二十史朔闰表》，尚未逐条核录；页面只标年窗,约略,已采纳,QH-SU-NH-TZSL-0010B,康熙本卷之十；宁远,計二日攻城。傷我游擊二人。備御官二人。兵五百人。,QH-CF-NH-DEATH,未写汗本人中炮。本纪伤士卒句另见 QH-A-NH-0007。
QH-A-NH-0051,tianming,事件发生,QH-P-000051,appointed_as,五大臣同听国政,天命元年正月壬申朔,1616-02-17,1616-02-17,与 QH-A-NH-0002 同日；依陈垣《二十史朔闰表》，尚未逐条核录；页面只标年窗,确定,审核中,QH-SU-NH-NET-0001A,卷1；天命元年正月,命額亦都、費英東、何和里、扈爾漢、安費揚古為五大臣，同聽國政。,QH-CF-NH-FIVE-MINISTERS,元年点名。不得与乙卯编制自动合并。
QH-A-NH-0052,tianming,制度陈述,QH-P-000051,established,理政听讼大臣五,乙卯岁末,1615-01-01,1615-12-31,依陈垣《二十史朔闰表》，尚未逐条核录；页面只标年窗,约略,审核中,QH-SU-NH-NET-0001A,卷1；乙卯岁末,置理政聽訟大臣五，以扎爾固齊十人副之。,QH-CF-NH-FIVE-MINISTERS,编制句。名单未写。
QH-A-NH-0053,tianming,事件发生,QH-P-000051,issued,禁五大臣私家听讼,天命元年秋七月,1616-01-01,1616-12-31,依陈垣《二十史朔闰表》，尚未逐条核录；页面只标年窗,约略,审核中,QH-SU-NH-NET-0001A,卷1；天命元年秋七月,禁五大臣私家聽訟。,,听讼须公所。不是内阁。
QH-A-NH-0054,tianming,事件参与,CAND-NH-FEIYINGDONG,campaigned_against,徙瓦尔喀斐悠城户五百,丁未春正月,1607-01-01,1607-12-31,依陈垣《二十史朔闰表》，尚未逐条核录；页面只标年窗,约略,审核中,QH-SU-NH-NET-0001A,卷1；丁未春正月,命舒爾哈齊、褚英、代善及費英東、揚古利率兵徙其戸五百。,,称汗前领兵。扬古利不因此升为元年五大臣。
QH-A-QL-0054,qianlong,事件发生,QH-P-000019,departed_on_southern_tour,初次南巡,乾隆十六年春正月辛亥,1751-01-01,1751-12-31,换算依陈垣《二十史朔闰表》，尚未逐条核录。,约略,审核中,QH-SU-QL-QSG-0011B,卷11；十六年春正月,以初次南巡，免江蘇、安徽元年至十三年逋賦，浙江本年額賦……辛亥，上奉皇太后南巡。,,自是南巡皆如之只指经过直隶山东免十分之三。
QH-A-QL-0055,qianlong,事件发生,QH-P-000019,departed_on_southern_tour,第二次南巡,乾隆二十二年春正月癸卯,1757-01-01,1757-12-31,换算依陈垣《二十史朔闰表》，尚未逐条核录。,约略,审核中,QH-SU-QL-QSG-0012C,卷12；二十二年春正月,以南巡免江蘇、安徽、浙江累年逋賦……癸卯，上奉皇太后南巡。,,第二次。驻跸账册未回。
QH-A-QL-0056,qianlong,事件发生,QH-P-000019,departed_on_southern_tour,第三次南巡,乾隆二十七年春正月丙午,1762-01-01,1762-12-31,换算依陈垣《二十史朔闰表》，尚未逐条核录。,约略,审核中,QH-SU-QL-QSG-0012D,卷12；二十七年春正月,以奉皇太后巡省江、浙，詔免江蘇、安徽、浙江逋賦……丙午，上奉皇太后南巡。,,第三次。
QH-A-QL-0057,qianlong,事件发生,QH-P-000019,departed_on_southern_tour,第四次南巡,乾隆三十年春正月壬戌,1765-01-01,1765-12-31,换算依陈垣《二十史朔闰表》，尚未逐条核录。,约略,审核中,QH-SU-QL-QSG-0012E,卷12；三十年春正月,以皇太后四巡江、浙，免江蘇、安徽、浙江歷年因災未完丁漕……壬戌，上奉皇太后啟蹕南巡。,,第四次。继后剪发见 QH-A-QL-0015，不并进本条。
QH-A-QL-0058,qianlong,事件发生,QH-P-000019,departed_on_southern_tour,第五次南巡,乾隆四十五年春正月辛卯,1780-01-01,1780-12-31,换算依陈垣《二十史朔闰表》，尚未逐条核录。,约略,审核中,QH-SU-QL-QSG-0014C,卷14；四十五年春正月辛卯,辛卯，上巡幸江、浙，免直隸、山東經過地方本年額賦十分之三。,,旧写把第五次写成二月才开始，与已开原文不符。
QH-A-QL-0059,qianlong,事件发生,QH-P-000019,departed_on_southern_tour,第六次南巡,乾隆四十九年春正月丁未,1784-01-01,1784-12-31,换算依陈垣《二十史朔闰表》，尚未逐条核录。,约略,审核中,QH-SU-QL-QSG-0015H,卷15；四十九年春正月丁未,丁未，上南巡，免直隸、山東經過地方本年錢糧十分之三。,,第六次。不再奉皇太后。
QH-A-QL-0065,qianlong,文字或数值陈述,QH-P-000019,reported_in_edict,钱谦益毁弃；刘宗周黄道周改字无庸销毁；杨涟酌改,乾隆四十一年十一月甲申,1776-01-01,1776-12-31,换算依陈垣《二十史朔闰表》，尚未逐条核录。,约略,审核中,QH-SU-QL-QSG-0014A,卷14；四十一年十一月甲申改毁谕,如錢謙益等……自應查明毀棄。劉宗周、黃道周……惟當改易字句，無庸銷毀。又直臣如楊漣等……亦止須酌改,,补 QH-A-QL-0026 的三种处置层。不取禁毁总数。
QH-A-QL-0060,qianlong,事件发生,QH-P-000019,reported_in_edict,伪撰孙嘉淦奏稿假造朱批,乾隆十六年八月戊戌,1751-01-01,1751-12-31,换算依陈垣《二十史朔闰表》，尚未逐条核录。,约略,审核中,QH-SU-QL-QSG-0011C,卷11；十六年八月,以碩色舉發偽撰孫嘉淦奏稿，假造硃批,,不是孙嘉淦本人上疏。
QH-A-QL-0061,qianlong,文字或数值陈述,QH-P-000019,reported_in_edict,胡中藻诗悖逆,乾隆二十年三月丙戌,1755-01-01,1755-12-31,换算依陈垣《二十史朔闰表》，尚未逐条核录。,约略,审核中,QH-SU-QL-QSG-0011D,卷11；二十年三月丙戌,諭胡中藻詩悖逆，張泰開刊刻、鄂昌唱和諸罪,,在卷11不是卷12。
QH-A-QL-0062,qianlong,事件发生,QH-P-000019,reported_in_edict,胡中藻处斩,乾隆二十年四月甲寅,1755-01-01,1755-12-31,换算依陈垣《二十史朔闰表》，尚未逐条核录。,约略,审核中,QH-SU-QL-QSG-0011D,卷11；二十年四月甲寅,甲寅，胡中藻處斬。,,五月庚寅赐鄂昌自尽是下一句。
QH-A-QL-0064,qianlong,事件发生,QH-P-000019,reported_in_edict,金从善以上言建储立后处斩,乾隆四十三年九月甲午至戊戌,1778-01-01,1778-12-31,换算依陈垣《二十史朔闰表》，尚未逐条核录。,约略,审核中,QH-SU-QL-QSG-0014E,卷14；四十三年九月,錦縣生員金從善，以上言建儲立後，納諫施德，忤旨，論斬。,,与 QH-A-QL-0016 同卷相接。不得写成因为讲了继位真相。
QH-A-QL-0063,qianlong,事件发生,QH-P-000019,reported_in_edict,陶易徇纵徐述夔褫职论斩,乾隆四十三年十月甲戌,1778-01-01,1778-12-31,换算依陈垣《二十史朔闰表》，尚未逐条核录。,约略,审核中,QH-SU-QL-QSG-0014E,卷14；四十三年十月甲戌,江蘇布政使陶易以徇縱徐述夔，褫職論斬。,,本纪处分的是官员陶易。
QH-A-QL-0067,qianlong,事件发生,QH-P-000019,reported_in_edict,魏塾以著书悖妄处斩,乾隆四十五年四月壬子,1780-01-01,1780-12-31,换算依陈垣《二十史朔闰表》，尚未逐条核录。,约略,审核中,QH-SU-QL-QSG-0014E,卷14；四十五年四月壬子,山東壽光人魏塾以著書悖妄，處斬。,,书名卷次未核。
QH-A-QL-0068,qianlong,事件发生,QH-P-000019,reported_in_edict,尹嘉铨坐妄请从祀及著书狂悖处绞,乾隆四十六年四月庚申,1781-01-01,1781-12-31,换算依陈垣《二十史朔闰表》，尚未逐条核录。,约略,审核中,QH-SU-QL-QSG-0014E,卷14；四十六年四月庚申,休致大理寺卿尹嘉銓坐妄請其父從祀孔廟及著書狂悖，處絞。,,两事写在同一句。
QH-A-QL-0069,qianlong,事件发生,QH-P-000019,reported_in_edict,允英吉利贡使由天津进贡,乾隆五十七年十月乙酉,1792-01-01,1792-12-31,换算依陈垣《二十史朔闰表》，尚未逐条核录。,约略,审核中,QH-SU-QL-QSG-0015K,卷15；五十七年十月乙酉,郭世燾奏英吉利遣使，請由天津進貢，允之。,,只证允进贡与天津一路。
QH-A-QL-0070,qianlong,事件发生,QH-P-000019,reported_in_annals,英吉利贡船至天津,乾隆五十八年六月乙酉,1793-01-01,1793-12-31,换算依陈垣《二十史朔闰表》，尚未逐条核录。,约略,审核中,QH-SU-QL-QSG-0015K,卷15；五十八年六月乙酉,英吉利貢船至天津。,,船到天津。驻京近圆明园是另一地。
QH-A-QL-0071,qianlong,事件发生,QH-P-000019,received_in_audience,马戛尔尼、斯当东等入觐万树园,乾隆五十八年秋七月庚午,1793-01-01,1793-12-31,换算依陈垣《二十史朔闰表》，尚未逐条核录。,约略,审核中,QH-SU-QL-QSG-0015K,卷15；五十八年秋七月庚午,上御萬樹園大幄，英吉利國正使馬戛爾尼、副使斯當東等入覲。,,热河万树园。本纪此句无跪叩揖字。
QH-A-QL-0072,qianlong,文字或数值陈述,QH-P-000019,reported_in_writing,表请驻京通市减税不许,乾隆五十八年,1793-01-01,1793-12-31,换算依陈垣《二十史朔闰表》，尚未逐条核录。,约略,审核中,QH-SU-QL-QSG-0154A,卷154；英吉利,五十八年，英國王雅治三世遣使臣馬戛爾尼等來朝貢，表請派人駐京，及通市浙江寧波、珠山、天津、廣東等地，並求減關稅，不許。,,后出志书摘要。朝贡是中方用词。
QH-A-QL-0073,qianlong,事件发生,QH-P-000019,reported_in_edict,贡使由内河水路赴广东澳门附船回国,乾隆五十八年秋七月庚寅,1793-01-01,1793-12-31,换算依陈垣《二十史朔闰表》，尚未逐条核录。,约略,审核中,QH-SU-QL-QSG-0015K,卷15；五十八年秋七月庚寅,諭英吉利貢使由內河水路赴廣東澳門附船回國。,,回国路线由官书指定。
QH-A-QL-0074,qianlong,称号授予,QH-P-000124,appointed_as,御前侍卫兼副都统,乾隆四十年,1775-01-01,1775-12-31,换算依陈垣《二十史朔闰表》，尚未逐条核录。,约略,审核中,QH-SU-QL-QSG-0319B,卷319；列传四十年,四十年，直乾清門，擢御前侍衛，兼副都統。,,入直侍卫。不是已经柄政。页面50%文本质量。
QH-A-QL-0094,qianlong,称号授予,QH-P-000124,appointed_as,军机处行走,乾隆四十一年三月庚子,1776-01-01,1776-12-31,换算依陈垣《二十史朔闰表》，尚未逐条核录。,约略,审核中,QH-SU-QL-QSG-0014C,卷14；四十一年三月庚子,命戶部侍郎和珅軍機處行走。,,本纪层。与 QH-A-JQ-0009 分层，不择一抹平。
QH-A-QL-0076,qianlong,事件发生,QH-P-000019,bestowed_marriage,丰绅殷德为和孝公主额驸,乾隆四十五年,1780-01-01,1780-12-31,换算依陈垣《二十史朔闰表》，尚未逐条核录。,约略,审核中,QH-SU-QL-QSG-0319B,卷319；列传四十五年,賜婚其子丰紳殷德為和孝公主額駙，待年行婚禮。,,赐婚不是五十四年完婚。
QH-A-QL-0077,qianlong,称号授予,QH-P-000124,appointed_as,户部尚书,乾隆四十五年三月辛丑,1780-01-01,1780-12-31,换算依陈垣《二十史朔闰表》，尚未逐条核录。,约略,审核中,QH-SU-QL-QSG-0014C,卷14；四十五年三月辛丑,命英廉為東閣大學士，和珅為戶部尚書。,,本纪户部尚书。不是大学士已授。
QH-A-QL-0078,qianlong,称号授予,QH-P-000124,appointed_as,文华殿大学士,乾隆五十一年闰七月乙未,1786-01-01,1786-12-31,换算依陈垣《二十史朔闰表》，尚未逐条核录。,约略,审核中,QH-SU-QL-QSG-0015I,卷15；五十一年闰七月乙未,命和珅為文華殿大學士，管理戶部事。,,本纪大学士。不是专权已经鉴定。
QH-A-QL-0079,qianlong,称号授予,QH-P-000124,invested_as,三等伯爵,乾隆五十三年二月甲午,1788-01-01,1788-12-31,换算依陈垣《二十史朔闰表》，尚未逐条核录。,约略,审核中,QH-SU-QL-QSG-0015I,卷15；五十三年二月甲午,晉封大學士和珅三等伯爵。,,本纪只到三等伯爵。列传作三等忠襄伯，不择一。
QH-A-QL-0075,qianlong,文字或数值陈述,QH-P-000124,reported_in_biography,柄政久善伺高宗意,列传收束不系年,,,列传评价句不系年。不补造公历。,约略,审核中,QH-SU-QL-QSG-0319B,卷319；列传评价,和珅柄政久，善伺高宗意，因以弄竊作威福。,,后出史臣概括。不得写入八亿两。
QH-A-QL-0047,qianlong,文字或数值陈述,QH-P-000019,reported_in_table,未嫁赐乘金顶轿；籍没后仁宗命留资养赡,乾隆四十年正月生；五十四年十一月下嫁,1775-01-01,1823-12-31,换算依陈垣《二十史朔闰表》，尚未逐条核录。,约略,审核中,QH-SU-QL-QSG-0166C,卷166；高宗第十女附载,主，高宗少女，素所鍾愛，未嫁，賜乘金頂轎。和珅得罪，籍沒。仁宗命留資為主養贍。,,金顶轿在未嫁之前。留资是嘉庆朝。抄家总额未见。
QH-A-QL-0080,qianlong,事件发生,QH-P-000019,buried_at,裕陵,嘉庆四年九月庚午,1799-01-01,1799-12-31,换算依陈垣《二十史朔闰表》，尚未逐条核录。,约略,审核中,QH-SU-QL-QSG-0016C,卷16；嘉庆四年九月庚午,葬高宗純皇帝於裕陵。,,崩在正月壬戌，葬在九月庚午。不得用 0016B 顶替。
QH-A-QL-0081,qianlong,事件发生,QH-P-000019,enshrined_in_taimiao,孝贤纯皇后；孝仪纯皇后,嘉庆四年九月甲戌,1799-01-01,1799-12-31,换算依陈垣《二十史朔闰表》，尚未逐条核录。,约略,审核中,QH-SU-QL-QSG-0016C,卷16；嘉庆四年九月甲戌,高宗純皇帝、孝賢純皇后、孝儀純皇后升祔太廟,,继后不在这句名单。QH-CF-QL-NALA 待补。
QH-A-QL-0082,qianlong,事件发生,QH-P-000019,reported_in_edict,赍金奔巴瓶往藏,乾隆五十七年九月丙午,1792-01-01,1792-12-31,换算依陈垣《二十史朔闰表》，尚未逐条核录。,约略,审核中,QH-SU-QL-QSG-0015J,卷15；五十七年九月丙午,命御前侍衛惠倫等齎金奔巴瓶往藏，貯呼畢勒罕名姓，由達賴喇嘛等對眾拈定。,,本纪派人句。碑文署孟冬，日期分层。
QH-A-QL-0083,qianlong,文字或数值陈述,QH-P-000019,reported_in_edict,雍和宫设金奔巴瓶,乾隆五十八年三月戊申,1793-01-01,1793-12-31,换算依陈垣《二十史朔闰表》，尚未逐条核录。,约略,审核中,QH-SU-QL-QSG-0015J,卷15；五十八年三月戊申,諭於雍和宮設金奔巴瓶，飭理藩院堂官、掌印札薩克喇嘛等，公同掣蒙古所出之呼畢勒罕。,,京师一瓶。四月辛巳再通谕。
QH-A-QL-0084,qianlong,文字或数值陈述,QH-P-000019,reported_in_writing,兴黄教即所以安众蒙古,乾隆五十七年岁次壬子孟冬月之上澣,1792-10-01,1792-12-31,换算依陈垣《二十史朔闰表》，尚未逐条核录。,约略,审核中,QH-SU-QL-LMS-0001A,喇嘛说；雍和宫碑拓本,興黃教，即所以安眾蒙古,,御制自述。不是章程逐条。原石未见。
QH-A-QL-0085,qianlong,文字或数值陈述,QH-P-000019,reported_in_writing,转生一族是乃为私；制金瓶送往西藏,乾隆五十七年岁次壬子孟冬月之上澣,1792-10-01,1792-12-31,换算依陈垣《二十史朔闰表》，尚未逐条核录。,约略,审核中,QH-SU-QL-LMS-0001A,喇嘛说；金瓶句,轉生之呼必勒罕出於一族，是乃為私，佛豈有私，故不可不禁。茲余制一金瓶，送往西藏。,,碑文自谓虽不能尽去其弊。
QH-A-QL-0100,qianlong,事件发生,QH-P-000019,ritual_performed,诣裕陵敷土大饗,嘉庆五年清明,1800-01-01,1800-12-31,依 CAL-001，尚未逐条核录,约略,审核中,QH-SU-QL-QSG-0086A,卷86；嘉庆五年清明,詣昌瑞山謁高宗裕陵，先敷土，次大饗。,,后出志。嘉庆朝谒陵，不是嘉庆四年九月葬条，也不是地宫陈设。
QH-A-QL-0092,qianlong,事件发生,QH-P-000019,stationed_at,避暑山庄,乾隆五十一年六月丁丑,1786-01-01,1786-12-31,换算依陈垣《二十史朔闰表》，尚未逐条核录。,约略,审核中,QH-SU-QL-QSG-0015H,卷15；五十一年六月丁丑,上駐蹕避暑山莊。,,本纪驻跸例。山庄与木兰是两个点。
QH-A-QL-0086,qianlong,文字或数值陈述,QH-P-000019,reported_in_writing,日知荟说二百六十则四卷,乾隆丙辰中秋日,1736-01-01,1736-12-31,换算依陈垣《二十史朔闰表》，尚未逐条核录。,约略,审核中,QH-SU-QL-RZHS-0001A,四库本日知荟说御制序,合二百六十則釐為四卷,,藩邸日课选编。不是四库案。
QH-A-QL-0087,qianlong,文字或数值陈述,QH-P-000019,reported_in_writing,交泰殿宝谱二十有五,乾隆十一年,1746-01-01,1746-12-31,换算依陈垣《二十史朔闰表》，尚未逐条核录。,约略,审核中,QH-SU-QL-QSG-0104A,卷104；舆服,乾隆十一年，考定寶譜，藏之交泰殿者二十有五，藏之盛京者十。,,考定不是新铸二十五枚。
QH-A-QL-0088,qianlong,文字或数值陈述,QH-P-000019,reported_in_writing,君人者在德不在宝,国朝传宝记不系日,,,传宝记不系日。不补造公历。,约略,审核中,QH-SU-QL-QSG-0104A,卷104；国朝传宝记,君人者在德不在寶。寶雖重，一器耳。,,御制自述。E06M 印文待核。
QH-A-QL-0089,qianlong,事件发生,QH-P-000019,commissioned_seal,古稀天子之宝,乾隆四十五年八月,1780-08-01,1780-09-30,换算依陈垣《二十史朔闰表》，尚未逐条核录。,约略,审核中,QH-SU-QL-QSG-0104A,卷104；四十五年八月,乾隆四十五年八月，高宗七旬聖壽，用杜甫句刻「古稀天子之寶」,,后加的一方，不是二十五个里原有的名目。
QH-A-QL-0093,qianlong,事件发生,QH-P-000019,reviewed_troops,阅武楼阅兵,乾隆四十二年春正月丙子,1777-01-01,1777-12-31,换算依陈垣《二十史朔闰表》，尚未逐条核录。,约略,审核中,QH-SU-QL-QSG-0014D,卷14；四十二年正月丙子,上御閱武樓閱兵，命諸王、大臣、外藩蒙古及回部、庫車、哈薩克使臣、金川土司等從觀。,,本纪观兵句。不得写成 QH-V-E06D 即此日大阅图。
QH-A-QL-0048,qianlong,文字或数值陈述,QH-P-000020,daughter_fostered_by,QH-P-000019,雍正十二年六月生；乾隆十五年十二月下嫁,1734-01-01,1760-12-31,换算依陈垣《二十史朔闰表》，尚未逐条核录。,约略,审核中,QH-SU-QL-QSG-0166C,卷166；高宗抚弟和亲王弘昼女,高宗撫弟和親王弘晝女……和碩和婉公主。乾隆十五年十二月，下嫁德勒克。,,生父是弘昼。不是高宗第十一女。
QH-A-QL-0045,qianlong,事件发生,QH-P-000019,married_daughter_to,拉旺多尔济,乾隆三十五年七月,1770-01-01,1770-12-31,换算依陈垣《二十史朔闰表》，尚未逐条核录。,约略,审核中,QH-SU-QL-QSG-0166C,卷166；高宗第七女,固倫和靜公主。乾隆三十五年七月，下嫁拉旺多爾濟。,,表作超勇亲於策淩孙，字形两见不校改。
QH-A-QL-0046,qianlong,事件发生,QH-P-000019,married_daughter_to,札兰泰,乾隆三十七年八月,1772-01-01,1772-12-31,换算依陈垣《二十史朔闰表》，尚未逐条核录。,约略,审核中,QH-SU-QL-QSG-0166C,卷166；高宗第九女,和碩和恪公主。乾隆三十七年八月，下嫁札蘭泰。,,额驸兆惠子。
QH-A-QL-0105,qianlong,文字或数值陈述,CAND-QL-FUHENG,praised_as,定策西师居首功,乾隆二十五年前后,,,像赞年代依紫光阁批次说明,约略,审核中,QH-SU-QL-NET-0001A,御制文初集；西域前五十第1,定策西師，惟汝予同。酇侯不戰，宜居首功。,,像赞层。不得写成无与西师。
QH-A-SZ-PROP-0044,shunzhi,事件发生,QH-P-000053,appointed_regent,济尔哈朗与多尔衮辅政,崇德八年八月庚午,1643-09-21,1643-10-08,,约略,审核中,QH-SU-SZ-PROP-0004F,卷4；崇德八年八月庚午,以和碩鄭親王濟爾哈朗、和碩睿親王多爾袞輔政,,辅政起算在盛京即位前。公历依 CAL-001，尚未逐条核录。
QH-A-SZ-PROP-0051,shunzhi,事件发生,QH-P-000172,granted_title,通玄教师,顺治十年三月戊辰,1653-01-01,1653-12-31,,约略,审核中,QH-SU-SZ-PROP-0005E,卷5；顺治十年三月戊辰,賜太常寺卿湯若望號通玄教師,,赐号，不是历狱。
QH-A-TZ-0052,tongzhi,制度陈述,CAND-TZ-LIHONGZAO,acted_as,代阅章奏（病中）,同治十三年十月,1874-01-01,1874-12-31,依陈垣《二十史朔闰表》，尚未逐条核录；页面只标年窗,约略,审核中,QH-SU-TZ-NET-0022A,卷22；十三年十月,病中代阅章奏（方向见既有04章；本条登记帝师层）。,,代阅不等于摄政。短引以04已开句为准。
QH-A-XF-0034,xianfeng,事件发生,QH-P-000184,appointed_as,督办团练,咸丰二年十一月乙亥,1852-01-01,1852-12-31,依 CAL-001，尚未逐条核录,约略,审核中,QH-SU-XF-QSG-0020Q,卷20；二年十一月乙亥,詔在籍侍郎曾國籓督辦團練。,,本纪作曾國籓。团练上谕在金田起事两年之后。
QH-A-XF-0035,xianfeng,事件发生,QH-P-000056,fort_fell,江宁,咸丰三年二月壬辰,1853-01-01,1853-12-31,依 CAL-001，尚未逐条核录,约略,审核中,QH-SU-XF-QSG-0020R,卷20；三年二月壬辰,賊陷江寧，將軍祥厚、提督福珠洪阿等死之。,,清方用语「贼陷」。不得改写成天京开国诏。
QH-A-XF-0056,xianfeng,文字或数值陈述,QH-P-000162,reported_in_document,凡天下田天下人同耕,太平天国刊布（通行壬子二年）,1853-01-01,1853-12-31,依 CAL-001，尚未逐条核录,约略,审核中,QH-SU-XF-TP-0001A,天朝田亩制度；维基文库,凡天下田，天下人同耕,,对方印书。不得写成清方已均分土地。辑本不是原件。
QH-A-XF-0057,xianfeng,文字或数值陈述,CAND-XF-HONGRANYAN,reported_in_document,因时制宜审势而行,太平天国己未九年（通行）,1859-01-01,1859-12-31,依 CAL-001，尚未逐条核录,约略,审核中,QH-SU-XF-XZXP-0001A,资政新篇；维基文库,其要在於因時制宜，審勢而行而已。,,维基文库题记写未实行。不是曾国藩或总理衙门文件。
QH-A-XF-0036,xianfeng,事件发生,QH-P-000056,institution_noted_as_begun,银钞,咸丰三年五月戊申,1853-01-01,1853-12-31,依 CAL-001，尚未逐条核录,约略,审核中,QH-SU-XF-QSG-0020S,卷20；三年五月戊申,始制銀鈔。,,本纪自标「始」。不是发行额。
QH-A-XF-0037,xianfeng,事件发生,QH-P-000056,institution_noted_as_begun,当十大钱,咸丰三年五月辛未,1853-01-01,1853-12-31,依 CAL-001，尚未逐条核录,约略,审核中,QH-SU-XF-QSG-0020S,卷20；三年五月辛未,始鑄當十大錢。,,与银钞同月不同日。四年六月铸铁钱铅钱另句。
QH-A-XF-0045,xianfeng,事件发生,QH-P-000056,fort_fell,北塘,咸丰十年六月庚辰,1860-01-01,1860-12-31,依 CAL-001，尚未逐条核录,约略,审核中,QH-SU-XF-QSG-0020T,卷20；十年六月庚辰,英、法兵登岸，遂踞北塘。,,与七年叶名琛、九年大沽之捷分层。
QH-A-XF-0040,xianfeng,事件发生,QH-P-000056,battle_unfavorable,八里桥,咸丰十年八月戊辰,1860-01-01,1860-12-31,依 CAL-001，尚未逐条核录,约略,审核中,QH-SU-XF-QSG-0020U,卷20；十年八月戊辰,瑞麟等與洋兵戰於八里橋，不利。,,本纪用语「不利」。不得写成已核伤亡清单。
QH-A-XF-0041,xianfeng,事件发生,QH-P-000177,appointed_as,办理抚局,咸丰十年八月戊辰,1860-01-01,1860-12-31,依 CAL-001，尚未逐条核录,约略,审核中,QH-SU-XF-QSG-0020U,卷20；十年八月戊辰,命恭親王奕訢為欽差大臣，辦理撫局。,,与八里桥不利同日层。
QH-A-XF-0042,xianfeng,事件发生,QH-P-000056,signed_treaty,抚局成,咸丰十年九月乙巳,1860-01-01,1860-12-31,依 CAL-001，尚未逐条核录,约略,审核中,QH-SU-XF-QSG-0020V,卷20；十年九月乙巳,撫局成。,,本纪不写北京条约。条款须回原件。
QH-A-XF-0039,xianfeng,文字或数值陈述,QH-P-000056,reported_in_edict,大本在京师不在海口,咸丰十年六月辛卯,1860-01-01,1860-12-31,依 CAL-001，尚未逐条核录,约略,审核中,QH-SU-XF-QSG-0020T,卷20；十年六月辛卯手诏,惟天下大本在京師不在海口。,,本纪抄录手诏。只写退保津通，不等于已决定幸木兰。
QH-A-XF-0046,xianfeng,称号授予,CAND-XF-XIAODE,posthumously_advanced_as,孝德皇后,文宗即位,1850-01-01,1850-12-31,依 CAL-001，尚未逐条核录,约略,审核中,QH-SU-XF-QSG-0214A,卷214孝德条,文宗即位，追冊諡曰孝德皇后。,,她一天皇后也没当过。道光二十七年是嫡福晋。
QH-A-XF-0033,xianfeng,事件发生,QH-P-000166,invested_as_empress,皇后,咸丰二年六月丁亥,1852-01-01,1852-12-31,依 CAL-001，尚未逐条核录,约略,审核中,QH-SU-XF-QSG-0020O,卷20；二年六月丁亥,丁亥，策立皇后鈕祜祿氏。,,与卷214孝贞条同指一人。公历月日待核。
QH-A-XF-0047,xianfeng,称号授予,QH-P-000166,invested_as_empress,皇后,咸丰二年,1852-01-01,1852-12-31,依 CAL-001，尚未逐条核录,约略,审核中,QH-SU-XF-QSG-0214B,卷214孝贞条,咸豐二年，封貞嬪，進貞貴妃。立為皇后。,,当时称号皇后。慈安是十一年九月徽号。
QH-A-XF-0048,xianfeng,称号授予,QH-P-000165,titled_as,懿贵人,咸丰元年,1851-01-01,1851-12-31,依 CAL-001，尚未逐条核录,约略,审核中,QH-SU-XF-QSG-0214C,卷214孝钦条,咸豐元年，后被選入宮，號懿貴人。,,元年是贵人。不得写成太后入宫。
QH-A-XF-0049,xianfeng,称号授予,QH-P-000165,invested_as_consort,懿嫔,咸丰四年,1854-01-01,1854-12-31,依 CAL-001，尚未逐条核录,约略,审核中,QH-SU-XF-QSG-0214C,卷214孝钦条,四年，封懿嬪。,,只到年。
QH-A-XF-0050,xianfeng,事件发生,QH-P-000165,gave_birth_to,QH-P-000057,咸丰六年三月庚辰,1856-01-01,1856-12-31,依 CAL-001，尚未逐条核录,约略,审核中,QH-SU-XF-QSG-0214C,卷214孝钦条,六年三月庚辰，穆宗生，進懿妃。,,生育与晋妃同句。本纪晋妃另条。
QH-A-XF-0051,xianfeng,称号授予,QH-P-000165,invested_as_consort,懿贵妃,咸丰七年,1857-01-01,1857-12-31,依 CAL-001，尚未逐条核录,约略,审核中,QH-SU-XF-QSG-0214C,卷214孝钦条,七年，進懿貴妃。,,咸丰朝最高位号止于此。徽号在崩后。
QH-A-XF-0038,xianfeng,称号授予,QH-P-000165,invested_as_consort,懿妃,咸丰六年三月庚辰,1856-01-01,1856-12-31,依 CAL-001，尚未逐条核录,约略,审核中,QH-SU-XF-QSG-0020P,卷20；六年三月,穆宗生母懿嬪那拉氏晉封懿妃。,,当时称号懿妃。不得写成慈禧。
QH-A-XF-0054,xianfeng,称号授予,CAND-XF-MINJUN,posthumously_advanced_as,悯郡王,咸丰十一年,1861-01-01,1861-12-31,依 CAL-001，尚未逐条核录,约略,审核中,QH-SU-XF-QSG-0165A,卷165文宗系,憫郡王文宗第二子。未命名，早薨，咸豐十一年追封,,世表仅此一行。未命名。
QH-A-XF-0053,xianfeng,人物关系,CAND-XF-MEI,gave_birth_to,CAND-XF-MINJUN,文宗朝,,,依 CAL-001，尚未逐条核录,约略,审核中,QH-SU-XF-QSG-0214E,卷214玫贵妃条,子一，未命名，殤。,,不得补通行小名。
QH-A-XF-0055,xianfeng,称号授予,CAND-XF-RONGAN,titled_as,荣安固伦公主,咸丰五年五月生,1855-01-01,1855-12-31,依 CAL-001，尚未逐条核录,约略,审核中,QH-SU-XF-QSG-0166A,卷166文宗女,榮安固倫公主,,生年在咸丰；下嫁与薨在同治，不并成咸丰朝婚事。
QH-A-XF-0052,xianfeng,人物关系,CAND-XF-ZHUANGJING,gave_birth_to,CAND-XF-RONGAN,咸丰五年五月,1855-01-01,1855-12-31,依 CAL-001，尚未逐条核录,约略,审核中,QH-SU-XF-QSG-0166A,卷166文宗女,莊靜皇貴妃他他拉氏生,,公主表生母句。下嫁符珍在同治十二年，不提前。
QH-A-XF-0058,xianfeng,称号授予,QH-P-000166,titled_as,慈安,咸丰十一年九月丙戌朔,1861-01-01,1861-12-31,依 CAL-001，尚未逐条核录,约略,审核中,QH-SU-XF-QSG-0021H,卷21；十一年九月丙戌朔,上母后皇太后徽號曰慈安，聖母皇太后徽號曰慈禧。,,客体先记慈安。圣母慈禧同句，主体分栏见孝钦人物。不得倒写入咸丰二年。
QH-A-XF-0044,xianfeng,事件发生,QH-P-000056,buried_at,定陵,同治四年九月,1865-01-01,1865-12-31,依 CAL-001，尚未逐条核录,约略,审核中,QH-SU-XF-QSG-0020X,卷20末,同治四年九月，葬定陵。,,梓宫十一年十月至京。不得写成次年即葬。
QH-A-XF-0043,xianfeng,文字或数值陈述,QH-P-000056,reported_in_edict,咳嗽红痰,咸丰十一年三月壬辰,1861-01-01,1861-12-31,依 CAL-001，尚未逐条核录,约略,审核中,QH-SU-XF-QSG-0020W,卷20；十一年三月壬辰手诏,惟近日欬嗽不止，時有紅痰，尚須靜攝，未宜多言。,,自觉症状抄录。不得写成已核结核诊断。
QH-A-YZ-0464,yongzheng,称号授予,QH-P-000037,invested_as_consort,熹妃,雍正元年十二月丁卯,1724-01-17,1724-01-17,,确定,审核中,QH-SU-YZ-QSG-0009E,卷9；雍正元年十二月丁卯,鈕祜祿氏為熹妃,,与册后、封年氏贵妃同日同句。当时是熹妃，不是皇后。后妃传「雍正中进熹贵妃」另层。后出本纪不作终审。公历依陈垣《二十史朔闰表》，与已采纳QH-A-YZ-0017同日。世宗实录条次未钉。
QH-A-YZ-0465,yongzheng,称号授予,QH-P-000040,invested_as_consort,裕嫔,雍正元年十二月丁卯,1724-01-17,1724-01-17,,确定,审核中,QH-SU-YZ-QSG-0009E,卷9；雍正元年十二月丁卯,耿氏為裕嬪,,与册后同日同句。后妃传雍正间进裕妃，高宗朝谥纯慤。后出本纪不作终审。公历与QH-A-YZ-0017同日。世宗实录条次未钉。
QH-A-YZ-0482,yongzheng,称号授予,QH-P-000038,invested_as_consort,皇贵妃,雍正三年十一月,1725-12-05,1726-01-03,,约略,审核中,QH-SU-YZ-QSG-0214B,卷214；敦肃皇贵妃传,三年十一月，妃病篤，進皇貴妃。,,进号在病笃。下一句薨逾月兄羹尧得罪，不并成本条因果。后出纪传不作终审。
QH-A-YZ-0483,yongzheng,事件发生,QH-P-000036,died_on,崩,雍正九年九月己丑,1731-09-01,1731-10-31,,约略,审核中,QH-SU-YZ-QSG-0214B,卷214；孝敬宪皇后传,九年九月己丑，崩。,,后妃传。时态轴表QH-TE-0022另有日级公历，本条不升格为已核录。后出纪传不作终审。
QH-A-YZ-0477,yongzheng,文字或数值陈述,QH-P-000002,reported_in_rescript,四库本硃批谕旨：田文镜谢折文字出之自手抑或倩人代撰,雍正四年十一月初三日具折,1726-11-01,1726-12-31,,约略,审核中,QH-SU-YZ-ZPYZ-0126A,卷126之09；田文镜谢赐御书折朱批,此篇文字係出之自手耶抑或倩人代撰耶何其辭之不達也偶爾戲諭,,四库刻本层，非宫中档原折。戏谕。不得写成结案。公历依陈垣《二十史朔闰表》，尚未逐条核录。
QH-A-YZ-0478,yongzheng,文字或数值陈述,QH-P-000002,reported_in_rescript,四库本硃批谕旨：好惟宜加勉勿怠,雍正五年正月初七日具折,1727-01-01,1727-02-28,,约略,审核中,QH-SU-YZ-ZPYZ-0126B,卷126之09；田文镜谢口传谕旨折朱批,好惟宜加勉勿怠,,四库刻本层，非原件。不得写成君臣无间已经核验。公历依陈垣《二十史朔闰表》，尚未逐条核录。
QH-A-YZ-0487,yongzheng,事件发生,QH-P-000002,appointed_as,田文镜署河南巡抚,雍正二年八月庚寅,1724-08-01,1724-09-30,,约略,审核中,QH-SU-YZ-QSG-0009Z,卷9；雍正二年八月庚寅,以田文鏡署河南巡撫。,,后出本纪人事条，不是朱批。不得与戏谕批并成一天。公历依陈垣《二十史朔闰表》，尚未逐条核录。
QH-A-YZ-0466,yongzheng,事件发生,QH-P-000002,reported_in_edict,清史稿本纪：命山西丁银摊入地粮征收其后各省以渐行之,雍正二年九月甲寅,1724-09-01,1724-10-31,,约略,审核中,QH-SU-YZ-QSG-0009S,卷9；雍正二年九月甲寅,命山西丁銀攤入地糧徵收，其後各省以漸行之。,,已开本纪此甲寅在二年九月。补丁QH-A-AD-0005标元年，与原文不符，不择一抹平，待主库改年或废旧号。其后各省以渐行之不得写成二年全国一刀切。实录未回。公历依陈垣《二十史朔闰表》，尚未逐条核录。
QH-A-YZ-0471,yongzheng,文字或数值陈述,QH-P-000103,reported_in_writing,清史稿鄂尔泰传：欲安民必制夷欲制夷必改土归流,雍正四年春,1726-02-01,1726-05-31,,约略,审核中,QH-SU-YZ-QSG-0288A,卷288；鄂尔泰传四年春疏,欲安民必制夷，欲制夷必改土歸流。,,后出列传所引疏文，不是题本原件。不得写成实录四年已核。主体是鄂尔泰 QH-P-000103，不是曾静。公历依陈垣《二十史朔闰表》，尚未逐条核录。
QH-A-YZ-0472,yongzheng,文字或数值陈述,QH-P-000103,reported_in_writing,清史稿鄂尔泰传：改流之法计擒为上兵剿次之,雍正四年春,1726-02-01,1726-05-31,,约略,审核中,QH-SU-YZ-QSG-0288A,卷288；鄂尔泰传四年春疏,改流之法：計擒為上，兵剿次之；令其自首為上，勒獻次之。,,与QH-A-YZ-0471同疏不同句。后出列传。主体是鄂尔泰 QH-P-000103。不得写成已经核完西南战果。
QH-A-YZ-0469,yongzheng,文字或数值陈述,QH-P-000002,reported_in_edict,清史稿本纪：各处土司鲜知法纪苛待属人生杀任性,雍正二年五月辛酉,1724-05-01,1724-06-30,,约略,审核中,QH-SU-YZ-QSG-0009T,卷9；雍正二年五月辛酉,朕聞各處土司，鮮知法紀，苛待屬人，生殺任性。,,饬土司，不是改流设官。后出本纪不作终审。实录未回。公历依陈垣《二十史朔闰表》，尚未逐条核录。
QH-A-YZ-0470,yongzheng,文字或数值陈述,QH-P-000002,reported_in_edict,清史稿本纪：湖广土司勿得轻议改流,雍正六年十月,1728-10-01,1728-11-30,,约略,审核中,QH-SU-YZ-QSG-0009U,卷9；雍正六年十月,該督撫勿得輕議改流,,与同年八月桑植保靖改流并存。不得读成已经停止改流。后出本纪不作终审。实录未回。公历依陈垣《二十史朔闰表》，尚未逐条核录。
QH-A-YZ-0468,yongzheng,事件发生,QH-P-000002,reported_in_edict,清史稿本纪：除绍兴惰民丐籍,雍正元年七月,1723-07-01,1723-08-31,,约略,审核中,QH-SU-YZ-QSG-0009W,卷9；雍正元年七月,除紹興惰民丐籍。,,已开卷9只核到惰民丐籍。未见乐户专条。不得补造开豁为良全文。颁行孝经衍义是同段另一事。实录未回。公历依陈垣《二十史朔闰表》，尚未逐条核录。
QH-A-YZ-0473,yongzheng,文字或数值陈述,QH-P-000002,reported_in_speech,清史稿鄂尔泰传：汝为郎官拒皇子其执法甚坚,雍正即位后召对（传文）,1722-12-27,1723-12-31,,约略,审核中,QH-SU-YZ-QSG-0288A,卷288；鄂尔泰传开端,汝為郎官拒皇子，其執法甚堅。,,后出传文的君臣故事，不是改土疏。不并入四年春疏。公历窗口是即位后约略，不是确定召对日。
QH-A-YZ-0474,yongzheng,事件发生,QH-P-000002,reported_in_chronicle,清史稿本纪：上驻圆明园,雍正三年八月壬辰,1725-08-01,1725-09-30,,约略,审核中,QH-SU-YZ-QSG-0009V,卷9；雍正三年八月壬辰,上駐圓明園。,,只证本纪此日写出驻跸。不得写入十三年崩条。园记正文未见。公历依陈垣《二十史朔闰表》，尚未逐条核录。
QH-A-YZ-0475,yongzheng,事件发生,QH-P-000002,reported_in_edict,清史稿本纪：定官员頂戴之制,雍正五年九月丙寅,1727-09-01,1727-10-31,,约略,审核中,QH-SU-YZ-QSG-0009X,卷9；雍正五年九月丙寅,定官員頂戴之制。,,本纪只到这一句。不是御玺，也不是则例本书。公历依陈垣《二十史朔闰表》，尚未逐条核录。
QH-A-YZ-0476,yongzheng,文字或数值陈述,QH-P-000002,reported_in_edict,清史稿本纪：再定百官帽顶一品珊瑚顶至九品起花银顶,雍正十年十月庚子,1732-10-01,1732-11-30,,约略,审核中,QH-SU-YZ-QSG-0009Y,卷9；雍正十年十月庚子,再定百官帽頂，一品官珊瑚頂,,官员帽顶，不是皇帝宝玺。后出本纪。公历依陈垣《二十史朔闰表》，尚未逐条核录。
QH-A-YZ-0479,yongzheng,事件发生,QH-P-000036,buried_at,泰陵,及世宗崩（后妃传）,1735-10-08,1737-04-29,合葬写在世宗崩之后；本纪葬泰陵在乾隆二年三月,约略,审核中,QH-SU-YZ-QSG-0214B,卷214；孝敬宪皇后传,及世宗崩，合葬泰陵。,,后妃传句，不是本纪葬条。九年先崩，合葬在世宗崩之后。后出纪传不作终审。
QH-A-YZ-0480,yongzheng,事件发生,QH-P-000038,buried_at,泰陵,乾隆初,1736-02-12,1740-12-31,,约略,审核中,QH-SU-YZ-QSG-0214B,卷214；敦肃皇贵妃传,乾隆初，從葬泰陵。,,从葬不是合葬。不得写成因年羹尧案降格。后出纪传不作终审。
QH-A-YZ-0481,yongzheng,事件发生,QH-P-000037,buried_at,泰东陵,乾隆四十二年正月庚寅后,1777-01-01,1777-12-31,,约略,审核中,QH-SU-YZ-QSG-0214B,卷214；孝圣宪皇后传,葬泰陵東北，曰泰東陵。,,泰东陵不是泰陵地宫。高宗朝事。后出纪传不作终审。公历依陈垣《二十史朔闰表》，尚未逐条核录。
QH-A-YZ-0489,yongzheng,事件发生,QH-P-000002,appointed_regency_council,四人总理事务,康熙六十一年十一月辛丑,1722-01-01,1722-12-31,依陈垣《二十史朔闰表》，尚未逐条核录；页面只标年窗,约略,审核中,QH-SU-YZ-NET-0009A,卷9；即位条,命貝勒胤禩、皇十三弟胤祥、大學士馬齊、尚書隆科多總理事務。,,职名。不是党派鉴定。
QH-A-YZ-0490,yongzheng,事件发生,QH-P-000011,died_on,怡亲王薨谥贤配享,雍正八年五月辛未,1730-01-01,1730-12-31,依陈垣《二十史朔闰表》，尚未逐条核录；页面只标年窗,约略,审核中,QH-SU-YZ-NET-0009A,卷9；八年五月,怡親王胤祥薨，上痛悼之，親臨其喪，諡曰賢，配享太廟。,,仍书原字见同月后条。
QH-A-YZ-0491,yongzheng,文字或数值陈述,CAND-YZ-GUBADAI,teacher_of,上之授读师,雍正四年正月甲寅,1726-01-01,1726-12-31,依陈垣《二十史朔闰表》，尚未逐条核录；页面只标年窗,约略,审核中,QH-SU-YZ-QSG-0009K,卷9；四年正月,贈故尚書顧八代太傅，諡文端，上之授讀師也。,,身后赠谥句。课业档未见。
QH-A-HT-0202,tiancong,事件参与,CAND-HT-FANWENCHENG,stationed_at,遵化（文馆）,天聪三年十一月壬辰,1629-01-01,1629-12-31,依陈垣《二十史朔闰表》，尚未逐条核录；页面只标年窗,约略,审核中,QH-SU-HT-NET-0002A,卷2；天聪三年十一月,參將英俄爾岱、文館范文程留守遵化。,,职名是文馆，不是大学士。
QH-A-HT-0203,tiancong,事件参与,CAND-KX-SONI,stationed_at,永平,天聪四年二月甲子,1630-01-01,1630-12-31,依陈垣《二十史朔闰表》，尚未逐条核录；页面只标年窗,约略,审核中,QH-SU-HT-NET-0002A,卷2；天聪四年二月,文臣索尼、寧完我等守永平。,,文臣职役。不得倒写成康熙辅臣。
QH-A-HT-0204,tiancong,事件发生,CAND-HT-FANWENCHENG,submitted_memorial,与宁完我、马国柱合疏议伐明,天聪六年六月辛未,1632-01-01,1632-12-31,依陈垣《二十史朔闰表》，尚未逐条核录；页面只标年窗,约略,审核中,QH-SU-HT-NET-0002A,卷2；天聪六年六月,寧完我、范文程、馬國柱合疏言伐明之策，宜先以書議和。上嘉納之。,,联名入奏。不是汉臣取代贝勒。
QH-A-HT-0205,tiancong,制度陈述,QH-P-000052,ordered,孔耿尚帜用白镶皂,天聪八年三月壬辰,1634-01-01,1634-12-31,依陈垣《二十史朔闰表》，尚未逐条核录；页面只标年窗,约略,审核中,QH-SU-HT-NET-0002A,卷2；天聪八年三月,令孔有德、耿仲明、尚可喜幟用白鑲皁，以別八旗。,,来降旗色。不是已经封王。
QH-A-HT-0011,tiancong,文字或数值陈述,QH-P-000052,reported_in_chronicle,袁崇焕下狱（本纪追书密计耳语事）,天聪三年己巳年冬,1629-01-01,1630-12-31,年窗依 CAL-001；本纪为事后追述未系日月,约略,审核中,QH-SU-HT-NET-0002A,卷2；天聪三年,初，獲明太監二人，令副將高鴻中、參將鮑承先、寧完我等受密計。至是，鴻中、承先坐近二太監耳語云：「今日撤兵，乃上計也。頃上單騎向敵，敵二人見上語良久乃去。意袁都堂有約，此事就矣。」時楊太監佯臥竊聽。翌日縱之歸，以所聞語明帝，遂下崇煥於獄。,QH-CF-HT-YUAN,本纪层反间追书。不得写成反间全过程已证，亦不得写成崇祯实录坐实；明方记录未开。与卷一掌故层（QH-A-HT-0006）并存各自层级。
QH-A-HT-0023,tiancong,事件发生,QH-P-000052,appointed_as,希福为内弘文院、范文程鲍承先为内秘书院、刚林为内国史院大学士,崇德元年五月丙午,1636-01-01,1636-12-31,丙午未换算到公历日（CAL-001 待核录）,约略,已采纳,QH-SU-HT-QSG-0003D,卷3；崇德元年五月,五月丙午，以希福為內弘文院大學士，范文程、鮑承先俱為內秘書院大學士，剛林為內國史院大學士。,,内三院大学士授职四条同句；不得写成范文程一人决策称帝。
QH-A-HT-0040,tiancong,称号授予,QH-P-000052,invested_as_consort,永福宫庄妃（博尔济吉特氏）,崇德元年,1636-01-01,1636-12-31,列传只到年，未系月日,约略,已采纳,QH-SU-HT-QSG-0214A,卷214；孝庄文皇后条,崇德元年，封永福宮莊妃。,QH-CF-HT-XIAOZHUANG,「孝庄」系后谥，不得倒写成天聪朝皇后；本纪层是否先见此号待核。
QH-A-HT-0008,tiancong,文字或数值陈述,QH-P-000052,titled_as,皇太子／黄台吉对音（史稿附记）,天命十一年九月庚午朔后附记,1626-10-20,1626-10-20,,约略,审核中,QH-SU-HT-QSG-0002B,卷2；即位沈阳条后,初，太祖命上名，臆制之，後知漢稱儲君曰「皇太子」，蒙古嗣位者曰「黃台吉」，音並闇合。,QH-CF-HT-ACCESSION,后出附记。不是满文原档，不得写成储君身份已核。公历日依即位条，附记本身无独立日期。
QH-A-HT-0009,tiancong,事件发生,QH-P-000052,campaign_concluded,命征朝鲜（丁卯开端）,天聪元年春正月丙子,1627-01-01,1627-12-31,,约略,审核中,QH-SU-HT-QSG-0002C,卷2；天聪元年正月,命二貝勒阿敏，貝勒濟爾哈朗、阿濟格、杜度、岳言乇、碩托率兵征朝鮮。,,丁卯之役开端。与丙子分年。公历月日待按 CAL-001 核录。岳言乇为岳託之维基文库异写，不静默改字。
QH-A-HT-0010,tiancong,事件发生,QH-P-000052,institution_noted_as_begun,文馆,天聪三年夏四月丙戌朔,1629-01-01,1629-12-31,,约略,审核中,QH-SU-HT-QSG-0002D,卷2；天聪三年四月,設文館，命巴克什達海及剛林等繙譯漢字書籍，庫爾纏及吳巴什等記注本朝政事。,,设文馆。不是内三院，也不是起居注。公历月日待核。
QH-A-HT-0012,tiancong,事件发生,QH-P-000052,institution_noted_as_begun,红衣大炮（天祐助威大将军）,天聪五年春正月壬午,1631-01-01,1631-12-31,,约略,审核中,QH-SU-HT-QSG-0002F,卷2；天聪五年正月,鑄紅衣大砲成，金雋曰「天祐助威大將軍」。軍中造砲自此始。,,军器铭文层。实物登录号未核。公历月日待核。
QH-A-HT-0013,tiancong,事件发生,QH-P-000052,institution_noted_as_begun,六部,天聪五年秋七月庚辰,1631-01-01,1631-12-31,,约略,审核中,QH-SU-HT-QSG-0002G,卷2；天聪五年七月,始設六部，以墨勒根戴青貝勒多爾袞，貝勒德格類、薩哈廉、岳託、濟爾哈朗、阿巴泰等管六部事。,,始设六部。与内三院不同年。职掌细则未回会典。公历月日待核。
QH-A-HT-0014,tiancong,事件发生,QH-P-000052,campaign_concluded,大凌河举城降,天聪五年冬十月戊辰,1631-01-01,1631-12-31,,约略,审核中,QH-SU-HT-QSG-0002H,卷2；天聪五年十月,戊辰，大凌河舉城降，獨副將何可剛不從。,,祖大寿此后纵还锦州。不得写成关外已尽。公历月日待核。
QH-A-HT-0015,tiancong,事件发生,CAND-HT-DAHAI,appointed_as,分析国书音义,天聪六年三月戊戌,1632-01-01,1632-12-31,,约略,审核中,QH-SU-HT-QSG-0002I,卷2；天聪六年三月,命達海分析國書音義。,,本纪作分析音义，不作加圈点。加圈点须回实录与实物。公历月日待核。
QH-A-HT-0016,tiancong,事件发生,CAND-HT-DAHAI,died_on,卒,天聪六年秋七月庚戌,1632-01-01,1632-12-31,,约略,审核中,QH-SU-HT-QSG-0002J,卷2；天聪六年七月,游擊巴克什達海卒。,,达海卒年。公历月日待核。
QH-A-HT-0017,tiancong,事件发生,QH-P-000052,institution_renamed_as,天眷盛京（沈阳）,天聪八年夏四月辛酉,1634-01-01,1634-12-31,,约略,审核中,QH-SU-HT-QSG-0002K,卷2；天聪八年四月,詔以瀋陽為「天眷盛京」，赫圖阿喇城為「天眷興京」。,,改京名。不是这一年才开始有宫。公历月日待核。
QH-A-HT-0018,tiancong,事件发生,QH-P-000052,titled_as,获传国玉玺闻,天聪九年八月庚辰,1635-01-01,1635-12-31,,约略,审核中,QH-SU-HT-QSG-0002L,卷2；天聪九年八月,貝勒多爾袞、岳託、薩哈廉、豪格以獲傳國玉璽聞。,,获玺以闻。来历是史稿追述。不得写成已经称帝。公历月日待核。
QH-A-HT-0019,tiancong,事件发生,QH-P-000052,titled_as,献玉玺告天受之,天聪九年九月癸丑,1635-01-01,1635-12-31,,约略,审核中,QH-SU-HT-QSG-0002M,卷2；天聪九年九月,貝勒多爾袞等師還，獻玉璽，告天受之。,,受玺。与四月乙酉称帝分年分月。公历月日待核。
QH-A-HT-0020,tiancong,事件发生,QH-P-000052,institution_renamed_as,内三院（由文馆改）,天聪十年三月辛亥,1636-01-01,1636-12-31,,约略,审核中,QH-SU-HT-QSG-0002N,卷2；天聪十年三月,改文館為內國史、內祕書、內弘文三院。,,在称帝前一个月。不是内阁。公历月日待核。
QH-A-HT-0021,tiancong,文字或数值陈述,QH-P-000052,accession_justification,请上尊号表文称遂获玉玺、受命之符,天聪十年夏四月己卯,1636-01-01,1636-12-31,,约略,审核中,QH-SU-HT-QSG-0002O,卷2；天聪十年四月己卯,征服朝鮮，混一蒙古。遂獲玉璽，受命之符，昭然可見,,表文用语。不得单独写成得玺即已称帝。乙酉受尊号见 QH-A-HT-0002。
QH-A-HT-0022,tiancong,事件发生,QH-P-000052,titled_as,宽温仁圣皇帝,崇德元年四月乙酉,1636-05-15,1636-05-15,,确定,审核中,QH-SU-HT-QSG-0003A,卷3；崇德元年四月乙酉,群臣上尊號曰寬溫仁聖皇帝，受朝賀。,,尊号。国号大清见 QH-A-HT-0002。公历依已有 CAL-001。
QH-A-HT-0024,tiancong,文字或数值陈述,QH-P-000052,reported_in_edict,金世宗谕：恐后世废骑射而效汉人,崇德元年十一月癸丑,1636-01-01,1636-12-31,,约略,审核中,QH-SU-HT-QSG-0003E,卷3；崇德元年十一月,朕讀史，知金世宗真賢君也。……往者巴克什達海等屢勸朕易滿洲衣服以從漢制。朕惟寬衣博鮹，必廢騎射。,,本纪层。与啸亭杂录心伟其语分层。博鮹照录底本，不改作博带。
QH-A-HT-0025,tiancong,事件发生,QH-P-000052,campaign_concluded,朝鲜国王李倧三田渡出降,崇德二年春正月庚午,1637-01-01,1637-12-31,,约略,审核中,QH-SU-HT-QSG-0003F,卷3；崇德二年正月,朝鮮國王李倧率其子𣳫及群臣朝服出降於漢江東岸三田渡，獻明所給敕印。,,丙子之役收束。朝鲜自身记录未开。公历月日待核。
QH-A-HT-0026,tiancong,事件发生,QH-P-000052,institution_noted_as_begun,汉军两旗,崇德二年秋七月乙未,1637-01-01,1637-12-31,,约略,审核中,QH-SU-HT-QSG-0003G,卷3；崇德二年七月,分漢軍為兩旗，以總兵官石廷柱、馬光遠為都統，分理左右翼。,,汉军第一步。不是八旗。公历月日待核。
QH-A-HT-0027,tiancong,事件发生,QH-P-000053,born_on,皇第九子（世祖）,崇德三年春正月甲午,1638-01-01,1638-12-31,,约略,审核中,QH-SU-HT-QSG-0003H,卷3；崇德三年正月,皇第九子生，是為世祖章皇帝。,QH-CF-HT-PRINCE-ORDER,本纪作第九子。卷163太宗系无此行。公历月日待核。
QH-A-HT-0028,tiancong,事件发生,QH-P-000052,institution_noted_as_begun,理藩院,崇德三年六月庚申,1638-01-01,1638-12-31,,约略,审核中,QH-SU-HT-QSG-0003I,卷3；崇德三年六月,始設理籓院，專治蒙古諸部事。,QH-CF-HT-LIFANYUAN,本纪作始设。职官志元年蒙古衙门、三年更名见 QH-A-FW-0017。不择一。籓字照录底本。
QH-A-HT-0029,tiancong,事件发生,QH-P-000052,institution_renamed_as,汉军四旗,崇德四年六月丙申,1639-01-01,1639-12-31,,约略,审核中,QH-SU-HT-QSG-0003J,卷3；崇德四年六月,分漢軍為四旗，以石廷柱、馬光遠、王世選、巴顏為都統，改纛色。,,汉军第二步。公历月日待核。
QH-A-HT-0030,tiancong,事件发生,QH-P-000052,campaign_concluded,亲御洪承畴于松山,崇德六年八月丁巳,1641-01-01,1641-12-31,,约略,审核中,QH-SU-HT-QSG-0003K,卷3；崇德六年八月,上以明洪承疇、巡撫邱民仰等援錦州兵號十三萬，壁松山，上親率大軍御之。,,松锦开端亲征句。十三万是本纪号称，本库不取总数。公历月日待核。
QH-A-HT-0031,tiancong,事件发生,CAND-HT-CHENFEI,died_on,薨,崇德六年九月庚寅,1641-01-01,1641-12-31,,约略,审核中,QH-SU-HT-QSG-0003L,卷3；崇德六年九月,庚寅，宸妃薨。,,关雎宫宸妃。不得写成因薨而罢松锦之围。公历月日待核。
QH-A-HT-0032,tiancong,事件发生,CAND-HT-HAOGE,campaign_concluded,拔松山，擒洪承畴,崇德七年二月辛酉,1642-01-01,1642-12-31,,约略,审核中,QH-SU-HT-QSG-0003M,卷3；崇德七年二月,豪格、阿達禮、多鐸、羅洛宏奏拔松山，擒明總督洪承疇。,,擒获。入见请死在五月，见 QH-A-HT-0004。公历月日待核。
QH-A-HT-0033,tiancong,事件发生,CAND-HT-ZUDASHOU,campaign_concluded,锦州出降,崇德七年三月己卯,1642-01-01,1642-12-31,,约略,审核中,QH-SU-HT-QSG-0003N,卷3；崇德七年三月,克錦州，祖大壽以所部七千餘人出降。,,第二次降。大凌河之降在天聪五年。七千是本纪数，不作兵力统计。公历月日待核。
QH-A-HT-0034,tiancong,事件发生,QH-P-000052,institution_noted_as_begun,汉军八旗,崇德七年六月甲辰,1642-01-01,1642-12-31,,约略,审核中,QH-SU-HT-QSG-0003O,卷3；崇德七年六月,設漢軍八旗，以祖澤潤等八人為都統。,,汉军第三步。不得倒写到崇德元年。公历月日待核。
QH-A-HT-0036,tiancong,事件发生,QH-P-000052,buried_at,昭陵,崇德八年九月壬子,1643-01-01,1643-12-31,,约略,审核中,QH-SU-HT-QSG-0003P,卷3；崇德八年九月,九月壬子，葬昭陵。,,葬昭陵。孝端合葬是世祖朝事，不得写入此条。公历月日待核。
QH-A-HT-0037,tiancong,事件发生,CAND-HT-XIAODUAN,married_to,来归太宗,岁甲寅四月,1614-01-01,1614-12-31,,约略,审核中,QH-SU-HT-QSG-0214A,卷214；孝端传,歲甲寅四月，來歸，太祖命太宗親迎，至輝發扈爾奇山城，大宴成禮。,,甲寅对万历四十二年是后出换算，细日待核。不是崇德元年才成婚。
QH-A-HT-0038,tiancong,事件发生,CAND-HT-XIAODUAN,invested_as_empress,正位中宫,崇德元年,1636-01-01,1636-12-31,,约略,审核中,QH-SU-HT-QSG-0214A,卷214；孝端传,崇德元年，上建尊號，后亦正位中宮。,,太宗朝中宫是孝端。不得把庄妃写成当时皇后。
QH-A-HT-0039,tiancong,事件发生,CAND-CROSS-XIAOZHUANG,married_to,来归太宗,天命十年二月,1625-01-01,1625-12-31,,约略,审核中,QH-SU-HT-QSG-0214B,卷214；孝庄传,天命十年二月，來歸。,QH-CF-HT-XIAOZHUANG,来归。下嫁多尔衮不在此句。公历月日待核。
QH-A-HT-0041,tiancong,事件发生,CAND-CROSS-XIAOZHUANG,gave_birth_to,QH-P-000053,崇德三年正月甲午,1638-01-01,1638-12-31,,约略,审核中,QH-SU-HT-QSG-0214B,卷214；孝庄传,三年正月甲午，世祖生。,,后妃传。本纪同日见 QH-A-HT-0027。生母关系仍待玉牒。
QH-A-HT-0042,tiancong,文字或数值陈述,CAND-HT-HAOGE,table_birth_order,太宗第一子,皇子世表三太宗系,,,世表序齿不给年，无公历可配；表序不是玉牒自然序。,约略,审核中,QH-SU-HT-QSG-0163A,卷163；豪格行,豪格太宗第一子。初封貝勒。,QH-CF-HT-PRINCE-ORDER,表序第一子。不是玉牒自然序。
QH-A-HT-0043,tiancong,文字或数值陈述,QH-P-000053,absent_from_volume,卷163太宗系无此行,皇子世表三太宗系,,,卷163太宗系无此行，本卷缺号不设日期。,约略,审核中,QH-SU-HT-QSG-0163A,卷163；太宗系,卷163太宗系正文无福临行。本纪作皇第九子。,QH-CF-HT-PRINCE-ORDER,缺号。不能读成太宗无第九子。子孙见同卷世祖系。
QH-A-HT-0044,tiancong,事件发生,QH-P-000052,invested_as_consort,关雎宫宸妃,崇德元年,1636-01-01,1636-12-31,,约略,审核中,QH-SU-HT-QSG-0214C,卷214；敏惠恭和元妃,天聰八年，來歸。崇德元年，封關睢宮宸妃。,,关睢照录底本。不得写成皇后。
QH-A-HT-0045,tiancong,事件发生,CAND-HT-XIAODUAN,died_on,崩,顺治六年四月乙巳,1649-01-01,1649-12-31,,约略,审核中,QH-SU-HT-QSG-0214A,卷214；孝端传,順治六年四月乙巳，崩，年五十一。,,世祖朝崩。合葬昭陵条次未开。公历月日待核。
QH-A-HT-0046,tiancong,事件发生,QH-P-000052,married_daughter_to,皇长女下嫁敖汉部台吉班第（表同写班第；后妃传作旺第）,天聪七年正月戊申,1633-01-01,1633-12-31,依陈垣《二十史朔闰表》，尚未逐条核录；页面只标年窗,约略,审核中,QH-SU-HT-QSG-0002P,卷2；天聪七年正月,皇長女下嫁敖漢部貝勒都喇爾巴圖魯子台吉班第。,,公主表同作「天聰七年正月，下嫁班第」。继妃传「下嫁旺第」，旺第与班第不自动合并。
QH-A-HT-0047,tiancong,事件发生,QH-P-000052,married_daughter_to,皇第三女固伦公主下嫁科尔沁额驸祁他特（表与后妃传作奇塔特）,崇德四年正月甲戌,1639-01-01,1639-12-31,依陈垣《二十史朔闰表》，尚未逐条核录；页面只标年窗,约略,审核中,QH-SU-HT-QSG-0003Q,卷3；崇德四年正月,皇第三女固倫公主下嫁科爾沁額駙祁他特。,QH-CF-HT-QITATE,公主表、后妃传作奇塔特。两写并陈，不静默改字。
QH-A-HT-0048,tiancong,事件发生,QH-P-000052,married_daughter_to,皇四女雅图下嫁科尔沁弼尔塔噶尔（表与后妃传作弼尔塔哈尔）,崇德六年正月甲午,1641-01-01,1641-12-31,依陈垣《二十史朔闰表》，尚未逐条核录；页面只标年窗,约略,审核中,QH-SU-HT-QSG-0003R,卷3；崇德六年正月,皇四女固倫公主雅圖下嫁科爾沁卓禮克圖親王吳克善子弼爾塔噶爾額駙。,,公主表与后妃传作「弼爾塔哈爾」。两写并陈。
QH-A-HT-0049,tiancong,文字或数值陈述,QH-P-000052,table_daughter_order,卷166公主表太宗段：第一女至第十四女，另附抚育两女,公主表太宗段表序,,,公主表表序编号，不给年；表序不是玉牒自然序。,约略,审核中,QH-SU-HT-QSG-0166A,卷166；太宗段,太宗第一女,,固伦、长公主、改号都是后加，不能读成崇德时已封固伦。
QH-A-HT-0050,tiancong,文字或数值陈述,QH-P-000052,reported_in_table,第七女额驸：表作铿吉尔格，自注实录作喇麻思、玉牒但书铿吉尔格,表行自注（崇德六年许字、顺治二年下嫁两条）,,,表自注并载许字与下嫁两条日期，本条只登记表的择录，不作一事。,约略,审核中,QH-SU-HT-QSG-0166B,卷166；太宗第七女行附载,玉牒但書鏗吉爾格。,,表自注校表，不择一写成「就是喇麻思」。实录、玉牒两层均未回原书。
QH-A-HT-0051,tiancong,文字或数值陈述,QH-P-000052,reported_in_table,第十四女生年表作「德六年」（夺「崇」字），下嫁吴应熊,表作德六年十二月生,,,底本「德六年」夺「崇」字；照录不径改，须对影印本。,约略,审核中,QH-SU-HT-QSG-0166C,卷166；太宗第十四女行,德六年十二月生，康熙四十三年十二月薨，歲六十三,,岁六十三与崇德六年生、康熙四十三年薨相合，但不拿推算改底本。吴应熊是三桂子尚主，康熙十四年被诛；不写公主本人参与三藩。
QH-A-HT-0052,tiancong,事件发生,QH-P-000052,institution_noted_as_begun,编喀喇沁部蒙古壮丁为十一旗，每旗设都统一员,天聪九年二月丁亥,1635-01-01,1635-12-31,依陈垣《二十史朔闰表》，尚未逐条核录；页面只标年窗,约略,审核中,QH-SU-HT-QSG-0002Q,卷2；天聪九年二月,編喀喇沁部蒙古壯丁為十一旗，每旗設都統一員,,蒙古壮丁编旗，不是满洲八旗改成十一。
QH-A-HT-0053,tiancong,事件发生,QH-P-000052,reported_in_annals,满洲各户有汉人十丁者授棉甲一，以旧汉军额真马光远统之,天聪七年七月辛卯朔,1633-01-01,1633-12-31,依陈垣《二十史朔闰表》，尚未逐条核录；页面只标年窗,约略,审核中,QH-SU-HT-QSG-0002R,卷2；天聪七年七月,諭滿洲各戶有漢人十丁者授棉甲一，以舊漢軍額真馬光遠統之。,,编制萌芽，不是八旗。汉军旗以崇德二、四、七年两旗四旗八旗条为准。
QH-A-HT-0054,tiancong,事件发生,QH-P-000052,married_daughter_to,公主表第三女下嫁奇塔特（表写法；本纪作祁他特）,崇德四年正月,1639-01-01,1639-12-31,依陈垣《二十史朔闰表》，尚未逐条核录；页面只标年窗,约略,审核中,QH-SU-HT-QSG-0166D,卷166；太宗第三女行,崇德四年正月，下嫁奇塔特,QH-CF-HT-QITATE,额驸自注：博爾濟吉特氏，孝莊文皇后兄子。与本纪甲戌条并陈。
QH-A-HT-0200,shunzhi,事件发生,QH-P-000053,titled_as,昭陵山封曰隆业（并启运、积庆、天柱）,顺治八年,1651-01-01,1651-12-31,依陈垣《二十史朔闰表》，尚未逐条核录；页面只标年窗,约略,审核中,QH-SU-HT-QSG-0086A,卷86；地理志昭陵,順治八年，封興京陵山曰啟運，東京陵山曰積慶，福陵山曰天柱，昭陵山曰隆業,,封山号是世祖朝礼典，崇德时未有隆业之名。
QH-A-HT-0201,kangxi,事件发生,QH-P-000001,reported_in_writing,并改建福陵、昭陵地宫,康熙二年（卷86孝陵条系述）,1663-01-01,1663-12-31,依陈垣《二十史朔闰表》，尚未逐条核录；页面只标年窗,约略,审核中,QH-SU-HT-QSG-0086B,卷86；地理志孝陵,並改建福陵、昭陵地宮。,,地宫改建是圣祖朝工程，不能写成崇德八年昭陵已是今日宝城。
