Assertion ID,主张类型,主体 ID,谓词/关系,客体 ID 或值,原始时间表达,公历下界,公历上界,确定性,状态,来源实体 ID,卷页/档号/图像定位,支持引文,证据立场,证据直接性,证据强度,冲突组 ID,编辑备注
QH-A-YZ-0001,事件发生,QH-P-000001,ill_at,畅春园,康熙六十一年十一月,1722-12-08,1722-12-20,确定,审核中,QH-SU-YZ-QSG-0009A,卷9；康熙六十一年十一月,聖祖在暢春園不豫,支持,明确记载,中,QH-CF-KX-SUCCESSION,本纪九写畅春园不豫。圣祖实录崩逝条只写寝宫。世宗实录甲午条已钉：先是戊子不豫回驻，甲午戌刻宾天。三层并存，不得用本条改写 QH-A-KX-0037。原纪年只到月；公历用十一月朔至甲午崩日。后出本纪不作终审。
QH-A-YZ-0002,事件发生,QH-P-000001,illness_became_critical,疾大渐并宣诏嗣位,康熙六十一年十一月甲午,1722-12-20,1722-12-20,确定,审核中,QH-SU-YZ-QSG-0009A,卷9；康熙六十一年十一月甲午,甲午，聖祖大漸，召於齋宮，宣詔嗣位,支持,明确记载,中,QH-CF-KX-SUCCESSION,甲午即十一月十三日，与实录崩日同。本纪写召于斋宫、宣诏嗣位，未写御榻口谕名单，也未写改诏。改诏说见对照栏，不入本条。后出本纪不作终审。公历依通行年表，待历法库复核。世宗实录条次未钉，不假装已回条次。
QH-A-YZ-0003,事件发生,QH-P-000001,died_on,崩,康熙六十一年十一月甲午,1722-12-20,1722-12-20,确定,审核中,QH-SU-YZ-QSG-0009A,卷9；康熙六十一年十一月甲午,聖祖崩,支持,明确记载,中,QH-CF-KX-SUCCESSION,本纪九将崩写在甲午，未写寝宫或戌刻。时刻与屋子以实录 QH-A-KX-0037 为准，不互相覆盖。后出本纪不作终审。公历依通行年表，待历法库复核。世宗实录条次未钉，不假装已回条次。
QH-A-YZ-0004,事件发生,QH-P-000002,accession_occurred,即皇帝位,康熙六十一年十一月辛丑,1722-12-27,1722-12-27,确定,审核中,QH-SU-YZ-QSG-0009A,卷9；康熙六十一年十一月辛丑,辛丑，上即位,支持,明确记载,中,QH-CF-KX-SUCCESSION,辛丑=十一月二十日，比甲午崩日晚七日。实录遗诏文本在十三日。即位礼与遗诏文本不是同一天，不能合成「即位与遗诏同一天」。后出本纪不作终审。公历依通行年表，待历法库复核。世宗实录条次未钉，不假装已回条次。
QH-A-YZ-0005,文字或数值陈述,QH-P-000002,announced_next_reign_era,以明年为雍正元年,康熙六十一年十一月辛丑,1722-12-27,1722-12-27,确定,已采纳,QH-SU-YZ-QSG-0009A,卷9；康熙六十一年十一月辛丑,以明年為雍正元年,支持,明确记载,中,,1722年即位，1723年才是雍正元年。不得只留一个在位起年。后出本纪不作终审。公历依通行年表，待历法库复核。世宗实录条次未钉，不假装已回条次。
QH-A-YZ-0006,事件发生,QH-P-000002,appointed_regency_council,贝勒胤禩；皇十三弟胤祥；大学士马齐；尚书隆科多,康熙六十一年十一月辛丑,1722-12-27,1722-12-27,确定,已采纳,QH-SU-YZ-QSG-0009A,卷9；康熙六十一年十一月辛丑,命貝勒胤禩、皇十三弟胤祥、大學士馬齊、尚書隆科多總理事務,支持,明确记载,中,,四人同日受命总理事务。人物ID：QH-P-000007、000011、000047、000048。不得写成八爷党或顾命大臣已证制度名。后出本纪不作终审。公历依通行年表，待历法库复核。世宗实录条次未钉，不假装已回条次。
QH-A-YZ-0007,事件发生,QH-P-000002,recalled_to_capital,QH-P-000012,康熙六十一年十一月辛丑,1722-12-27,1722-12-27,确定,已采纳,QH-SU-YZ-QSG-0009A,卷9；康熙六十一年十一月辛丑,召撫遠大將軍胤禵來京,支持,明确记载,中,,召还不是定罪。本纪用胤禵。不得写成传位十四子失败。后出本纪不作终审。公历依通行年表，待历法库复核。世宗实录条次未钉，不假装已回条次。
QH-A-YZ-0008,称号授予,QH-P-000007,invested_as_prince,廉亲王,康熙六十一年十二月壬戌,1723-01-17,1723-01-17,确定,已采纳,QH-SU-YZ-QSG-0009B,卷9；康熙六十一年十二月壬戌,封貝勒胤禩為廉親王，胤祥為怡親王,支持,明确记载,中,,同条并封胤祹履郡王、弘晰理郡王，不并入本条。胤祥封怡亲王见下条。后出本纪不作终审。公历依通行年表，待历法库复核。世宗实录条次未钉，不假装已回条次。
QH-A-YZ-0009,称号授予,QH-P-000011,invested_as_prince,怡亲王,康熙六十一年十二月壬戌,1723-01-17,1723-01-17,确定,已采纳,QH-SU-YZ-QSG-0009B,卷9；康熙六十一年十二月壬戌,封貝勒胤禩為廉親王，胤祥為怡親王,支持,明确记载,中,,与廉亲王同日。不得写成雍正最信任的人已核心理判断。后出本纪不作终审。公历依通行年表，待历法库复核。世宗实录条次未钉，不假装已回条次。
QH-A-YZ-0010,称号授予,QH-P-000048,appointed_as,吏部尚书,康熙六十一年十二月甲子,1723-01-19,1723-01-19,确定,已采纳,QH-SU-YZ-QSG-0009B,卷9；康熙六十一年十二月甲子,隆科多為吏部尚書,支持,明确记载,中,,甲子=十二月十三日。公历1723-01-19依甲午+干支差推算待历法库复核。当时已是尚书，此条是吏部尚书。后出本纪不作终审。公历依通行年表，待历法库复核。世宗实录条次未钉，不假装已回条次。
QH-A-YZ-0011,称号授予,QH-P-000049,honored_as,太保,雍正元年三月甲申,1723-04-09,1723-04-09,确定,已采纳,QH-SU-YZ-QSG-0009C,卷9；雍正元年三月甲申,加隆科多、馬齊、年羹堯太保,支持,明确记载,中,,三人同日加太保。年羹尧人物ID QH-P-000049。不得写成因年妃受宠而加衔。后出本纪不作终审。公历依通行年表，待历法库复核。世宗实录条次未钉，不假装已回条次。
QH-A-YZ-0012,称号授予,QH-P-000049,invested_as_duke,三等公,雍正元年三月甲申,1723-04-09,1723-04-09,确定,已采纳,QH-SU-YZ-QSG-0009C,卷9；雍正元年三月甲申,封年羹堯三等公,支持,明确记载,中,,与加太保同日条。后二年进一等公、三年褫夺，另条。后出本纪不作终审。公历依通行年表，待历法库复核。世宗实录条次未钉，不假装已回条次。
QH-A-YZ-0013,事件发生,QH-P-000025,coffin_placed_at,宁寿宫,雍正元年五月辛丑,1723-06-25,1723-06-25,确定,审核中,QH-SU-QSG-0009,卷9；雍正元年五月辛丑,奉安梓宮於寧壽宮,支持,明确记载,中,QH-CF-YZ-RENSHOU,同条称仁寿皇太后崩、帝之生母也。奉安地点是宁寿宫。徽号冲突仍见后妃传未上册。不得把孝恭写成康熙朝皇后。后出本纪不作终审。公历依通行年表，待历法库复核。世宗实录条次未钉，不假装已回条次。
QH-A-YZ-0014,事件发生,QH-P-000002,sealed_heir_edict_behind,正大光明匾额之后,雍正元年八月甲子,1723-09-16,1723-09-16,确定,已采纳,QH-SU-YZ-QSG-0009D,卷9；雍正元年八月甲子,今朕親寫密封，緘置錦匣，藏於正大光明匾額之後,支持,明确记载,中,,证明本纪记载密旨收藏位置。匣中写谁本条未拆。不得把后来取出的弘历名字倒写成甲子当日已宣示。同条「去年十一月仓卒一言而定」是上谕自述，不另证改诏真伪。后出本纪不作终审。公历依通行年表，待历法库复核。世宗实录条次未钉，不假装已回条次。
QH-A-YZ-0015,事件发生,QH-P-000001,buried_at,景陵,雍正元年九月丁丑朔,1723-09-29,1723-09-29,确定,已采纳,QH-SU-YZ-QSG-0009E,卷9；雍正元年九月丁丑朔,葬聖祖仁皇帝於景陵，孝恭皇后祔焉,支持,明确记载,中,,丁丑为朔。孝恭皇后是祔葬时的称号，不能倒写成康熙朝皇后。今地见 QH-ST-0021。后出本纪不作终审。公历依通行年表，待历法库复核。世宗实录条次未钉，不假装已回条次。
QH-A-YZ-0016,称号授予,QH-P-000049,appointed_as,抚远大将军,雍正元年十月戊申,1723-10-30,1723-10-30,确定,已采纳,QH-SU-YZ-QSG-0009E,卷9；雍正元年十月戊申,敕授年羹堯撫遠大將軍,支持,明确记载,中,,改延信为平逆将军在同句，不并入本条。列传作解印授羹尧，与本纪授职同方向。后出本纪不作终审。公历依通行年表，待历法库复核。世宗实录条次未钉，不假装已回条次。
QH-A-YZ-0017,事件发生,QH-P-000036,invested_as_empress,皇后,雍正元年十二月丁卯,1724-01-17,1724-01-17,确定,已采纳,QH-SU-YZ-QSG-0009E,卷9；雍正元年十二月丁卯,冊嫡妃那拉氏為皇后,支持,明确记载,中,,当时是嫡妃那拉氏册为皇后，不是生下来就是皇后。人物ID QH-P-000036。后出本纪不作终审。公历依通行年表，待历法库复核。世宗实录条次未钉，不假装已回条次。
QH-A-YZ-0018,称号授予,QH-P-000038,invested_as_consort,贵妃,雍正元年十二月丁卯,1724-01-17,1724-01-17,确定,已采纳,QH-SU-YZ-QSG-0009E,卷9；雍正元年十二月丁卯,封年氏為貴妃,支持,明确记载,中,,与册后同日。不得写成因此年羹尧掌兵。钮祜禄氏为熹妃、耿氏为裕嫔同句不并入。后出本纪不作终审。公历依通行年表，待历法库复核。世宗实录条次未钉，不假装已回条次。
QH-A-YZ-0019,事件发生,QH-P-000049,campaign_concluded,青海平,雍正二年三月,1724-03-25,1724-04-22,确定,已采纳,QH-SU-YZ-QSG-0009H,卷9；雍正二年三月,青海平,支持,明确记载,中,,本纪系于三月庚辰谒陵之后的连写，未给青海平单独干支。公历用三月起止。战报细节待方略。后出本纪不作终审。公历依通行年表，待历法库复核。世宗实录条次未钉，不假装已回条次。
QH-A-YZ-0020,称号授予,QH-P-000049,invested_as_duke,一等公,雍正二年三月,1724-03-25,1724-04-22,确定,已采纳,QH-SU-YZ-QSG-0009H,卷9；雍正二年三月,封年羹堯一等公,支持,明确记载,中,,由元年三等公进一等公。岳钟琪三等公不并入本条。后出本纪不作终审。公历依通行年表，待历法库复核。世宗实录条次未钉，不假装已回条次。 与同一来源单元、同一原始时间表达的QH-A-YZ-0019统一为雍正二年三月全月边界。
QH-A-YZ-0021,文字或数值陈述,QH-P-000002,reprimanded_for_wording,夕惕朝乾,雍正三年三月辛酉,1725-05-05,1725-05-05,确定,已采纳,QH-SU-YZ-QSG-0009I,卷9；雍正三年三月辛酉,將「朝乾夕惕」寫作「夕惕朝乾」,支持,明确记载,中,,这是本纪所记责让用语，不是已核笔迹鉴定。不得写成年案由此一句开始。后出本纪不作终审。公历依通行年表，待历法库复核。世宗实录条次未钉，不假装已回条次。
QH-A-YZ-0022,称号授予,QH-P-000049,transferred_as,杭州将军,雍正三年四月己卯,1725-05-23,1725-05-23,确定,已采纳,QH-SU-YZ-QSG-0009I,卷9；雍正三年四月己卯,調年羹堯為杭州將軍,支持,明确记载,中,,同日以岳钟琪为川陕总督。调任不是赐死。后出本纪不作终审。公历依通行年表，待历法库复核。世宗实录条次未钉，不假装已回条次。
QH-A-YZ-0023,称号授予,QH-P-000049,stripped_of_title,太保,雍正三年六月,1725-07-10,1725-08-07,确定,已采纳,QH-SU-YZ-QSG-0009I,卷9；雍正三年六月,削年羹堯太保，尋褫其一等公,支持,明确记载,中,,本纪先削太保，寻褫一等公，未给寻的干支。公历用六月起止。后出本纪不作终审。公历依通行年表，待历法库复核。世宗实录条次未钉，不假装已回条次。
QH-A-YZ-0024,称号授予,QH-P-000048,stripped_of_title,太保,雍正三年七月丁未,1725-08-19,1725-08-19,确定,已采纳,QH-SU-YZ-QSG-0009I,卷9；雍正三年七月丁未,削隆科多太保,支持,明确记载,中,,与年羹尧案并行，不是同一日赐死。后出本纪不作终审。公历依通行年表，待历法库复核。世宗实录条次未钉，不假装已回条次。
QH-A-YZ-0025,称号授予,QH-P-000049,demoted_to,闲散旗员,雍正三年七月壬戌,1725-09-03,1725-09-03,确定,已采纳,QH-SU-YZ-QSG-0009I,卷9；雍正三年七月壬戌,杭州將軍年羹堯黜為閒散旗員,支持,明确记载,中,,黜为闲散在逮系、赐死之前。十二月甲戌才议罪赐死。后出本纪不作终审。公历依通行年表，待历法库复核。世宗实录条次未钉，不假装已回条次。
QH-A-YZ-0026,事件发生,QH-P-000049,granted_death,赐死,雍正三年十二月甲戌,1726-01-13,1726-01-13,确定,审核中,QH-SU-YZ-QSG-0009I,卷9；雍正三年十二月甲戌,年羹堯賜死,支持,明确记载,中,QH-CF-YZ-NIAN-DEATH,同条：廷臣议上年羹尧罪九十二款。本纪作赐死；列传作狱中令自裁。两说并存。不得写成年妃一死他就倒台。后出本纪不作终审。公历依通行年表，待历法库复核。世宗实录年案条已钉：QH-SU-YZ-QSL-0039A，九十二款全目，得旨令其自裁。
QH-A-YZ-0027,文字或数值陈述,QH-P-000007,renamed_as,阿其那,雍正四年正月戊戌,1726-02-06,1726-02-06,确定,已采纳,QH-SU-YZ-QSG-0009K,卷9；雍正四年正月戊戌,敕令易名名曰阿其那,支持,明确记载,中,,本纪用字阿其那。满文原义与侮辱程度待专条，不得在本条写成已核译义。子弘旺改菩萨保不并入。后出本纪不作终审。公历依通行年表，待历法库复核。世宗实录条次未钉，不假装已回条次。
QH-A-YZ-0028,称号授予,QH-P-000048,stripped_of_title,爵,雍正五年六月,1727-07-19,1727-08-16,确定,已采纳,QH-SU-YZ-QSG-0009L,卷9；雍正五年六月,隆科多以罪削爵,支持,明确记载,中,,本纪只到月。弟庆复袭一等公同句不并入。公历用六月起止。后出本纪不作终审。世宗实录已钉：癸巳调回（QH-A-YZ-0063），丁未革爵（QH-A-YZ-0064）。本条仍只用本纪月层，不与实录日层合并。
QH-A-YZ-0029,事件发生,QH-P-000048,imprisoned,禁锢,雍正五年十月丁亥,1727-11-17,1727-11-17,确定,审核中,QH-SU-YZ-QSG-0009L,卷9；雍正五年十月丁亥,大罪五十，應斬立決……得旨，隆科多著禁錮,支持,明确记载,中,QH-CF-YZ-LONGKEDUO-COUNTS,本纪作大罪五十、著禁锢，未写畅春园外筑屋。列传作四十一款、畅春园外永远禁锢。款数与地点两说并存。后出本纪不作终审。公历依通行年表，待历法库复核。世宗实录狱辞条已钉：QH-SU-YZ-QSL-0062A，十月五日第2/3条，四十一款，畅春园外造屋三间永远禁锢。本条仍只用本纪层。
QH-A-YZ-0030,事件发生,QH-P-000002,institution_noted_as_begun,军机大臣,雍正十年六月辛巳,1732-08-16,1732-08-16,确定,审核中,QH-SU-YZ-QSG-0009N,卷9；雍正十年六月辛巳,軍機大臣之設始於此,支持,明确记载,中,QH-CF-YZ-JUNJI,这是本纪在十年六月恤赠条下的起置说明。后出本纪不作终审。公历依通行年表，待历法库复核。实录七年六月十日已钉密办军需（QH-A-YZ-0045），无军机房字。年表作七年六月始设军机房（QH-A-YZ-0046）。实录十年恤赠未见始于此（QH-A-YZ-0044）。三说并存，不择一。
QH-A-YZ-0031,称号授予,QH-P-000002,oral_designated_successor,QH-P-000019,雍正十三年八月戊子,1735-10-07,1735-10-07,确定,已采纳,QH-SU-YZ-QSG-0009M,卷9；雍正十三年八月戊子,戊子，上大漸，宣旨傳位皇四子寶親王弘曆,支持,明确记载,中,,前一日丁亥不豫，次日己丑崩。三人分日。本条只证本纪所记传位宣旨，不证密旨匣中原件。后出本纪不作终审。公历依通行年表，待历法库复核。世宗实录条次未钉，不假装已回条次。
QH-A-YZ-0032,事件发生,QH-P-000002,died_on,崩年五十八,雍正十三年八月己丑,1735-10-08,1735-10-08,确定,审核中,QH-SU-YZ-QSG-0009M,卷9；雍正十三年八月己丑,己丑，上崩，年五十八,支持,明确记载,中,QH-CF-YZ-DEATH,本纪只写崩与享年，未写圆明园，未写丹药。丹药说见对照栏 QH-L-0008，不得补进本条。后出本纪不作终审。公历依通行年表，待历法库复核。世宗实录崩逝条已钉：QH-SU-YZ-QSL-0159A，己丑子刻上崩，无地点死因。本条仍只用本纪层，不把实录时刻写进来。
QH-A-YZ-0033,事件发生,QH-P-000002,buried_at,泰陵,乾隆二年三月,1737-03-31,1737-04-29,确定,已采纳,QH-SU-YZ-QSG-0009M,卷9；乾隆二年三月,乾隆二年三月，葬泰陵,支持,明确记载,中,,原纪年只到月。今地见 QH-ST-0022。不得写成遵化东陵。后出本纪不作终审。公历依通行年表，待历法库复核。世宗实录条次未钉，不假装已回条次。
QH-A-YZ-0034,人物关系,QH-P-000048,maternal_uncle_of_empress,QH-P-000024,列传总述,1668-01-01,1728-08-05,确定,已采纳,QH-SU-YZ-QSG-0295A,卷295；隆科多传首句,一等公佟國維子，孝懿仁皇后弟也,支持,明确记载,中,,证明列传所记外戚身份。公历字段只标大约生卒窗口，不是生卒已核。孝懿是佟佳氏 QH-P-000024。后出列传不作终审。可与本纪矛盾，两说并存。世宗实录条次未钉。
QH-A-YZ-0035,事件参与,QH-P-000048,received_deathbed_charge,召受顾命,康熙六十一年十一月,1722-12-20,1722-12-20,确定,审核中,QH-SU-YZ-QSG-0295A,卷295；隆科多传,聖祖大漸，召受顧命,支持,明确记载,中,QH-CF-KX-SUCCESSION,列传作召受顾命。实录寅刻名单有隆科多在御榻前。顾命是后出传文用词，不得写成已核官职名。后出列传不作终审。可与本纪矛盾，两说并存。世宗实录条次未钉。
QH-A-YZ-0036,事件发生,QH-P-000048,imprisoned_at,畅春园外,雍正五年,1727-01-22,1728-02-09,确定,审核中,QH-SU-YZ-QSG-0295A,卷295；隆科多传五年狱辞,於暢春園外築屋三楹，永遠禁錮,支持,明确记载,中,QH-CF-YZ-LONGKEDUO-COUNTS,列传：四十一款；上谕称大臣承旨者惟隆科多一人，免正法，畅春园外筑屋三楹永远禁锢。本纪作大罪五十、著禁锢，未写此处。两说并存。公历用雍正五年整年。后出列传不作终审。可与本纪矛盾，两说并存。世宗实录同日条已钉：QH-SU-YZ-QSL-0062A，作造屋三间。本条仍只用列传层。
QH-A-YZ-0037,事件发生,QH-P-000048,died_on,死于禁所,雍正六年六月,1728-07-07,1728-08-05,确定,已采纳,QH-SU-YZ-QSG-0295A,卷295；隆科多传,六年六月，隆科多死於禁所,支持,明确记载,中,,列传只到月。死因未写。不得写成赐死或吕四娘。后出列传不作终审。可与本纪矛盾，两说并存。世宗实录条次未钉。
QH-A-YZ-0038,事件发生,QH-P-000049,granted_death,狱中令自裁,雍正三年十二月,1726-01-13,1726-01-13,确定,审核中,QH-SU-YZ-QSG-0295B,卷295；年羹尧传十二月,齎詔諭羹堯獄中令自裁,支持,明确记载,中,QH-CF-YZ-NIAN-DEATH,列传作自裁；本纪作赐死。同传记九十二款。不得写成年妃致死。后出列传不作终审。可与本纪矛盾，两说并存。世宗实录条次未钉。
QH-A-YZ-0039,事件发生,QH-P-000002,accession_occurred,即皇帝位,康熙六十一年十一月二十日,1722-12-27,1722-12-27,确定,已采纳,QH-SU-YZ-QSL-0001A,卷1；康熙六十一年十一月二十日；1/5,辛丑。上即皇帝位。……詣梓宮前、跪、上香、告受命於大行皇帝。……御太和殿。升寶座。,支持,明确记载,强,,即位礼在辛丑二十日，距甲午崩日七日。实录仪节与康熙实录口谕遗诏分层保存，不互相覆盖。公历依通行年表，待历法库复核。
QH-A-YZ-0040,事件发生,QH-P-000002,announced_next_reign_era,以明年為雍正元年,康熙六十一年十一月二十日,1722-12-27,1722-12-27,确定,已采纳,QH-SU-YZ-QSL-0001B,卷1；康熙六十一年十一月二十日；2/5,於是月二十日。祗告天地宗廟社稷。即皇帝位。以明年為雍正元年。,支持,明确记载,强,,即位诏文本。诏自述皇考升遐之日诏朕缵承大统，是诏书自述，不证明遗诏原件真伪；诏述皇二子两废是政治叙事，不作废案细节终审。公历依通行年表，待历法库复核。
QH-A-YZ-0041,事件发生,QH-P-000002,died_on,子刻上崩,雍正十三年八月二十三日,1735-10-08,1735-10-08,确定,审核中,QH-SU-YZ-QSL-0159A,卷159；雍正十三年八月二十三日；1/5,己丑。子刻。上崩。,支持,明确记载,强,QH-CF-YZ-DEATH,实录崩条不写地点，不写死因，不写疾大渐。与本纪己丑崩年五十八（QH-A-YZ-0032）同日异文。丹药与中毒说不得补入。子刻属八月二十三日凌晨，不作两日。公历依通行年表，待历法库复核。
QH-A-YZ-0042,事件发生,QH-P-000049,granted_death,令其自裁,雍正三年十二月十一日,1726-01-13,1726-01-13,确定,审核中,QH-SU-YZ-QSL-0039A,卷39；雍正三年十二月十一日；1/3,年羹堯所犯至九十二大罪。……得旨、……朕念年羹堯青海之功。不忍加以極刑。著交步軍統領阿齊圖、令其自裁。,支持,明确记载,强,QH-CF-YZ-NIAN-DEATH,实录作令其自裁；本纪赐死（QH-A-YZ-0026）与列传狱中令自裁（QH-A-YZ-0038）三说并存。九十二款全目见本条，与本纪款数主张互证。年富立斩等处置未拆。公历依通行年表，待历法库复核。
QH-A-YZ-0043,事件发生,QH-P-000048,imprisoned_at,畅春园外附近空地,雍正五年十月五日,1727-11-17,1727-11-17,确定,审核中,QH-SU-YZ-QSL-0062A,卷62；雍正五年十月五日；2/3,隆科多所犯四十一款重罪。實不容誅。……隆科多免其正法。於暢春園外附近空地。造屋三間。永遠禁錮。,支持,明确记载,强,QH-CF-YZ-LONGKEDUO-COUNTS,实录作四十一款、免正法、畅春园外附近空地造屋三间永远禁锢。同条群臣拟斩立决。本纪作大罪五十、著禁锢（QH-A-YZ-0029），未写地点。列传作四十一款、筑屋三楹（QH-A-YZ-0036）。款数：实录与列传同、本纪异。地点：实录与列传同、本纪未写。不择一。四十一款细目未逐条拆入。同谕称升遐之日承旨者惟隆科多一人，是当日上谕自述，不另证遗诏原件。丁亥是五日干支，不是十五日。公历依通行年表，待历法库复核。
QH-A-YZ-0044,事件发生,QH-P-000002,reported_in_edict,策勒克追封辅国公,雍正十年六月二十六日,1732-08-16,1732-08-16,确定,已采纳,QH-SU-YZ-QSL-0120A,卷120；雍正十年六月二十六日；1/1,辦理軍機大臣等遵旨議奏。……策勒克著追封輔國公。令伊子密什克、世襲罔替。,支持,明确记载,强,,实录此条是恤赠议奏。全文无「军机大臣之设始于此」。本纪该句见QH-A-YZ-0030，不得写入本条。同月十三日、十六日已有「谕办理军机大臣等」，不把辛巳写成军机处第一日。七年六月十日密办军需见QH-A-YZ-0045。会典未开。公历依通行年表，待历法库复核。
QH-A-YZ-0045,事件发生,QH-P-000002,reported_in_edict,军需交怡亲王张廷玉蒋廷锡密为办理,雍正七年六月十日,1729-07-05,1729-07-05,确定,审核中,QH-SU-YZ-QSL-0082A,卷82；雍正七年六月十日；2/4,兩路軍機。朕籌算者久矣。其軍需一應事宜。交與怡親王、大學士張廷玉、蔣廷錫、密為辦理。……王大臣等小心慎密。是以經理二年有餘。,支持,明确记载,强,QH-CF-YZ-JUNJI,实录作军需密办，并称经理二年有余。全文无军机房、无办理军机处、无始设。两路军机是军务用语，不得改写成军机处。本纪十年始于此见QH-A-YZ-0030。年表七年六月始设军机房见QH-A-YZ-0046。会典未开。癸未=六月十日。公历依通行年表，待历法库复核。
QH-A-YZ-0046,事件发生,QH-P-000002,institution_noted_as_begun,军机房,雍正七年六月,1729-06-26,1729-07-25,确定,审核中,QH-SU-YZ-QSG-0176A,卷176；雍正七年六月,六月，始設軍機房,支持,明确记载,中,QH-CF-YZ-JUNJI,年表年头总述。同表记六月癸未命密办军需，与实录QH-A-YZ-0045同日同旨，但实录无军机房三字。十年三月改称办理军机处是年表另一句，实录条次未钉。后出史表不作终审。公历用六月起止。会典未开。
QH-A-YZ-0047,文字或数值陈述,QH-P-000002,reported_in_edict,满洲犹籍贯；舜为东夷文王为西夷,雍正七年,1729-01-29,1730-02-16,约略,已采纳,QH-SU-YZ-DYJML-0001A,卷一；华夷短引,本朝之為滿洲，猶中國之有籍貫。舜為東夷之人，文王為西夷之人，曾何損於聖德乎？,支持,明确记载,中,,刊本自辩。维基文库标点排印。不得扩成全书论纲。不得覆盖实录。公历用雍正七年起止，待历法库复核。
QH-A-YZ-0048,文字或数值陈述,QH-P-000002,reported_in_edict,御榻口谕皇四子继位（后来衔名）,雍正七年,1729-01-29,1730-02-16,约略,审核中,QH-SU-YZ-DYJML-0001B,卷一；传位场面短引,皇考命誠親王允祉、淳親王允祐、阿其那、塞思黑、允䄉、公允祹、怡親王允祥、原任理藩院尚書隆科多至御榻前，諭曰：「皇四子人品貴重，深肖朕躬，必能克承大統，著繼朕即皇帝位。」,支持,明确记载,中,QH-CF-YZ-DYJML-SCENE,刊本自述传位场面。衔名用后来亲王号与阿其那、塞思黑。人员仍是七皇子加隆科多。不得改写圣祖实录卷300。公历用雍正七年起止，待历法库复核。
QH-A-YZ-0049,文字或数值陈述,QH-P-000002,reported_in_edict,转述耿六格供称「十」改为「于」,雍正七年,1729-01-29,1730-02-16,约略,审核中,QH-SU-YZ-DYJML-0003A,卷三；改诏传闻短引,訊據逆賊耿精忠之孫耿六格供稱……聖祖皇帝原傳十四阿哥允禵天下，皇上將「十」字改為「于」字。,支持,明确记载,中,QH-CF-YZ-DYJML-GAIZHAO,书中转述的供称。不是曾静原供。不是案档原件。不得写成已证伪改诏。同段人参汤、太后撞死未拆入本条。公历用雍正七年起止，待历法库复核。
QH-A-YZ-0050,文字或数值陈述,QH-P-000002,reported_in_edict,驳「欲传允禵、隆科多更改遗诏」,雍正七年,1729-01-29,1730-02-16,约略,审核中,QH-SU-YZ-DYJML-0003B,卷三；改诏驳语短引,今乃云皇考欲傳位於允禵，隆科多更改遺詔，傳位於朕……焉有不遭上帝皇考之誅殛者乎！,支持,明确记载,中,QH-CF-YZ-DYJML-GAIZHAO,刊本自辩。与QH-A-YZ-0049分行。不得把驳语写成已证伪改诏。不得覆盖圣祖实录口谕遗诏。公历用雍正七年起止，待历法库复核。
QH-A-YZ-0051,事件发生,QH-P-000002,reported_in_edict,曾静遣张熙投书岳钟琪,雍正七年五月二十一日,1729-06-17,1729-06-17,确定,已采纳,QH-SU-YZ-QSL-0081A,卷81；雍正七年五月二十一日；1/2,先是、湖南靖州人曾靜、因考試劣等。家居憤鬱。忽圖叛逆。遣其徒張熙、詭名投書於川陝總督岳鍾琪勸以同謀舉事。,支持,明确记载,强,,实录用先是追记。不是六年九月当日条。下文转到吕留良与会议治罪。同日第2/2条未拆。公历依通行年表，待历法库复核。
QH-A-YZ-0052,文字或数值陈述,QH-P-000002,reported_in_edict,华夷上谕通行颁布各府州县,雍正七年九月十二日,1729-11-02,1729-11-02,确定,已采纳,QH-SU-YZ-QSL-0086A,卷86；雍正七年九月十二日；1/1,著將朕諭旨、通行頒布天下各府州縣遠鄉僻壤。俾讀書士子、及鄉曲小民共知之,支持,明确记载,强,,颁的是这道上谕。全文无大义觉迷录书名。不得写成刊成该书。同谕有满洲犹籍贯句。公历依通行年表，待历法库复核。
QH-A-YZ-0053,文字或数值陈述,QH-P-000002,reported_in_edict,不行诛戮曾静张熙,雍正七年十月六日,1729-11-26,1729-11-26,确定,已采纳,QH-SU-YZ-QSL-0087A,卷87；雍正七年十月六日；1/4,今日諸臣、合詞請誅曾靜張熙。……但朕之不行誅戮者。實有隱衷。……可以寬宥其罪。,支持,明确记载,强,,九卿请即行正法；上谕不诛。同日第2/4条为李绂蔡珽不是刊书。公历依通行年表，待历法库复核。
QH-A-YZ-0054,事件发生,QH-P-000002,reported_in_edict,岳钟琪疏言张熙投递逆书,雍正七年五月乙丑,1729-06-17,1729-06-17,确定,已采纳,QH-SU-YZ-QSG-0009P,卷9；雍正七年五月乙丑,先是，岳鍾琪疏言有湖南人張熙投遞逆書，訊由其師曾靜所使。命提曾靜、張熙至京。,支持,明确记载,中,,后出本纪。与实录同日都用先是。不作终审。不得写成六年九月当日条。公历依通行年表，待历法库复核。
QH-A-YZ-0055,事件发生,QH-P-000001,died_on,宾天,康熙六十一年十一月十三日,1722-12-20,1722-12-20,确定,审核中,QH-SU-YZ-QSL-0001C,卷1；康熙六十一年十一月十三日；1/1,聖祖仁皇帝賓天。……是日、上問安、進見五次戌刻。聖祖賓天。,支持,明确记载,强,QH-CF-KX-SUCCESSION,世宗实录甲午条。戌刻宾天。同条有寝宫，也有先是戊子回驻畅春园。不得用本条覆盖圣祖实录卷300寝宫句。公历依通行年表，待历法库复核。
QH-A-YZ-0056,事件发生,QH-P-000001,ill_at,畅春园,康熙六十一年十一月七日,1722-12-14,1722-12-14,确定,审核中,QH-SU-YZ-QSL-0001C,卷1；甲午条先是戊子,至是月戊子。聖躬不豫。因回駐暢春園。,支持,明确记载,强,QH-CF-KX-SUCCESSION,先是追记，不是甲午当日条。圣祖实录同日专条见QH-A-KX-0126。不得写成甲午才回驻。
QH-A-YZ-0057,事件发生,QH-P-000001,oral_designated_successor,皇四子胤禛,康熙六十一年十一月十三日,1722-12-20,1722-12-20,确定,审核中,QH-SU-YZ-QSL-0001C,卷1；甲午丑刻御榻,宣諭曰。皇四子胤禛人品貴重。深肖朕躬。必能克承大統。著繼登基。即皇帝位。,支持,明确记载,强,QH-CF-KX-SUCCESSION,世宗实录层。圣祖实录口谕名单与用语另条。两层并存，不互相覆盖。不得写入改诏。
QH-A-YZ-0058,事件发生,QH-P-000002,institution_renamed_as,办理军机处,雍正十年三月,1732-03-27,1732-04-24,确定,审核中,QH-SU-YZ-QSG-0176B,卷176；十年壬子三月,三月，改軍機房稱辦理軍機處。,支持,明确记载,中,QH-CF-YZ-JUNJI,年表年头句。实录同月初三日是铸印议奏（QH-A-YZ-0065），未见改称句。会典未开。不得用本条写入实录。
QH-A-YZ-0065,事件发生,QH-P-000002,reported_in_edict,议铸办理军机印信,雍正十年三月三日,1732-03-29,1732-03-29,确定,审核中,QH-SU-YZ-QSL-0116A,卷116；雍正十年三月三日；3/5,大學士等遵旨議奏、辦理軍機處。密行事件。所需鈐封印信。謹擬用辦理軍機印信字樣……從之,支持,明确记载,强,QH-CF-YZ-JUNJI,庚申=初三。实录已用办理军机处名，并准铸印。全文无改军机房称办理军机处。不得把铸印写成改称或始设。公历依戊午朔加二日，待历法库复核。
QH-A-YZ-0059,文字或数值陈述,QH-P-000019,absent_from_volume,卷165世宗系无第四子行,清史稿卷165世宗系,1711-09-25,1799-02-07,确定,已采纳,QH-SU-YZ-QSG-0165A,卷165；世宗系,卷165无第四子行,支持,推定,中,,结构缺号。与卷164缺胤禛同体例。后妃传称子一高宗。不得读成雍正无第四子。
QH-A-YZ-0060,文字或数值陈述,QH-P-000018,table_birth_order,世宗第三子；早薨无嗣,清史稿卷165弘时行,1704-01-01,1727-12-31,约略,已采纳,QH-SU-YZ-QSG-0165A,卷165；弘时,世宗第三子。早薨，無嗣,支持,明确记载,中,,只证明表文如此。削籍年月不在本表。不得补故宫年表或死因。
QH-A-YZ-0061,事件发生,QH-P-000137,posthumously_advanced_as,和硕怀恪公主,雍正元年,1723-02-05,1724-01-24,约略,已采纳,QH-SU-YZ-QSG-0166B,卷166；世宗第二女,雍正元年，追進封和碩懷恪公主,支持,明确记载,中,,表文明写追进。第二女已于康熙五十六年三月薨。不得写成生前进封。
QH-A-YZ-0062,事件发生,QH-P-000133,adopted_out_to,胤礼,清史稿卷165弘曕行,1738-02-19,1765-12-31,约略,已采纳,QH-SU-YZ-QSG-0165A,卷165；弘曕,世宗第六子，嗣胤禮後,支持,明确记载,中,,过继果亲王允礼后。表文未给过继日。公历用乾隆三年袭果亲王至三十年薨的可见区间，不是过继当日。后妃传作弘適，不择一。
QH-A-YZ-0063,事件发生,QH-P-000048,recalled_to_capital,自办理俄罗斯边界事调回,雍正五年六月八日,1727-07-26,1727-07-26,确定,已采纳,QH-SU-YZ-QSL-0058A,卷58；雍正五年六月八日；3/5,隆科多私抄玉牒。存貯家中。……可將隆科多調回。令其速來。,支持,明确记载,强,,癸巳。议革职拏问，得旨先调回。不是革爵当日。不得与丁未革爵或十月禁锢并成一天。公历依丙戌朔加七日，待历法库复核。
QH-A-YZ-0064,称号授予,QH-P-000048,stripped_of_title,一等公,雍正五年六月二十二日,1727-08-09,1727-08-09,确定,已采纳,QH-SU-YZ-QSL-0058B,卷58；雍正五年六月二十二日；3/3,一等公隆科多、緣罪革爵。以其弟慶復襲替,支持,明确记载,强,,丁未革爵。本纪只写六月。十月四十一款禁锢是另一天。不得写成六月已禁锢。公历依丙戌朔加二十一日，待历法库复核。
QH-A-YZ-0066,文字或数值陈述,QH-P-000002,reported_in_edict,耗羨不可以歸公,雍正六年四月壬寅,1728-01-01,1728-12-31,约略,已采纳,QH-SU-YZ-QSG-0009R,卷9；雍正六年四月壬寅,地方官私徵耗羨，難以裁革。惟在督撫審慎用之，不可以歸公。若歸公，則地方官又重複取民矣。,支持,明确记载,中,,耗羡归公非一刀切：六年上谕仍顾虑归公后地方官重复取民。诺岷山西起点为通说，本纪未载，待回实录。公历月日待历法库复核。
QH-A-YZ-0067,文字或数值陈述,QH-P-000002,reported_in_edict,清查各省耗羨,雍正十二年六月乙亥,1734-01-01,1734-12-31,约略,已采纳,QH-SU-YZ-QSG-0009R,卷9；雍正十二年六月乙亥,敕戶部清查各省耗羨。,支持,明确记载,中,,十二年敕户部清查各省耗羡，证归公后耗羡已入国帑统一清查。公历年依通行年表。
QH-A-YZ-0068,事件发生,QH-P-000002,institution_noted_as_begun,耗羡归公,雍正二年,1724-01-01,1724-12-31,约略,已采纳,QH-SU-YZ-QSG-0121A,卷121食货志；雍正二年,二年，以山西巡撫諾敏、布政使高成齡請提解火耗歸公，分給官吏養廉及其他公用,支持,明确记载,中,,食货志层级高于本纪。康熙不许年羹尧火耗议，雍正二年诺敏复请，诏从其请。不得把归公写成雍正个人独创。公历月日待历法库复核。
QH-A-YZ-0069,事件发生,QH-P-000002,institution_noted_as_begun,官给养廉（养廉银）,雍正二年,1724-01-01,1724-12-31,约略,已采纳,QH-SU-YZ-QSG-0121B,卷121食货志,於是定為官給養廉之制,支持,明确记载,中,,养廉银是耗羡归公后的定额津贴，取火耗分给。不得把养廉写成额外加派。公历月日待历法库复核。
QH-A-YZ-0070,文字或数值陈述,QH-P-000002,reported_in_edict,有德者可为天下君（上谕一以德行作君位标准）,雍正七年,1729-01-29,1730-02-16,约略,已采纳,QH-SU-YZ-DYJML-0001C,卷一；上谕一开篇,蓋生民之道，惟有德者可為天下君。,支持,明确记载,中,,刊本自辩立论。上谕一开篇把君位标准从地域移到德行。不得扩成全书论纲。不得覆盖实录。
QH-A-YZ-0071,文字或数值陈述,QH-P-000002,reported_in_edict,华夷之说起于偏安（上谕一把华夷辨历史化为分裂时代产物）,雍正七年,1729-01-29,1730-02-16,约略,已采纳,QH-SU-YZ-DYJML-0001D,卷一；上谕一,蓋從來華夷之說，乃在晉宋六朝偏安之時，彼此地醜德齊，莫能相尚。,支持,明确记载,中,,刊本自辩。把华夷辨归到偏安时代；一统之时再讲即逆天悖理。不得写成已回应文化主义质问。
QH-A-YZ-0072,文字或数值陈述,QH-P-000002,reported_in_edict,疆土开拓为臣民大幸（上谕一以版图扩张反证华夷之分当废）,雍正七年,1729-01-29,1730-02-16,约略,已采纳,QH-SU-YZ-DYJML-0001E,卷一；上谕一,自我朝入主中土，君臨天下，并蒙古極邊諸部落，俱歸版圖，是中國之疆土開拓廣遠，乃中國臣民之大幸，何得尚有華夷中外之分論哉！？,支持,明确记载,中,,刊本自辩。以版图扩张反证华夷之分当废。不得扩成全书论纲。
QH-A-YZ-0073,文字或数值陈述,QH-P-000002,reported_in_edict,上谕二自陈颁告逻辑：无愧歉则公开逐条播告,雍正七年,1729-01-29,1730-02-16,约略,已采纳,QH-SU-YZ-DYJML-0001F,卷一；上谕二,朕若有幾微愧歉於中，則當回護隱忍，暗中寢息其事。,支持,明确记载,中,,刊本自辩。雍正以「无愧歉故公开」为逐条颁告的理由。自辩逻辑，不作事实裁断。
QH-A-YZ-0074,事件发生,QH-P-000002,reported_in_edict,阿其那、塞思黑于禁锢中死（上谕二称伏冥诛、尚未加以诛戮）,雍正七年,1729-01-29,1730-02-16,约略,已采纳,QH-SU-YZ-DYJML-0001G,卷一；上谕二,不意此際，阿其那遂伏冥誅，塞思黑從西寧移至保定，交與直隸總督李紱看守，亦伏冥誅。,支持,明确记载,中,,刊本自辩。雍正自述二人禁锢中死、非显戮。死因与过程须另核案档，不得据此单源定案。原文冥作异体。
QH-A-YZ-0075,文字或数值陈述,QH-P-000002,reported_in_edict,上谕二以伦常重定人禽：识尊亲大义者为人，沦丧天常者为禽兽,雍正七年,1729-01-29,1730-02-16,约略,已采纳,QH-SU-YZ-DYJML-0001H,卷一；上谕二,蓋識尊親之大義，明上下之定分，則謂之人。若淪喪天常，絕滅人紀，則謂之禽獸。,支持,明确记载,中,,刊本自辩。把华夷之辨换成人禽之辨，标准从族群换成伦常。不得扩成全书论纲。
QH-A-YZ-0076,文字或数值陈述,QH-P-000002,reported_in_deposition,曾静供：华夷之辨出于错会《春秋》经旨与无知流言,雍正七年,1729-01-29,1730-02-16,约略,已采纳,QH-SU-YZ-DYJML-0001I,卷一；口供二,只為向見《春秋》有華夷之辨，錯會經旨，所以發出誕妄狂悖言語。,支持,明确记载,中,,讯问供词。曾静自述思想来源是错会经旨加流言。供词经讯问产生，自罪姿态不作思想谱系终审；吕留良层另见卷三。
QH-A-YZ-0077,文字或数值陈述,QH-P-000002,reported_in_deposition,曾静供：耳闻圣德而目未亲见盛世光景,雍正七年,1729-01-29,1730-02-16,约略,已采纳,QH-SU-YZ-DYJML-0001J,卷一；口供三,然耳雖聞聖德，心雖服聖教，目實未曾親見有道盛世的光景。,支持,明确记载,中,,讯问供词。逆书对象是传闻想象的清朝；押解沿途所见成为翻供契机。传闻与亲见的认识论结构，不作悔罪真伪裁断。
QH-A-YZ-0078,文字或数值陈述,QH-P-000002,reported_in_deposition,逆书社会批评：土田尽为富户所收，富者日富贫者日贫,雍正七年,1729-01-29,1730-02-16,约略,已采纳,QH-SU-YZ-DYJML-0001K,卷一；口供四,土田盡為富戶所收，富者日富，貧者日貧。,支持,明确记载,中,,讯问引逆书原文。逆书不止华夷论，含土地兼并社会批评；雍正以勤俭自然之理驳，未接兼并结构问题。
QH-A-YZ-0079,文字或数值陈述,QH-P-000002,reported_in_edict,上谕定罪分级：曾静误听流言讥及朕躬，吕留良自出胸臆上诬圣祖,雍正七年,1729-01-29,1730-02-16,约略,已采纳,QH-SU-YZ-DYJML-0004A,卷四；雍正上谕,曾靜之謗訕由於誤聽流言，而呂留良則自出胸臆，造作妖妄。,支持,明确记载,中,,刊本上谕。生者因「可化」得宥，死者因「病源」被戮；分级标准在话语对象不在行为轻重。定罪逻辑，不作事实裁断。
QH-A-YZ-0080,文字或数值陈述,QH-P-000002,reported_in_edict,上谕以生平拆吕留良：考校失利弃青衿，忽追思明代深怨本朝,雍正七年,1729-01-29,1730-02-16,约略,已采纳,QH-SU-YZ-DYJML-0004B,卷四；雍正上谕,乃於康熙六年，因考校失利，妄爲大言，棄去青衿，忽追思明代，深怨本朝。,支持,明确记载,中,,刊本上谕。以传记叙事拆解作者动机，不逐条辩其学。生平细节（考校失利年份等）须另核年谱，不得据此单源定案。
QH-A-YZ-0081,文字或数值陈述,QH-P-000002,reported_in_deposition,曾静供：吕留良讥诋本朝假托春秋之义寄说于孔子口中,雍正七年,1729-01-29,1730-02-16,约略,已采纳,QH-SU-YZ-DYJML-0004C,卷四；曾静供词,而其所譏詆本朝處又假託春秋之義，以寄其說於孔子口中，所以不得不令愚人信其實。,支持,明确记载,中,,讯问供词。囚犯以皇帝逻辑自供并归罪思想源头；同意之生产的现场。不作曾吕关系终审。
QH-A-YZ-0082,文字或数值陈述,QH-P-000002,reported_in_writing,曾静《归仁说》：圣人之生不以地为限，麒麟凤凰不必尽出中土,雍正七年,1729-01-29,1730-02-16,约略,已采纳,QH-SU-YZ-DYJML-0004D,卷四；曾静著述,麒麟、鳳凰不必盡出中土，奇珍大貝何嘗不產海濱。,支持,明确记载,中,,囚犯获宥后著述。用皇帝逻辑自撰颂圣论；同意的生产之成品。不作真心裁断。
QH-A-YZ-0083,文字或数值陈述,QH-P-000002,reported_in_deposition,曾静供：乡间谣传新皇帝因铸钱不成杀了许多铸匠，渐次信以为实,雍正七年,1729-01-29,1730-02-16,约略,已采纳,QH-SU-YZ-DYJML-0002A,卷二；口供,謠傳遂以為如今新皇帝因鑄錢不成，殺了幾多鑄匠。,支持,明确记载,中,,讯问供词。谣言生成链：求见新钱不得+乡民不通钱法+钱文模糊自验。雍正以铜铅配比驳。谣言机制样本，不作民智裁断。
QH-A-YZ-0084,文字或数值陈述,QH-P-000002,reported_in_deposition,曾静供：长沙见「五星联珠日月合璧」告示，以为将复井田封建,雍正七年,1729-01-29,1730-02-16,约略,已采纳,QH-SU-YZ-DYJML-0002B,卷二；口供,不意到長沙竟看見有一告示，上有「五星聯珠，日月合璧」的話。彼時大喜，以為有好世界來，畢竟會復井田封建。,支持,明确记载,中,,讯问供词。天象被读成政治承诺；两年水荒后同一兆又被重读为别应。兆象解读机制样本。
QH-A-YZ-0085,文字或数值陈述,QH-P-000002,reported_in_deposition,曾静供：收妃嫔谣言出于路上传说押解犯官所言，信其毕竟实事，今记想传说之人不出,雍正七年,1729-01-29,1730-02-16,约略,已采纳,QH-SU-YZ-DYJML-0003C,卷三；供词,彌天重犯聽得此話不察，妄以為此話自犯官說出，畢竟是實事。,支持,明确记载,中,,讯问供词。谣言第三机制：来源权威化（犯官=内部人）+来源不可追。与卷二雍正钱、五星联珠二例合成谣言三机制。
QH-A-YZ-0086,文字或数值陈述,QH-P-000002,reported_in_edict,上谕以再醮之喻反套：岳钟琪叛则再醮，曾静臣事岳钟琪是又失身再醮之人,雍正七年,1729-01-29,1730-02-16,约略,已采纳,QH-SU-YZ-DYJML-0001L,卷一；口供六,而曾靜又臣事於岳鍾琪，是又失身再醮之人矣。,支持,明确记载,中,,刊本上谕。用逆书自己的比喻（择主如从夫）反套作者：修辞陷阱样本。不作岳曾关系终审。
QH-A-YZ-0087,文字或数值陈述,QH-P-000002,reported_in_deposition,逆书：夷狄侵凌中国只有杀而已矣砍而已矣；问今日还是要杀还是要砍,雍正七年,1729-01-29,1730-02-16,约略,已采纳,QH-SU-YZ-DYJML-0001M,卷一；口供十三,只有殺而已矣，砍而已矣。,支持,明确记载,中,,讯问引逆书原文。逆书最激句；问句以彼之言还质彼身，同属修辞陷阱层。
QH-A-YZ-0088,文字或数值陈述,QH-P-000002,reported_in_deposition,曾静供：因吕留良所选程墨房书评点服膺，妄以为本朝第一等人物，言议皆当宗之；初不知其为人行事,雍正七年,1729-01-29,1730-02-16,约略,已采纳,QH-SU-YZ-DYJML-0001N,卷一；口供八,妄以為此人是本朝第一等人物，舉凡一切言議，皆當以他為宗。其實當時並未曾曉得他的為人行事何如。,支持,明确记载,中,,讯问供词。文本碎片造宗师：科举评点市场如何制造思想权威。与卷四曾吕之分互读。
QH-A-YZ-0089,文字或数值陈述,QH-P-000002,reported_in_writing,御制文集诗小序：颁赐诸王大臣之际念及怡贤亲王仙游已周一载，不禁凄然涕下援笔赋此,雍正八年,1730-01-01,1730-12-31,约略,已采纳,QH-SU-YZ-YZWJ-0001A,诗卷；端阳周年小序,念及吾弟怡賢親王仙逰已週一載，不禁凄然涕下，援筆賦此。,支持,明确记载,中,,御笔散文层。私声：公开颁赐场合里的私人悲恸。诗正文维基文库不存，仅小序。
QH-A-YZ-0090,文字或数值陈述,QH-P-000002,reported_in_writing,御制文集诗小序：壬子岁九月七日怡贤亲王定窆水东村，帝念手足至谊亲临奠送稍伸积痛,雍正十年,1732-01-01,1732-12-31,约略,已采纳,QH-SU-YZ-YZWJ-0001B,诗卷；定窆亲临小序,朕念手足至誼，兼以輔弼功勤、獻替忠欵，撫今憶昔，情不能已，因親臨奠送，稍伸積痛。,支持,明确记载,中,,御笔散文层。私声与公录对读：实录写功勤，小序先写手足。诗正文不存，仅小序。
QH-A-YZ-0091,文字或数值陈述,QH-P-000002,reported_in_edict,上谕：召允禵来京是尽子臣之心之本意，非防范疑忌；允禵庸劣无才识威不足以服众；言防范者皆奸党高增允禵声价之论,雍正七年,1729-01-29,1730-02-16,约略,已采纳,QH-SU-YZ-DYJML-0003D,卷三；上谕召允禵,此實朕之本意，並非防範疑忌而召之來也。以允禵之庸劣狂愚，無才無識，威不足以服眾,支持,明确记载,中,,刊本上谕。自贬式自辩：否认疑忌的论据是贬低对手；贬低本身又成了「非防范」的证明。与 yongzheng-07 储位层互读。
QH-A-YZ-0092,文字或数值陈述,QH-P-000002,reported_in_deposition,曾静供：讲孟子井田章心中快活，问人皆曰行不得而不快活；见吕留良评语竟以为行得，遂不觉赏心合意深信其说,雍正七年,1729-01-29,1730-02-16,约略,已采纳,QH-SU-YZ-DYJML-0001O,卷一；口供十二,後看見呂留良此章書文評語，竟以為行得，且說治天下必要井田封建。……遂不覺賞心合意，從此遂深信呂留良的說話。,支持,明确记载,中,,讯问供词。激进化的内容面：经书理想+评点确认+兆象触发三段链。与口供八（权威面）合成评点宗师两例。
QH-A-YZ-0093,文字或数值陈述,QH-P-000002,reported_in_edict,朱批杨名时折：督抚羡余取与任尔自为，但须还朕一是字；岂可限以科则拘以绳墨，惟视秉心何如耳,雍正元年,1723-01-01,1723-12-31,约略,已采纳,QH-SU-YZ-ZPYZ-0001A,卷三；批杨名时奏折,取與之際任爾自為，但須還朕一是字而巳。督撫羨餘豈可限以科則拘以繩墨，惟視秉心何如耳。,支持,明确记载,中,,四库刻本层朱批。与耗羡归公的制度化同朝反向：一手立制，一手拒制。原件未开。
QH-A-YZ-0094,文字或数值陈述,QH-P-000002,reported_in_edict,朱批杨名时谢恩折：此奏若出于至诚，失之东隅收之桑榆未为晚，否则仍属无益；并将数折批谕与鄂尔泰看,雍正五年,1727-01-01,1727-12-31,约略,已采纳,QH-SU-YZ-ZPYZ-0001B,卷三；批杨名时谢恩折,此奏若出於至誠，所謂失之東隅收之桑榆未為晚也。否則仍屬無益耳。將此數摺批諭與鄂爾泰看。,支持,明确记载,中,,四库刻本层朱批。谢恩修辞被至诚条件句接住，且转示同僚——亲密即监察。与「是字」批成对读。
QH-A-YZ-0095,文字或数值陈述,QH-P-000002,reported_in_edict,朱批杨名时荐人折：恐未必如杨名时所荐之科甲中人物；杨回奏不胜悚惧，自陈赋性迂拙平日寡交,雍正五年,1727-01-01,1727-12-31,约略,已采纳,QH-SU-YZ-ZPYZ-0001C,卷三；批荐人折,恐未必如楊名時所薦之科甲中人物。,支持,明确记载,中,,四库刻本层朱批。一句疑语令荐人者自辩朋党；疑的成本为零，回应的成本在臣。与是字批、东隅批成三面。
QH-A-YZ-0096,文字或数值陈述,QH-P-000002,reported_in_edict,钦定宫中现行则例卷一：雍正元年六月二十二日谕，新进太监扫地挟苕菷竟从宝座前昂然直走全无敬畏，嗣后凡有宝座之处行走经过必存一番恭敬之心急趋数步；朕问话遇下雨泥水之处只须躬身答应不必跪奏,雍正元年,1723-06-22,1723-07-21,约略,已采纳,QH-SU-YZ-GZ-0001A,卷一；雍正元年六月二十二日,嗣後凡有寶座之處行走經過，必存一番恭敬之心，急趨數步，方合禮節。,支持,明确记载,中,,宫规汇编层。敬畏的对象是空宝座——制度本身；严在礼节、宽在泥水不必跪，一谕两副手笔。
QH-A-YZ-0097,文字或数值陈述,QH-P-000002,reported_in_edict,钦定宫中现行则例卷一：雍正元年十一月二十八日谕，凡王大臣及外国使臣进内，太监俱要整肃规矩，不许斜倚跛立互相私语；太监不思向上转向外人，倘尔等有事外人岂能与尔作主，实乃至愚,雍正元年,1724-01-01,1724-01-31,约略,已采纳,QH-SU-YZ-GZ-0001B,卷一；雍正元年十一月二十八日,且爾太監等不思向上，轉向外人，儻爾等有事，外人豈能與爾作主？此等行事，實乃至愚！,支持,明确记载,中,,宫规汇编层。使臣进内要太监整肃——外人在场即观瞻；断太监外向之路：外人岂能与尔作主。
QH-A-YZ-0098,文字或数值陈述,QH-P-000025,reported_in_edict,雍正七年卷三上谕引太后谕云：我只知皇帝是我亲子，允禵不过与众阿哥一般耳；未有与我分外更亲处也,雍正七年,1729-01-01,1729-12-31,约略,已采纳,QH-SU-YZ-DYJML-0003E,卷三,我只知皇帝是我親子，允禵不過與眾阿哥一般耳。,支持,明确记载,中,,自辩层转引太后声。继位之争的第三声：皇帝自辩、逆党传闻之外，母亲的话被引来做证。注意：太后声经上谕转引，是雍正要人看见的太后。
QH-A-YZ-0099,文字或数值陈述,QH-P-000002,reported_in_deposition,曾静供称自古帝王兴起与在位皆顺天命得民心,雍正七年,1729-01-29,1730-02-16,约略,已采纳,QH-SU-YZ-DYJML-0001P,卷一；口供一,彌天重犯這些話，是泛說自古帝王之興，與帝王之在位皆是順天命，得民心的。,支持,明确记载,中,,讯问供词。口供一把「道义所在」解释为泛论天命与民心，并将此前不知本朝功德归因于山僻见闻。供词经审讯形成，不作思想来源终审。
QH-A-YZ-0100,文字或数值陈述,QH-P-000002,reported_in_deposition,曾静供称呼号者是洞庭湖滨偶遭水灾而不能安业之民,雍正七年,1729-01-29,1730-02-16,约略,已采纳,QH-SU-YZ-DYJML-0001Q,卷一；口供五,這等呼號的，乃是洞庭湖濱偶被水災，不能安業之民。,支持,明确记载,中,,讯问供词。上谕追问「何人何地何事」，供词把怨恨缩回局部水灾与未遍及的赈济，不证明全湖南灾情只有此因。
QH-A-YZ-0101,文字或数值陈述,QH-P-000002,reported_in_deposition,曾静供称此前全然不知明亡源头并将无知归因于失父早与长期居山僻,雍正七年,1729-01-29,1730-02-16,约略,已采纳,QH-SU-YZ-DYJML-0001R,卷一；口供七,這個源頭，彌天重犯從前全然不知，蓋因失父太早，獨居山僻窮陋者，已數十餘年左右。,支持,明确记载,中,,讯问供词。后文接入李自成与清军入关的官方正当性叙事；本条只钉曾静在供词中的自我解释，不作明清易代终审。
QH-A-YZ-0102,文字或数值陈述,QH-P-000002,reported_in_deposition,曾静供称此前坚持荣辱死生大义源于错解经义与误听谣言并以悔罪自称虽死犹生,雍正七年,1729-01-29,1730-02-16,约略,已采纳,QH-SU-YZ-DYJML-0001S,卷一；口供九,此時雖死猶生，雖辱亦榮了。,支持,明确记载,中,,讯问供词。供词把认罪求生重写为「正义」与荣辱转换；不能据此直接判断内心是否真诚。
QH-A-YZ-0103,文字或数值陈述,QH-P-000002,reported_in_deposition,曾静供出何立忠陈帝锡陈象侯等听闻转述线索但称未见陈帝锡且名字不确定,雍正七年,1729-01-29,1730-02-16,约略,已采纳,QH-SU-YZ-DYJML-0001T,卷一；口供十,一是安仁縣生員姓何名立忠，曾說他聽聞有個茶陵州人姓陳字帝錫，傳說朝中有人上議皇上多條，其大者如此如此。又永興縣十八都有個醫生，姓陳字象侯，也說他在一處人家行醫，聽得人說茶陵州有個堪輿姓陳字帝錫，口傳有個本章，諫議皇上如此不好。且陳帝錫彌天重犯從未會面，不知其人形貌何如，即帝錫兩字，也不知是此兩字否。,支持,明确记载,中,,讯问供词。来源链是听闻、转述和推测源头；人名与传播关系未有独立案档互证。
QH-A-YZ-0104,文字或数值陈述,QH-P-000002,reported_in_deposition,曾静供称山崩传闻记不得来源并承认川竭为误写且此前未意识罪责轻重,雍正七年,1729-01-29,1730-02-16,约略,已采纳,QH-SU-YZ-DYJML-0001U,卷一；口供十一,「山崩」之說，雖有傳聞，彌天重犯今日萬死，記想個人不出。「川竭」之誤，彌天重犯今日實實該死。而前供猶僅以筆頭不謹蓋過，是身陷於罪而竟不自知其罪之大小輕重矣。,支持,明确记载,中,,讯问供词。供词区分山崩传闻来源不可忆与川竭误写；不证明灾异事件真伪，也不证明误写出于故意。
QH-A-YZ-0105,文字或数值陈述,QH-P-000002,reported_in_deposition,曾静把科举批评解释为无经义文理和品行却只求应试,雍正七年,1729-01-29,1730-02-16,约略,已采纳,QH-SU-YZ-DYJML-0002C,卷二；口供二,若文理全未通，經義全未解，行誼毫不加修，而唯日以應舉應試為榮。豈不是以至重至貴之路，而反為爭名奪利之場！,支持,明确记载,中,,讯问供词。供答把对地方士习的批评改释为制度理想与名利竞争的区分，不作永兴应试人数或士人风俗总体统计。
QH-A-YZ-0106,文字或数值陈述,QH-P-000002,reported_in_deposition,曾静供称刘之珩所著格物集专言物理且书不多,雍正七年,1729-01-29,1730-02-16,约略,已采纳,QH-SU-YZ-DYJML-0002D,卷二；口供三,《格物集》是劉之珩所著的，其中專言物理，並沒說別樣話。書亦不多。,支持,明确记载,中,,讯问供词。刘之珩刘光斗与稿本关系只按书中供述登记，未核完整书目或稿本现存。
QH-A-YZ-0107,文字或数值陈述,QH-P-000002,reported_in_deposition,曾静把君师解释为职位与道德并称道德极至者才配居尊位,雍正七年,1729-01-29,1730-02-16,约略,已采纳,QH-SU-YZ-DYJML-0002E,卷二；口供四,君以職位言，師以道德言。必道德極天下之至，然後職位居天下之尊。,支持,明确记载,中,,讯问供词。供答将儒者做君的激烈字面改释为君主必须具备孔孟程朱式德性，不作原书政治意图终审。
QH-A-YZ-0108,文字或数值陈述,QH-P-000002,reported_in_deposition,曾静把见闻不足作为误信张熙廖易推尊语的解释,雍正七年,1729-01-29,1730-02-16,约略,已采纳,QH-SU-YZ-DYJML-0002F,卷二；口供五,然不到過、親見過，如何信得過？山鄙無知，何以異是。,支持,明确记载,中,,讯问供词。旅行见闻被写成悔悟机制，不证明此前没有谋划，也不把乘运起事还原为无害比喻。
QH-A-YZ-0109,文字或数值陈述,QH-P-000002,reported_in_deposition,曾静供称华夷之分不应按地域并以舜文王为例,雍正七年,1729-01-29,1730-02-16,约略,已采纳,QH-SU-YZ-DYJML-0002G,卷二；口供六,豈知華夷之分，聖人原不在地上論，若以地論，則舜生於諸馮，東夷之人也；文王生於岐周，西夷之人也。,支持,明确记载,中,,讯问供词。供答撤回华夷高于君臣的说法并服务于本朝得统自辩，不裁决华夷之辨。
QH-A-YZ-0110,文字或数值陈述,QH-P-000002,reported_in_deposition,曾静把此前论述概括为大义看错导致一错到底,雍正七年,1729-01-29,1730-02-16,约略,已采纳,QH-SU-YZ-DYJML-0002H,卷二；口供七,大義看錯，遂總錯到底。,支持,明确记载,中,,讯问供词。短句把复杂思想链压缩为认错公式，不等于说明每一项历史判断如何被证明错误。
QH-A-YZ-0111,文字或数值陈述,QH-P-000002,reported_in_deposition,曾静把天下一家万物一源说成本心之言并把四夷说归因误听误解,雍正七年,1729-01-29,1730-02-16,约略,已采纳,QH-SU-YZ-DYJML-0002I,卷二；口供八,天下一家，萬物一源，此兩句是從本心出的話，不雜外誘，不被人惑，所以衝口說出，與道理尚無窒礙。至若後面中華之外，四面皆是夷狄等語，總因誤聽人言，錯觧經旨之所致。,支持,明确记载,中,,讯问供词。供答以本心与外诱二分修补原书内部矛盾，不证明清代已经实现普遍平等。
QH-A-YZ-0112,文字或数值陈述,QH-P-000002,reported_in_deposition,曾静否认无君说是本意并把它归因于吕留良诗文影响,雍正七年,1729-01-29,1730-02-16,约略,已采纳,QH-SU-YZ-DYJML-0002J,卷二；口供九,無君之說，實非彌天重犯的本意。,支持,明确记载,中,,讯问供词。供答在上谕追问后收回无君说，不把八十余年无君当历史事实。
QH-A-YZ-0113,文字或数值陈述,QH-P-000002,reported_in_deposition,曾静解释四书五经取士旨在修己治人并先明义理再作文,雍正七年,1729-01-29,1730-02-16,约略,已采纳,QH-SU-YZ-DYJML-0002K,卷二；口供十,朝廷設立科舉，以四書五經取士者，蓋以修己治人之道盡備於四書五經，欲人童而習之素，講明其理，理通然後發為文章。,支持,明确记载,中,,讯问供词。科举制度理想与地方名利激励分层登记，不作所有士人动机的总体结论。
QH-A-YZ-0114,文字或数值陈述,QH-P-000002,reported_in_deposition,曾静称把吕留良写成市井江湖钻刺打点者只是譬喻,雍正七年,1729-01-29,1730-02-16,约略,已采纳,QH-SU-YZ-DYJML-0002L,卷二；口供十一,彌天重犯以呂留良為市井江湖鑽刺打點作用來的者，是個譬喻的話。,支持,明确记载,中,,讯问供词。比喻被用来重写吕留良生平与学术权威，不作独立传记事实。
QH-A-YZ-0115,文字或数值陈述,QH-P-000002,reported_in_deposition,曾静以山谷见闻狭窄和管中窥天解释误信传闻,雍正七年,1729-01-29,1730-02-16,约略,已采纳,QH-SU-YZ-DYJML-0002M,卷二；口供十二,彌天重犯生處窮鄉陋谷，胸次極狹，眼界極小，往昔狂妄無知，依稀影響，孟浪自信，以為窺探得管中之天。,支持,明确记载,中,,讯问供词。供答把信息闭塞改写成错误机制，不证明地方民众普遍如此。
QH-A-YZ-0116,文字或数值陈述,QH-P-000002,reported_in_deposition,曾静把华夷论归因长期居山谷未见外境人而凭想象写下,雍正七年,1729-01-29,1730-02-16,约略,已采纳,QH-SU-YZ-DYJML-0002N,卷二；口供十三,彌天重犯此等狂悖的說話，總因生平未到外面走過，並未接見一個外境人，兀坐山谷中，意想中外華夷之分，大約是如此，遂不覺狂悖，寫放紙上。,支持,明确记载,中,,讯问供词。闭塞见闻是供词中的自我解释，不证明全部思想均由闭塞产生。
QH-A-YZ-0117,文字或数值陈述,QH-P-000002,reported_in_deposition,曾静供称自身狂悖言行尽是受吕留良说法所陷,雍正七年,1729-01-29,1730-02-16,约略,已采纳,QH-SU-YZ-DYJML-0002O,卷二；口供十四,今日仔細檢點，彌天重犯當身狂悖之舉，狂悖之言，該死該剮的罪，盡是呂留良之說所陷。,支持,明确记载,中,,讯问供词。供词把责任链指向已死的吕留良，不能独立证明吕留良原意或曾静真实心迹。
QH-A-YZ-0118,文字或数值陈述,QH-P-000002,reported_in_deposition,曾静把此前心服吕留良归因于山野僻性和未有见闻,雍正七年,1729-01-29,1730-02-16,约略,已采纳,QH-SU-YZ-DYJML-0002P,卷二；口供十五,彌天重犯從前之所以心服呂留良者，實無他為，因山野僻性，未有見聞。,支持,明确记载,中,,讯问供词。此处将思想认同个体化为见闻不足，不作吕留良学术影响范围的统计结论。
QH-A-YZ-0119,文字或数值陈述,QH-P-000002,reported_in_deposition,曾静供称陈梅鼎是安仁县百姓并于康熙五十二年老死,雍正七年,1729-01-29,1730-02-16,约略,已采纳,QH-SU-YZ-DYJML-0002Q,卷二；口供十六,陳梅鼎是安仁縣的百姓，於康熙五十二年老死。,支持,明确记载,中,,讯问供词。人物身份与死亡年只按刊本供词登记，未与地方谱牒或案档互证。
QH-A-YZ-0120,文字或数值陈述,QH-P-000002,reported_in_deposition,曾静把此前狂言解释为井蛙之见并称不知雍正因时立政的政策损益,雍正七年,1729-01-29,1730-02-16,约略,已采纳,QH-SU-YZ-DYJML-0002R,卷二；口供十七,彌天重犯本山野愚民，從前謬發狂言，固是井蛙之見，無當事理。,支持,明确记载,中,,讯问供词。供答把制度批评改写为不知政策损益，不作雍正政制得失的中立评估。
QH-A-YZ-0121,文字或数值陈述,QH-P-000002,reported_in_deposition,曾静以愚顽不知天高地厚解释此前对山西军需民情的误读,雍正七年,1729-01-29,1730-02-16,约略,已采纳,QH-SU-YZ-DYJML-0002S,卷二；口供十九,彌天重犯稟性愚頑，不知天高地厚。,支持,明确记载,中,,讯问供词。山西军需奏折被用作民心证据，供词的认罪不等于山西民众总体态度调查。
QH-A-YZ-0122,文字或数值陈述,QH-P-000002,reported_in_deposition,曾静供称自犯罪以来惶恐待罪并无力分辨且承受再次讯问,雍正七年,1729-01-29,1730-02-16,约略,已采纳,QH-SU-YZ-DYJML-0002T,卷二；口供二十,彌天重犯山野無知，於人事無一得通，自犯罪以來，只有惶恐戰慄，萬死待罪而已，更有何說可以分辨？今承高厚之恩，複降諭旨語問。,支持,明确记载,中,,讯问供词。此处保留被讯者的恐惧与服罪表述，不据此判断湖南民风或君民关系事实。
QH-A-YZ-0123,文字或数值陈述,QH-P-000002,reported_in_deposition,曾静在追问忠民义士与叛逆矛盾时承认罪处处皆是本无一线可生,雍正七年,1729-01-29,1730-02-16,约略,已采纳,QH-SU-YZ-DYJML-0002U,卷二；口供二十一,彌天重犯狂悖之舉，按其罪，觸處皆是，本無一線可生。,支持,明确记载,中,,讯问供词。供答从解释转为无可辩解的服罪，不终审圣祖恩与允禵集团事实。
QH-A-YZ-0124,文字或数值陈述,QH-P-000002,reported_in_deposition,曾静供称治定功成则祥瑞自然协应且祥瑞出现后方可称治定功成,雍正七年,1729-01-29,1730-02-16,约略,已采纳,QH-SU-YZ-DYJML-0002V,卷二；口供二十二,自古稱聖王勵精圖治，雖不言祥瑞，然到治定功成，而祥瑞自然協應；必到祥瑞協應時，而後稱得治定功成。,支持,明确记载,中,,讯问供词。庆云被编入君民感应论证，不把祥瑞当作君德与灾异因果的实证。
QH-A-YZ-0125,文字或数值陈述,QH-P-000002,reported_in_deposition,曾静重复天人感应之理并称此前已经供过,雍正七年,1729-01-29,1730-02-16,约略,已采纳,QH-SU-YZ-DYJML-0002W,卷二；口供二十三,天人感應之理，捷於影響，彌天重犯已曾供過，不敢複贅。,支持,明确记载,中,,讯问供词。供答形成循环引用，说明刊本如何让前供成为后供的依据，不证明天人感应。
QH-A-YZ-0126,文字或数值陈述,QH-P-000002,reported_in_deposition,曾静供称道无处不在人人具备但凡民受气禀物欲遮蔽而不能自见,雍正七年,1729-01-29,1730-02-16,约略,已采纳,QH-SU-YZ-DYJML-0002X,卷二；口供二十四,道之在天下，本無處不有，無人不備，特凡民為氣稟所拘，物穀所蔽，是以有的不適如其有，備的不能果見其備。,支持,明确记载,中,,讯问供词。卷末把道德普遍性和认识障碍连接起来，仍是刊本供词层，不作哲学史终审。
QH-A-YZ-0127,文字或数值陈述,QH-P-000002,reported_in_edict,卷三上谕把地方灾祸归因于曾静一人,雍正七年,1729-01-29,1730-02-16,约略,已采纳,QH-SU-YZ-DYJML-0003F,卷三；杭奕禄等讯问供词一,災禍之來，實因你一人所致。你知道麼？有何說處？,支持,明确记载,中,,讯问者把灾害纳入政治归罪框架；不作气候事实记录。
QH-A-YZ-0128,文字或数值陈述,QH-P-000002,reported_in_deposition,曾静供称有田业者多受恩惠而无田业者可能憾于雨露不均,雍正七年,1729-01-29,1730-02-16,约略,已采纳,QH-SU-YZ-DYJML-0003G,卷三；杭奕禄等讯问供词二,然只有田業者，飽飫其惠，而無田業的，多致憾於雨露之不均。,支持,明确记载,中,,供词保留利益分配层面的解释；不作土地或赈济成效统计。
QH-A-YZ-0129,文字或数值陈述,QH-P-000002,reported_in_deposition,曾静把四川运米解释为酌盈济虚并把水银变卖解释为保全群臣,雍正七年,1729-01-29,1730-02-16,约略,已采纳,QH-SU-YZ-DYJML-0003H,卷三；杭奕禄等讯问供词三,豈知賣米是移此就彼，乃酌盈濟虛，聖人裁成輔相之能事。,支持,明确记载,中,,供词接受并转述官方的平粜与变卖解释；不作米价水银政策独立审计。
QH-A-YZ-0130,文字或数值陈述,QH-P-000002,reported_in_edict,卷三上谕要求为极好杀人的传闻指出具体死者日期与传言人,雍正七年,1729-01-29,1730-02-16,约略,已采纳,QH-SU-YZ-DYJML-0003I,卷三；杭奕禄等讯问供词四,這傳說紛紛，「極好殺人」之說，確有何人枉殺？確於何年何月日濫殺一人？,支持,明确记载,中,,讯问把笼统传闻压缩为可追问个案；没有举出个案不等于没有滥刑。
QH-A-YZ-0131,文字或数值陈述,QH-P-000002,reported_in_deposition,张熙供称到浙江吕留良家买书并因诗稿与时文评点推尊吕留良,雍正七年,1729-01-29,1730-02-16,约略,已采纳,QH-SU-YZ-DYJML-0003J,卷三；张熙供词一,因至浙江呂留良家買書，偶見其家有詩稿一本，重犯素聞犯師曾靜說，呂留良評選時文論頭批語，說理據章句集注，為近世名儒。,支持,明确记载,中,,供词将逆说来源追溯到购书、诗稿与科举评点；不独立重建著作流传范围。
QH-A-YZ-0132,文字或数值陈述,QH-P-000002,reported_in_deposition,供词称岳钟琪停止夹讯并以宾客礼相待,雍正七年,1729-01-29,1730-02-16,约略,已采纳,QH-SU-YZ-DYJML-0003K,卷三；岳钟琪审讯供词二,岳鍾琪知重犯死不肯供，不能改移，旋即放夾，許重犯為好漢子，且慰之謝之，以賓客禮待之。,支持,明确记载,中,,仅登记刊本供述；不作未经加工的审讯现场记录。
QH-A-YZ-0133,文字或数值陈述,QH-P-000002,reported_in_deposition,曾静把孝作为百行之源并极度颂扬雍正至孝至仁,雍正七年,1729-01-29,1730-02-16,约略,已采纳,QH-SU-YZ-DYJML-0003L,卷三；跪读大礼记注供词,我皇上至孝至仁，至誠至敬，超越萬古帝王。,支持,明确记载,中,,颂圣性极强的跪读供词；不据此证明实际服丧行为或曾静内心感受。
QH-A-YZ-0134,文字或数值陈述,QH-P-000002,reported_in_deposition,曾静把君心君德等同天心天德,雍正七年,1729-01-29,1730-02-16,约略,已采纳,QH-SU-YZ-DYJML-0003M,卷三；跪读朱批供词,是君之心即天之心，君之德即天之德。,支持,明确记载,中,,供词吸收并复述皇帝政治语言；不把天命论断当作可独立验证的政治事实。
QH-A-YZ-0135,文字或数值陈述,QH-P-000002,reported_in_edict,刑部覆讯上谕明确提出悔罪供词可能出于畏惧也可能出于本心,雍正七年,1729-01-29,1730-02-16,约略,已采纳,QH-SU-YZ-DYJML-0003N,卷三；刑部覆讯题本,此等奸險之徒，語言詐偽，或畏懼誅戮，故勉強作此認罪之詞；抑伊自知罪大惡極，愧恥悔恨，出於本心。,支持,明确记载,中,,题本把供词真实性问题直接列为覆讯对象；不能判定曾静是真悔悟或是假认罪。
QH-A-YZ-0136,文字或数值陈述,QH-P-000002,reported_in_edict,卷三上谕以有一事属实或字字皆虚设定诽谤与宽宥门槛,雍正七年,1729-01-29,1730-02-16,约略,已采纳,QH-SU-YZ-DYJML-0003O,卷三；雍正上谕一,若所言字字皆虛，與朕躬毫不干涉，此不過如荒山窮谷之中，偶聞犬吠鴞鳴而已。,支持,明确记载,中,,皇帝以自身无愧为前提建立二分论证；不证明所有指控均为虚构。
QH-A-YZ-0137,文字或数值陈述,QH-P-000002,reported_in_edict,卷三上谕以殲厥渠魁脅從罔治解释发遣边方与保全性命,雍正七年,1729-01-29,1730-02-16,约略,已采纳,QH-SU-YZ-DYJML-0003P,卷三；雍正上谕二,朕既洞燭其奸，本應將伊等置之於法，以絕根株。只以一時不忍，思古人「殲厥渠魁，脅從罔治」之意，予以寬典，發遣邊方，保其性命。,支持,明确记载,中,,上谕用宽典说明政治清算与发遣处置；不把奸党与天道报应称谓当作已核实组织事实。
QH-A-YZ-0138,文字或数值陈述,QH-P-000002,reported_in_edict,卷三上谕称诸王大臣所参罪迹为举朝共见共闻,雍正七年,1729-01-29,1730-02-16,约略,已采纳,QH-SU-YZ-DYJML-0003Q,卷三；雍正上谕三,前諸王大臣等所參惡跡數十條，皆舉朝共見共聞之實事。,支持,明确记载,中,,「共见共闻」是上谕中的权威化表述；不替代具体罪状、审判档案或当事人证词。
QH-A-YZ-0139,文字或数值陈述,QH-P-000002,reported_in_edict,诸王大臣再疏请求明正典刑以昭国宪快人心,雍正七年,1729-01-29,1730-02-16,约略,已采纳,QH-SU-YZ-DYJML-0003R,卷三；诸王大臣再疏请诛题本,懇祈乾斷，明正典刑，以昭國憲，以快人心事。,支持,明确记载,中,,题本中的群臣请诛修辞不等于全国民意调查。
QH-A-YZ-0140,文字或数值陈述,QH-P-000002,reported_in_edict,卷三收尾上谕称宽宥曾静由皇帝自身承担并命臣工不必再奏,雍正七年,1729-01-29,1730-02-16,约略,已采纳,QH-SU-YZ-DYJML-0003S,卷三；收尾上谕,寬宥曾靜等一案，乃諸王大臣官員等所不可贊一詞者，天下後世或以為是，或以為非，皆朕身任之，於臣工無與也。,支持,明确记载,中,,上谕以责任自任结束请诛与宽宥冲突；不等于宽宥决定获得普遍认可。
QH-A-YZ-0141,文字或数值陈述,QH-P-000002,reported_in_deposition,卷四众供词称见吕留良抄藏残稿后才知其凶悍悖逆,雍正七年,1729-01-29,1730-02-16,约略,已采纳,QH-SU-YZ-DYJML-0004E,卷四；曾静等供词二,乃始驚其平日兇悍性成，乖戾無比，逞臆妄言，私心梗化，正是亂臣賊子之尤，罪大惡極，為王法所斷不容。,支持,明确记载,中,,集体供述与官府定性分层；不把它当作独立且未经压力形成的证据。
QH-A-YZ-0142,文字或数值陈述,QH-P-000002,reported_in_edict,卷四上谕转引严鸿逵日记记索伦地裂喷火并以边外异事解释,雍正七年,1729-01-29,1730-02-16,约略,已采纳,QH-SU-YZ-DYJML-0004F,卷四；雍正上谕一,「索倫地方，正月初三地裂，橫五里，縱三里，初飛起石塊，後出火，迫三十里內，居人悉遷避。」旨云：此等異事，古來甚多，況在口外，何足為奇。,支持,明确记载,中,,日记异象与上谕去神秘化是两层声音；不据此核实地裂、死亡人数或灾异因果。
QH-A-YZ-0143,文字或数值陈述,QH-P-000002,reported_in_edict,卷四上谕说明将曾静归仁说附在各供词之后并否认仅因颂圣而保存,雍正七年,1729-01-29,1730-02-16,约略,已采纳,QH-SU-YZ-DYJML-0004G,卷四；雍正上谕二,是以將曾靜《歸仁說》附於各供詞之後，非以其稱功頌德、諂諛而存之也。,支持,明确记载,中,,附录位置是编辑层的政治传播结构；不证明归仁说不是出于颂圣或压力。
QH-A-YZ-0144,文字或数值陈述,QH-P-000002,reported_in_edict,四库本《圣谕广训》序：寻绎圣祖上谕十六条、推衍得万言、名曰圣谕广训,雍正二年,1724-01-01,1724-12-31,约略,已采纳,QH-SU-YZ-SYGX-0001A,序；四库本,上諭十六條尋繹其義推衍其文共得萬言名曰聖諭廣訓,支持,明确记载,中,,四库刻本层。万言是序的自称，不作字数统计。不等于雍正二年原刊本。
QH-A-YZ-0145,文字或数值陈述,QH-P-000002,reported_in_edict,四库本《圣谕广训》首条：圣谕十六条首以孝弟开其端，先申孝弟之义,雍正二年,1724-01-01,1724-12-31,约略,已采纳,QH-SU-YZ-SYGX-0001B,敦孝弟以重人伦；四库本,聖諭十六條首以孝弟開其端朕丕承鴻業追維往訓推廣立教之思先申孝弟之義,支持,明确记载,中,,四库刻本层。只证首条开端，不证其余十五条，也不证朔望宣讲已经逐县落实。
QH-A-YZ-0146,文字或数值陈述,QH-P-000002,reported_in_edict,四库本《圣谕广训》第二条：圣祖既谕敦孝弟即继之曰笃宗族以昭雍睦，宗族由人伦而推,雍正二年,1724-01-01,1724-12-31,约略,已采纳,QH-SU-YZ-SYGX-0001C,篤宗族以昭雍睦；四库本,聖祖仁皇帝既諭爾等敦孝弟以重人倫即繼之曰篤宗族以昭雍睦蓋宗族由人倫而推雍睦未昭即孝弟有所未盡,支持,明确记载,中,,四库刻本层。只证第二条开端，不证宗族实政或其余十四条。
QH-A-YZ-0147,文字或数值陈述,QH-P-000002,reported_in_edict,四库本《圣谕广训》第三条：圣祖悯人心好竞，特布训于乡党曰和所以息争讼于未萌,雍正二年,1724-01-01,1724-12-31,约略,已采纳,QH-SU-YZ-SYGX-0001D,和鄉黨以息爭訟；四库本,聖祖仁皇帝憫人心之好競思化理之貴淳特布訓於鄉黨曰和所以息爭訟於未萌也,支持,明确记载,中,,四库刻本层。只证第三条开端，不证乡党争讼已经平息，也不证其余十三条。
QH-A-YZ-0148,文字或数值陈述,QH-P-000002,reported_in_edict,四库本《世宗宪皇帝圣训》乾隆御制序：御极十有三年，体圣祖之心以为心，法圣祖之政以为政,乾隆五年,1740-01-01,1740-12-31,约略,已采纳,QH-SU-YZ-SX-0001A,序；四库本,御極十有三年體聖祖之心以為心法聖祖之政以為政,支持,明确记载,中,,四库刻本层。乾隆序，不是雍正自撰，也不是实录。不得与卷一圣德并成一篇。
QH-A-YZ-0149,文字或数值陈述,QH-P-000002,reported_in_edict,四库本《圣谕广训》第四条：养民之本在于衣食，农桑者衣食所由出；一夫不耕或受之饥，一女不织或受之寒,雍正二年,1724-01-01,1724-12-31,约略,已采纳,QH-SU-YZ-SYGX-0001E,重農桑以足衣食；四库本,朕聞養民之本在於衣食農桑者衣食所由出也一夫不耕或受之饑一女不織或受之寒,支持,明确记载,中,,四库刻本层。只证第四条开端，不证亲耕亲桑已经施行，也不证其余十一条。
QH-A-YZ-0150,文字或数值陈述,QH-P-000002,reported_in_edict,四库本《圣谕广训》第五条：生人不能一日而无用即不可一日而无财，必留有余之财而后可供不时之用，故节俭尚焉,雍正二年,1724-01-01,1724-12-31,约略,已采纳,QH-SU-YZ-SYGX-0001F,尚節儉以惜財用；四库本,生人不能一日而無用即不可一日而無財然必留有餘之財而後可供不時之用故節儉尚焉,支持,明确记载,中,,四库刻本层。只证第五条开端，不证兵民已经节俭，也不证其余十一条。
QH-A-YZ-0151,文字或数值陈述,QH-P-000002,reported_in_edict,四库本《圣谕广训》第六条：古者家有塾党有庠州有序国有学，固无人不在所教之中,雍正二年,1724-01-01,1724-12-31,约略,已采纳,QH-SU-YZ-SYGX-0001G,隆學校以端士習；四库本,古者家有塾黨有庠州有序國有學固無人不在所教之中,支持,明确记载,中,,四库刻本层。只证第六条开端，不证学校已经遍设，也不证其余十条。
QH-A-YZ-0152,文字或数值陈述,QH-P-000002,reported_in_edict,四库本《圣谕广训》第七条：欲厚风俗先正人心，欲正人心先端学术,雍正二年,1724-01-01,1724-12-31,约略,已采纳,QH-SU-YZ-SYGX-0001H,黜異端以崇正學；四库本,朕惟欲厚風俗先正人心欲正人心先端學術,支持,明确记载,中,,四库刻本层。只证第七条开端，不证销毁或查禁已经落实，也不证其余九条。
QH-A-YZ-0153,文字或数值陈述,QH-P-000002,reported_in_edict,四库本《圣谕广训》第八条：法律者帝王不得已而用之也；惩创于已然不若警惕于未然,雍正二年,1724-01-01,1724-12-31,约略,已采纳,QH-SU-YZ-SYGX-0001I,講法律以儆愚頑；四库本,法律者帝王不得已而用之也法有深意律本人情明其意達其情則囹圄可空訟獄可息故懲創於已然不若警惕於未然之為得也,支持,明确记载,中,,四库刻本层。只证第八条开端，不证囹圄已空或刑期无刑已经落实，也不证其余八条。
QH-A-YZ-0154,文字或数值陈述,QH-P-000002,reported_in_edict,四库本《圣谕广训》第九条：礼为天地之经万物之序,雍正二年,1724-01-01,1724-12-31,约略,已采纳,QH-SU-YZ-SYGX-0001J,明禮讓以厚風俗；四库本,蓋禮為天地之經萬物之序其體至大其用至廣,支持,明确记载,中,,四库刻本层。只证第九条开端，不证风俗已经淳厚，也不证其余七条。
QH-A-YZ-0155,文字或数值陈述,QH-P-000002,reported_in_edict,四库本《圣谕广训》第十条：上天生民必各付一业使为立身之本,雍正二年,1724-01-01,1724-12-31,约略,已采纳,QH-SU-YZ-SYGX-0001K,務本業以定民志；四库本,朕惟上天生民必各付一業使為立身之本,支持,明确记载,中,,四库刻本层。只证第十条开端，不证士农工商已经各安本业，也不证其余六条。
QH-A-YZ-0156,文字或数值陈述,QH-P-000002,reported_in_edict,四库本《圣谕广训》第十一条：子弟之率不谨皆由父兄之教不先,雍正二年,1724-01-01,1724-12-31,约略,已采纳,QH-SU-YZ-SYGX-0001L,訓子弟以禁非為；四库本,大凡子弟之率不謹皆由父兄之教不先,支持,明确记载,中,,四库刻本层。只证第十一条开端，不证子弟已经无非为，也不证其余五条。
QH-A-YZ-0157,文字或数值陈述,QH-P-000002,reported_in_edict,四库本《圣谕广训》第十二条：圣谕不曰禁而曰息，谓与其治之以法不如感之使自化,雍正二年,1724-01-01,1724-12-31,约略,已采纳,QH-SU-YZ-SYGX-0001M,息誣告以全善良；四库本,且尋繹聖諭不曰禁而曰息謂與其治之以法不如感之使自化也,支持,明确记载,中,,四库刻本层。只证第十二条开端，不证诬告已经止息，也不证其余四条。
QH-A-YZ-0158,文字或数值陈述,QH-P-000002,reported_in_edict,四库本《圣谕广训》第十三条：八旗人员不奉使令潜往他乡即为逃人，容留者罪并及之,雍正二年,1724-01-01,1724-12-31,约略,已采纳,QH-SU-YZ-SYGX-0001N,誡匿逃以免株連；四库本,如有不奉使令潛往他鄉者即為逃人例有嚴禁逃人所至之地兵民人等不行覺察擅自容留者罪並及之,支持,明确记载,中,,四库刻本层。只证第十三条开端，不证逃人例已经逐案落实，也不证其余三条。
QH-A-YZ-0159,文字或数值陈述,QH-P-000002,reported_in_edict,四库本《圣谕广训》第十四条：自昔画野分州任土作贡而赋税以兴,雍正二年,1724-01-01,1724-12-31,约略,已采纳,QH-SU-YZ-SYGX-0001O,完錢糧以省催科；四库本,自昔畫野分州任土作貢而賦税以興,支持,明确记载,中,,四库刻本层。只证第十四条开端，不证钱粮已经完纳或催科已经省减，也不证其余二条。
QH-A-YZ-0160,文字或数值陈述,QH-P-000002,reported_in_edict,四库本《圣谕广训》第十五条：从来安民在于弭盗，而最善者莫如保甲,雍正二年,1724-01-01,1724-12-31,约略,已采纳,QH-SU-YZ-SYGX-0001P,聨保甲以弭盜賊；四库本,從来安民在於弭盜摘發守禦之法必當先事而為之備故緝捕有賞疎縱有罰諱盜有禁違限有條而最善者莫如保甲,支持,明确记载,中,,四库刻本层。只证第十五条开端，不证保甲已经实心奉行，也不证末条。
QH-A-YZ-0161,文字或数值陈述,QH-P-000002,reported_in_edict,四库本《圣谕广训》第十六条：人道莫大于守身；十六条终之以重身命,雍正二年,1724-01-01,1724-12-31,约略,已采纳,QH-SU-YZ-SYGX-0001Q,解讐忿以重身命；四库本,朕惟人道莫大於守身,支持,明确记载,中,,四库刻本层。只证第十六条开端，不证仇忿已经止息。朔望宣讲落实未开。
QH-A-YZ-0162,文字或数值陈述,QH-P-000002,reported_in_writing,四库本《世宗宪皇帝御制文集》朋党论：天尊地卑而君臣之分定,雍正朝,1723-01-01,1735-12-31,约略,已采纳,QH-SU-YZ-YZWJ-0001C,巻之五；朋党论,朕惟天尊地卑而君臣之分定,支持,明确记载,中,,四库刻本层。只证朋党论开端。不证当时已经无朋党，也不证诸王案已经终审。
QH-A-YZ-0163,文字或数值陈述,QH-P-000002,reported_in_writing,四库本《世宗宪皇帝御制文集》庭训格言序：皇考圣祖仁皇帝性秉生安，道参化育,雍正八年,1730-01-01,1730-12-31,约略,已采纳,QH-SU-YZ-YZWJ-0001D,巻之八；庭训格言序,欽惟皇考聖祖仁皇帝性秉生安道參化育,支持,明确记载,中,,四库刻本层。文集序，不是庭训格言正文，也不是起居注。只证序的开端。
QH-A-YZ-0164,文字或数值陈述,QH-P-000002,reported_in_writing,四库本《世宗宪皇帝御制文集》圣谕广训序：圣祖特颁上谕十六条，晓谕八旗及直省兵民人等,雍正二年,1724-01-01,1724-12-31,约略,已采纳,QH-SU-YZ-YZWJ-0001E,巻之六；圣谕广训序,故特頒上諭十六條曉諭八旗及直省兵民人等,支持,明确记载,中,,四库刻本层。文集序，不是《圣谕广训》本书序。只证开端，不证朔望宣讲已经逐县落实。
QH-A-YZ-0165,文字或数值陈述,QH-P-000002,reported_in_writing,四库本《世宗宪皇帝御制文集》硃批谕旨序：向在藩邸未谙政事，不识一人，毫无阅历闻见,雍正朝至乾隆三年选刻前,1723-01-01,1738-12-31,约略,已采纳,QH-SU-YZ-YZWJ-0001F,巻之八；硃批谕旨序,朕向在藩邸未諳政事不識一人毫無閲歴聞見,支持,明确记载,中,,四库刻本层。文集序，不是朱批原折，也不是刻本卷三杨名时批。只证序的开端。
QH-A-YZ-0166,文字或数值陈述,QH-P-000002,reported_in_edict,四库本《世宗宪皇帝御制文集》登极诏：朕皇考大行皇帝德妃之子,康熙六十一年十一月二十日,1722-12-27,1722-12-27,约略,已采纳,QH-SU-YZ-YZWJ-0001G,巻之四；登极诏,朕皇考大行皇帝徳妃之子,支持,明确记载,中,,四库刻本层。文集诏书层，不是实录日条。只证诏自称德妃之子，不证生母当时已是皇后。
QH-A-YZ-0167,文字或数值陈述,QH-P-000002,reported_in_edict,四库本《世宗宪皇帝御制文集》登极诏：升遐之日诏朕缵承大统,康熙六十一年十一月二十日,1722-12-27,1722-12-27,约略,已采纳,QH-SU-YZ-YZWJ-0001G,巻之四；登极诏,是以皇考升遐之日詔朕纘承大統,支持,明确记载,中,,四库刻本层。诏书自述，不是遗诏原件核验。二皇子两废是诏书叙事，不作废案终审。不得写成已证伪改诏。
QH-A-YZ-0168,文字或数值陈述,QH-P-000002,reported_in_writing,四库本《世宗宪皇帝御制文集》性理论：性之与理，就上而言即无极太极,雍正朝,1723-01-01,1735-12-31,约略,已采纳,QH-SU-YZ-YZWJ-0001H,巻之五；性理论,性之與理就上而言即無極太極,支持,明确记载,中,,四库刻本层。只证性理论开端。不证理学已经裁定。
QH-A-YZ-0169,文字或数值陈述,QH-P-000002,reported_in_writing,四库本《世宗宪皇帝御制文集》七曜会聚记：雍正三年春历官奏二月二日庚午七曜会聚为难逢之天瑞,雍正三年二月,1725-03-15,1725-03-15,约略,已采纳,QH-SU-YZ-YZWJ-0001I,巻之五；七曜会聚记,雍正三年春歴官奏二月二日庚午七曜㑹聚為難逄之天瑞,支持,明确记载,中,,四库刻本层。只证记文自称历官奏七曜会聚。不证天瑞已经应验，也不证庆贺已经举行。公历依通行年表，待历法库复核。
QH-A-YZ-0170,文字或数值陈述,QH-P-000002,reported_in_writing,四库本《世宗宪皇帝御制文集》数理精蕴序：汇辑成书总一百卷，名为律历渊源,雍正朝,1723-01-01,1735-12-31,约略,已采纳,QH-SU-YZ-YZWJ-0001J,巻之六；数理精蕴序,彚輯成書總一百卷名為律歴淵源,支持,明确记载,中,,四库刻本层。文集序，不是《数理精蕴》或《律历渊源》本书。只证序自称一百卷。不得写成三部本书已开。
QH-A-YZ-0171,文字或数值陈述,QH-P-000002,reported_in_writing,四库本《世宗宪皇帝御制文集》古今图书集成序：命广罗群籍分门别类统为一书,雍正四年,1726-01-01,1726-12-31,约略,已采纳,QH-SU-YZ-YZWJ-0001K,巻之七；古今图书集成序,乃命廣羅群籍分門别類統為一書,支持,明确记载,中,,四库刻本层。文集序，不是《古今图书集成》本书。只证序自称广罗群籍统为一书。跨康雍两朝，不得单归康熙朝，也不证陈梦雷初编细节。
QH-A-YZ-0172,文字或数值陈述,QH-P-000002,reported_in_writing,四库本《世宗宪皇帝御制文集》音韵阐微序：声音之道微矣，天地有自然之声,雍正朝,1723-01-01,1735-12-31,约略,已采纳,QH-SU-YZ-YZWJ-0001L,巻之七；音韵阐微序,聲音之道㣲矣天地有自然之聲,支持,明确记载,中,,四库刻本层。文集序，不是《音韵阐微》本书。只证序的开端。不得写成韵书本书已开。
QH-A-YZ-0173,文字或数值陈述,QH-P-000002,reported_in_writing,四库本《世宗宪皇帝御制文集》大清会典序：自昔书契肇兴，百官以治,雍正朝,1723-01-01,1735-12-31,约略,已采纳,QH-SU-YZ-YZWJ-0001M,巻之八；大清会典序,自昔書契肇興百官以治,支持,明确记载,中,,四库刻本层。文集序，不是会典本书。只证序的开端。康熙、雍正、乾隆会典不是同一部，不得并成一书。
QH-A-YZ-0174,文字或数值陈述,QH-P-000002,reported_in_writing,四库本《世宗宪皇帝御制文集》圣祖仁皇帝圣训序：阅时九载书成千卷,雍正九年,1731-01-01,1731-12-31,约略,已采纳,QH-SU-YZ-YZWJ-0001N,巻之八；圣祖仁皇帝圣训序,爰命大學士等纂修聖祖仁皇帝實録閲時九載書成千卷,支持,明确记载,中,,四库刻本层。文集圣训序，不是圣训本书序（QH-A-KX-0183/0184），也不是实录本书。阅时九载在圣训序，不在实录序。不得写成实录正文已开。
QH-A-YZ-0176,文字或数值陈述,QH-P-000002,reported_in_writing,四库本《世宗宪皇帝御制文集》圣祖仁皇帝实录序：临御宝阼六十余年，历服绵长超越千古,雍正九年,1731-01-01,1731-12-31,约略,已采纳,QH-SU-YZ-YZWJ-0001P,巻之八；圣祖仁皇帝实录序,臨御寳阼六十餘年歴服綿長超越千古,支持,明确记载,中,,四库刻本层。文集实录序，不是《圣祖实录》本书。只证序自称临御六十余年。不得写成实录正文已开。
QH-A-YZ-0175,文字或数值陈述,QH-P-000002,reported_in_writing,四库本《世宗宪皇帝御制文集》悦心集序：朕生平澹泊为怀，恬静自好,雍正朝,1723-01-01,1735-12-31,约略,已采纳,QH-SU-YZ-YZWJ-0001O,巻之八；悦心集序,朕生平澹泊為懐恬静自好,支持,明确记载,中,,四库刻本层。文集序，不是《悦心集》本书。只证序的开端。不得写成选辑正文已开。
QH-A-YZ-0177,文字或数值陈述,QH-P-000002,reported_in_writing,四库本《世宗宪皇帝御制文集》执中成宪御论：家语舜之为君也，其政好生而恶杀,雍正朝,1723-01-01,1735-12-31,约略,已采纳,QH-SU-YZ-YZWJ-0001Q,巻之九；执中成宪御论,家語舜之為君也其政好生而惡殺,支持,明确记载,中,,四库刻本层。文集杂著，不是另开《执中成宪》本书。只证开端。不证当时已经好生恶杀。
QH-A-YZ-0178,文字或数值陈述,QH-P-000002,reported_in_writing,四库本《世宗宪皇帝御制文集》经筵讲义：忠恕二字，朕以为忠者诚也，恕者应也,雍正朝,1723-01-01,1735-12-31,约略,已采纳,QH-SU-YZ-YZWJ-0001R,巻之十；经筵讲义,忠恕二字朕以為忠者誠也恕者應也,支持,明确记载,中,,四库刻本层。正文标题作講義，目录作講議。文集杂著，不是经筵档册。只证开端。不证当时已经一以贯之。
QH-A-YZ-0179,文字或数值陈述,QH-P-000002,reported_in_writing,四库本《世宗宪皇帝御制文集》和硕怡贤亲王遗稿题辞：朕弟怡贤亲王天资高卓颖悟绝伦,雍正八年,1730-01-01,1730-12-31,约略,已采纳,QH-SU-YZ-YZWJ-0001S,巻之十一；和硕怡贤亲王遗稿题辞,朕弟怡賢親王天資髙卓頴悟絶倫,支持,明确记载,中,,四库刻本层。文集题辞，不是诗正文，也不是实录功勤条。只证开端。诗三十二首未见可引分页。
QH-A-YZ-0180,文字或数值陈述,QH-P-000002,reported_in_writing,四库本《世宗宪皇帝御制文集》景陵圣德神功碑：既奉册宝恭上尊谥，山陵礼毕，宜建穹碑颂扬功德,雍正朝,1723-01-01,1735-12-31,约略,已采纳,QH-SU-YZ-YZWJ-0001T,巻之十三；景陵圣德神功碑,既奉冊寳恭上尊謚山陵禮畢宜建穹碑頌揚功德,支持,明确记载,中,,四库刻本层。文集碑文，不是景陵原石，也不是本纪葬景陵条。只证开端。
QH-A-YZ-0181,文字或数值陈述,QH-P-000001,reported_in_writing,四库本《世宗宪皇帝御制文集》景陵圣德神功碑叙曰：圣祖仁皇帝为世祖章皇帝第三子,雍正朝,1723-01-01,1735-12-31,约略,已采纳,QH-SU-YZ-YZWJ-0001U,巻之十三；景陵圣德神功碑,聖祖合天𢎞運文武睿哲恭儉寛裕孝敬誠信功德大成仁皇帝諱世祖體天隆運定統建極英睿欽文大徳𢎞功至仁純孝章皇帝第三子也,支持,明确记载,中,,四库刻本层。文集碑文自称。谥号全称不是另开玉牒。不是景陵原石，也不是实录。
QH-A-YZ-0182,文字或数值陈述,QH-P-000001,reported_in_writing,四库本《世宗宪皇帝御制文集》历代帝王庙碑文：康熙六十一年特颁谕旨，命廷臣详悉从容确议具奏,康熙六十一年,1722-01-01,1723-02-04,约略,已采纳,QH-SU-YZ-YZWJ-0001V,巻之十四；历代帝王庙碑文,康熈六十一年特頒諭㫖命廷臣詳悉從容確議具奏,支持,明确记载,中,,四库刻本层。文集碑文自称。不是实录日条，也不是庙中原石。廷议上奏在雍正绍绪之初，不得并成康熙当年已入庙。
QH-A-YZ-0183,文字或数值陈述,QH-P-000002,reported_in_writing,四库本《世宗宪皇帝御制文集》历代帝王庙碑文：旧崇祀帝王二十一位，今增一百四十三位,雍正元年,1723-01-01,1723-12-31,约略,已采纳,QH-SU-YZ-YZWJ-0001W,巻之十四；历代帝王庙碑文,舊崇祀帝王二十一位今增一百四十三位,支持,明确记载,中,,四库刻本层。只证碑文自称增祀数。不是庙中原石，也不是牌位清册。不得写成一百四十三位已经逐位核验。
QH-A-YZ-0184,文字或数值陈述,QH-P-000002,reported_in_writing,四库本《世宗宪皇帝御制文集》育婴堂碑文：朕抚御寰瀛，子育兆庶,雍正朝,1723-01-01,1735-12-31,约略,已采纳,QH-SU-YZ-YZWJ-0001X,巻之十四；育婴堂碑文,朕撫御寰瀛子育兆庶,支持,明确记载,中,,四库刻本层。文集碑文开端。不是堂中原石。不证当时已经周遍九州。
QH-A-YZ-0185,文字或数值陈述,QH-P-000002,reported_in_writing,四库本《世宗宪皇帝御制文集》育婴堂碑文：京师广渠门内旧有育婴堂一区；锡之题额，又赐帑金,雍正朝,1723-01-01,1735-12-31,约略,已采纳,QH-SU-YZ-YZWJ-0001Y,巻之十四；育婴堂碑文,京師廣渠門内舊有育嬰堂一區以字遺稚顧其規制未備所存濟者尚少朕用錫之題額以重其事又賜帑金,支持,明确记载,中,,四库刻本层。只证碑文自称旧堂、锡额、赐帑。不是堂中原石，也不是府尹档册。不证规制已经完备，也不证九州已经仿行。
QH-A-YZ-0186,文字或数值陈述,QH-P-000002,reported_in_writing,四库本《世宗宪皇帝御制文集》平定青海告成太学碑文：命川陕总督太保公年羹尧为抚远大将军，声罪致讨,雍正元年十月,1723-10-01,1723-11-30,约略,已采纳,QH-SU-YZ-YZWJ-0001Z,巻之十四；平定青海告成太学碑文,遂命川陜總督太保公年羮堯為撫逺大將軍聲罪致討,支持,明确记载,中,,四库刻本层。文集碑文自称。目录作青海平定，正文作平定青海。不是太学原石，也不是实录日条。不覆盖年案死法冲突组。
QH-A-YZ-0187,文字或数值陈述,QH-P-000002,reported_in_writing,四库本《世宗宪皇帝御制文集》平定青海告成太学碑文：以雍正元年十月师始出塞,雍正元年十月,1723-10-01,1723-11-30,约略,已采纳,QH-SU-YZ-YZWJ-0002A,巻之十四；平定青海告成太学碑文,以雍正元年十月師始出塞,支持,明确记载,中,,四库刻本层。只证碑文自称出师月份。不是太学原石，也不是实录日条。不证逐日战报已经打开。
QH-A-YZ-0188,文字或数值陈述,QH-P-000002,reported_in_writing,四库本《世宗宪皇帝御制文集》黑龙潭碑文：京师之西有黑龙潭焉，地灵所钟，实能兴致云雨,雍正二年,1724-01-01,1724-12-31,约略,已采纳,QH-SU-YZ-YZWJ-0002B,巻之十四；黑龙潭碑文,京師之西有黒龍潭焉地靈所鍾實能興致雲雨,支持,明确记载,中,,四库刻本层。文集碑文开端。不是潭中原石。不证灵应已经核验。
QH-A-YZ-0189,文字或数值陈述,QH-P-000001,reported_in_writing,四库本《世宗宪皇帝御制文集》黑龙潭碑文：康熙二十年乃重建祠庙，御制碑文勒之珉石,康熙二十年,1681-01-01,1682-02-15,约略,已采纳,QH-SU-YZ-YZWJ-0002C,巻之十四；黑龙潭碑文,康熈二十年乃重建祠廟御製碑文勒之珉石,支持,明确记载,中,,四库刻本层。文集碑文自称圣祖重建。不是圣祖原碑，也不是实录日条。不得写成康熙二十年原石已开。
QH-A-YZ-0190,文字或数值陈述,QH-P-000002,reported_in_writing,四库本《世宗宪皇帝御制文集》黄河澄清碑记：黄河自陕西府谷县历山西河南山东以至江南之桃源，冰开水清湛然澄澈,雍正四年十二月,1726-12-01,1727-02-28,约略,已采纳,QH-SU-YZ-YZWJ-0002D,巻之十五；黄河澄清碑记,黄河自陜西府谷縣歴山西河南山東以至江南之桃源氷開水清湛然澄澈,支持,明确记载,中,,四库刻本层。文集碑记自称。不是原石，也不是实录日条。不证河水已经澄清。
QH-A-YZ-0191,文字或数值陈述,QH-P-000002,reported_in_writing,四库本《世宗宪皇帝御制文集》黄河澄清碑记：陕西山西始见于雍正四年十二月八日乙丑，迄于五年正月十三日庚子，凡三十有六日,雍正四年十二月至五年正月,1726-12-30,1727-02-03,约略,已采纳,QH-SU-YZ-YZWJ-0002E,巻之十五；黄河澄清碑记,其在陜西山西始見於雍正四年十有二月八日乙丑迄於雍正五年正月十三日庚子凡三十有六日,支持,明确记载,中,,四库刻本层。只证碑记自称日数。不是河道总督原奏。公历依通行年表，待历法库复核。
QH-A-YZ-0192,文字或数值陈述,QH-P-000001,reported_in_writing,四库本《世宗宪皇帝御制文集》善因寺碑文：圣祖驻跸多伦诺尔，受喀尔喀诸部君长朝谒，创建汇宗寺,康熙朝,1691-01-01,1698-12-31,约略,已采纳,QH-SU-YZ-YZWJ-0002F,巻之十五；善因寺碑文,駐蹕多倫諾爾之地受喀爾喀諸部君長朝謁錫之封爵為我屏垣既剪兇渠蕩定朔漠撫安藩服允從諸部所請爰於斯地創建彚宗寺,支持,明确记载,中,,四库刻本层。文集碑文自称。不是寺中原石，也不是实录亲征条。不得写成多伦会盟逐日已开。
QH-A-YZ-0193,文字或数值陈述,QH-P-000002,reported_in_writing,四库本《世宗宪皇帝御制文集》善因寺碑文：发帑金十万两于汇宗寺西南里许复建寺宇，赐额曰善因,雍正朝,1723-01-01,1735-12-31,约略,已采纳,QH-SU-YZ-YZWJ-0002G,巻之十五；善因寺碑文,朕特行遣官發帑金十萬兩於彚宗寺之西南里許復建寺宇賜額曰善因,支持,明确记载,中,,四库刻本层。只证碑文自称发帑、赐额。不是寺中原石，也不是工部档册。不证银数已经核销。
QH-A-YZ-0194,文字或数值陈述,QH-P-000001,reported_in_writing,四库本《世宗宪皇帝御制文集》修建阙里圣庙碑文：康熙甲子东巡狩临幸阙里，谒奠庙林,康熙二十三年,1684-01-01,1684-12-31,约略,已采纳,QH-SU-YZ-YZWJ-0002H,巻之十六；修建阙里圣庙碑文,康熈甲子東廵狩臨幸闕里謁奠廟林殷禮隆儀漢唐莫及,支持,明确记载,中,,四库刻本层。文集碑文自称。不是阙里原石，也不是实录东巡条。不得写成东巡逐日已开。
QH-A-YZ-0195,文字或数值陈述,QH-P-000002,reported_in_writing,四库本《世宗宪皇帝御制文集》修建阙里圣庙碑文：雍正二年阙里圣庙不戒于火，有司奏告，旋发帑兴修,雍正二年,1724-01-01,1724-12-31,约略,已采纳,QH-SU-YZ-YZWJ-0002I,巻之十六；修建阙里圣庙碑文,雍正二年闕里聖廟不戒於火有司奏告朕悚惕靡寜詣廟致祭旋發帑興修,支持,明确记载,中,,四库刻本层。只证碑文自称失火、发帑兴修。不是阙里原石，也不是工部档册。不证工程已经竣工。
QH-A-YZ-0196,文字或数值陈述,QH-P-000002,reported_in_writing,四库本《世宗宪皇帝御制文集》和硕怡贤亲王碑文：如朕弟怡贤亲王，则于古有光者也,雍正八年,1730-01-01,1730-12-31,约略,已采纳,QH-SU-YZ-YZWJ-0002J,巻之十六；和硕怡贤亲王碑文,如朕弟怡賢親王則於古有光者也,支持,明确记载,中,,四库刻本层。文集碑文，不是墓碑原石。不得与诗题小序、遗稿题辞并成一篇。
QH-A-YZ-0197,文字或数值陈述,QH-P-000002,reported_in_writing,四库本《世宗宪皇帝御制文集》和硕怡贤亲王碑文：缵绍之初，慎选亲贤之寄，特加恩命，晋授王封,雍正元年,1723-01-01,1723-12-31,约略,已采纳,QH-SU-YZ-YZWJ-0002K,巻之十六；和硕怡贤亲王碑文,是以纉紹之初慎選親賢之寄特加恩命晉授王封,支持,明确记载,中,,四库刻本层。只证碑文自称晋封。不是墓碑原石，也不是实录功勤条。不证功勤已经终审。
QH-A-YZ-0198,文字或数值陈述,QH-P-000001,reported_in_writing,四库本《世宗宪皇帝御制文集》惠济庙碑文：康熙三十七年圣祖亲临指授疏导之方，爰锡嘉名,康熙三十七年,1698-01-01,1699-02-09,约略,已采纳,QH-SU-YZ-YZWJ-0002L,巻之十六；惠济庙碑文,康熈三十七年我皇考聖祖仁皇帝親臨指授䟽導之方新河既瀦遂慶安瀾爰錫嘉名,支持,明确记载,中,,四库刻本层。文集碑文自称。不是庙中原石，也不是实录河工条。不得写成永定河逐日已开。
QH-A-YZ-0199,文字或数值陈述,QH-P-000002,reported_in_writing,四库本《世宗宪皇帝御制文集》惠济庙碑文：经始于雍正七年冬，逾一年役竣；爰赐庙名曰惠济,雍正八年,1730-01-01,1730-12-31,约略,已采纳,QH-SU-YZ-YZWJ-0002M,巻之十六；惠济庙碑文,經始於雍正七年冬逾一年役竣復以盧溝神廟皇考聖蹟所在載加崇飾丹雘維新並増建傑閣翼如煥如稱朕敬神恵民之意爰賜廟名曰惠濟,支持,明确记载,中,,四库刻本层。只证碑文自称经始、役竣、赐额。不是庙中原石，也不是工部档册。不证河工已经安澜。
QH-A-YZ-0200,文字或数值陈述,QH-P-000002,reported_in_writing,四库本《世宗宪皇帝御制文集》贤良祠碑文：尔和硕怡贤亲王忠孝自天敬勤成性,雍正朝,1723-01-01,1735-12-31,约略,已采纳,QH-SU-YZ-YZWJ-0002N,巻之十七；贤良祠碑文,爾和碩怡賢親王忠孝自天敬勤成性,支持,明确记载,中,,四库刻本层。文集碑文，不是祠中原石。不得与诗题小序、墓碑、遗稿题辞并成一篇。
QH-A-YZ-0201,文字或数值陈述,QH-P-000002,reported_in_writing,四库本《世宗宪皇帝御制文集》贤良祠碑文：既祠宇之告成，叙官阶而列位,雍正朝,1723-01-01,1735-12-31,约略,已采纳,QH-SU-YZ-YZWJ-0002O,巻之十七；贤良祠碑文,既祠宇之告成叙官階而列位,支持,明确记载,中,,四库刻本层。只证碑文自称祠宇告成、列位。不是祠中原石，也不是入祀清册。不证入祀名单已经逐位核验。
QH-A-YZ-0202,文字或数值陈述,QH-P-000001,reported_in_writing,四库本《世宗宪皇帝御制文集》高家堰碑文：而高堰堤工尤廑睿虑,康熙朝,1662-01-01,1722-12-31,约略,已采纳,QH-SU-YZ-YZWJ-0002P,巻之十七；高家堰碑文,而髙堰隄工尤厪睿慮,支持,明确记载,中,,四库刻本层。文集碑文自称。不是堰上原石，也不是实录河工条。不得写成高家堰逐日已开。
QH-A-YZ-0203,文字或数值陈述,QH-P-000002,reported_in_writing,四库本《世宗宪皇帝御制文集》高家堰碑文：经始于雍正八年二月，越雍正十年六月大工告竣,雍正八年至十年,1730-02-01,1732-07-31,约略,已采纳,QH-SU-YZ-YZWJ-0002Q,巻之十七；高家堰碑文,經始於雍正八年二月越雍正十年六月大工告竣,支持,明确记载,中,,四库刻本层。只证碑文自称经始、告竣。不是堰上原石，也不是工部档册。不证工程已经核销。
QH-A-YZ-0204,文字或数值陈述,QH-P-000002,reported_in_writing,四库本《世宗宪皇帝御制文集》昭忠寺碑文：朕惟疆场用命，因敌忾以效忠,雍正朝,1723-01-01,1735-12-31,约略,已采纳,QH-SU-YZ-YZWJ-0002R,巻之十七；昭忠寺碑文,朕惟疆塲用命因敵愾以効忠,支持,明确记载,中,,四库刻本层。文集碑文开端。不是寺中原石。不证当时已经尽忠。
QH-A-YZ-0205,文字或数值陈述,QH-P-000002,reported_in_writing,四库本《世宗宪皇帝御制文集》昭忠寺碑文：考厥官资，定其位次,雍正朝,1723-01-01,1735-12-31,约略,已采纳,QH-SU-YZ-YZWJ-0002S,巻之十七；昭忠寺碑文,考厥官資定其位次,支持,明确记载,中,,四库刻本层。只证碑文自称考官资、定位次。不是寺中原石，也不是入祀清册。不证入祀名单已经逐位核验。不得写成尼堪传已开。
QH-A-YZ-0206,文字或数值陈述,QH-P-000001,reported_in_writing,四库本《世宗宪皇帝御制文集》普陀山普济寺碑文：圣祖仁皇帝巡幸浙西，遣官兴建殿宇,康熙朝,1684-01-01,1707-12-31,约略,已采纳,QH-SU-YZ-YZWJ-0002T,巻之十七；普陀山普济寺碑文,我皇考聖祖仁皇帝廵幸浙西遣官興建殿宇,支持,明确记载,中,,四库刻本层。文集碑文自称。不是寺中原石，也不是实录南巡条。不得写成南巡逐日已开。
QH-A-YZ-0207,文字或数值陈述,QH-P-000002,reported_in_writing,四库本《世宗宪皇帝御制文集》普陀山普济寺碑文：经始于雍正九年九月，雍正十一年六月告成,雍正九年至十一年,1731-09-01,1733-07-31,约略,已采纳,QH-SU-YZ-YZWJ-0002U,巻之十七；普陀山普济寺碑文,經始於雍正九年九月雍正十一年六月告成,支持,明确记载,中,,四库刻本层。只证碑文自称经始、告成。不是寺中原石，也不是工部档册。不证工程已经核销。
QH-A-YZ-0208,文字或数值陈述,QH-P-000001,reported_in_writing,四库本《世宗宪皇帝御制文集》普陀山法雨寺碑文：圣祖既修建普济寺，复念兹寺为海氛所震荡，发帑重新，赐额立碑,康熙朝,1684-01-01,1707-12-31,约略,已采纳,QH-SU-YZ-YZWJ-0002V,巻之十七；普陀山法雨寺碑文,皇考聖祖仁皇帝既修建普濟寺上為慈聖祝禧復念兹寺為海氛所震蕩發帑重新俾僧徒得所栖止賜額立碑,支持,明确记载,中,,四库刻本层。文集碑文自称。不是寺中原石，也不是圣祖原碑。不得写成圣祖原碑已开。
QH-A-YZ-0209,文字或数值陈述,QH-P-000002,reported_in_writing,四库本《世宗宪皇帝御制文集》普陀山法雨寺碑文：与普济寺大工同时告竣,雍正十一年,1733-01-01,1733-12-31,约略,已采纳,QH-SU-YZ-YZWJ-0002W,巻之十七；普陀山法雨寺碑文,與普濟寺大工同時告竣,支持,明确记载,中,,四库刻本层。只证碑文自称与普济寺同时告竣。不是寺中原石，也不是工部档册。不证工程已经核销。
QH-A-YZ-0210,文字或数值陈述,QH-P-000002,reported_in_writing,四库本《世宗宪皇帝御制文集》崇恩寺碑文：崇恩寺在江南荆溪之磬山，故明天隐修禅师演法道场也,雍正朝,1723-01-01,1735-12-31,约略,已采纳,QH-SU-YZ-YZWJ-0002X,巻之十七；崇恩寺碑文,崇恩寺在江南荆溪之磬山故明天隠修禪師演法道塲也,支持,明确记载,中,,四库刻本层。文集碑文开端。不是寺中原石。不证法系已经终审。
QH-A-YZ-0211,文字或数值陈述,QH-P-000002,reported_in_writing,四库本《世宗宪皇帝御制文集》崇恩寺碑文：经始于雍正十一年，越明年二月告成,雍正十一年十二月至十二年二月,1733-12-01,1734-03-31,约略,已采纳,QH-SU-YZ-YZWJ-0002Y,巻之十七；崇恩寺碑文,經始於雍正十一年越明年二月告成,支持,明确记载,中,,四库刻本层。只证碑文自称经始、告成。不是寺中原石，也不是工部档册。不证工程已经核销。
QH-A-YZ-0212,文字或数值陈述,QH-P-000002,reported_in_writing,四库本《世宗宪皇帝御制文集》报恩寺碑文：国师绍法磬山，年始二十有四即开堂于吴兴之报恩寺,雍正朝,1723-01-01,1735-12-31,约略,已采纳,QH-SU-YZ-YZWJ-0002Z,巻之十七；报恩寺碑文,國師紹法磬山年始二十有四即開堂於吳興之報恩寺,支持,明确记载,中,,四库刻本层。文集碑文自称。不是寺中原石，也不是语录本书。不证法系已经终审。
QH-A-YZ-0213,文字或数值陈述,QH-P-000002,reported_in_writing,四库本《世宗宪皇帝御制文集》报恩寺碑文：朕既选其语录刊布丛林，复念报恩法席宜加修整,雍正朝,1723-01-01,1735-12-31,约略,已采纳,QH-SU-YZ-YZWJ-0003A,巻之十七；报恩寺碑文,朕既選其語録刋布叢林復念報恩法席宜加修整,支持,明确记载,中,,四库刻本层。只证碑文自称选刊语录、命加修整。不是语录本书，也不是工部档册。不得写成语录本书已开。
QH-A-YZ-0214,文字或数值陈述,QH-P-000002,reported_in_writing,四库本《世宗宪皇帝御制文集》十方普觉寺碑文：西山寿安有唐时古刹,雍正朝,1723-01-01,1735-12-31,约略,已采纳,QH-SU-YZ-YZWJ-0003B,巻之十七；十方普觉寺碑文,西山夀安有唐時古刹,支持,明确记载,中,,四库刻本层。文集碑文开端。不是寺中原石。不证寺史已经终审。
QH-A-YZ-0215,文字或数值陈述,QH-P-000002,reported_in_writing,四库本《世宗宪皇帝御制文集》十方普觉寺碑文：朕弟和硕怡贤亲王以无相悉檀庀工修建,雍正朝,1723-01-01,1735-12-31,约略,已采纳,QH-SU-YZ-YZWJ-0003C,巻之十七；十方普觉寺碑文,朕弟和碩怡賢親王以無相悉檀庀工修建,支持,明确记载,中,,四库刻本层。文集碑文自称。不是寺中原石。不得与诗题小序、墓碑、遗稿题辞并成一篇。不证工程已经核销。
QH-A-YZ-0216,文字或数值陈述,QH-P-000002,reported_in_writing,四库本《世宗宪皇帝御制文集》紫阳道院碑文：性命无二途，仙佛无二道,雍正朝,1723-01-01,1735-12-31,约略,已采纳,QH-SU-YZ-YZWJ-0003D,巻之十七；紫阳道院碑文,性命無二途仙佛無二道,支持,明确记载,中,,四库刻本层。文集碑文开端。不是院中原石，也不是《悟真篇》本书。不得写成《悟真篇》本书已开。
QH-A-YZ-0217,文字或数值陈述,QH-P-000002,reported_in_writing,四库本《世宗宪皇帝御制文集》紫阳道院碑文：特命发帑遣官，载加整葺,雍正朝,1723-01-01,1735-12-31,约略,已采纳,QH-SU-YZ-YZWJ-0003E,巻之十七；紫阳道院碑文,特命發帑遣官載加整葺,支持,明确记载,中,,四库刻本层。只证碑文自称发帑、整葺。不是院中原石，也不是工部档册。不证工程已经核销。
QH-A-YZ-0218,文字或数值陈述,QH-P-000001,reported_in_writing,四库本《世宗宪皇帝御制文集》天竺寺碑文：圣祖仁皇帝巡幸浙西，重新香界,康熙朝,1684-01-01,1707-12-31,约略,已采纳,QH-SU-YZ-YZWJ-0003F,巻之十七；天竺寺碑文,皇考聖祖仁皇帝廵幸浙西重新香界,支持,明确记载,中,,四库刻本层。文集碑文自称。不是寺中原石，也不是实录南巡条。不得写成南巡逐日已开。
QH-A-YZ-0219,文字或数值陈述,QH-P-000002,reported_in_writing,四库本《世宗宪皇帝御制文集》天竺寺碑文：雍正十二年十一月工竣,雍正十二年十一月,1734-11-01,1734-12-31,约略,已采纳,QH-SU-YZ-YZWJ-0003G,巻之十七；天竺寺碑文,雍正十二年十一月工竣,支持,明确记载,中,,四库刻本层。只证碑文自称工竣。不是寺中原石，也不是工部档册。不证工程已经核销。
QH-A-YZ-0220,文字或数值陈述,QH-P-000002,reported_in_writing,四库本《世宗宪皇帝御制文集》历代帝王庙祭文：崇祀帝王庙者凡二十有一君,雍正朝,1723-01-01,1735-12-31,约略,已采纳,QH-SU-YZ-YZWJ-0003H,巻之十八；历代帝王庙祭文,崇祀帝王廟者凡二十有一君厥惟舊矣,支持,明确记载,中,,四库刻本层。文集祭文自称。不是庙中原石，也不是入祀清册。不得与帝王庙碑文并成一篇。不证入祀名单已经逐位核验。
QH-A-YZ-0221,文字或数值陈述,QH-P-000002,reported_in_writing,四库本《世宗宪皇帝御制文集》追封孔子五代告祭文：并跻祀典，特晋王封,雍正朝,1723-01-01,1735-12-31,约略,已采纳,QH-SU-YZ-YZWJ-0003I,巻之十八；追封孔子五代告祭文,並躋祀典特晉王封,支持,明确记载,中,,四库刻本层。文集祭文自称。不是庙中原石，也不是玉牒。不得写成玉牒已开。
QH-A-YZ-0222,文字或数值陈述,QH-P-000002,reported_in_writing,四库本《世宗宪皇帝御制文集》文庙增定从祀告祭文：道宗前圣，尊万世之师资,雍正朝,1723-01-01,1735-12-31,约略,已采纳,QH-SU-YZ-YZWJ-0003J,巻之十八；文庙增定从祀告祭文,道宗前聖尊萬世之師資,支持,明确记载,中,,四库刻本层。文集祭文开端。不是庙中原石。不证从祀已经终审。
QH-A-YZ-0223,文字或数值陈述,QH-P-000002,reported_in_writing,四库本《世宗宪皇帝御制文集》文庙增定从祀告祭文：以林放等二十六人新造牌位安奉两庑,雍正朝,1723-01-01,1735-12-31,约略,已采纳,QH-SU-YZ-YZWJ-0003K,巻之十八；文庙增定从祀告祭文,以林放等二十六人新造牌位安奉兩廡,支持,明确记载,中,,四库刻本层。只证祭文自称二十六人新造牌位。不是庙中原石，也不是牌位清册。不证二十六人名单已经逐位核验。
QH-A-YZ-0224,文字或数值陈述,QH-P-000002,reported_in_writing,四库本《世宗宪皇帝御制文集》阙里告祭文：不谓杏坛之地忽生回禄之灾，虽像位幸存而榱楹俱烬,雍正朝,1723-01-01,1735-12-31,约略,已采纳,QH-SU-YZ-YZWJ-0003L,巻之十八；阙里告祭文,不謂杏壇之地忽生回禄之灾雖像位幸存而榱楹俱燼,支持,明确记载,中,,四库刻本层。文集祭文自称。不是庙中原石。不得与修建阙里圣庙碑文并成一篇。不证竣工。
QH-A-YZ-0225,文字或数值陈述,QH-P-000002,reported_in_writing,四库本《世宗宪皇帝御制文集》阙里告祭文：阙里云遥，用专官而展祭,雍正朝,1723-01-01,1735-12-31,约略,已采纳,QH-SU-YZ-YZWJ-0003M,巻之十八；阙里告祭文,闕里云遥用專官而展祭,支持,明确记载,中,,四库刻本层。只证祭文自称专官展祭。不是庙中原石，也不是实录东巡条。不得写成亲诣阙里已开。
QH-A-YZ-0226,文字或数值陈述,QH-P-000002,reported_in_writing,四库本《世宗宪皇帝御制文集》太学文庙祭文：金声玉振，集神圣之大成,雍正朝,1723-01-01,1735-12-31,约略,已采纳,QH-SU-YZ-YZWJ-0003N,巻之十八；太学文庙祭文,金聲玉振集神聖之大成,支持,明确记载,中,,四库刻本层。文集祭文开端。不是庙中原石。不得与阙里告祭并成一篇。
QH-A-YZ-0227,文字或数值陈述,QH-P-000002,reported_in_writing,四库本《世宗宪皇帝御制文集》太学文庙祭文：将升画栋，选卜良辰，忽睹卿云光辉晴昼,雍正朝,1723-01-01,1735-12-31,约略,已采纳,QH-SU-YZ-YZWJ-0003O,巻之十八；太学文庙祭文,乃者將升畫棟選卜良辰忽覩卿雲光輝晴晝,支持,明确记载,中,,四库刻本层。只证祭文自称卿云。不是庙中原石，也不是钦天监档。不证天瑞已经应验。
QH-A-YZ-0228,文字或数值陈述,QH-P-000002,reported_in_writing,四库本《世宗宪皇帝御制文集》先师孔子诞辰告祭文：金声玉振，开宇宙之文明,雍正朝,1723-01-01,1735-12-31,约略,已采纳,QH-SU-YZ-YZWJ-0003P,巻之十八；先师孔子诞辰告祭文,金聲玉振開宇宙之文明,支持,明确记载,中,,四库刻本层。文集祭文开端。不是庙中原石。不得与太学文庙祭文并成一篇。
QH-A-YZ-0229,文字或数值陈述,QH-P-000002,reported_in_writing,四库本《世宗宪皇帝御制文集》先师孔子诞辰告祭文：岁逢庚戌，序属仲秋，推之长历即尼山降诞之时,雍正八年仲秋,1730-08-01,1730-10-31,约略,已采纳,QH-SU-YZ-YZWJ-0003Q,巻之十八；先师孔子诞辰告祭文,乃者嵗逢庚戌序属仲秋上溯周朝近當今日推之長歴即尼山降誕之時,支持,明确记载,中,,四库刻本层。只证祭文自称庚戌仲秋为尼山降诞之时。不是庙中原石，也不是会典祀典条。不证祀典已经逐岁落实。
QH-A-YZ-0230,文字或数值陈述,QH-P-000002,reported_in_writing,四库本《世宗宪皇帝御制文集》圣庙告成祭文：达天尽性，树万世之师模,雍正朝,1723-01-01,1735-12-31,约略,已采纳,QH-SU-YZ-YZWJ-0003R,巻之十八；圣庙告成祭文,逹天盡性樹萬世之師模,支持,明确记载,中,,四库刻本层。文集祭文开端。不是庙中原石。不得与修建阙里圣庙碑文并成一篇。
QH-A-YZ-0231,文字或数值陈述,QH-P-000002,reported_in_writing,四库本《世宗宪皇帝御制文集》圣庙告成祭文：特遣皇五子弘昼等亲诣几筵，敬行祭告,雍正朝,1723-01-01,1735-12-31,约略,已采纳,QH-SU-YZ-YZWJ-0003S,巻之十八；圣庙告成祭文,特遣皇五子𢎞晝等親詣几筵敬行祭告,支持,明确记载,中,,四库刻本层。只证祭文自称遣皇五子弘昼等亲诣祭告。不是庙中原石，也不是起居注。不得写成皇帝亲诣已开。不证竣工已经核销。
QH-A-YZ-0232,文字或数值陈述,QH-P-000001,reported_in_writing,四库本《世宗宪皇帝御制文集》日月合璧五星联珠告祭景陵文：钦惟皇考圣祖仁皇帝道迈羲轩,康熙朝,1662-01-01,1722-12-31,约略,已采纳,QH-SU-YZ-YZWJ-0003T,巻之十八；日月合璧五星联珠告祭景陵文,欽惟皇考聖祖仁皇帝道邁義軒功㕘覆載,支持,明确记载,中,,四库刻本层。文集祭文自称。不是景陵原石。不得与景陵圣德神功碑并成一篇。
QH-A-YZ-0233,文字或数值陈述,QH-P-000002,reported_in_writing,四库本《世宗宪皇帝御制文集》日月合璧五星联珠告祭景陵文：候届仲春，日当初吉，二曜同躔而璧合，五星聚舍以珠联,雍正元年仲春,1723-02-01,1723-04-30,约略,已采纳,QH-SU-YZ-YZWJ-0003U,巻之十八；日月合璧五星联珠告祭景陵文,乃者𠉀届仲春日當初吉二曜同躔而璧合五星聚舍以珠聨,支持,明确记载,中,,四库刻本层。只证祭文自称仲春合璧联珠。不是景陵原石，也不是钦天监档。不证天瑞已经应验。
QH-A-YZ-0234,文字或数值陈述,QH-P-000001,reported_in_writing,四库本《世宗宪皇帝御制文集》景陵悬匾告祭文：陵园葱郁，森警卫于百神,康熙朝至雍正朝,1722-12-20,1735-12-31,约略,已采纳,QH-SU-YZ-YZWJ-0003V,巻之十八；景陵悬匾告祭文,陵園葱鬱森警衛於百神,支持,明确记载,中,,四库刻本层。文集祭文开端。不是景陵原石。目录作悬扁，正文作悬匾，分层保留。不得与景陵圣德神功碑并成一篇。
QH-A-YZ-0235,文字或数值陈述,QH-P-000002,reported_in_writing,四库本《世宗宪皇帝御制文集》景陵悬匾告祭文：因山启隧已占灵淑之征，巨榜丰碑宜极尊崇之制,雍正朝,1723-01-01,1735-12-31,约略,已采纳,QH-SU-YZ-YZWJ-0003W,巻之十八；景陵悬匾告祭文,因山啓隧已占靈淑之徴巨牓豐碑宜極尊崇之制,支持,明确记载,中,,四库刻本层。只证祭文自称因山启隧、巨榜丰碑。不是景陵原石，也不是工部档册。目录作悬扁，正文作悬匾，分层保留。不证匾额已经核销。
QH-A-YZ-0236,文字或数值陈述,QH-P-000001,reported_in_writing,四库本《世宗宪皇帝御制文集》黄河澄清告祭景陵文：钦惟皇考圣祖仁皇帝道济群生恩濡万国,康熙朝,1662-01-01,1722-12-31,约略,已采纳,QH-SU-YZ-YZWJ-0003X,巻之十八；黄河澄清告祭景陵文,欽惟皇考聖祖仁皇帝道濟羣生恩濡萬國,支持,明确记载,中,,四库刻本层。文集祭文自称。不是景陵原石。不得与黄河澄清碑记并成一篇。
QH-A-YZ-0237,文字或数值陈述,QH-P-000002,reported_in_writing,四库本《世宗宪皇帝御制文集》黄河澄清告祭景陵文：由陕州而至桃源，地连五省，自嘉平而逾献岁，时阅三旬,雍正四年十二月至五年正月,1726-12-01,1727-02-28,约略,已采纳,QH-SU-YZ-YZWJ-0003Y,巻之十八；黄河澄清告祭景陵文,由陜州而至桃源地連五省自嘉平而逾獻嵗時閲三旬,支持,明确记载,中,,四库刻本层。只证祭文自称由陕州至桃源、时阅三旬。不是景陵原石，也不是黄河澄清碑记。不得与碑记并成一篇。不证河水已经澄清。
QH-A-YZ-0238,文字或数值陈述,QH-P-000002,reported_in_writing,四库本《世宗宪皇帝御制文集》北镇庙祭文：朕昔奉谒陵之命，曾申诣庙之虔,康熙朝,1662-01-01,1722-12-31,约略,已采纳,QH-SU-YZ-YZWJ-0003Z,巻之十八；北镇庙祭文,朕昔奉謁陵之命曽申詣廟之䖍,支持,明确记载,中,,四库刻本层。文集祭文自称。不是庙中原石，也不是实录谒陵条。不得写成谒陵逐日已开。
QH-A-YZ-0239,文字或数值陈述,QH-P-000002,reported_in_writing,四库本《世宗宪皇帝御制文集》北镇庙祭文：绍承宝位，复发帑以增修,雍正朝,1723-01-01,1735-12-31,约略,已采纳,QH-SU-YZ-YZWJ-0004A,巻之十八；北镇庙祭文,紹承寳位復發帑以増修,支持,明确记载,中,,四库刻本层。只证祭文自称发帑增修。不是庙中原石，也不是工部档册。不证工程已经核销。
QH-A-YZ-0240,文字或数值陈述,QH-P-000002,reported_in_writing,四库本《世宗宪皇帝御制文集》追封关帝三代祭文：秉两间之正气，毓圣有基,雍正朝,1723-01-01,1735-12-31,约略,已采纳,QH-SU-YZ-YZWJ-0004B,巻之十八；追封关帝三代祭文,秉兩間之正氣毓聖有基,支持,明确记载,中,,四库刻本层。文集祭文开端。不是庙中原石。不得写成会典封典已开。
QH-A-YZ-0241,文字或数值陈述,QH-P-000002,reported_in_writing,四库本《世宗宪皇帝御制文集》追封关帝三代祭文：爰诏礼臣特隆封典，建上公于三世,雍正朝,1723-01-01,1735-12-31,约略,已采纳,QH-SU-YZ-YZWJ-0004C,巻之十八；追封关帝三代祭文,爰詔禮臣特隆封典建上公於三世,支持,明确记载,中,,四库刻本层。只证祭文自称诏礼臣建上公于三世。不是庙中原石，也不是玉牒。不得写成玉牒已开。不证谱牒已经改写。
QH-A-YZ-0242,文字或数值陈述,QH-P-000002,reported_in_writing,四库本《世宗宪皇帝御制文集》关帝告祭文：敦大伦而表范，忠冠古今,雍正朝,1723-01-01,1735-12-31,约略,已采纳,QH-SU-YZ-YZWJ-0004D,巻之十八；关帝告祭文,敦大倫而表範忠冠古今,支持,明确记载,中,,四库刻本层。文集祭文开端。不是庙中原石。不得与追封关帝三代祭文并成一篇。
QH-A-YZ-0243,文字或数值陈述,QH-P-000002,reported_in_writing,四库本《世宗宪皇帝御制文集》关帝告祭文：爰命廷臣聿稽门绪，千秋华胄美三叶之芳规，五等崇班锡上公之显号,雍正朝,1723-01-01,1735-12-31,约略,已采纳,QH-SU-YZ-YZWJ-0004E,巻之十八；关帝告祭文,爰命廷臣聿稽門緒千秋華胄美三葉之芳規五等崇班錫上公之顯號,支持,明确记载,中,,四库刻本层。只证祭文自称廷臣稽门绪、锡上公之显号。不是庙中原石，也不是会典封典条。不得与追封关帝三代祭文并成一篇。不证谱牒已经改写。
QH-A-YZ-0244,文字或数值陈述,QH-P-000002,reported_in_writing,四库本《世宗宪皇帝御制文集》清和宣惠风伯之神祭文：惟神象著箕星，德符巽卦,雍正朝,1723-01-01,1735-12-31,约略,已采纳,QH-SU-YZ-YZWJ-0004F,巻之十八；清和宣惠风伯之神祭文,惟神象著箕星德符巽卦,支持,明确记载,中,,四库刻本层。文集祭文开端。不是庙中原石。目录作惠，正文作恵，分层保留。不得写成会典封典已开。
QH-A-YZ-0245,文字或数值陈述,QH-P-000002,reported_in_writing,四库本《世宗宪皇帝御制文集》清和宣惠风伯之神祭文：是用特封为清和宣惠风伯之神,雍正朝,1723-01-01,1735-12-31,约略,已采纳,QH-SU-YZ-YZWJ-0004G,巻之十八；清和宣惠风伯之神祭文,是用特封為清和宣恵風伯之神,支持,明确记载,中,,四库刻本层。只证祭文自称特封。不是庙中原石，也不是河臣原奏。目录作惠，正文作恵，分层保留。不得写成会典封典已开。不证安澜已经核验。
QH-A-YZ-0246,文字或数值陈述,QH-P-000002,reported_in_writing,四库本《世宗宪皇帝御制文集》都城隍庙祭文：灵爽丕昭，作皇都之保障,雍正朝,1723-01-01,1735-12-31,约略,已采纳,QH-SU-YZ-YZWJ-0004H,巻之十九；都城隍庙祭文,靈爽丕昭作皇都之保障,支持,明确记载,中,,四库刻本层。文集祭文开端。不是庙中原石。不得与巻之二十都城隍庙碑亭告成祭文并成一篇。
QH-A-YZ-0247,文字或数值陈述,QH-P-000002,reported_in_writing,四库本《世宗宪皇帝御制文集》都城隍庙祭文：发金钱于内府，命董理于大臣,雍正朝,1723-01-01,1735-12-31,约略,已采纳,QH-SU-YZ-YZWJ-0004I,巻之十九；都城隍庙祭文,發金錢於内府命董理於大臣,支持,明确记载,中,,四库刻本层。只证祭文自称发金钱于内府。不是庙中原石，也不是内府档册。不得写成内府档册已开。不证工程已经核销。
QH-A-YZ-0248,文字或数值陈述,QH-P-000002,reported_in_writing,四库本《世宗宪皇帝御制文集》运河神祭文：国家挽运全藉漕渠，河水畅流最需雨泽,雍正朝,1723-01-01,1735-12-31,约略,已采纳,QH-SU-YZ-YZWJ-0004J,巻之十九；运河神祭文,國家輓運全藉漕渠河水暢流最需雨澤,支持,明确记载,中,,四库刻本层。文集祭文开端。不是庙中原石。不得写成漕运档册已开。
QH-A-YZ-0249,文字或数值陈述,QH-P-000002,reported_in_writing,四库本《世宗宪皇帝御制文集》运河神祭文：春夏之交愆阳间告，缘河一带愆雨泽之施，以致水浅运艰,雍正朝,1723-01-01,1735-12-31,约略,已采纳,QH-SU-YZ-YZWJ-0004K,巻之十九；运河神祭文,乃者春夏之交愆陽間告朕深懷憫惻夙夜省躬維縁河一帯愆雨澤之施以致水淺運艱,支持,明确记载,中,,四库刻本层。只证祭文自称春夏愆阳、水浅运艰。不是庙中原石，也不是河臣原奏。不证漕运已经阻滞终审。
QH-A-YZ-0250,文字或数值陈述,QH-P-000002,reported_in_writing,四库本《世宗宪皇帝御制文集》黄河神祭文：惟神源通星汉，派衍昆仑,雍正朝,1723-01-01,1735-12-31,约略,已采纳,QH-SU-YZ-YZWJ-0004L,巻之十九；黄河神祭文,惟神源通星漢𣲖衍崑崙,支持,明确记载,中,,四库刻本层。文集祭文开端。不是庙中原石。不得与黄河澄清碑记并成一篇。
QH-A-YZ-0251,文字或数值陈述,QH-P-000002,reported_in_writing,四库本《世宗宪皇帝御制文集》黄河神祭文：顷者决口合龙，民居攸奠，既奏安澜之绩，旋呈清泚之祥,雍正朝,1723-01-01,1735-12-31,约略,已采纳,QH-SU-YZ-YZWJ-0004M,巻之十九；黄河神祭文,頃者決口合龍民居攸奠既奏安瀾之績旋呈清泚之祥,支持,明确记载,中,,四库刻本层。只证祭文自称决口合龙、安澜清泚。不是庙中原石，也不是黄河澄清碑记或景陵告祭。不得并成一篇。不证河水已经澄清。
QH-A-YZ-0252,文字或数值陈述,QH-P-000002,reported_in_writing,四库本《世宗宪皇帝御制文集》河神祭文甲：朕注心河务，礼敬明神，历岁以来休征屡著,雍正朝,1723-01-01,1735-12-31,约略,已采纳,QH-SU-YZ-YZWJ-0004N,巻之十九；河神祭文甲,朕注心河務禮敬明神歴嵗以來休徴屢著,支持,明确记载,中,,四库刻本层。文集祭文开端。不是庙中原石。不得与黄河神祭文或后一篇河神祭文并成一篇。
QH-A-YZ-0253,文字或数值陈述,QH-P-000002,reported_in_writing,四库本《世宗宪皇帝御制文集》河神祭文甲：三旬之内早奏安澜，无縻费于金钱,雍正朝,1723-01-01,1735-12-31,约略,已采纳,QH-SU-YZ-YZWJ-0004O,巻之十九；河神祭文甲,三旬之内早奏安瀾無縻費於金錢匪淹遲於日月,支持,明确记载,中,,四库刻本层。只证祭文自称三旬安澜。不是庙中原石，也不是河臣原奏。不证工程已经核销。
QH-A-YZ-0254,文字或数值陈述,QH-P-000002,reported_in_writing,四库本《世宗宪皇帝御制文集》河神祭文乙：惟神功昭四渎，德冠群灵,雍正朝,1723-01-01,1735-12-31,约略,已采纳,QH-SU-YZ-YZWJ-0004P,巻之十九；河神祭文乙,惟神功昭四瀆德冠羣靈,支持,明确记载,中,,四库刻本层。文集祭文开端。不是庙中原石。不得与河神祭文甲并成一篇。
QH-A-YZ-0255,文字或数值陈述,QH-P-000002,reported_in_writing,四库本《世宗宪皇帝御制文集》河神祭文乙：长阡广陌，增二万顷之良畴,雍正朝,1723-01-01,1735-12-31,约略,已采纳,QH-SU-YZ-YZWJ-0004Q,巻之十九；河神祭文乙,長阡廣陌増二萬頃之良疇,支持,明确记载,中,,四库刻本层。只证祭文自称二万顷。不是庙中原石，也不是鱼鳞册。不证田亩已经清丈。
QH-A-YZ-0256,文字或数值陈述,QH-P-000002,reported_in_writing,四库本《世宗宪皇帝御制文集》河源神祭文：惟神象应汉津，源疏昆阆,雍正朝,1723-01-01,1735-12-31,约略,已采纳,QH-SU-YZ-YZWJ-0004R,巻之十九；河源神祭文,惟神象應漢津源䟽崑閬,支持,明确记载,中,,四库刻本层。文集祭文开端。不是庙中原石。不得与河神祭文并成一篇。
QH-A-YZ-0257,文字或数值陈述,QH-P-000002,reported_in_writing,四库本《世宗宪皇帝御制文集》河源神祭文：乘天时而收地力，盈二万顷之膏腴,雍正朝,1723-01-01,1735-12-31,约略,已采纳,QH-SU-YZ-YZWJ-0004S,巻之十九；河源神祭文,乘天時而収地力盈二萬頃之膏腴,支持,明确记载,中,,四库刻本层。只证祭文自称二万顷膏腴。不是庙中原石，也不是鱼鳞册。不得与河神祭文乙并成一篇。不证田亩已经清丈。
QH-A-YZ-0258,文字或数值陈述,QH-P-000002,reported_in_writing,四库本《世宗宪皇帝御制文集》河神祭文丙：惟神灵发昆仑，源通星宿,雍正朝,1723-01-01,1735-12-31,约略,已采纳,QH-SU-YZ-YZWJ-0004T,巻之十九；河神祭文丙,惟神靈發崑崙源通星宿,支持,明确记载,中,,四库刻本层。文集祭文开端。不是庙中原石。不得与河源神祭文或前两篇河神祭文并成一篇。
QH-A-YZ-0259,文字或数值陈述,QH-P-000002,reported_in_writing,四库本《世宗宪皇帝御制文集》河神祭文丙：波恬浪静，澄清上彻乎荣光,雍正朝,1723-01-01,1735-12-31,约略,已采纳,QH-SU-YZ-YZWJ-0004U,巻之十九；河神祭文丙,波恬浪静澄清上徹乎榮光,支持,明确记载,中,,四库刻本层。只证祭文自称澄清上彻。不是庙中原石，也不是黄河澄清碑记。不得与黄河神祭文并成一篇。不证河水已经澄清。
QH-A-YZ-0260,文字或数值陈述,QH-P-000002,reported_in_writing,四库本《世宗宪皇帝御制文集》清口河神祭文：惟神源开星宿，派导龙门,雍正朝,1723-01-01,1735-12-31,约略,已采纳,QH-SU-YZ-YZWJ-0004V,巻之十九；清口河神祭文,惟神源開星宿𣲖導龍門,支持,明确记载,中,,四库刻本层。文集祭文开端。不是庙中原石。不得与河神祭文并成一篇。
QH-A-YZ-0261,文字或数值陈述,QH-P-000002,reported_in_writing,四库本《世宗宪皇帝御制文集》清口河神祭文：漕运万艘循长堤而安挽,雍正朝,1723-01-01,1735-12-31,约略,已采纳,QH-SU-YZ-YZWJ-0004W,巻之十九；清口河神祭文,漕運萬艘循長隄而安輓,支持,明确记载,中,,四库刻本层。只证祭文自称漕运万艘安挽。不是庙中原石，也不是漕运档册。不证漕运已经安澜终审。
QH-A-YZ-0262,文字或数值陈述,QH-P-000002,reported_in_writing,四库本《世宗宪皇帝御制文集》武陟县河神祭文：惟神泽滋坤壤，象应天津,雍正朝,1723-01-01,1735-12-31,约略,已采纳,QH-SU-YZ-YZWJ-0004X,巻之十九；武陟县河神祭文,惟神澤滋坤壤象應天津,支持,明确记载,中,,四库刻本层。文集祭文开端。不是庙中原石。不得与清口河神祭文并成一篇。
QH-A-YZ-0263,文字或数值陈述,QH-P-000002,reported_in_writing,四库本《世宗宪皇帝御制文集》武陟县河神祭文：仪封北岸濬深渠而迅浪通流，兰邑南堤汕引河而中直泻,雍正朝,1723-01-01,1735-12-31,约略,已采纳,QH-SU-YZ-YZWJ-0004Y,巻之十九；武陟县河神祭文,乃若儀封北岸濬深渠而迅浪通流蘭邑南隄汕引河而中直瀉,支持,明确记载,中,,四库刻本层。只证祭文自称仪封北岸、兰邑南堤。不是庙中原石，也不是河臣原奏。不证工程已经核销。
QH-A-YZ-0264,文字或数值陈述,QH-P-000001,reported_in_writing,四库本《世宗宪皇帝御制文集》永定河神庙告成祭文：显佑于皇考之时，肇祀于卢沟之北,康熙朝,1662-01-01,1722-12-31,约略,已采纳,QH-SU-YZ-YZWJ-0004Z,巻之十九；永定河神庙告成祭文,顯佑於皇考之時肇祀於盧溝之北,支持,明确记载,中,,四库刻本层。文集祭文自称皇考肇祀。不是庙中原石，也不是惠济庙碑文。不得并成一篇。不得写成永定河逐日已开。
QH-A-YZ-0265,文字或数值陈述,QH-P-000002,reported_in_writing,四库本《世宗宪皇帝御制文集》永定河神庙告成祭文：朕思石景实处上游，宜建庙以安神,雍正朝,1723-01-01,1735-12-31,约略,已采纳,QH-SU-YZ-YZWJ-0005A,巻之十九；永定河神庙告成祭文,朕思石景實處上㳺宜建廟以安神,支持,明确记载,中,,四库刻本层。只证祭文自称石景建庙。不是庙中原石，也不是工部档册。不证工程已经核销。
QH-A-YZ-0266,文字或数值陈述,QH-P-000001,reported_in_writing,四库本《世宗宪皇帝御制文集》奉安石景山永定河神像祭文：睿谟指授于当年，嘉名肇锡,康熙朝,1662-01-01,1722-12-31,约略,已采纳,QH-SU-YZ-YZWJ-0005B,巻之十九；奉安石景山永定河神像祭文,睿謨指授於當年嘉名肇錫,支持,明确记载,中,,四库刻本层。文集祭文自称当年睿谟嘉名。不是庙中原石，也不是惠济庙碑文。不得并成一篇。不得写成永定河逐日已开。
QH-A-YZ-0267,文字或数值陈述,QH-P-000002,reported_in_writing,四库本《世宗宪皇帝御制文集》奉安石景山永定河神像祭文：洒翰而题巨榜，製文以勒丰碑,雍正朝,1723-01-01,1735-12-31,约略,已采纳,QH-SU-YZ-YZWJ-0005C,巻之十九；奉安石景山永定河神像祭文,灑翰而題巨牓製文以勒豐碑,支持,明确记载,中,,四库刻本层。只证祭文自称题榜勒碑。不是庙中原石，也不是工部档册。不证匾额已经核销。
QH-A-YZ-0268,文字或数值陈述,QH-P-000002,reported_in_writing,四库本《世宗宪皇帝御制文集》清口河神祭文乙：朕轸念民生，廑怀河务,雍正朝,1723-01-01,1735-12-31,约略,已采纳,QH-SU-YZ-YZWJ-0005D,巻之十九；清口河神祭文乙,朕軫念民生厪懷河務,支持,明确记载,中,,四库刻本层。文集祭文开端。不是庙中原石。不得与前一篇清口河神祭文并成一篇。
QH-A-YZ-0269,文字或数值陈述,QH-P-000002,reported_in_writing,四库本《世宗宪皇帝御制文集》清口河神祭文乙：洪波万派循轨道以安流,雍正朝,1723-01-01,1735-12-31,约略,已采纳,QH-SU-YZ-YZWJ-0005E,巻之十九；清口河神祭文乙,洪波萬𣲖循軌道以安流,支持,明确记载,中,,四库刻本层。只证祭文自称洪波安流。不是庙中原石，也不是河臣原奏。不证漕运已经安澜终审。
QH-A-YZ-0270,文字或数值陈述,QH-P-000002,reported_in_writing,四库本《世宗宪皇帝御制文集》浙江海神祭文：明神受职于天，恩覃泽国,雍正朝,1723-01-01,1735-12-31,约略,已采纳,QH-SU-YZ-YZWJ-0005F,巻之十九；浙江海神祭文,明神受職於天恩覃澤國,支持,明确记载,中,,四库刻本层。文集祭文开端。不是庙中原石。不得与清口河神祭文并成一篇。
QH-A-YZ-0271,文字或数值陈述,QH-P-000002,reported_in_writing,四库本《世宗宪皇帝御制文集》浙江海神祭文：廼者风潮鼓盪，冲溃堤防,雍正朝,1723-01-01,1735-12-31,约略,已采纳,QH-SU-YZ-YZWJ-0005G,巻之十九；浙江海神祭文,廼者風潮鼓盪衝潰隄防,支持,明确记载,中,,四库刻本层。只证祭文自称风潮冲溃堤防。不是庙中原石，也不是海塘档册。不证海塘已经核销。
QH-A-YZ-0272,文字或数值陈述,QH-P-000002,reported_in_writing,四库本《世宗宪皇帝御制文集》河源神祭文乙：惟神源从天汉，泽润坤舆,雍正朝,1723-01-01,1735-12-31,约略,已采纳,QH-SU-YZ-YZWJ-0005H,巻之十九；河源神祭文乙,惟神源從天漢澤潤坤輿,支持,明确记载,中,,四库刻本层。文集祭文开端。不是庙中原石。不得与前一篇河源神祭文并成一篇。
QH-A-YZ-0273,文字或数值陈述,QH-P-000002,reported_in_writing,四库本《世宗宪皇帝御制文集》河源神祭文乙：惟甘陕之岩疆，实边陲之重地,雍正朝,1723-01-01,1735-12-31,约略,已采纳,QH-SU-YZ-YZWJ-0005I,巻之十九；河源神祭文乙,惟甘陜之巖疆實邊陲之重地,支持,明确记载,中,,四库刻本层。只证祭文自称甘陕岩疆。不是庙中原石，也不是边政档册。不得写成边政档册已开。
QH-A-YZ-0274,文字或数值陈述,QH-P-000002,reported_in_writing,四库本《世宗宪皇帝御制文集》河神祭文丁：朕心殷河务，敬礼明神,雍正朝,1723-01-01,1735-12-31,约略,已采纳,QH-SU-YZ-YZWJ-0005J,巻之十九；河神祭文丁,朕心殷河務敬禮明神,支持,明确记载,中,,四库刻本层。文集祭文开端。不是庙中原石。不得与前三篇河神祭文并成一篇。
QH-A-YZ-0275,文字或数值陈述,QH-P-000002,reported_in_writing,四库本《世宗宪皇帝御制文集》河神祭文丁：惟是睢宁之境，正当河道之冲,雍正朝,1723-01-01,1735-12-31,约略,已采纳,QH-SU-YZ-YZWJ-0005K,巻之十九；河神祭文丁,惟是睢寜之境正當河道之衝,支持,明确记载,中,,四库刻本层。只证祭文自称睢宁当冲。不是庙中原石，也不是河臣原奏。不证工程已经核销。
QH-A-YZ-0276,文字或数值陈述,QH-P-000002,reported_in_writing,四库本《世宗宪皇帝御制文集》祈雨祭风神文：朕奉天子民，刻刻以雨旸时若为念,雍正朝,1723-01-01,1735-12-31,约略,已采纳,QH-SU-YZ-YZWJ-0005L,巻之十九；祈雨祭风神文,朕奉天子民刻刻以雨暘時若為念,支持,明确记载,中,,四库刻本层。文集祭文开端。不是庙中原石。不得与清和宣惠风伯之神祭文并成一篇。
QH-A-YZ-0277,文字或数值陈述,QH-P-000002,reported_in_writing,四库本《世宗宪皇帝御制文集》祈雨祭风神文：乃今春三月膏雨愆期，恒风示儆,雍正朝,1723-01-01,1735-12-31,约略,已采纳,QH-SU-YZ-YZWJ-0005M,巻之十九；祈雨祭风神文,乃今春三月膏雨愆期恒風示儆,支持,明确记载,中,,四库刻本层。只证祭文自称今春三月膏雨愆期。不是庙中原石，也不是起居注。不证已经得雨。
QH-A-YZ-0278,文字或数值陈述,QH-P-000002,reported_in_writing,四库本《世宗宪皇帝御制文集》太岁坛诸神祈雨祝文：朕承眷命，抚御蒸黎,雍正朝,1723-01-01,1735-12-31,约略,已采纳,QH-SU-YZ-YZWJ-0005N,巻之十九；太岁坛诸神祈雨祝文,朕承眷命撫御蒸黎,支持,明确记载,中,,四库刻本层。文集祭文开端。不是庙中原石，也不是太常档册。不得与祈雨祭风神文并成一篇。
QH-A-YZ-0279,文字或数值陈述,QH-P-000002,reported_in_writing,四库本《世宗宪皇帝御制文集》太岁坛诸神祈雨祝文：乃者时当仲夏，雨泽愆期,雍正朝,1723-01-01,1735-12-31,约略,已采纳,QH-SU-YZ-YZWJ-0005O,巻之十九；太岁坛诸神祈雨祝文,乃者時當仲夏雨澤愆期,支持,明确记载,中,,四库刻本层。只证祭文自称仲夏雨泽愆期。不是庙中原石，也不是起居注。不证已经得雨。
QH-A-YZ-0280,文字或数值陈述,QH-P-000001,reported_in_writing,四库本《世宗宪皇帝御制文集》历代帝王庙碑亭告成祭文：我皇考圣祖仁皇帝综百王之盛德，定万世之公评,康熙朝,1662-01-01,1722-12-31,约略,已采纳,QH-SU-YZ-YZWJ-0005P,巻之二十；历代帝王庙碑亭告成祭文,我皇考聖祖仁皇帝綜百王之盛徳定萬世之公評,支持,明确记载,中,,四库刻本层。文集祭文自称皇考综评。不是庙中原石，也不是历代帝王庙碑文。不得并成一篇。
QH-A-YZ-0281,文字或数值陈述,QH-P-000002,reported_in_writing,四库本《世宗宪皇帝御制文集》历代帝王庙碑亭告成祭文：丰碑式建，爰洒翰以摛文,雍正朝,1723-01-01,1735-12-31,约略,已采纳,QH-SU-YZ-YZWJ-0005Q,巻之二十；历代帝王庙碑亭告成祭文,豐碑式建爰灑翰以摛文,支持,明确记载,中,,四库刻本层。只证祭文自称丰碑式建。不是庙中原石，也不是工部档册。不得与巻之十八帝王庙祭文并成一篇。不证碑亭已经核销。
QH-A-YZ-0282,文字或数值陈述,QH-P-000002,reported_in_writing,四库本《世宗宪皇帝御制文集》关帝庙碑亭告成祭文：英风炳著，丽皎日于中天,雍正朝,1723-01-01,1735-12-31,约略,已采纳,QH-SU-YZ-YZWJ-0005R,巻之二十；关帝庙碑亭告成祭文,英風炳著麗皎日於中天,支持,明确记载,中,,四库刻本层。文集祭文开端。不是庙中原石。目录作闗，正文作關，分层保留。不得与関帝告祭文并成一篇。
QH-A-YZ-0283,文字或数值陈述,QH-P-000002,reported_in_writing,四库本《世宗宪皇帝御制文集》关帝庙碑亭告成祭文：晋秩上公，专祠后殿,雍正朝,1723-01-01,1735-12-31,约略,已采纳,QH-SU-YZ-YZWJ-0005S,巻之二十；关帝庙碑亭告成祭文,晉秩上公耑祠後殿,支持,明确记载,中,,四库刻本层。只证祭文自称晋秩上公专祠后殿。不是庙中原石，也不是会典封典条。不得与追封关帝三代祭文并成一篇。不证谱牒已经改写。
QH-A-YZ-0284,文字或数值陈述,QH-P-000002,reported_in_writing,四库本《世宗宪皇帝御制文集》都城隍庙碑亭告成祭文：明威有赫，资翊卫于金汤,雍正朝,1723-01-01,1735-12-31,约略,已采纳,QH-SU-YZ-YZWJ-0005T,巻之二十；都城隍庙碑亭告成祭文,明威有赫資翊衞於金湯,支持,明确记载,中,,四库刻本层。文集祭文开端。不是庙中原石。不得与巻之十九都城隍庙祭文并成一篇。
QH-A-YZ-0285,文字或数值陈述,QH-P-000002,reported_in_writing,四库本《世宗宪皇帝御制文集》都城隍庙碑亭告成祭文：兹者聿新丹雘，爰勒青珉,雍正朝,1723-01-01,1735-12-31,约略,已采纳,QH-SU-YZ-YZWJ-0005U,巻之二十；都城隍庙碑亭告成祭文,兹者聿新丹雘爰勒青珉,支持,明确记载,中,,四库刻本层。只证祭文自称聿新丹雘。不是庙中原石，也不是工部档册。不证碑亭已经核销。
QH-A-YZ-0286,文字或数值陈述,QH-P-000001,reported_in_writing,四库本《世宗宪皇帝御制文集》明太祖并十三陵祭文：谓有明太祖创业维勤，宅心克广,康熙朝,1662-01-01,1722-12-31,约略,已采纳,QH-SU-YZ-YZWJ-0005V,巻之二十；明太祖并十三陵祭文,謂有明太祖創業維勤宅心克廣,支持,明确记载,中,,四库刻本层。文集祭文自称圣祖语。不是陵中原石，也不是实录谒陵条。不得写成谒陵逐日已开。
QH-A-YZ-0287,文字或数值陈述,QH-P-000002,reported_in_writing,四库本《世宗宪皇帝御制文集》明太祖并十三陵祭文：授为一等侯，列五等之班,雍正朝,1723-01-01,1735-12-31,约略,已采纳,QH-SU-YZ-YZWJ-0005W,巻之二十；明太祖并十三陵祭文,授為一等侯列五等之班,支持,明确记载,中,,四库刻本层。只证祭文自称授为一等侯。不是会典封典条，也不是玉牒。全览人名缺字，不取人名。不得写成会典封典已开。不证谱牒已经改写。
QH-A-YZ-0288,文字或数值陈述,QH-P-000002,reported_in_writing,四库本《世宗宪皇帝御制文集》贤良祠祭文：功铭钟鼎，尚书垂元祀之文,雍正朝,1723-01-01,1735-12-31,约略,已采纳,QH-SU-YZ-YZWJ-0005X,巻之二十；贤良祠祭文,功銘鐘鼎尚書垂元祀之文,支持,明确记载,中,,四库刻本层。文集祭文开端。不是祠中原石。不得与贤良祠碑文并成一篇。
QH-A-YZ-0289,文字或数值陈述,QH-P-000002,reported_in_writing,四库本《世宗宪皇帝御制文集》贤良祠祭文：既祠宇之告成，序官阶而列次,雍正朝,1723-01-01,1735-12-31,约略,已采纳,QH-SU-YZ-YZWJ-0005Y,巻之二十；贤良祠祭文,既祠宇之告成序官階而列次,支持,明确记载,中,,四库刻本层。只证祭文自称祠宇告成、序官阶列次。不是祠中原石，也不是入祀清册。不得与贤良祠碑文并成一篇。不证入祀名单已经逐位核验。
QH-A-YZ-0290,文字或数值陈述,QH-P-000001,reported_in_writing,四库本《世宗宪皇帝御制文集》和硕怡亲王初次祭文：惟王为皇考圣祖仁皇帝之子，朕之亲弟也,康熙朝,1662-01-01,1722-12-31,约略,已采纳,QH-SU-YZ-YZWJ-0005Z,巻之二十；和硕怡亲王初次祭文,惟王為皇考聖祖仁皇帝之子朕之親弟也,支持,明确记载,中,,四库刻本层。文集祭文自称。不是玉牒，也不是怡贤亲王碑文。不得写成玉牒已开。
QH-A-YZ-0291,文字或数值陈述,QH-P-000002,reported_in_writing,四库本《世宗宪皇帝御制文集》和硕怡亲王初次祭文：当朕鸿基之初绍，命王总理之是膺,雍正朝,1723-01-01,1735-12-31,约略,已采纳,QH-SU-YZ-YZWJ-0006A,巻之二十；和硕怡亲王初次祭文,當朕鴻基之初紹命王總理之是膺,支持,明确记载,中,,四库刻本层。只证祭文自称命王总理。不是实录日条，也不是怡贤亲王碑文。不得并成一篇。不证总理逐日已开。
QH-A-YZ-0292,文字或数值陈述,QH-P-000001,reported_in_writing,四库本《世宗宪皇帝御制文集》和硕怡贤亲王祭文：比长遵奉皇考之命，授弟算学，日事讨论,康熙朝,1662-01-01,1722-12-31,约略,已采纳,QH-SU-YZ-YZWJ-0006B,巻之二十；和硕怡贤亲王祭文,比長遵奉皇考之命授弟算學日事討論,支持,明确记载,中,,四库刻本层。文集祭文自称皇考授弟算学。不是起居注，也不是初次祭文。不得写成起居注已开。
QH-A-YZ-0293,文字或数值陈述,QH-P-000002,reported_in_writing,四库本《世宗宪皇帝御制文集》和硕怡贤亲王祭文：呜呼哀哉，贤弟仙逝，倏已阅三载矣,雍正朝,1723-01-01,1735-12-31,约略,已采纳,QH-SU-YZ-YZWJ-0006C,巻之二十；和硕怡贤亲王祭文,嗚呼哀哉賢弟仙逝倐已閲三載矣,支持,明确记载,中,,四库刻本层。只证祭文自称仙逝已阅三载。不是实录日条，也不是初次祭文。不得并成一篇。不证葬期已经核销。
QH-A-YZ-0294,文字或数值陈述,QH-P-000002,reported_in_writing,四库本《世宗宪皇帝御制文集》诔和硕怡亲王诔并序：雍正八年五月初四日，和硕怡亲王以疾薨于位，春秋四十有五,雍正八年五月初四日,1730-06-18,1730-06-18,约略,已采纳,QH-SU-YZ-YZWJ-0006D,巻之二十；诔和硕怡亲王诔并序,雍正八年五月初四日和碩怡親王以疾薨於位春秋四十有五,支持,明确记载,中,,四库刻本层。文集诔文自称薨日与春秋。不是实录日条，也不是祭文。不得并成一篇。公历依通行年表，待历法库复核。不证实录该日已开。
QH-A-YZ-0295,文字或数值陈述,QH-P-000002,reported_in_writing,四库本《世宗宪皇帝御制文集》诔和硕怡亲王诔：八载之恪恭如一,雍正朝,1723-01-01,1735-12-31,约略,已采纳,QH-SU-YZ-YZWJ-0006E,巻之二十；诔和硕怡亲王诔,八載之恪恭如一,支持,明确记载,中,,四库刻本层。只证诔文自称八载恪恭。不是实录日条，也不是初次祭文。不得并成一篇。不证总理逐日已开。
QH-A-YZ-0296,文字或数值陈述,QH-P-000002,reported_in_writing,四库本《世宗宪皇帝御制文集》雍邸集春园读书：一片芳菲上苑东，昼长人坐落花风,康熙朝,1662-01-01,1722-12-31,约略,已采纳,QH-SU-YZ-YZWJ-0006F,巻之二十一；春园读书,一片芳菲上苑東晝長人坐落花風,支持,明确记载,中,,四库刻本层。文集藩邸诗开端。不是诗题小序，也不是实录日条。不得与即位后祭文并成一篇。不得写成起居注已开。
QH-A-YZ-0297,文字或数值陈述,QH-P-000002,reported_in_writing,四库本《世宗宪皇帝御制文集》雍邸集春园读书：韶光脉脉春如海，讽咏芸编兴不穷,康熙朝,1662-01-01,1722-12-31,约略,已采纳,QH-SU-YZ-YZWJ-0006G,巻之二十一；春园读书,韶光脉脉春如海諷詠芸編興不窮,支持,明确记载,中,,四库刻本层。只证诗自称讽咏芸编。不是起居注。不得写成读书逐日已开。
QH-A-YZ-0298,文字或数值陈述,QH-P-000002,reported_in_writing,四库本《世宗宪皇帝御制文集》雍邸集咏自鸣钟：巧制符天律，阴阳一弹包,康熙朝,1662-01-01,1722-12-31,约略,已采纳,QH-SU-YZ-YZWJ-0006H,巻之二十一；咏自鸣钟,巧製符天律隂陽一彈包,支持,明确记载,中,,四库刻本层。文集藩邸诗开端。不是西洋钟档册。不得与春园读书并成一篇。
QH-A-YZ-0299,文字或数值陈述,QH-P-000002,reported_in_writing,四库本《世宗宪皇帝御制文集》雍邸集咏自鸣钟：晷刻毫无爽，晨昏定不淆,康熙朝,1662-01-01,1722-12-31,约略,已采纳,QH-SU-YZ-YZWJ-0006I,巻之二十一；咏自鸣钟,晷刻毫無爽晨昏定不淆,支持,明确记载,中,,四库刻本层。只证诗自称晷刻不差。不是西洋钟档册，也不是起居注。不证钟表已经核销。
QH-A-YZ-0300,文字或数值陈述,QH-P-000002,reported_in_writing,四库本《世宗宪皇帝御制文集》雍邸集山池晚步：夕阳斜映绿波清，闲傍长桥步履行,康熙朝,1662-01-01,1722-12-31,约略,已采纳,QH-SU-YZ-YZWJ-0006J,巻之二十一；山池晚步,夕陽斜映緑波清閒傍長橋步屧行,支持,明确记载,中,,四库刻本层。文集藩邸诗开端。不是诗题小序。不得与咏自鸣钟并成一篇。
QH-A-YZ-0301,文字或数值陈述,QH-P-000002,reported_in_writing,四库本《世宗宪皇帝御制文集》雍邸集山池晚步：徙倚景光天欲暮，凌虚楼阁带霞明,康熙朝,1662-01-01,1722-12-31,约略,已采纳,QH-SU-YZ-YZWJ-0006K,巻之二十一；山池晚步,徙倚景光天欲暮凌虚樓閣帯霞明,支持,明确记载,中,,四库刻本层。只证诗自称徙倚景光。不是起居注。不得写成起居注已开。
QH-A-YZ-0302,文字或数值陈述,QH-P-000002,reported_in_writing,四库本《世宗宪皇帝御制文集》雍邸集春日泛舟：兰舟宛转浪纹平，一棹容与荡晚晴,康熙朝,1662-01-01,1722-12-31,约略,已采纳,QH-SU-YZ-YZWJ-0006L,巻之二十一；春日泛舟,蘭舟宛轉浪紋平一櫂容與蕩晩晴,支持,明确记载,中,,四库刻本层。文集藩邸诗开端。不是诗题小序。不得与山池晚步并成一篇。
QH-A-YZ-0303,文字或数值陈述,QH-P-000002,reported_in_writing,四库本《世宗宪皇帝御制文集》雍邸集春日泛舟：缥缈中流凭览胜，始知仙境有蓬瀛,康熙朝,1662-01-01,1722-12-31,约略,已采纳,QH-SU-YZ-YZWJ-0006M,巻之二十一；春日泛舟,縹緲中流憑覽勝始知仙境有蓬瀛,支持,明确记载,中,,四库刻本层。只证诗自称中流凭览。不是起居注，也不是实录日条。不得写成起居注已开。
QH-A-YZ-0304,文字或数值陈述,QH-P-000002,reported_in_writing,四库本《世宗宪皇帝御制文集》雍邸集夜坐：独坐幽园里，窗开竹影斜,康熙朝,1662-01-01,1722-12-31,约略,已采纳,QH-SU-YZ-YZWJ-0006N,巻之二十一；夜坐,獨坐幽園裏牕開竹影斜,支持,明确记载,中,,四库刻本层。文集藩邸诗开端。不是诗题小序。不得与春日泛舟并成一篇。
QH-A-YZ-0305,文字或数值陈述,QH-P-000002,reported_in_writing,四库本《世宗宪皇帝御制文集》雍邸集夜坐：悠然怡静境，把卷待烹茶,康熙朝,1662-01-01,1722-12-31,约略,已采纳,QH-SU-YZ-YZWJ-0006O,巻之二十一；夜坐,悠然怡靜境把巻待烹茶,支持,明确记载,中,,四库刻本层。只证诗自称把卷待烹茶。不是起居注。不得写成起居注已开。
QH-A-YZ-0306,文字或数值陈述,QH-P-000002,reported_in_writing,四库本《世宗宪皇帝御制文集》雍邸集春暮登楼：坐惜芳华晚，登楼独举觞,康熙朝,1662-01-01,1722-12-31,约略,已采纳,QH-SU-YZ-YZWJ-0006P,巻之二十一；春暮登楼,坐惜芳華晩登樓獨舉觴,支持,明确记载,中,,四库刻本层。文集藩邸诗开端。不是诗题小序。不得与夜坐并成一篇。
QH-A-YZ-0307,文字或数值陈述,QH-P-000002,reported_in_writing,四库本《世宗宪皇帝御制文集》雍邸集春暮登楼：凭栏无限思，新月逗清光,康熙朝,1662-01-01,1722-12-31,约略,已采纳,QH-SU-YZ-YZWJ-0006Q,巻之二十一；春暮登楼,憑欄無限思新月逗清光,支持,明确记载,中,,四库刻本层。只证诗自称凭栏无限思。不是起居注，也不是实录日条。不得写成起居注已开。
QH-A-YZ-0308,文字或数值陈述,QH-P-000002,reported_in_writing,四库本《世宗宪皇帝御制文集》雍邸集月夜对落花有感：落花满径月朦胧，夜静闲吟料峭风,康熙朝,1662-01-01,1722-12-31,约略,已采纳,QH-SU-YZ-YZWJ-0006R,巻之二十一；月夜对落花有感,落花滿徑月朦朧夜靜閒吟料峭風,支持,明确记载,中,,四库刻本层。文集藩邸诗开端。不是诗题小序。不得与春暮登楼并成一篇。
QH-A-YZ-0309,文字或数值陈述,QH-P-000002,reported_in_writing,四库本《世宗宪皇帝御制文集》雍邸集月夜对落花有感：萋萋芳草春将去，冉冉韶光酒莫空,康熙朝,1662-01-01,1722-12-31,约略,已采纳,QH-SU-YZ-YZWJ-0006S,巻之二十一；月夜对落花有感,萋萋芳草春将去冉冉韶光酒莫空,支持,明确记载,中,,四库刻本层。只证诗自称春将去。不是起居注。不得写成起居注已开。
QH-A-YZ-0310,文字或数值陈述,QH-P-000002,reported_in_writing,四库本《世宗宪皇帝御制文集》雍邸集月下独酌：春月娟娟映水清，一斟一酌听泉声,康熙朝,1662-01-01,1722-12-31,约略,已采纳,QH-SU-YZ-YZWJ-0006T,巻之二十一；月下独酌,春月娟娟映水清一斟一酌聽泉聲,支持,明确记载,中,,四库刻本层。文集藩邸诗开端。不是诗题小序。不得与月夜对落花有感并成一篇。
QH-A-YZ-0311,文字或数值陈述,QH-P-000002,reported_in_writing,四库本《世宗宪皇帝御制文集》雍邸集月下独酌：微风暗拂花枝动，几点残红扑酒罂,康熙朝,1662-01-01,1722-12-31,约略,已采纳,QH-SU-YZ-YZWJ-0006U,巻之二十一；月下独酌,微風暗拂花枝動㡬㸃殘紅撲酒罌,支持,明确记载,中,,四库刻本层。只证诗自称微风暗拂。不是起居注，也不是实录日条。不得写成起居注已开。
QH-A-YZ-0312,文字或数值陈述,QH-P-000002,reported_in_writing,四库本《世宗宪皇帝御制文集》雍邸集春院小饮：春深红紫映楼台，槛外风香花尽开,康熙朝,1662-01-01,1722-12-31,约略,已采纳,QH-SU-YZ-YZWJ-0006V,巻之二十一；春院小饮,春深紅紫映樓臺檻外風香花盡開,支持,明确记载,中,,四库刻本层。文集藩邸诗开端。不是诗题小序。不得与月下独酌并成一篇。
QH-A-YZ-0313,文字或数值陈述,QH-P-000002,reported_in_writing,四库本《世宗宪皇帝御制文集》雍邸集春院小饮：东海玉盘看乍涌，恰逢童子抱尊来,康熙朝,1662-01-01,1722-12-31,约略,已采纳,QH-SU-YZ-YZWJ-0006W,巻之二十一；春院小饮,東海玉盤看乍湧恰逢童子抱尊来,支持,明确记载,中,,四库刻本层。只证诗自称东海玉盘乍涌。不是起居注。不得写成起居注已开。
QH-A-YZ-0314,文字或数值陈述,QH-P-000002,reported_in_writing,四库本《世宗宪皇帝御制文集》雍邸集雨霁：节届清和春未赊，看山不厌半云遮,康熙朝,1662-01-01,1722-12-31,约略,已采纳,QH-SU-YZ-YZWJ-0006X,巻之二十一；雨霁,節届清和春未賒㸔山不厭半雲遮,支持,明确记载,中,,四库刻本层。文集藩邸诗开端。不是诗题小序。不得与春院小饮并成一篇。
QH-A-YZ-0315,文字或数值陈述,QH-P-000002,reported_in_writing,四库本《世宗宪皇帝御制文集》雍邸集雨霁：微风扇暖蒸新雨，为我催开后院花,康熙朝,1662-01-01,1722-12-31,约略,已采纳,QH-SU-YZ-YZWJ-0006Y,巻之二十一；雨霁,微風扇暖蒸新雨為我催開後院花,支持,明确记载,中,,四库刻本层。只证诗自称微风扇暖蒸新雨。不是起居注，也不是祈雨祭文。不得并成一篇。不得写成起居注已开。
QH-A-YZ-0316,文字或数值陈述,QH-P-000002,reported_in_writing,四库本《世宗宪皇帝御制文集》雍邸集暮春：春暮饶佳景，闲行踏碧苔,康熙朝,1662-01-01,1722-12-31,约略,已采纳,QH-SU-YZ-YZWJ-0006Z,巻之二十一；暮春,春暮饒佳景閒行踏碧苔,支持,明确记载,中,,四库刻本层。文集藩邸诗开端。不是诗题小序。不得与春暮登楼并成一篇。
QH-A-YZ-0317,文字或数值陈述,QH-P-000002,reported_in_writing,四库本《世宗宪皇帝御制文集》雍邸集暮春：流光将入夏，更有牡丹开,康熙朝,1662-01-01,1722-12-31,约略,已采纳,QH-SU-YZ-YZWJ-0007A,巻之二十一；暮春,流光將入夏更有牡丹開,支持,明确记载,中,,四库刻本层。只证诗自称流光将入夏。不是起居注。不得写成起居注已开。
QH-A-YZ-0318,文字或数值陈述,QH-P-000002,reported_in_writing,四库本《世宗宪皇帝御制文集》雍邸集立夏：熏风吹水绿于苔，羲驭徐催朱夏来,康熙朝,1662-01-01,1722-12-31,约略,已采纳,QH-SU-YZ-YZWJ-0007B,巻之二十一；立夏,熏風吹水綠於苔羲馭徐催朱夏来,支持,明确记载,中,,四库刻本层。文集藩邸诗开端。不是诗题小序。不得与暮春并成一篇。
QH-A-YZ-0319,文字或数值陈述,QH-P-000002,reported_in_writing,四库本《世宗宪皇帝御制文集》雍邸集立夏：堤畔龙鳞皴古柏，庭前兔目绽新槐,康熙朝,1662-01-01,1722-12-31,约略,已采纳,QH-SU-YZ-YZWJ-0007C,巻之二十一；立夏,隄畔龍鱗皴古栢庭前兎目綻新槐,支持,明确记载,中,,四库刻本层。只证诗自称堤畔龙鳞、庭前兔目。不是起居注，也不是实录日条。不得写成起居注已开。
QH-A-YZ-0320,文字或数值陈述,QH-P-000002,reported_in_writing,四库本《世宗宪皇帝御制文集》雍邸集畅春园芍药花开作：首夏清和殿阁开，园中景物足徘徊,康熙朝,1662-01-01,1722-12-31,约略,已采纳,QH-SU-YZ-YZWJ-0007D,巻之二十一；畅春园芍药花开作,首夏清和殿閣開園中景物足徘徊,支持,明确记载,中,,四库刻本层。文集藩邸诗开端。不是圣祖起居注。不得写成畅春园逐日已开。
QH-A-YZ-0321,文字或数值陈述,QH-P-000002,reported_in_writing,四库本《世宗宪皇帝御制文集》雍邸集畅春园芍药花开作：更怜芍药临风好，香袭书帷锦作堆,康熙朝,1662-01-01,1722-12-31,约略,已采纳,QH-SU-YZ-YZWJ-0007E,巻之二十一；畅春园芍药花开作,更憐芍藥臨風好香襲書帷錦作堆,支持,明确记载,中,,四库刻本层。只证诗自称芍药临风。不是起居注。不得写成起居注已开。
QH-A-YZ-0322,文字或数值陈述,QH-P-000002,reported_in_writing,四库本《世宗宪皇帝御制文集》雍邸集花间小饮：长夏初临芍药开，薰风拂席送香来,康熙朝,1662-01-01,1722-12-31,约略,已采纳,QH-SU-YZ-YZWJ-0007F,巻之二十一；花间小饮,長夏初臨芍葯開薫風拂席送香來,支持,明确记载,中,,四库刻本层。文集藩邸诗开端。不是诗题小序。不得与畅春园芍药花开作并成一篇。
QH-A-YZ-0323,文字或数值陈述,QH-P-000002,reported_in_writing,四库本《世宗宪皇帝御制文集》雍邸集花间小饮：仙姿绰约翻红袖，月影婆娑照绿杯,康熙朝,1662-01-01,1722-12-31,约略,已采纳,QH-SU-YZ-YZWJ-0007G,巻之二十一；花间小饮,仙姿綽約翻紅袖月影婆娑照緑盃,支持,明确记载,中,,四库刻本层。只证诗自称仙姿绰约。不是起居注，也不是实录日条。不得写成起居注已开。
QH-A-YZ-0324,文字或数值陈述,QH-P-000002,reported_in_writing,四库本《世宗宪皇帝御制文集》雍邸集晓晴：晓起浮窗日色明，苔痕滋碧露光莹,康熙朝,1662-01-01,1722-12-31,约略,已采纳,QH-SU-YZ-YZWJ-0007H,巻之二十一；晓晴,曉起浮𥦗日色明苔㾗滋碧露光瑩,支持,明确记载,中,,四库刻本层。文集藩邸诗开端。不是诗题小序。不得与花间小饮并成一篇。
QH-A-YZ-0325,文字或数值陈述,QH-P-000002,reported_in_writing,四库本《世宗宪皇帝御制文集》雍邸集晓晴：春云漠漠寒偏峭，默乞天公十日晴,康熙朝,1662-01-01,1722-12-31,约略,已采纳,QH-SU-YZ-YZWJ-0007I,巻之二十一；晓晴,春雲漠漠寒偏峭黙乞天公十日晴,支持,明确记载,中,,四库刻本层。只证诗自称默乞天公十日晴。不是起居注。不得写成起居注已开。
QH-A-YZ-0326,文字或数值陈述,QH-P-000002,reported_in_writing,四库本《世宗宪皇帝御制文集》雍邸集宫中直宿作：宝殿烛辉煌，承恩宿未央,康熙朝,1662-01-01,1722-12-31,约略,已采纳,QH-SU-YZ-YZWJ-0007J,巻之二十一；宫中直宿作,寳殿燭煇煌承恩宿未央,支持,明确记载,中,,四库刻本层。文集藩邸诗开端。不是起居注。不得与晓晴并成一篇。不得写成起居注已开。
QH-A-YZ-0327,文字或数值陈述,QH-P-000002,reported_in_writing,四库本《世宗宪皇帝御制文集》雍邸集宫中直宿作：太平无一事，常愿奉君王,康熙朝,1662-01-01,1722-12-31,约略,已采纳,QH-SU-YZ-YZWJ-0007K,巻之二十一；宫中直宿作,太平無一事常願奉君王,支持,明确记载,中,,四库刻本层。只证诗自称常愿奉君王。不是起居注，也不是实录日条。不得写成起居注已开。
QH-A-YZ-0328,文字或数值陈述,QH-P-000002,reported_in_edict,四库本《世宗宪皇帝圣训》卷一圣德：雍正元年癸卯七月丙午上谕，朕惟自古帝王抚御寰区，治化隆盛,雍正元年七月丙午,1723-08-25,1723-08-25,约略,已采纳,QH-SU-YZ-SX-0001B,卷一；圣德一,雍正元年癸卯七月丙午上諭諸王大臣及内外文武官員等朕惟自古帝王撫御寰區治化隆盛,支持,明确记载,中,,四库刻本层。圣训分类辑录开端。不是实录日条，也不是乾隆序。不得并成一篇。公历依通行年表，待历法库复核。
QH-A-YZ-0329,文字或数值陈述,QH-P-000002,reported_in_edict,四库本《世宗宪皇帝圣训》卷一圣德：特宣布中外，于朕诞日毋得建立祝寿道场,雍正元年七月丙午,1723-08-25,1723-08-25,约略,已采纳,QH-SU-YZ-SX-0001C,卷一；圣德一,特宣布中外於朕誕日毋得建立祝壽道場,支持,明确记载,中,,四库刻本层。只证圣训辑录此谕自称毋得建立祝寿道场。不是实录日条，也不是起居注。不证京师及直省已经停建。
QH-A-YZ-0330,文字或数值陈述,QH-P-000002,reported_in_edict,四库本《世宗宪皇帝圣训》卷一圣德：十一月丁酉上谕礼部，孔子道冠古今，为万世师表,雍正元年十一月丁酉,1723-12-23,1723-12-23,约略,已采纳,QH-SU-YZ-SX-0001D,卷一；圣德一,十一月丁酉上諭禮部孔子道冠古今爲萬世師表,支持,明确记载,中,,四库刻本层。圣训分类辑录。不是实录日条。不得与七月丙午诞日条并成一篇。公历依通行年表，待历法库复核。
QH-A-YZ-0331,文字或数值陈述,QH-P-000002,reported_in_edict,四库本《世宗宪皇帝圣训》卷一圣德：俾庙貌聿新，以申景慕，朕将亲诣焉,雍正元年十一月丁酉,1723-12-23,1723-12-23,约略,已采纳,QH-SU-YZ-SX-0001E,卷一；圣德一,俾廟貌聿新以申景慕朕將親詣焉,支持,明确记载,中,,四库刻本层。只证圣训辑录此谕自称朕将亲诣。不是实录日条，也不是工部档册。不证已经亲诣，也不证工程已经核销。
QH-A-YZ-0332,文字或数值陈述,QH-P-000002,reported_in_edict,四库本《世宗宪皇帝圣训》卷一圣德：雍正二年甲辰二月辛酉上谕礼部，帝王临雍大典所以尊师重道为教化之本,雍正二年二月辛酉,1724-03-16,1724-03-16,约略,已采纳,QH-SU-YZ-SX-0001F,卷一；圣德一,雍正二年甲辰二月辛酉上諭禮部帝王臨雍大典所以尊師重道爲敎化之本,支持,明确记载,中,,四库刻本层。圣训分类辑录。不是实录日条。不得与十一月丁酉国学条并成一篇。公历依通行年表，待历法库复核。
QH-A-YZ-0333,文字或数值陈述,QH-P-000002,reported_in_edict,四库本《世宗宪皇帝圣训》卷一圣德：嗣后一应奏章记注将幸字改为诣字，以申崇敬,雍正二年二月辛酉,1724-03-16,1724-03-16,约略,已采纳,QH-SU-YZ-SX-0001G,卷一；圣德一,嗣後一應奏章記注將幸字改爲詣字以申崇敬,支持,明确记载,中,,四库刻本层。只证圣训辑录此谕自称将幸字改为诣字。不是实录日条，也不是会典本书。不证已经亲诣。
QH-A-YZ-0334,文字或数值陈述,QH-P-000002,reported_in_edict,四库本《世宗宪皇帝圣训》卷一圣德：六月甲午衍圣公孔传铎奏报阙里圣庙灾，六月初九日申时大雷电火自鸱吻中出,雍正二年六月甲午,1724-07-01,1724-07-31,约略,已采纳,QH-SU-YZ-SX-0001H,卷一；圣德一,六月甲午衍聖公孔傳鐸奏報闕里聖廟灾六月初九日申時大雷電火自鴟吻中出,支持,明确记载,中,,四库刻本层。圣训分类辑录。不是实录日条，也不是修建阙里圣庙碑文。不得并成一篇。公历依通行年表，待历法库复核。
QH-A-YZ-0335,文字或数值陈述,QH-P-000002,reported_in_edict,四库本《世宗宪皇帝圣训》卷一圣德：先师大成殿及两庑俱毁，圣像神位移奉新建崇圣祠内，幸得无恙,雍正二年六月甲午,1724-07-01,1724-07-31,约略,已采纳,QH-SU-YZ-SX-0001I,卷一；圣德一,先師大成殿及兩廡俱燬聖像神位移奉新建崇聖祠内幸得無恙,支持,明确记载,中,,四库刻本层。只证圣训辑录奏报自称大成殿及两庑俱毁。不是工部档册，也不是阙里原石。不得与修建阙里圣庙碑文并成一篇。不证工程已经核销。
QH-A-YZ-0336,文字或数值陈述,QH-P-000002,reported_in_edict,四库本《世宗宪皇帝圣训》卷一圣德：谨拟亲诣国学文庙虔申祭奠，宣读告文,雍正二年六月甲午,1724-07-01,1724-07-31,约略,已采纳,QH-SU-YZ-SX-0001J,卷一；圣德一,謹擬親詣國學文廟䖍申祭奠宣讀告文,支持,明确记载,中,,四库刻本层。只证圣训辑录此谕自称拟亲诣国学祭奠。不是实录日条。不得与元年十一月丁酉国学条并成一篇。不证已经亲诣。
QH-A-YZ-0337,文字或数值陈述,QH-P-000002,reported_in_edict,四库本《世宗宪皇帝圣训》卷一圣德：遣工部堂官一员会同该抚作速计材料工择日兴修,雍正二年六月甲午,1724-07-01,1724-07-31,约略,已采纳,QH-SU-YZ-SX-0001K,卷一；圣德一,遣工部堂官一員㑹同該撫作速計材料工擇日興修,支持,明确记载,中,,四库刻本层。只证圣训辑录此谕自称遣官兴修。不是工部档册，也不是修建阙里圣庙碑文。不得并成一篇。不证工程已经核销。
QH-A-YZ-0338,文字或数值陈述,QH-P-000002,reported_in_edict,四库本《世宗宪皇帝圣训》卷一圣德：七月甲辰，若以飞鸦食蝗为瑞，则起蝗之初得无有由乎,雍正二年七月甲辰,1724-08-01,1724-08-31,约略,已采纳,QH-SU-YZ-SX-0001L,卷一；圣德一,若以飛鴉食蝗爲瑞則起蝗之初得無有由乎,支持,明确记载,中,,四库刻本层。圣训分类辑录。不是实录日条，也不是七曜会聚记。不得与阙里灾条并成一篇。公历依通行年表，待历法库复核。
QH-A-YZ-0339,文字或数值陈述,QH-P-000002,reported_in_edict,四库本《世宗宪皇帝圣训》卷一圣德：非以为瑞也，其发抄及宣付史馆俱不必行,雍正二年七月甲辰,1724-08-01,1724-08-31,约略,已采纳,QH-SU-YZ-SX-0001M,卷一；圣德一,非以爲瑞也其發抄及宣付史館俱不必行,支持,明确记载,中,,四库刻本层。只证圣训辑录此谕自称非以为瑞、发抄史馆俱不必行。不是实录日条，也不是起居注。不证蝗灾已经核销。
QH-A-YZ-0340,文字或数值陈述,QH-P-000002,reported_in_edict,四库本《世宗宪皇帝圣训》卷一圣德：据钦天监奏称雍正三年二月二日庚午日月合璧以同明五星联珠而共贯,雍正三年正月戊辰,1725-02-01,1725-02-28,约略,已采纳,QH-SU-YZ-SX-0001N,卷一；圣德一,據欽天監奏稱雍正三年二月二日庚午日月合璧以同明五星聯珠而共貫,支持,明确记载,中,,四库刻本层。圣训分类辑录。不是实录日条，也不是七曜会聚记。不得与飞鸦食蝗并成一篇。公历依通行年表，待历法库复核。
QH-A-YZ-0341,文字或数值陈述,QH-P-000002,reported_in_edict,四库本《世宗宪皇帝圣训》卷一圣德：朕方临御二载，有何功德遽能致此嘉祥,雍正三年正月戊辰,1725-02-01,1725-02-28,约略,已采纳,QH-SU-YZ-SX-0001O,卷一；圣德一,朕方臨御二載有何功德遽能致此嘉祥,支持,明确记载,中,,四库刻本层。只证圣训辑录此谕自称临御二载不敢自居嘉祥。不是实录日条，也不是七曜会聚记。不证天瑞已经应验。
QH-A-YZ-0342,文字或数值陈述,QH-P-000002,reported_in_edict,四库本《世宗宪皇帝圣训》卷一圣德：据奏二月二日庚午日月合璧五星联珠为亘古难逢之大瑞，请升殿庆贺,雍正三年二月己巳,1725-03-01,1725-03-31,约略,已采纳,QH-SU-YZ-SX-0001P,卷一；圣德一,據奏二月二日庚午日月合璧五星聯珠爲亘古難逢之大瑞請陞殿慶賀,支持,明确记载,中,,四库刻本层。圣训分类辑录。不是实录日条。不得与正月戊辰条并成一篇。公历依通行年表，待历法库复核。
QH-A-YZ-0343,文字或数值陈述,QH-P-000002,reported_in_edict,四库本《世宗宪皇帝圣训》卷一圣德：在皇考为福钟善庆之余，在朕躬为迎迓天庥之始,雍正三年二月己巳,1725-03-01,1725-03-31,约略,已采纳,QH-SU-YZ-SX-0001Q,卷一；圣德一,在皇考爲福鍾善慶之餘在朕躬爲迎迓天庥之始,支持,明确记载,中,,四库刻本层。只证圣训辑录此谕自称嘉祥在皇考为余、在朕躬为始。不是实录日条，也不是七曜会聚记。不证已经升殿，也不证天瑞已经应验。
QH-A-YZ-0344,文字或数值陈述,QH-P-000002,reported_in_edict,四库本《世宗宪皇帝圣训》卷一圣德：升殿受贺不必举行,雍正三年二月己巳,1725-03-01,1725-03-31,约略,已采纳,QH-SU-YZ-SX-0001R,卷一；圣德一,陞殿受賀不必舉行,支持,明确记载,中,,四库刻本层。只证圣训辑录此谕自称升殿受贺不必举行。不是实录日条，也不是会典本书。不得与正月戊辰条并成一篇。不证典礼已经改订。
QH-A-YZ-0345,文字或数值陈述,QH-P-000002,reported_in_edict,四库本《世宗宪皇帝圣训》卷一圣德：应遣官告祭景陵，以昭祥瑞之自,雍正三年二月己巳,1725-03-01,1725-03-31,约略,已采纳,QH-SU-YZ-SX-0001S,卷一；圣德一,應遣官告祭景陵以昭祥瑞之自,支持,明确记载,中,,四库刻本层。只证圣训辑录此谕自称应遣官告祭景陵。不是实录日条，也不是日月合璧五星联珠告祭景陵文。不得并成一篇。不证已经告祭。
QH-A-YZ-0346,文字或数值陈述,QH-P-000002,reported_in_edict,四库本《世宗宪皇帝圣训》卷一圣德：庚午诸王大臣等复奏请皇上升殿受贺,雍正三年二月庚午,1725-03-01,1725-03-31,约略,已采纳,QH-SU-YZ-SX-0001T,卷一；圣德一,庚午諸王大臣等復奏請皇上陞殿受賀,支持,明确记载,中,,四库刻本层。圣训分类辑录。不是实录日条。不得与二月己巳条并成一篇。公历依通行年表，待历法库复核。
QH-A-YZ-0347,文字或数值陈述,QH-P-000002,reported_in_edict,四库本《世宗宪皇帝圣训》卷一圣德：所奏升殿庆贺不必行,雍正三年二月庚午,1725-03-01,1725-03-31,约略,已采纳,QH-SU-YZ-SX-0001U,卷一；圣德一,所奏陞殿慶賀不必行,支持,明确记载,中,,四库刻本层。只证圣训辑录此谕自称升殿庆贺不必行。不是实录日条，也不是会典本书。不证典礼已经改订。
QH-A-YZ-0348,文字或数值陈述,QH-P-000002,reported_in_edict,四库本《世宗宪皇帝圣训》卷一圣德：四月己巳，凡人谁无父母，为人子者无不欲其父母常存,雍正三年四月己巳,1725-05-01,1725-05-31,约略,已采纳,QH-SU-YZ-SX-0001V,卷一；圣德一,凡人誰無父母爲人子者無不欲其父母常存,支持,明确记载,中,,四库刻本层。圣训分类辑录。不是实录日条，也不是吏部原议。不得与庚午升殿条并成一篇。公历依通行年表，待历法库复核。
QH-A-YZ-0349,文字或数值陈述,QH-P-000002,reported_in_edict,四库本《世宗宪皇帝圣训》卷一圣德：似此不仁之语，朕不惟不忍降旨，亦不忍阅览,雍正三年四月己巳,1725-05-01,1725-05-31,约略,已采纳,QH-SU-YZ-SX-0001W,卷一；圣德一,似此不仁之語朕不惟不忍降㫖亦不忍閱覽,支持,明确记载,中,,四库刻本层。只证圣训辑录此谕自称不忍降旨阅览。不是实录日条，也不是吏部原议。不证董玘已经终养。
QH-A-YZ-0350,文字或数值陈述,QH-P-000002,reported_in_edict,四库本《世宗宪皇帝圣训》卷一圣德：今年京城附近地方虽雨水霑足，然山东河南两省尚未得雨,雍正三年四月癸未,1725-05-01,1725-05-31,约略,已采纳,QH-SU-YZ-SX-0001X,卷一；圣德一,今年京城附近地方雖雨水霑足然山東河南兩省尚未得雨,支持,明确记载,中,,四库刻本层。圣训分类辑录。不是实录日条，也不是祈雨祭文。不得与四月己巳董玘条并成一篇。公历依通行年表，待历法库复核。
QH-A-YZ-0351,文字或数值陈述,QH-P-000002,reported_in_edict,四库本《世宗宪皇帝圣训》卷一圣德：进膳肴羞宜为撤减，著每日只用菜蔬二器饼饵二器满菜二器,雍正三年四月癸未,1725-05-01,1725-05-31,约略,已采纳,QH-SU-YZ-SX-0001Y,卷一；圣德一,進膳餚羞宜爲撤減著每日只用菜蔬二器餅餌二器滿菜二器,支持,明确记载,中,,四库刻本层。只证圣训辑录此谕自称进膳撤减。不是实录日条，也不是内府档册。不证已经得雨。
QH-A-YZ-0352,文字或数值陈述,QH-P-000002,reported_in_edict,四库本《世宗宪皇帝圣训》卷一圣德：朕轸念民生，蠲租赐复，不过行吾心之所安,雍正三年五月癸丑,1725-06-01,1725-06-30,约略,已采纳,QH-SU-YZ-SX-0001Z,卷一；圣德一,朕軫念民生蠲租賜復不過行吾心之所安,支持,明确记载,中,,四库刻本层。圣训分类辑录。不是实录日条。不得与四月癸未减膳条并成一篇。公历依通行年表，待历法库复核。
QH-A-YZ-0353,文字或数值陈述,QH-P-000002,reported_in_edict,四库本《世宗宪皇帝圣训》卷一圣德：其碑亭建造之处，概行停止,雍正三年五月癸丑,1725-06-01,1725-06-30,约略,已采纳,QH-SU-YZ-SX-0002A,卷一；圣德一,其碑亭建造之處槩行停止,支持,明确记载,中,,四库刻本层。只证圣训辑录此谕自称碑亭建造之处概行停止。不是实录日条。不得与诞日道场条并成一篇。不证苏松已经停建。
QH-A-YZ-0354,文字或数值陈述,QH-P-000002,reported_in_edict,四库本《世宗宪皇帝圣训》卷一圣德：八月癸酉，古有讳名之礼，所以昭诚敬致尊崇也,雍正三年八月癸酉,1725-09-01,1725-09-30,约略,已采纳,QH-SU-YZ-SX-0002B,卷一；圣德一,古有諱名之禮所以昭誠敬致尊崇也,支持,明确记载,中,,四库刻本层。圣训分类辑录。不是实录日条，也不是会典本书。不得与五月癸丑蠲租条并成一篇。公历依通行年表，待历法库复核。
QH-A-YZ-0355,文字或数值陈述,QH-P-000002,reported_in_edict,四库本《世宗宪皇帝圣训》卷一圣德：凡直省地名有同圣讳者，或改读某音，或另易他字,雍正三年八月癸酉,1725-09-01,1725-09-30,约略,已采纳,QH-SU-YZ-SX-0002C,卷一；圣德一,凡直省地名有同聖諱者或改讀某音或另易他字,支持,明确记载,中,,四库刻本层。只证圣训辑录此谕自称会议改读或另易。不是实录日条。不得与十二月圣讳条并成一篇。不证地名已经改易。
QH-A-YZ-0356,文字或数值陈述,QH-P-000002,reported_in_edict,四库本《世宗宪皇帝圣训》卷一圣德：九月壬寅，耤田嘉谷虽有九穗之瑞，但今岁畿辅地方被水，小民乏食,雍正三年九月壬寅,1725-10-01,1725-10-31,约略,已采纳,QH-SU-YZ-SX-0002D,卷一；圣德一,耤田嘉穀雖有九穗之瑞但今歲畿輔地方被水小民乏食,支持,明确记载,中,,四库刻本层。圣训分类辑录。不是实录日条。不得与飞鸦食蝗或日月合璧条并成一篇。公历依通行年表，待历法库复核。
QH-A-YZ-0357,文字或数值陈述,QH-P-000002,reported_in_edict,四库本《世宗宪皇帝圣训》卷一圣德：所请撰文勒石不必行,雍正三年九月壬寅,1725-10-01,1725-10-31,约略,已采纳,QH-SU-YZ-SX-0002E,卷一；圣德一,所請撰文勒石不必行,支持,明确记载,中,,四库刻本层。只证圣训辑录此谕自称撰文勒石不必行。不是实录日条。不得与五月癸丑禁碑亭条并成一篇。不证嘉禾已经核验。
QH-A-YZ-0358,文字或数值陈述,QH-P-000002,reported_in_edict,四库本《世宗宪皇帝圣训》卷一圣德：嗣后除四书五经外，凡遇此字并用邱字,雍正三年十二月庚寅,1725-12-01,1726-01-31,约略,已采纳,QH-SU-YZ-SX-0002F,卷一；圣德一,嗣後除四書五經外凡遇此字竝用邱字,支持,明确记载,中,,四库刻本层。圣训分类辑录。不是实录日条。不得与八月癸酉讳名条并成一篇。公历依通行年表，待历法库复核。
QH-A-YZ-0359,文字或数值陈述,QH-P-000002,reported_in_edict,四库本《世宗宪皇帝圣训》卷一圣德：地名亦不必改易，但加偏旁读作期音,雍正三年十二月庚寅,1725-12-01,1726-01-31,约略,已采纳,QH-SU-YZ-SX-0002G,卷一；圣德一,地名亦不必改易但加偏旁讀作期音,支持,明确记载,中,,四库刻本层。只证圣训辑录此谕自称地名不必改易、加偏旁读作期音。不是会典本书。不得与八月癸酉改读或另易并成一篇。不证地名已经改易。
QH-A-YZ-0360,文字或数值陈述,QH-P-000002,reported_in_edict,四库本《世宗宪皇帝圣训》卷一圣德：四年八月丁卯上亲祭先师孔子，仪注内开献帛进酒皆不跪,雍正四年八月丁卯,1726-09-01,1726-09-30,约略,已采纳,QH-SU-YZ-SX-0002H,卷一；圣德一,儀注内開獻帛進酒皆不跪,支持,明确记载,中,,四库刻本层。圣训分类辑录。不是实录日条。不得与元年十一月丁酉国学条或二年临雍条并成一篇。公历依通行年表，待历法库复核。
QH-A-YZ-0361,文字或数值陈述,QH-P-000002,reported_in_edict,四库本《世宗宪皇帝圣训》卷一圣德：朕今跪献非误也，可记档案，以后照此遵行,雍正四年八月丁卯,1726-09-01,1726-09-30,约略,已采纳,QH-SU-YZ-SX-0002I,卷一；圣德一,朕今跪獻非誤也可記檔案以後照此遵行,支持,明确记载,中,,四库刻本层。只证圣训辑录此谕自称跪献非误、可记档案。不是会典本书，也不是太常档。不证典礼已经改订。
QH-A-YZ-0362,文字或数值陈述,QH-P-000002,reported_in_edict,四库本《世宗宪皇帝圣训》卷一圣德：今年朕万寿节礼部奏请庆贺，朕降旨停止,雍正四年十月庚申,1726-11-01,1726-11-30,约略,已采纳,QH-SU-YZ-SX-0002J,卷一；圣德一,今年朕萬壽節禮部奏請慶賀朕降㫖停止,支持,明确记载,中,,四库刻本层。圣训分类辑录。不是实录日条。不得与元年七月丙午诞日道场条并成一篇。公历依通行年表，待历法库复核。
QH-A-YZ-0363,文字或数值陈述,QH-P-000002,reported_in_edict,四库本《世宗宪皇帝圣训》卷一圣德：如万寿节不行庆贺礼，乃事之易行者，著仍遵前旨,雍正四年十月庚申,1726-11-01,1726-11-30,约略,已采纳,QH-SU-YZ-SX-0002K,卷一；圣德一,如萬壽節不行慶賀禮乃事之易行者著仍遵前㫖,支持,明确记载,中,,四库刻本层。只证圣训辑录此谕自称万寿节不行庆贺礼、著仍遵前旨。不是实录日条，也不是会典本书。不证已经停办。
QH-A-YZ-0364,文字或数值陈述,QH-P-000002,reported_in_edict,四库本《世宗宪皇帝圣训》卷一圣德：三月十八日为皇考圣祖仁皇帝万寿圣节，旧例于是日虔诚斋肃禁止屠宰，今应永远遵行,雍正五年二月甲子,1727-03-01,1727-03-31,约略,已采纳,QH-SU-YZ-SX-0002L,卷一；圣德一,舊例於是日䖍誠齋肅禁止屠宰今應永逺遵行,支持,明确记载,中,,四库刻本层。圣训分类辑录。不是实录日条。不得与四年十月庚申万寿停庆贺或元年诞日道场并成一篇。公历依通行年表，待历法库复核。
QH-A-YZ-0365,文字或数值陈述,QH-P-000002,reported_in_edict,四库本《世宗宪皇帝圣训》卷一圣德：至圣先师孔子师表万世，八月二十七日为圣诞之期，亦应虔肃致敬,雍正五年二月甲子,1727-03-01,1727-03-31,约略,已采纳,QH-SU-YZ-SX-0002M,卷一；圣德一,至聖先師孔子師表萬世八月二十七日爲聖誕之期亦應䖍肅致敬,支持,明确记载,中,,四库刻本层。只证圣训辑录此谕自称孔子圣诞亦应虔肃致敬。不是实录日条。不得与元年十一月丁酉国学条并成一篇。不证已经永远遵行。
QH-A-YZ-0366,文字或数值陈述,QH-P-000002,reported_in_edict,四库本《世宗宪皇帝圣训》卷一圣德：特于京城寺庙设立经坛以申颂祝之意，此举甚为虚妄,雍正五年闰三月乙酉,1727-04-01,1727-05-31,约略,已采纳,QH-SU-YZ-SX-0002N,卷一；圣德一,特於京城寺廟設立經壇以申頌祝之意此舉甚爲虛妄,支持,明确记载,中,,四库刻本层。圣训分类辑录。不是实录日条。不得与四年十月庚申万寿停庆贺或五年二月甲子条并成一篇。公历依通行年表，待历法库复核。
QH-A-YZ-0367,文字或数值陈述,QH-P-000002,reported_in_edict,四库本《世宗宪皇帝圣训》卷一圣德：其所设经坛即行禁止,雍正五年闰三月乙酉,1727-04-01,1727-05-31,约略,已采纳,QH-SU-YZ-SX-0002O,卷一；圣德一,其所設經壇即行禁止,支持,明确记载,中,,四库刻本层。只证圣训辑录此谕自称其所设经坛即行禁止。不是实录日条。不得与元年七月丙午诞日道场条并成一篇。不证已经停建。
QH-A-YZ-0368,文字或数值陈述,QH-P-000002,reported_in_edict,四库本《世宗宪皇帝圣训》卷一圣德：欲购觅玩好之物以为进献者，此举尤为不可,雍正五年闰三月乙酉,1727-04-01,1727-05-31,约略,已采纳,QH-SU-YZ-SX-0002P,卷一；圣德一,欲購覔玩好之物以爲進獻者此舉尤爲不可,支持,明确记载,中,,四库刻本层。圣训分类辑录。不是实录日条。不得与同日禁经坛句或四年十月庚申万寿停庆贺并成一篇。公历依通行年表，待历法库复核。
QH-A-YZ-0369,文字或数值陈述,QH-P-000002,reported_in_edict,四库本《世宗宪皇帝圣训》卷一圣德：傥别有玩赏之物，概不寓目,雍正五年闰三月乙酉,1727-04-01,1727-05-31,约略,已采纳,QH-SU-YZ-SX-0002Q,卷一；圣德一,儻别有玩賞之物槩不寓目,支持,明确记载,中,,四库刻本层。只证圣训辑录此谕自称玩赏之物概不寓目。不是内府档册，也不是会典本书。不证督抚已经停献。
QH-A-YZ-0370,文字或数值陈述,QH-P-000002,reported_in_edict,四库本《世宗宪皇帝圣训》卷一圣德：在藩邸数十年所蓄器玩颇有,雍正五年闰三月乙酉,1727-04-01,1727-05-31,约略,已采纳,QH-SU-YZ-SX-0002R,卷一；圣德一,在藩邸數十年所蓄器玩頗有,支持,明确记载,中,,四库刻本层。只证圣训辑录此谕自称藩邸所蓄器玩颇有。不是内府档册，也不是藩邸清册。不得与同日禁经坛句并成一篇。不证藩邸藏品已经核验。
QH-A-YZ-0371,文字或数值陈述,QH-P-000002,reported_in_edict,四库本《世宗宪皇帝圣训》卷一圣德：当日二阿哥在东宫时广蓄奇巧珍贵之物，数倍于皇考宫中之所有,雍正五年闰三月乙酉,1727-04-01,1727-05-31,约略,已采纳,QH-SU-YZ-SX-0002S,卷一；圣德一,當日二阿哥在東宫時廣蓄竒巧珍貴之物數倍於皇考宫中之所有,支持,明确记载,中,,四库刻本层。只证圣训辑录此谕自称二阿哥广蓄。不是实录日条，也不是东宫档。不证已经广蓄。
QH-A-YZ-0372,文字或数值陈述,QH-P-000002,reported_in_edict,四库本《世宗宪皇帝圣训》卷一圣德：行一利民之政，胜于献希世之珍也,雍正五年闰三月乙酉,1727-04-01,1727-05-31,约略,已采纳,QH-SU-YZ-SX-0002T,卷一；圣德一,行一利民之政勝於獻希世之珍也,支持,明确记载,中,,四库刻本层。圣训分类辑录。不是实录日条。不得与同日禁经坛句并成一篇。公历依通行年表，待历法库复核。
QH-A-YZ-0373,文字或数值陈述,QH-P-000002,reported_in_edict,四库本《世宗宪皇帝圣训》卷一圣德：荐一可用之才，胜于贡连城之宝也,雍正五年闰三月乙酉,1727-04-01,1727-05-31,约略,已采纳,QH-SU-YZ-SX-0002U,卷一；圣德一,薦一可用之才勝於貢連城之寳也,支持,明确记载,中,,四库刻本层。只证圣训辑录此谕自称荐才胜于贡宝。不是吏部档册，也不是会典本书。不证已经荐才。
QH-A-YZ-0374,文字或数值陈述,QH-P-000002,reported_in_edict,四库本《世宗宪皇帝圣训》卷一圣德：当年皇考五十万寿时，朕再三恳请庆贺，不蒙俞允,雍正五年闰三月乙酉,1727-04-01,1727-05-31,约略,已采纳,QH-SU-YZ-SX-0002V,卷一；圣德一,當年皇考五十萬壽時朕再三懇請慶賀不蒙俞允,支持,明确记载,中,,四库刻本层。圣训分类辑录。不是实录日条。不得与四年十月庚申万寿停庆贺并成一篇。公历依通行年表，待历法库复核。
QH-A-YZ-0375,文字或数值陈述,QH-P-000002,reported_in_edict,四库本《世宗宪皇帝圣训》卷一圣德：至于设立经坛建立碑亭等事，在皇考当日甚鄙而厌之,雍正五年闰三月乙酉,1727-04-01,1727-05-31,约略,已采纳,QH-SU-YZ-SX-0002W,卷一；圣德一,至於設立經壇建立碑亭等事在皇考當日甚鄙而厭之,支持,明确记载,中,,四库刻本层。只证圣训辑录此谕自称皇考鄙厌经坛碑亭。不是实录日条。不得与同日禁经坛句并成一篇。不证已经停建。
QH-A-YZ-0376,文字或数值陈述,QH-P-000002,reported_in_edict,四库本《世宗宪皇帝圣训》卷一圣德：四月辛丑，朕今年五十已有谕旨不行庆贺礼,雍正五年四月辛丑,1727-05-01,1727-05-31,约略,已采纳,QH-SU-YZ-SX-0002X,卷一；圣德一,朕今年五十已有諭㫖不行慶賀禮,支持,明确记载,中,,四库刻本层。圣训分类辑录。不是实录日条。不得与闰三月乙酉或四年十月庚申并成一篇。公历依通行年表，待历法库复核。
QH-A-YZ-0377,文字或数值陈述,QH-P-000002,reported_in_edict,四库本《世宗宪皇帝圣训》卷一圣德：外任诸臣俱不必具本奏请来京，只照常年之例行,雍正五年四月辛丑,1727-05-01,1727-05-31,约略,已采纳,QH-SU-YZ-SX-0002Y,卷一；圣德一,外任諸臣俱不必具本奏請來京只照常年之例行,支持,明确记载,中,,四库刻本层。只证圣训辑录此谕自称外任不必来京。不是实录日条，也不是会典本书。不证已经停办。
QH-A-YZ-0378,文字或数值陈述,QH-P-000002,reported_in_edict,四库本《世宗宪皇帝圣训》卷一圣德：其各省耆民等若有欲来京庆祝者，著地方官切止之,雍正五年四月辛丑,1727-05-01,1727-05-31,约略,已采纳,QH-SU-YZ-SX-0002Z,卷一；圣德一,其各省耆民等若有欲來京慶祝者著地方官切止之,支持,明确记载,中,,四库刻本层。圣训分类辑录。不是实录日条。不得与闰三月乙酉并成一篇。公历依通行年表，待历法库复核。
QH-A-YZ-0379,文字或数值陈述,QH-P-000002,reported_in_edict,四库本《世宗宪皇帝圣训》卷一圣德：若有指称万寿建立经坛或聚集梨园喧哗糜费者，尤宜严禁,雍正五年四月辛丑,1727-05-01,1727-05-31,约略,已采纳,QH-SU-YZ-SX-0003A,卷一；圣德一,若有指稱萬壽建立經壇或聚集梨園諠譁糜費者尤宜嚴禁,支持,明确记载,中,,四库刻本层。只证圣训辑录此谕自称尤宜严禁。不是实录日条。不得与闰三月禁经坛句并成一篇。不证已经停建。
QH-A-YZ-0380,文字或数值陈述,QH-P-000002,reported_in_edict,四库本《世宗宪皇帝圣训》卷一圣德：六月丙申御制黄河澄清碑文,雍正五年六月丙申,1727-07-01,1727-07-31,约略,已采纳,QH-SU-YZ-SX-0003B,卷一；圣德一,六月丙申御製黄河澄清碑文,支持,明确记载,中,,四库刻本层。圣训分类辑录。不是文集巻之十五黄河澄清碑记，也不是原石。不得并成一篇。公历依通行年表，待历法库复核。
QH-A-YZ-0381,文字或数值陈述,QH-P-000002,reported_in_edict,四库本《世宗宪皇帝圣训》卷一圣德：黄河自陕西府谷县历山西河南山东以至江南之桃源冰开水清,雍正五年六月丙申,1727-07-01,1727-07-31,约略,已采纳,QH-SU-YZ-SX-0003C,卷一；圣德一,黄河自陜西府谷縣歴山西河南山東以至江南之桃源冰開水清,支持,明确记载,中,,四库刻本层。只证圣训辑录碑文自称河清。不是河臣原奏，也不是文集巻之十五。不证天瑞已经应验。
QH-A-YZ-0382,文字或数值陈述,QH-P-000002,reported_in_edict,四库本《世宗宪皇帝圣训》卷一圣德：自古圣帝贤王皆务实心实政，不以祥瑞为尚,雍正五年十月己亥,1727-11-01,1727-11-30,约略,已采纳,QH-SU-YZ-SX-0003D,卷一；圣德一,自古聖帝賢王皆務實心實政不以祥瑞爲尚,支持,明确记载,中,,四库刻本层。圣训分类辑录。不是实录日条。不得与九月壬寅耤田嘉禾或飞鸦食蝗并成一篇。公历依通行年表，待历法库复核。
QH-A-YZ-0383,文字或数值陈述,QH-P-000002,reported_in_edict,四库本《世宗宪皇帝圣训》卷一圣德：著将雍正五年以后各省田亩所产嘉禾俱停其进献奏闻,雍正五年十月己亥,1727-11-01,1727-11-30,约略,已采纳,QH-SU-YZ-SX-0003E,卷一；圣德一,著將雍正五年以後各省田畝所産嘉禾俱停其進獻奏聞,支持,明确记载,中,,四库刻本层。只证圣训辑录此谕自称五年以后嘉禾停进。不是户部档册。不证已经停进。
QH-A-YZ-0384,文字或数值陈述,QH-P-000002,reported_in_edict,四库本《世宗宪皇帝圣训》卷一圣德：朕每恭读圣祖仁皇帝实录，必虔加顶礼然后展诵,雍正五年十一月丙子,1727-12-01,1727-12-31,约略,已采纳,QH-SU-YZ-SX-0003F,卷一；圣德一,朕每恭讀聖祖仁皇帝實録必䖍加頂禮然後展誦,支持,明确记载,中,,四库刻本层。圣训分类辑录。不是圣祖实录本书，也不是乾隆御制序。不得与十月己亥停进嘉禾并成一篇。公历依通行年表，待历法库复核。
QH-A-YZ-0385,文字或数值陈述,QH-P-000002,reported_in_edict,四库本《世宗宪皇帝圣训》卷一圣德：每遇圣祖尊号，必顶礼致敬，不敢平视,雍正五年十一月丙子,1727-12-01,1727-12-31,约略,已采纳,QH-SU-YZ-SX-0003G,卷一；圣德一,每遇聖祖尊號必頂禮致敬不敢平視,支持,明确记载,中,,四库刻本层。只证圣训辑录此谕自称每遇尊号必顶礼。不是圣祖实录本书，也不是起居注。不证每次已经顶礼。
QH-A-YZ-0386,文字或数值陈述,QH-P-000002,reported_in_edict,四库本《世宗宪皇帝圣训》卷二圣德：据广东总督孔毓珣奏称龙门协副将景慧奉该管总兵官调取考验渡海遭风漂没,雍正六年二月丙戌,1728-03-01,1728-03-31,约略,已采纳,QH-SU-YZ-SX-0004A,卷二；圣德二,據廣東總督孔毓珣奏稱龍門協副將景慧奉該管總兵官調取考驗渡海遭風漂沒,支持,明确记载,中,,四库刻本层。圣训分类辑录。不是实录日条。不得与卷一或十一月己酉进献条并成一篇。公历依通行年表，待历法库复核。
QH-A-YZ-0387,文字或数值陈述,QH-P-000002,reported_in_edict,四库本《世宗宪皇帝圣训》卷二圣德：当照军功加恩，傥有不幸至于身故者，当照阵亡之例优恤,雍正六年二月丙戌,1728-03-01,1728-03-31,约略,已采纳,QH-SU-YZ-SX-0004B,卷二；圣德二,當照軍功加恩儻有不幸至於身故者當照陣亡之例優䘏,支持,明确记载,中,,四库刻本层。只证圣训辑录此谕自称当照军功、身故当照阵亡优恤。不是会典本书，也不是兵部档册。不证已经著为例。
QH-A-YZ-0388,文字或数值陈述,QH-P-000002,reported_in_edict,四库本《世宗宪皇帝圣训》卷二圣德：朕御极之初即降谕旨令诸臣不必进献仪物,雍正六年十一月己酉,1728-12-01,1728-12-31,约略,已采纳,QH-SU-YZ-SX-0004C,卷二；圣德二,朕御極之初即降諭㫖令諸臣不必進獻儀物,支持,明确记载,中,,四库刻本层。圣训分类辑录。不是实录日条。不得与二月丙戌渡海条或卷一闰三月乙酉禁进献并成一篇。公历依通行年表，待历法库复核。
QH-A-YZ-0389,文字或数值陈述,QH-P-000002,reported_in_edict,四库本《世宗宪皇帝圣训》卷二圣德：傥或仍有进献古玩者，则并其方物土宜亦行摈却,雍正六年十一月己酉,1728-12-01,1728-12-31,约略,已采纳,QH-SU-YZ-SX-0004D,卷二；圣德二,儻或仍有進獻古玩者則並其方物土宜亦行擯却,支持,明确记载,中,,四库刻本层。只证圣训辑录此谕自称仍进古玩则并方物摈却。不是内府档册，也不是会典本书。不证督抚已经停献。
QH-A-YZ-0390,文字或数值陈述,QH-P-000002,reported_in_edict,四库本《世宗宪皇帝圣训》卷二圣德：其陵寝所在尤当加意防卫，勿使亵慢,雍正七年三月甲寅,1729-04-01,1729-04-30,约略,已采纳,QH-SU-YZ-SX-0004E,卷二；圣德二,其陵寢所在尤當加意防衞勿使褻慢,支持,明确记载,中,,四库刻本层。圣训分类辑录。不是实录日条，也不是景陵告祭文。不得与十一月己酉进献条并成一篇。公历依通行年表，待历法库复核。
QH-A-YZ-0391,文字或数值陈述,QH-P-000002,reported_in_edict,四库本《世宗宪皇帝圣训》卷二圣德：若有应行修葺之处，著动用本省存公银两委员料理,雍正七年三月甲寅,1729-04-01,1729-04-30,约略,已采纳,QH-SU-YZ-SX-0004F,卷二；圣德二,若有應行修葺之處著動用本省存公銀兩委員料理,支持,明确记载,中,,四库刻本层。只证圣训辑录此谕自称应修葺者动用存公银两。不是工部档册，也不是会典本书。不证工程已经核销。
QH-A-YZ-0392,文字或数值陈述,QH-P-000002,reported_in_edict,四库本《世宗宪皇帝圣训》卷二圣德：明太祖陵在江宁，昔我圣祖仁皇帝屡次南巡皆亲临祭奠,雍正七年三月甲寅,1729-04-01,1729-04-30,约略,已采纳,QH-SU-YZ-SX-0004G,卷二；圣德二,明太祖陵在江寧昔我聖祖仁皇帝屢次南巡皆親臨祭奠,支持,明确记载,中,,四库刻本层。圣训分类辑录。不是实录日条，也不是十三陵祭文。不得与景陵告祭文并成一篇。公历依通行年表，待历法库复核。
QH-A-YZ-0393,文字或数值陈述,QH-P-000002,reported_in_edict,四库本《世宗宪皇帝圣训》卷二圣德：其明代十二陵之在昌平州者，自本朝定鼎以来即设立太监陵户，给以地亩,雍正七年三月甲寅,1729-04-01,1729-04-30,约略,已采纳,QH-SU-YZ-SX-0004H,卷二；圣德二,其明代十二陵之在昌平州者自本朝定鼎以來即設立太監陵户給以地畆,支持,明确记载,中,,四库刻本层。只证圣训辑录此谕自称昌平明代十二陵设陵户给地。不是工部档册，也不是十三陵祭文。不证已经防护。
QH-A-YZ-0394,文字或数值陈述,QH-P-000002,reported_in_edict,四库本《世宗宪皇帝圣训》卷二圣德：朕见臣工等奏章间有用山川效灵洪福齐天及一切颂扬背理之词,雍正七年五月戊申,1729-06-01,1729-06-30,约略,已采纳,QH-SU-YZ-SX-0004I,卷二；圣德二,朕見臣工等奏章間有用山川効靈洪福齊天及一切頌揚背理之詞,支持,明确记载,中,,四库刻本层。圣训分类辑录。不是实录日条。不得与三月甲寅防护陵寝或觉迷录并成一篇。公历依通行年表，待历法库复核。
QH-A-YZ-0395,文字或数值陈述,QH-P-000002,reported_in_edict,四库本《世宗宪皇帝圣训》卷二圣德：乃昨衍圣公孔传铎奏贺庆云本内竟用乾坤效灵之语,雍正七年五月戊申,1729-06-01,1729-06-30,约略,已采纳,QH-SU-YZ-SX-0004J,卷二；圣德二,乃昨衍聖公孔傳鐸奏賀慶雲本内竟用乾坤効靈之語,支持,明确记载,中,,四库刻本层。只证圣训辑录此谕自称孔传铎贺庆云本用乾坤效灵。不是实录日条，也不是会典本书。不证已经参奏。
QH-A-YZ-0396,文字或数值陈述,QH-P-000002,reported_in_edict,四库本《世宗宪皇帝圣训》卷二圣德：浙江署督性桂署抚蔡仕舢等奏进湖州居民王文隆家万蚕同织瑞茧一幅,雍正七年八月庚申,1729-09-01,1729-09-30,约略,已采纳,QH-SU-YZ-SX-0004K,卷二；圣德二,前據浙江署督性桂署撫蔡仕舢等奏進湖州居民王文隆家萬蠶同織瑞繭一幅,支持,明确记载,中,,四库刻本层。圣训分类辑录。不是实录日条。不得与五月戊申或卷一十月己亥停进嘉禾并成一篇。公历依通行年表，待历法库复核。
QH-A-YZ-0397,文字或数值陈述,QH-P-000002,reported_in_edict,四库本《世宗宪皇帝圣训》卷二圣德：朕素不言祥瑞,雍正七年八月庚申,1729-09-01,1729-09-30,约略,已采纳,QH-SU-YZ-SX-0004L,卷二；圣德二,朕素不言祥瑞,支持,明确记载,中,,四库刻本层。只证圣训辑录此谕自称素不言祥瑞。不是户部档册。不证瑞茧已经核验。
QH-A-YZ-0398,文字或数值陈述,QH-P-000002,reported_in_edict,四库本《世宗宪皇帝圣训》卷二圣德：署直隶总督唐执玉奏正月二十日凤凰见于房山,雍正八年正月戊戌,1730-02-01,1730-02-28,约略,已采纳,QH-SU-YZ-SX-0004M,卷二；圣德二,署直𨽻總督唐執玉奏正月二十日鳯凰見於房山,支持,明确记载,中,,四库刻本层。圣训分类辑录。不是实录日条。不得与七年八月庚申瑞茧并成一篇。公历依通行年表，待历法库复核。
QH-A-YZ-0399,文字或数值陈述,QH-P-000002,reported_in_edict,四库本《世宗宪皇帝圣训》卷二圣德：此事犹疑而未信也,雍正八年正月戊戌,1730-02-01,1730-02-28,约略,已采纳,QH-SU-YZ-SX-0004N,卷二；圣德二,此事猶疑而未信也,支持,明确记载,中,,四库刻本层。只证圣训辑录此谕自称此事犹疑而未信。不是户部档册。不证凤凰已经核验。
QH-A-YZ-0400,文字或数值陈述,QH-P-000002,reported_in_edict,四库本《世宗宪皇帝圣训》卷二圣德：今年三月京师一带雨泽愆期，朕衷甚为忧虑,雍正八年四月己酉,1730-05-01,1730-05-31,约略,已采纳,QH-SU-YZ-SX-0004O,卷二；圣德二,今年三月京師一帶雨澤愆期朕衷甚爲憂慮,支持,明确记载,中,,四库刻本层。圣训分类辑录。不是实录日条，也不是祈雨祭文。不得与正月戊戌凤凰条并成一篇。公历依通行年表，待历法库复核。
QH-A-YZ-0401,文字或数值陈述,QH-P-000002,reported_in_edict,四库本《世宗宪皇帝圣训》卷二圣德：惟是政务中有清查旗地宽免积欠二件，乃近来降旨施行之事,雍正八年四月己酉,1730-05-01,1730-05-31,约略,已采纳,QH-SU-YZ-SX-0004P,卷二；圣德二,惟是政務中有清查旗地寛免積欠二件乃近來降㫖施行之事,支持,明确记载,中,,四库刻本层。只证圣训辑录此谕自称清查旗地宽免积欠二件。不是户部档册，也不是会典本书。不证已经清查。
QH-A-YZ-0402,文字或数值陈述,QH-P-000002,reported_in_edict,四库本《世宗宪皇帝圣训》卷二圣德：风水地内所有民间田亩，按其升粮科则，照应得之价加倍赏给,雍正八年四月戊午,1730-05-01,1730-05-31,约略,已采纳,QH-SU-YZ-SX-0004Q,卷二；圣德二,風水地内所有民間田畝按其陞糧科則照應得之價加倍賞給,支持,明确记载,中,,四库刻本层。圣训分类辑录。不是工部档册。不得与四月己酉雨泽条或景陵告祭文并成一篇。公历依通行年表，待历法库复核。
QH-A-YZ-0403,文字或数值陈述,QH-P-000002,reported_in_edict,四库本《世宗宪皇帝圣训》卷二圣德：村庄庐舍悉照房屋间檩加倍先给银两,雍正八年四月戊午,1730-05-01,1730-05-31,约略,已采纳,QH-SU-YZ-SX-0004R,卷二；圣德二,村莊廬舍悉照房屋間檩加倍先給銀兩,支持,明确记载,中,,四库刻本层。只证圣训辑录此谕自称村庄庐舍加倍先给银两。不是内库档册，也不是会典本书。不证已经拨换。
QH-A-YZ-0404,文字或数值陈述,QH-P-000002,reported_in_edict,四库本《世宗宪皇帝圣训》卷二圣德：拟于今岁秋冬之间开恩宽免以示奖励,雍正八年四月己未,1730-05-01,1730-05-31,约略,已采纳,QH-SU-YZ-SX-0004S,卷二；圣德二,擬於今歲秋冬之間開恩寛免以示奬勵,支持,明确记载,中,,四库刻本层。圣训分类辑录。不是实录日条。不得与四月戊午太平峪条或四月己酉雨泽条并成一篇。公历依通行年表，待历法库复核。
QH-A-YZ-0405,文字或数值陈述,QH-P-000002,reported_in_edict,四库本《世宗宪皇帝圣训》卷二圣德：著将内外满汉文武大小官员一应革职降级留任及罚俸停升之案悉行宽免准其开复,雍正八年四月己未,1730-05-01,1730-05-31,约略,已采纳,QH-SU-YZ-SX-0004T,卷二；圣德二,著將内外滿漢文武大小官員一應革職降級畱任及罰俸停陞之案悉行寛免准其開復,支持,明确记载,中,,四库刻本层。只证圣训辑录此谕自称革职降级留任罚俸停升悉行宽免准其开复。不是吏部档册，也不是会典本书。不证已经开复。
QH-A-YZ-0406,文字或数值陈述,QH-P-000002,reported_in_edict,四库本《世宗宪皇帝圣训》卷二圣德：惟有清查旗地宽免积欠二事出于朕心之独断,雍正八年四月辛酉,1730-05-01,1730-05-31,约略,已采纳,QH-SU-YZ-SX-0004U,卷二；圣德二,惟有清查旗地寛免積欠二事出於朕心之獨斷,支持,明确记载,中,,四库刻本层。圣训分类辑录。不是实录日条。不得与四月己酉雨泽条或四月己未宽免参罚并成一篇。公历依通行年表，待历法库复核。
QH-A-YZ-0407,文字或数值陈述,QH-P-000002,reported_in_edict,四库本《世宗宪皇帝圣训》卷二圣德：并不由于臣工之条奏，亦未咨询商度于廷臣,雍正八年四月辛酉,1730-05-01,1730-05-31,约略,已采纳,QH-SU-YZ-SX-0004V,卷二；圣德二,竝不由於臣工之條奏亦未諮詢商度於廷臣,支持,明确记载,中,,四库刻本层。只证圣训辑录此谕自称不由条奏、未咨询廷臣。不是户部档册，也不是会典本书。不证已经清查。
QH-A-YZ-0408,文字或数值陈述,QH-P-000002,reported_in_edict,四库本《世宗宪皇帝圣训》卷二圣德：周书洪范言人身五事若有得失，在天之休征咎征即各以其类应之,雍正八年六月甲辰,1730-07-01,1730-07-31,约略,已采纳,QH-SU-YZ-SX-0004W,卷二；圣德二,周書洪範言人身五事若有得失在天之休徵咎徵即各以其𩔗應之,支持,明确记载,中,,四库刻本层。圣训分类辑录。不是实录日条，也不是祈雨祭文。不得与四月己酉雨泽条并成一篇。公历依通行年表，待历法库复核。
QH-A-YZ-0409,文字或数值陈述,QH-P-000002,reported_in_edict,四库本《世宗宪皇帝圣训》卷二圣德：近見直省各处奏报雨泽颇觉均调，麦秋亦属丰稔，朕心深慰,雍正八年六月甲辰,1730-07-01,1730-07-31,约略,已采纳,QH-SU-YZ-SX-0004X,卷二；圣德二,近見直省各處奏報雨澤頗覺均調麥秋亦屬豐稔朕心深慰,支持,明确记载,中,,四库刻本层。只证圣训辑录此谕自称雨泽均调麦秋丰稔。不是户部档册。不证雨泽已经核验。
QH-A-YZ-0410,文字或数值陈述,QH-P-000002,reported_in_edict,四库本《世宗宪皇帝圣训》卷二圣德：河东总督田文镜奏豫省士民感戴皇仁恭建万寿碑亭,雍正八年六月丙辰,1730-07-01,1730-07-31,约略,已采纳,QH-SU-YZ-SX-0004Y,卷二；圣德二,河東總督田文鏡奏豫省士民感戴皇仁恭建萬壽碑亭,支持,明确记载,中,,四库刻本层。圣训分类辑录。不是实录日条。不得与六月甲辰或闰三月乙酉禁碑亭并成一篇。公历依通行年表，待历法库复核。
QH-A-YZ-0411,文字或数值陈述,QH-P-000002,reported_in_edict,四库本《世宗宪皇帝圣训》卷二圣德：建立万寿碑亭镂金刻石之举，皆属粉饰虚文，朕所不取,雍正八年六月丙辰,1730-07-01,1730-07-31,约略,已采纳,QH-SU-YZ-SX-0004Z,卷二；圣德二,建立萬壽碑亭鏤金刻石之舉皆屬粉飾虛文朕所不取,支持,明确记载,中,,四库刻本层。只证圣训辑录此谕自称万寿碑亭皆属粉饰虚文。不是工部档册，也不是四年十月万寿停庆贺。不证已经谕止。
QH-A-YZ-0412,文字或数值陈述,QH-P-000002,reported_in_edict,四库本《世宗宪皇帝圣训》卷二圣德：今欲特设圣庙执事官，三品者二员，四品者四员,雍正八年十一月己巳,1730-12-01,1730-12-31,约略,已采纳,QH-SU-YZ-SX-0005A,卷二；圣德二,今欲特設聖廟執事官三品者二員四品者四員,支持,明确记载,中,,四库刻本层。圣训分类辑录。不是实录日条。不得与六月丙辰万寿碑亭、元年国学或修建阙里圣庙碑文并成一篇。公历依通行年表，待历法库复核。
QH-A-YZ-0413,文字或数值陈述,QH-P-000002,reported_in_edict,四库本《世宗宪皇帝圣训》卷二圣德：凡此人员，著衍圣公于孔氏子孙内选择,雍正八年十一月己巳,1730-12-01,1730-12-31,约略,已采纳,QH-SU-YZ-SX-0005B,卷二；圣德二,凡此人員著衍聖公於孔氏子孫内選擇,支持,明确记载,中,,四库刻本层。只证圣训辑录此谕自称执事人员著衍圣公于孔氏子孙内选择。不是吏部档册，也不是会典本书。不证已经充补。
QH-A-YZ-0414,文字或数值陈述,QH-P-000002,reported_in_edict,四库本《世宗宪皇帝圣训》卷二圣德：恭谒孔林周视规制，见享堂墙垣间有年久倾圮之处,雍正八年十二月壬戌,1730-12-01,1731-01-31,约略,已采纳,QH-SU-YZ-SX-0005C,卷二；圣德二,恭謁孔林周視規制見享堂牆垣間有年久傾圯之處,支持,明确记载,中,,四库刻本层。圣训分类辑录。不是实录日条。不得与十一月己巳执事官、元年国学或修建阙里圣庙碑文并成一篇。公历依通行年表，待历法库复核。
QH-A-YZ-0415,文字或数值陈述,QH-P-000002,reported_in_edict,四库本《世宗宪皇帝圣训》卷二圣德：今庙貌已经鼎新，林园允宜修葺,雍正八年十二月壬戌,1730-12-01,1731-01-31,约略,已采纳,QH-SU-YZ-SX-0005D,卷二；圣德二,今廟貌已經鼎新林園允宜修葺,支持,明确记载,中,,四库刻本层。只证圣训辑录此谕自称庙貌鼎新林园允宜修葺。不是工部档册，也不是修建阙里圣庙碑文。不证工程已经核销。
QH-A-YZ-0416,文字或数值陈述,QH-P-000002,reported_in_edict,四库本《世宗宪皇帝圣训》卷二圣德：山东巡抚岳濬疏报钜野县牛产瑞麟,雍正十年七月丁亥,1732-08-01,1732-08-31,约略,已采纳,QH-SU-YZ-SX-0005E,卷二；圣德二,山東廵撫岳濬疏報鉅野縣牛産瑞麟,支持,明确记载,中,,四库刻本层。圣训分类辑录。不是实录日条。不得与七年八月庚申瑞茧或八年正月戊戌凤凰见于房山并成一篇。公历依通行年表，待历法库复核。
QH-A-YZ-0417,文字或数值陈述,QH-P-000002,reported_in_edict,四库本《世宗宪皇帝圣训》卷二圣德：该抚奏请诏付史馆宣示中外皆属虚文,雍正十年七月丁亥,1732-08-01,1732-08-31,约略,已采纳,QH-SU-YZ-SX-0005F,卷二；圣德二,該撫奏請詔付史館宣示中外皆屬虛文,支持,明确记载,中,,四库刻本层。只证圣训辑录此谕自称诏付史馆宣示中外皆属虚文。不是户部档册。不证瑞麟已经核验。
QH-A-YZ-0418,文字或数值陈述,QH-P-000002,reported_in_edict,四库本《世宗宪皇帝圣训》卷二圣德：据湖南巡抚赵弘恩奏称南嶽为朕主寿之山，庙宇碑亭宜加重葺,雍正十年七月己酉,1732-08-01,1732-08-31,约略,已采纳,QH-SU-YZ-SX-0005G,卷二；圣德二,據湖南廵撫趙𢎞恩奏稱南嶽爲朕主壽之山廟宇碑亭宜加重葺,支持,明确记载,中,,四库刻本层。圣训分类辑录。不是实录日条。不得与七月丁亥瑞麟或六月丙辰万寿碑亭并成一篇。公历依通行年表，待历法库复核。
QH-A-YZ-0419,文字或数值陈述,QH-P-000002,reported_in_edict,四库本《世宗宪皇帝圣训》卷二圣德：南嶽之神佑我楚民，庙貌久未修理，应照该抚所请敬谨举行,雍正十年七月己酉,1732-08-01,1732-08-31,约略,已采纳,QH-SU-YZ-SX-0005H,卷二；圣德二,南嶽之神佑我楚民廟貌乆未修理應照該撫所請敬謹舉行,支持,明确记载,中,,四库刻本层。只证圣训辑录此谕自称庙貌久未修理应照所请举行。不是工部档册。不证工程已经核销。
QH-A-YZ-0420,文字或数值陈述,QH-P-000002,reported_in_edict,四库本《世宗宪皇帝圣训》卷二圣德：朕从来不言符瑞，时时训谕天下臣民屏虚文而务实行,雍正十年十月癸酉,1732-11-01,1732-11-30,约略,已采纳,QH-SU-YZ-SX-0005I,卷二；圣德二,朕從來不言符瑞時時訓諭天下臣民屏虛文而務實行,支持,明确记载,中,,四库刻本层。圣训分类辑录。不是实录日条。不得与七月丁亥瑞麟、七年八月庚申瑞茧或景陵告祭文并成一篇。公历依通行年表，待历法库复核。
QH-A-YZ-0421,文字或数值陈述,QH-P-000002,reported_in_edict,四库本《世宗宪皇帝圣训》卷二圣德：瑞芝适产于景陵，天人协应，信而有征,雍正十年十月癸酉,1732-11-01,1732-11-30,约略,已采纳,QH-SU-YZ-SX-0005J,卷二；圣德二,瑞芝適産於景陵天人協應信而有徵,支持,明确记载,中,,四库刻本层。只证圣训辑录此谕自称瑞芝适产于景陵。不是景陵告祭文，也不是原石。不证瑞芝已经核验。
QH-A-YZ-0422,文字或数值陈述,QH-P-000002,reported_in_edict,四库本《世宗宪皇帝圣训》卷二圣德：数年以来各省嘉禾瑞谷悉令停其奏报,雍正十年十二月壬申,1732-12-01,1733-01-31,约略,已采纳,QH-SU-YZ-SX-0005K,卷二；圣德二,數年以來各省嘉禾瑞穀悉令停其奏報,支持,明确记载,中,,四库刻本层。圣训分类辑录。不是实录日条。不得与十月癸酉景陵瑞芝或五年十月己亥停进嘉禾并成一篇。公历依通行年表，待历法库复核。
QH-A-YZ-0423,文字或数值陈述,QH-P-000002,reported_in_edict,四库本《世宗宪皇帝圣训》卷二圣德：所请颁示中外宣付史馆之处不必行,雍正十年十二月壬申,1732-12-01,1733-01-31,约略,已采纳,QH-SU-YZ-SX-0005L,卷二；圣德二,所請頒示中外宣付史館之處不必行,支持,明确记载,中,,四库刻本层。只证圣训辑录此谕自称颁示中外宣付史馆不必行。不是户部档册。不证广东瑞禾已经核验。
QH-A-YZ-0424,文字或数值陈述,QH-P-000002,reported_in_edict,四库本《世宗宪皇帝圣训》卷二圣德：朕躬谒陵寝，见沿途地方安设水缸甚多,雍正十一年正月壬子,1733-02-01,1733-02-28,约略,已采纳,QH-SU-YZ-SX-0005M,卷二；圣德二,朕躬謁陵寢見沿途地方安設水缸甚多,支持,明确记载,中,,四库刻本层。圣训分类辑录。不是实录日条。不得与十二月壬申广东瑞禾或景陵告祭文并成一篇。公历依通行年表，待历法库复核。
QH-A-YZ-0425,文字或数值陈述,QH-P-000002,reported_in_edict,四库本《世宗宪皇帝圣训》卷二圣德：若只以洒道清尘为迎合朕心之举，错谬已甚,雍正十一年正月壬子,1733-02-01,1733-02-28,约略,已采纳,QH-SU-YZ-SX-0005N,卷二；圣德二,若祗以灑道清塵爲迎合朕心之舉錯謬已甚,支持,明确记载,中,,四库刻本层。只证圣训辑录此谕自称洒道清尘迎合朕心错谬已甚。不是工部档册。不证已经查明。
QH-A-YZ-0426,文字或数值陈述,QH-P-000002,reported_in_edict,四库本《世宗宪皇帝圣训》卷二圣德：四川总督黄廷桂奏潼川州盐亭县牛产瑞麟,雍正十一年七月庚子,1733-08-01,1733-08-31,约略,已采纳,QH-SU-YZ-SX-0005O,卷二；圣德二,四川總督黄廷桂奏潼川州鹽亭縣牛産瑞麟,支持,明确记载,中,,四库刻本层。圣训分类辑录。不是实录日条。不得与十年七月丁亥钜野瑞麟并成一篇。公历依通行年表，待历法库复核。
QH-A-YZ-0427,文字或数值陈述,QH-P-000002,reported_in_edict,四库本《世宗宪皇帝圣训》卷二圣德：今川省瑞麟再见，朕心倍加愧悚,雍正十一年七月庚子,1733-08-01,1733-08-31,约略,已采纳,QH-SU-YZ-SX-0005P,卷二；圣德二,今川省瑞麟再見朕心倍加愧悚,支持,明确记载,中,,四库刻本层。只证圣训辑录此谕自称川省瑞麟再见。不是户部档册。不证瑞麟已经核验。
QH-A-YZ-0428,文字或数值陈述,QH-P-000002,reported_in_edict,四库本《世宗宪皇帝圣训》卷二圣德：朕于一切器具但取朴素适用，不尚华丽工巧,雍正十二年四月庚午,1734-05-01,1734-05-31,约略,已采纳,QH-SU-YZ-SX-0005Q,卷二；圣德二,朕於一切器具但取樸素適用不尚華麗工巧,支持,明确记载,中,,四库刻本层。圣训分类辑录。不是实录日条。不得与十一年七月庚子盐亭瑞麟或六年十一月己酉停进献并成一篇。公历依通行年表，待历法库复核。
QH-A-YZ-0429,文字或数值陈述,QH-P-000002,reported_in_edict,四库本《世宗宪皇帝圣训》卷二圣德：从前广东曾进象牙席，朕甚不取,雍正十二年四月庚午,1734-05-01,1734-05-31,约略,已采纳,QH-SU-YZ-SX-0005R,卷二；圣德二,從前廣東曾進象牙席朕甚不取,支持,明确记载,中,,四库刻本层。只证圣训辑录此谕自称广东曾进象牙席朕甚不取。不是内府档册。不证已经禁绝。
QH-A-YZ-0430,文字或数值陈述,QH-P-000002,reported_in_edict,四库本《世宗宪皇帝圣训》卷二圣德：诸王大臣等奏景陵宝城山产瑞芝九本，恭请宣付史馆,雍正十二年十月己巳,1734-11-01,1734-11-30,约略,已采纳,QH-SU-YZ-SX-0005S,卷二；圣德二,諸王大臣等奏景陵寳城山産瑞芝九本恭請宣付史館,支持,明确记载,中,,四库刻本层。圣训分类辑录。不是实录日条。不得与十年十月癸酉景陵瑞芝或景陵告祭文并成一篇。公历依通行年表，待历法库复核。
QH-A-YZ-0431,文字或数值陈述,QH-P-000002,reported_in_edict,四库本《世宗宪皇帝圣训》卷二圣德：屈指数年以来，三秀之瑞已经四见,雍正十二年十月己巳,1734-11-01,1734-11-30,约略,已采纳,QH-SU-YZ-SX-0005T,卷二；圣德二,屈指數年以來三秀之瑞已經四見,支持,明确记载,中,,四库刻本层。只证圣训辑录此谕自称三秀之瑞已经四见。不是原石，也不是景陵告祭文。不证瑞芝已经核验。
QH-A-YZ-0432,文字或数值陈述,QH-P-000002,reported_in_edict,四库本《世宗宪皇帝圣训》卷二圣德：从前台湾北路大甲西等社顽番不法，官兵已经剿灭，余党亦已就擒,雍正十二年十二月乙卯,1734-12-01,1735-01-31,约略,已采纳,QH-SU-YZ-SX-0005U,卷二；圣德二,從前臺灣北路大甲西等社頑番不法官兵已經勦滅餘黨亦己就擒,支持,明确记载,中,,四库刻本层。圣训分类辑录。不是实录日条。不得与十月己巳景陵瑞芝九本并成一篇。公历依通行年表，待历法库复核。
QH-A-YZ-0433,文字或数值陈述,QH-P-000002,reported_in_edict,四库本《世宗宪皇帝圣训》卷二圣德：其眷属散处各社未必知情，今当平定之时，若一一搜查不无牵累惊扰，用是格外加恩免其根究,雍正十二年十二月乙卯,1734-12-01,1735-01-31,约略,已采纳,QH-SU-YZ-SX-0005V,卷二；圣德二,其眷屬散處各社未必知情今當平定之時若一一搜查不無牽累驚擾用是格外加恩免其根究,支持,明确记载,中,,四库刻本层。只证圣训辑录此谕自称番眷免其根究。不是兵部档册。不证已经免究。
QH-A-YZ-0434,文字或数值陈述,QH-P-000002,reported_in_edict,四库本《世宗宪皇帝圣训》卷二圣德：雍正十二年十月二十九日庆云见于云南之大理等府，又见于广东之高州府，又山东宁阳县产毓麒麟,雍正十三年正月己卯,1735-02-01,1735-02-28,约略,已采纳,QH-SU-YZ-SX-0005W,卷二；圣德二,雍正十二年十月二十九日慶雲見於雲南之大理等府又見於廣東之高州府又山東寧陽縣産毓麒麟,支持,明确记载,中,,四库刻本层。圣训分类辑录。不是实录日条。不得与十二月乙卯番眷免究或十年七月丁亥钜野瑞麟并成一篇。公历依通行年表，待历法库复核。
QH-A-YZ-0435,文字或数值陈述,QH-P-000002,reported_in_edict,四库本《世宗宪皇帝圣训》卷二圣德：朕向来不言祥瑞，非为谦让之虚文,雍正十三年正月己卯,1735-02-01,1735-02-28,约略,已采纳,QH-SU-YZ-SX-0005X,卷二；圣德二,朕向來不言祥瑞非爲謙讓之虛文,支持,明确记载,中,,四库刻本层。只证圣训辑录此谕自称向来不言祥瑞。不是十年十月癸酉景陵瑞芝条。不证庆云麒麟已经核验。
QH-A-YZ-0436,文字或数值陈述,QH-P-000002,reported_in_edict,四库本《世宗宪皇帝圣训》卷二圣德：自古地方官员有进献方物之礼,雍正十三年六月辛卯,1735-07-01,1735-07-31,约略,已采纳,QH-SU-YZ-SX-0005Y,卷二；圣德二,自古地方官員有進獻方物之禮,支持,明确记载,中,,四库刻本层。圣训分类辑录。不是实录日条。不得与正月己卯庆云麒麟或六年十一月己酉停进献并成一篇。公历依通行年表，待历法库复核。
QH-A-YZ-0437,文字或数值陈述,QH-P-000002,reported_in_edict,四库本《世宗宪皇帝圣训》卷二圣德：自接奉此旨为始，著将从前贡物之数再减一半,雍正十三年六月辛卯,1735-07-01,1735-07-31,约略,已采纳,QH-SU-YZ-SX-0005Z,卷二；圣德二,自接奉此㫖爲始著將從前貢物之數再減一半,支持,明确记载,中,,四库刻本层。只证圣训辑录此谕自称贡物之数再减一半。不是户部档册。不证已经减半。卷二可见正文至此。
QH-A-YZ-0438,文字或数值陈述,QH-P-000002,reported_in_edict,四库本《世宗宪皇帝圣训》卷三圣孝：诸王大臣等合词奏请节哀，并劝进饘粥,康熙六十一年十一月丙申,1722-12-01,1722-12-31,约略,已采纳,QH-SU-YZ-SX-0006A,卷三；圣孝,諸王大臣等合詞奏請節哀竝勸進饘粥,支持,明确记载,中,,四库刻本层。圣训分类辑录。不是实录日条。不得与卷二十三年六月辛卯进献方物并成一篇。公历依通行年表，待历法库复核。
QH-A-YZ-0439,文字或数值陈述,QH-P-000002,reported_in_edict,四库本《世宗宪皇帝圣训》卷三圣孝：尽孝尽哀乃为子之道，奚能自己,康熙六十一年十一月丙申,1722-12-01,1722-12-31,约略,已采纳,QH-SU-YZ-SX-0006B,卷三；圣孝,盡孝盡哀乃爲子之道奚能自已,支持,明确记载,中,,四库刻本层。只证圣训辑录此谕自称尽孝尽哀乃为子之道。不是起居注。不证已经进粥。
QH-A-YZ-0440,文字或数值陈述,QH-P-000002,reported_in_edict,四库本《世宗宪皇帝圣训》卷三圣孝：今王大臣等所议安奉之处，或在南海子，或在郑家庄,康熙六十一年十一月丁酉,1722-12-01,1722-12-31,约略,已采纳,QH-SU-YZ-SX-0006C,卷三；圣孝,今王大臣等所議安奉之處或在南海子或在鄭家莊,支持,明确记载,中,,四库刻本层。圣训分类辑录。不是实录日条。不得与丙申节哀或畅春园崩地并成一篇。公历依通行年表，待历法库复核。
QH-A-YZ-0441,文字或数值陈述,QH-P-000002,reported_in_edict,四库本《世宗宪皇帝圣训》卷三圣孝：朕意亦欲安奉于景山寿皇殿,康熙六十一年十一月丁酉,1722-12-01,1722-12-31,约略,已采纳,QH-SU-YZ-SX-0006D,卷三；圣孝,朕意亦欲安奉於景山壽皇殿,支持,明确记载,中,,四库刻本层。只证圣训辑录此谕自称欲安奉于景山寿皇殿。不是工部档册。不证已经安奉。
QH-A-YZ-0442,文字或数值陈述,QH-P-000002,reported_in_edict,四库本《世宗宪皇帝圣训》卷三圣孝：亲授神器属于藐躬,康熙六十一年十一月辛丑,1722-12-01,1722-12-31,约略,已采纳,QH-SU-YZ-SX-0006E,卷三；圣孝,親授神器屬於藐躬,支持,明确记载,中,,四库刻本层。圣训分类辑录。不是实录日条。不得与丁酉安奉梓宫或畅春园崩地并成一篇。公历依通行年表，待历法库复核。
QH-A-YZ-0443,文字或数值陈述,QH-P-000002,reported_in_edict,四库本《世宗宪皇帝圣训》卷三圣孝：朕当永遵成宪，不敢少有更张，何止三年无改,康熙六十一年十一月辛丑,1722-12-01,1722-12-31,约略,已采纳,QH-SU-YZ-SX-0006F,卷三；圣孝,朕當永遵成憲不敢少有更張何止三年無改,支持,明确记载,中,,四库刻本层。只证圣训辑录此谕自称永遵成宪不敢少有更张。不是即位实录条。不证已经无改。
QH-A-YZ-0444,文字或数值陈述,QH-P-000002,reported_in_edict,四库本《世宗宪皇帝圣训》卷三圣孝：谨考彝章，宜升尊谥,康熙六十一年十一月辛丑,1722-12-01,1722-12-31,约略,已采纳,QH-SU-YZ-SX-0006G,卷三；圣孝,謹考彞章宜升尊諡,支持,明确记载,中,,四库刻本层。圣训分类辑录。不是实录日条。不得与即位诏或畅春园崩地并成一篇。公历依通行年表，待历法库复核。
QH-A-YZ-0445,文字或数值陈述,QH-P-000002,reported_in_edict,四库本《世宗宪皇帝圣训》卷三圣孝：尔部详察典礼具奏,康熙六十一年十一月辛丑,1722-12-01,1722-12-31,约略,已采纳,QH-SU-YZ-SX-0006H,卷三；圣孝,爾部詳察典禮具奏,支持,明确记载,中,,四库刻本层。只证圣训辑录此谕自称尔部详察典礼具奏。不是礼部档册。不证尊谥已经拟定。
QH-A-YZ-0446,文字或数值陈述,QH-P-000002,reported_in_edict,四库本《世宗宪皇帝圣训》卷三圣孝：式考旧章，恭上皇太后尊号,康熙六十一年十一月辛丑,1722-12-01,1722-12-31,约略,已采纳,QH-SU-YZ-SX-0006I,卷三；圣孝,式考舊章恭上皇太后尊號,支持,明确记载,中,,四库刻本层。圣训分类辑录。不是实录日条。不得与是日尊谥或孝恭康熙朝皇后并成一篇。公历依通行年表，待历法库复核。
QH-A-YZ-0447,文字或数值陈述,QH-P-000002,reported_in_edict,四库本《世宗宪皇帝圣训》卷三圣孝：尔部详察典礼具奏,康熙六十一年十一月辛丑,1722-12-01,1722-12-31,约略,已采纳,QH-SU-YZ-SX-0006J,卷三；圣孝,爾部詳察典禮具奏,支持,明确记载,中,,四库刻本层。只证圣训辑录此谕自称尔部详察典礼具奏。不是礼部档册。不证尊号已经拟定。
QH-A-YZ-0448,文字或数值陈述,QH-P-000002,reported_in_edict,四库本《世宗宪皇帝圣训》卷三圣孝：诸王大臣请遵大行皇帝遗诏二十七日释服,康熙六十一年十一月壬寅,1722-12-01,1722-12-31,约略,已采纳,QH-SU-YZ-SX-0006K,卷三；圣孝,諸王大臣請遵大行皇帝遺詔二十七日釋服,支持,明确记载,中,,四库刻本层。圣训分类辑录。不是实录日条。不得与辛丑尊号或丙申节哀并成一篇。公历依通行年表，待历法库复核。
QH-A-YZ-0449,文字或数值陈述,QH-P-000002,reported_in_edict,四库本《世宗宪皇帝圣训》卷三圣孝：本朝旧制释服亦待百日之期,康熙六十一年十一月壬寅,1722-12-01,1722-12-31,约略,已采纳,QH-SU-YZ-SX-0006L,卷三；圣孝,本朝舊制釋服亦待百日之期,支持,明确记载,中,,四库刻本层。只证圣训辑录此谕自称本朝旧制释服亦待百日之期。不是会典本书。不证已经百日释服。
QH-A-YZ-0450,文字或数值陈述,QH-P-000002,reported_in_edict,四库本《世宗宪皇帝圣训》卷三圣孝：诸王大臣等以郊庙祀典不可久阙，考据典礼，合词恳请遵大行皇帝遗诏以二十七日释服,康熙六十一年十一月甲辰,1722-12-01,1722-12-31,约略,已采纳,QH-SU-YZ-SX-0006M,卷三；圣孝,諸王大臣等以郊廟祀典不可乆闕考據典禮合詞懇請遵大行皇帝遺詔以二十七日釋服,支持,明确记载,中,,四库刻本层。圣训分类辑录。不是实录日条。不得与壬寅请释服或辛丑尊号并成一篇。公历依通行年表，待历法库复核。
QH-A-YZ-0451,文字或数值陈述,QH-P-000002,reported_in_edict,四库本《世宗宪皇帝圣训》卷三圣孝：虽勉从所请，朕之哀思因兹愈切矣,康熙六十一年十一月甲辰,1722-12-01,1722-12-31,约略,已采纳,QH-SU-YZ-SX-0006N,卷三；圣孝,雖勉從所請朕之哀思因兹愈切矣,支持,明确记载,中,,四库刻本层。只证圣训辑录此谕自称虽勉从所请哀思愈切。不是礼部档册。不证已经释服。
QH-A-YZ-0452,文字或数值陈述,QH-P-000002,reported_in_edict,四库本《世宗宪皇帝圣训》卷三圣孝：大行皇帝尊谥庙号乃追崇大典,康熙六十一年十一月乙巳,1722-12-01,1722-12-31,约略,已采纳,QH-SU-YZ-SX-0006O,卷三；圣孝,大行皇帝尊諡廟號乃追崇大典,支持,明确记载,中,,四库刻本层。圣训分类辑录。不是实录日条。不得与甲辰郊庙释服或辛丑是日尊谥并成一篇。公历依通行年表，待历法库复核。
QH-A-YZ-0453,文字或数值陈述,QH-P-000002,reported_in_edict,四库本《世宗宪皇帝圣训》卷三圣孝：朕意宜崇祖号，方副丰功,康熙六十一年十一月乙巳,1722-12-01,1722-12-31,约略,已采纳,QH-SU-YZ-SX-0006P,卷三；圣孝,朕意宜崇祖號方副豐功,支持,明确记载,中,,四库刻本层。只证圣训辑录此谕自称宜崇祖号。不是礼部档册。不证庙号已经钦定。
QH-A-YZ-0454,文字或数值陈述,QH-P-000002,reported_in_edict,四库本《世宗宪皇帝圣训》卷三圣孝：奉安大行皇帝梓宫于寿皇殿,康熙六十一年十二月甲寅,1722-12-01,1723-01-31,约略,已采纳,QH-SU-YZ-SX-0006Q,卷三；圣孝,奉安大行皇帝梓宮於壽皇殿,支持,明确记载,中,,四库刻本层。圣训分类辑录。不是实录日条。不得与乙巳尊谥庙号或丁酉安奉并成一篇。公历依通行年表，待历法库复核。
QH-A-YZ-0455,文字或数值陈述,QH-P-000002,reported_in_edict,四库本《世宗宪皇帝圣训》卷三圣孝：今梓宫奉移寿皇殿，朕未释服之前，必每日三次亲诣献食,康熙六十一年十二月甲寅,1722-12-01,1723-01-31,约略,已采纳,QH-SU-YZ-SX-0006R,卷三；圣孝,今梓宮奉移壽皇殿朕未釋服之前必毎日三次親詣獻食,支持,明确记载,中,,四库刻本层。只证圣训辑录此谕自称未释服之前必每日三次亲诣献食。不是工部档册。不证已经三次献食。其余各卷未开。
