hero_id,slug,姓名,满蒙回名,旗籍身份,批次,战役,名次,位列理由,像赞类型,像赞原文,像赞出处,事迹,事迹出处,图像类型,预览文件,图像来源,权利状态,图像说明,visual_brief,完整度,检索词
QH-ZG-0001,fuheng,傅恒,富察·傅恒,镶黄旗满洲；大学士一等忠勇公,西域前五十,准噶尔、回部,1,乾隆二十五年前后图形紫光阁。御制前五十第1名。以中枢定策居首，赞文明写「酇侯不战」。第一次金川亦「建殊绩」。不是前线统兵第一。,御制,世胄元臣，与国休戚。早年金川，亦建殊绩。定策西师，惟汝予同。酇侯不战，宜居首功。,《御制文初集》紫光阁五十功臣像赞（识典古籍 HY0944 公开录文；标点层今人，正文层公版）,御制像赞就事直录，不另改写成演义。赞曰：世胄元臣，与国休戚。早年金川，亦建殊绩。定策西师，惟汝予同。酇侯不战，宜居首功。《清史稿》傅恒传后出，本库未逐条回传。不得把「不战」写成无与西师。,《御制文初集》紫光阁五十功臣像赞（识典古籍 HY0944 公开录文；标点层今人，正文层公版）；名单据御制赞题名；与《清史稿》列传用字、后世通行表或有异写，不择一抹平,原图,media/ziguangge-fuheng.webp,https://commons.wikimedia.org/wiki/File:Fuheng.jpg,Public domain,Wikimedia Commons 公版半身像。是否紫光阁原轴、是否晚清摹本/石印翻拍，文件页未写死，按传世像使用，不作原轴认定。,傅恒（中枢/督抚）：绛褐补服捧奏匣，持朱批匣，无刀枪。,核心,傅恒 富察·傅恒 镶黄旗满洲；大学士一等忠勇公 准噶尔 回部 紫光阁
QH-ZG-0002,zhaohui,兆惠,吴雅·兆惠 / Jaohūi,正黄旗满洲；定边将军一等武毅谋勇公、户部尚书,西域前五十,准噶尔、回部,2,乾隆二十五年前后图形紫光阁。御制前五十第2名。黑水营（喀喇乌苏）被围得脱，赞文以两番袭迫为功。西师前线主将口径在赞。,御制,济尔哈朗，喀喇乌苏。两番袭迫，均保无虞。以智济险，以诚感众。卓哉崇勋，辟我提封。,《御制文初集》紫光阁五十功臣像赞（识典古籍 HY0944 公开录文；标点层今人，正文层公版）,御制像赞就事直录，不另改写成演义。赞曰：济尔哈朗，喀喇乌苏。两番袭迫，均保无虞。以智济险，以诚感众。卓哉崇勋，辟我提封。黑水之围日级须回方略与实录，本条只证赞文如何写这次脱险。,《御制文初集》紫光阁五十功臣像赞（识典古籍 HY0944 公开录文；标点层今人，正文层公版）；名单据御制赞题名；与《清史稿》列传用字、后世通行表或有异写，不择一抹平,原图,media/ziguangge-zhaohui.webp,https://commons.wikimedia.org/wiki/File:Jaohui.jpg,Public domain,Commons 文件名 Jaohui，满语转写对应兆惠。公版传世像，是否紫光阁原轴待核。,兆惠（中枢/督抚）：绀色蟒袍无甲，持台湾海图，无刀枪。,核心,兆惠 吴雅·兆惠 / Jaohūi 正黄旗满洲；定边将军一等武毅谋勇公、户部尚书 准噶尔 回部 紫光阁
QH-ZG-0003,bandi,班第,,镶黄旗蒙古；原定北将军一等诚勇公、兵部尚书,西域前五十,准噶尔、回部,3,乾隆二十五年前后图形紫光阁。御制前五十第3名。平伊犁后阿睦尔撒纳反，班第死于西路。入阁是殉节追录，不是凯旋生还。,御制,元戎率师，平定伊犁。而何阿逆叛乱，乘危变出不期，投躯西漠。故里榇归，痛哉酹酌。,《御制文初集》紫光阁五十功臣像赞（识典古籍 HY0944 公开录文；标点层今人，正文层公版）,御制像赞就事直录，不另改写成演义。赞曰：元戎率师，平定伊犁。而何阿逆叛乱，乘危变出不期，投躯西漠。故里榇归，痛哉酹酌。阿睦尔撒纳叛后班第之死，本纪/列传须分条；赞文只证御制如何写「投躯」。,《御制文初集》紫光阁五十功臣像赞（识典古籍 HY0944 公开录文；标点层今人，正文层公版）；名单据御制赞题名；与《清史稿》列传用字、后世通行表或有异写，不择一抹平,原图,media/ziguangge-bandi.webp,https://commons.wikimedia.org/wiki/File:Bandi.jpg,Public domain,Commons 公版传世像。battle-of-qurman 目录作西域前五十之一。是否紫光阁原轴待核。,班第（中枢/督抚）：沉香色公服展军报，持金川碉卡图，无刀枪。,核心,班第  镶黄旗蒙古；原定北将军一等诚勇公、兵部尚书 准噶尔 回部 紫光阁
QH-ZG-0004,namuzhar,纳木扎尔,纳穆札尔 / 纳木扎勒,原靖逆将军三等义烈公、工部尚书,西域前五十,准噶尔、回部,4,乾隆二十五年前后图形紫光阁。御制前五十第4名。往代兆惠，黑水之役以少陷多而死。义烈是死后封号口径。,御制,我怀贤劳，命将往代。正值黑水猖獗，鼠辈以二百众，陷万贼中。因缘徇节，勇济以忠。,《御制文初集》紫光阁五十功臣像赞（识典古籍 HY0944 公开录文；标点层今人，正文层公版）,御制像赞就事直录，不另改写成演义。赞曰：我怀贤劳，命将往代。正值黑水猖獗，鼠辈以二百众，陷万贼中。因缘徇节，勇济以忠。题名御制作纳木扎尔，通行表或作纳穆札尔，异写保留。,《御制文初集》紫光阁五十功臣像赞（识典古籍 HY0944 公开录文；标点层今人，正文层公版）；名单据御制赞题名；与《清史稿》列传用字、后世通行表或有异写，不择一抹平,原图,media/ziguangge-namuzhar.webp,https://commons.wikimedia.org/wiki/File:Namjal.jpg,Public domain,Commons 文件名 Namjal，对应纳木扎尔/纳穆札尔。公版传世像，是否原轴待核。,纳木扎尔（中枢/督抚）：石青仙鹤补服，持藏边驿报，无刀枪。,核心,纳木扎尔 纳穆札尔 / 纳木扎勒 原靖逆将军三等义烈公、工部尚书 准噶尔 回部 紫光阁
QH-ZG-0005,cebudengzhabu,策布登扎布,,喀尔喀；定边右副将军、亲王品级超勇郡王,西域前五十,准噶尔、回部,5,乾隆二十五年前后图形紫光阁。御制前五十第5名。超勇亲王策凌之子。赞文点出和落霍斯以少胜众，并明写「不曾读书」。,御制,拍马弯弓，无敌所向，不曾读书。如古名将和落霍斯，少胜众彼。超勇亲王额驸之子。,《御制文初集》紫光阁五十功臣像赞（识典古籍 HY0944 公开录文；标点层今人，正文层公版）,御制像赞就事直录，不另改写成演义。赞曰：拍马弯弓，无敌所向，不曾读书。如古名将和落霍斯，少胜众彼。超勇亲王额驸之子。「额驸之子」是赞内夹注，不是另开玉牒。,《御制文初集》紫光阁五十功臣像赞（识典古籍 HY0944 公开录文；标点层今人，正文层公版）；名单据御制赞题名；与《清史稿》列传用字、后世通行表或有异写，不择一抹平,原图,media/ziguangge-cebudengzhabu.webp,https://commons.wikimedia.org/wiki/File:Cebdenjab.jpg,Public domain,Commons 文件名 Cebdenjab。公版传世像，是否原轴待核。,策布登扎布（西域）：银鳞甲持长枪前倾，与邻名次服饰兵器错开。,核心,策布登扎布  喀尔喀；定边右副将军、亲王品级超勇郡王 准噶尔 回部 紫光阁
QH-ZG-0006,fude,富德,,吉林；定边右副将军一等靖远成勇侯、理藩院尚书,西域前五十,准噶尔、回部,6,乾隆二十五年前后图形紫光阁。御制前五十第6名。西师副将军，呼尔璊等役与阿里衮同事。巴达克山献霍集占首级的本纪奏报挂在他名下，见十全武功章。,御制,古云福将，信有其言。所遇均吉，勇冠军门。不宁一勇，兼善于谋，吉林拔萃，特赐封侯。,《御制文初集》紫光阁五十功臣像赞（识典古籍 HY0944 公开录文；标点层今人，正文层公版）,御制像赞就事直录，不另改写成演义。赞曰：古云福将，信有其言。所遇均吉，勇冠军门。不宁一勇，兼善于谋，吉林拔萃，特赐封侯。「福将」是御制修辞，不作性格鉴定。,《御制文初集》紫光阁五十功臣像赞（识典古籍 HY0944 公开录文；标点层今人，正文层公版）；名单据御制赞题名；与《清史稿》列传用字、后世通行表或有异写，不择一抹平,原图,media/ziguangge-fude.webp,https://commons.wikimedia.org/wiki/File:Fude.jpg,Public domain,Commons 公版传世像。是否紫光阁原轴待核。,富德（中枢/督抚）：绀色蟒袍无甲，持粮台册，无刀枪。,核心,富德  吉林；定边右副将军一等靖远成勇侯、理藩院尚书 准噶尔 回部 紫光阁
QH-ZG-0007,salar,萨拉尔,萨喇尔,辉特部来归；原定边右副将军二等超勇伯、内大臣,西域前五十,准噶尔、回部,7,乾隆二十五年前后图形紫光阁。御制前五十第7名。准噶尔宰桑来归，西师副帅。赞文同时写「拔身战出」与「云胡不死」，是褒中带责，不得改成完人。,御制,彼中宰桑，识时早归。副帅以往，克赞戎机。拔身战出，不忘本朝。云胡不死，责备则浇。,《御制文初集》紫光阁五十功臣像赞（识典古籍 HY0944 公开录文；标点层今人，正文层公版）,御制像赞就事直录，不另改写成演义。赞曰：彼中宰桑，识时早归。副帅以往，克赞戎机。拔身战出，不忘本朝。云胡不死，责备则浇。来归时间与部别须回方略，本条只证赞文口径。,《御制文初集》紫光阁五十功臣像赞（识典古籍 HY0944 公开录文；标点层今人，正文层公版）；名单据御制赞题名；与《清史稿》列传用字、后世通行表或有异写，不择一抹平,原图,media/ziguangge-salar.webp,https://commons.wikimedia.org/wiki/File:Saral.jpg,Public domain,Commons 文件名 Saral，对应萨拉尔/萨喇尔。公版传世像，是否原轴待核。,萨拉尔（西域）：青甲立马收缰，与邻名次服饰兵器错开。,核心,萨拉尔 萨喇尔 辉特部来归；原定边右副将军二等超勇伯、内大臣 准噶尔 回部 紫光阁
QH-ZG-0008,huangtinggui,黄廷桂,,汉军镶红旗；原大学士三等忠勤伯、陕甘总督,西域前五十,准噶尔、回部,8,乾隆二十五年前后图形紫光阁。御制前五十第8名。西师后勤、陕甘储胥。赞文明写未及凯宴而卒。,御制,外任封疆，内司纶綍。俾理储胥，经权弗诎。殚诚尽智，事协予心。未同凯宴，痛惜曷任。,《御制文初集》紫光阁五十功臣像赞（识典古籍 HY0944 公开录文；标点层今人，正文层公版）,御制像赞就事直录，不另改写成演义。赞曰：外任封疆，内司纶綍。俾理储胥，经权弗诎。殚诚尽智，事协予心。未同凯宴，痛惜曷任。汉军旗籍据通行表，本库未回旗册。,《御制文初集》紫光阁五十功臣像赞（识典古籍 HY0944 公开录文；标点层今人，正文层公版）；名单据御制赞题名；与《清史稿》列传用字、后世通行表或有异写，不择一抹平,生成,media/ziguangge-huangtinggui.webp,本库据史料题名、旗籍与像赞语气生成的乾隆宫廷功臣画像风格示意图,本库自制（CC BY 4.0 文本规则下的生成图；非原像）,据史料描述生成，非原像。不是紫光阁原轴、不是清宫摹本，不得当作相貌证据。,汉军大学士总督管储胥：石青仙鹤补服、无甲无刀，立展粮册与朱批奏匣。,核心,黄廷桂  汉军镶红旗；原大学士三等忠勤伯、陕甘总督 准噶尔 回部 紫光阁
QH-ZG-0009,sebtenbaljur,色布腾巴尔珠尔,,科尔沁；参赞大臣、和硕亲王、固伦额驸,西域前五十,准噶尔、回部,9,乾隆二十五年前后图形紫光阁。御制前五十第9名。固伦额驸参赞西师，赞文记夜袭中创不退。金川批次再入前五十。,御制,惟科尔沁，世连姻戚。鲁馆承训，王庭宣力。参赞军务。贼营夜侵，中创弗退，嘉乃忠心。,《御制文初集》紫光阁五十功臣像赞（识典古籍 HY0944 公开录文；标点层今人，正文层公版）,御制像赞就事直录，不另改写成演义。赞曰：惟科尔沁，世连姻戚。鲁馆承训，王庭宣力。参赞军务。贼营夜侵，中创弗退，嘉乃忠心。科尔沁姻戚是赞文自述，不作全部姻谱。,《御制文初集》紫光阁五十功臣像赞（识典古籍 HY0944 公开录文；标点层今人，正文层公版）；名单据御制赞题名；与《清史稿》列传用字、后世通行表或有异写，不择一抹平,原图,media/ziguangge-sebtenbaljur.webp,https://commons.wikimedia.org/wiki/File:Septen_Baljur.jpg,Public domain,Commons 公版立像。金川批次复用此图，不合并成一次入阁。是否原轴待核。,色布腾巴尔珠尔（中枢/督抚）：绛褐补服捧奏匣，持金川碉卡图，无刀枪。,核心,色布腾巴尔珠尔  科尔沁；参赞大臣、和硕亲王、固伦额驸 准噶尔 回部 紫光阁
QH-ZG-0010,zhalafenga,扎拉丰阿,,参赞大臣、固山贝子,西域前五十,准噶尔、回部,10,乾隆二十五年前后图形紫光阁。御制前五十第10名。阿睦尔撒纳叛时在道被遮，赞文称自幼教养禁廷。,御制,准夷之叛，奉命在道。贼遮中途，屡战不挠。其志既笃，其材亦英。盖自髫年，教养禁廷。,《御制文初集》紫光阁五十功臣像赞（识典古籍 HY0944 公开录文；标点层今人，正文层公版）,御制像赞就事直录，不另改写成演义。赞曰：准夷之叛，奉命在道。贼遮中途，屡战不挠。其志既笃，其材亦英。盖自髫年，教养禁廷。与后五十「西朗阿巴图鲁扎拉丰阿/查拉丰阿」不是同一条，勿混。,《御制文初集》紫光阁五十功臣像赞（识典古籍 HY0944 公开录文；标点层今人，正文层公版）；名单据御制赞题名；与《清史稿》列传用字、后世通行表或有异写，不择一抹平,生成,media/ziguangge-zhalafenga.webp,本库据史料题名、旗籍与像赞语气生成的乾隆宫廷功臣画像风格示意图,本库自制（CC BY 4.0 文本规则下的生成图；非原像）,据史料描述生成，非原像。不是紫光阁原轴、不是清宫摹本，不得当作相貌证据。,禁廷教养的固山贝子：石青金龙朝袍、杏黄腰带，按腰刀回望中途被遮。,核心,扎拉丰阿  参赞大臣、固山贝子 准噶尔 回部 紫光阁
QH-ZG-0011,lubzangdorji,罗卜藏多尔济,,阿拉善；参赞大臣、扎萨克多罗郡王,西域前五十,准噶尔、回部,11,乾隆二十五年前后图形紫光阁。御制前五十第11名。率本部从征，赞文把降哈萨克之功与爱隆阿并写。,御制,渭阳所出，扎萨颖材，命帅本部，宣力龙堆。及爱隆阿单骑见虏，降哈萨克，厥功甚钜。,《御制文初集》紫光阁五十功臣像赞（识典古籍 HY0944 公开录文；标点层今人，正文层公版）,御制像赞就事直录，不另改写成演义。赞曰：渭阳所出，扎萨颖材，命帅本部，宣力龙堆。及爱隆阿单骑见虏，降哈萨克，厥功甚钜。「渭阳所出」是赞文用典，不作世系终审。,《御制文初集》紫光阁五十功臣像赞（识典古籍 HY0944 公开录文；标点层今人，正文层公版）；名单据御制赞题名；与《清史稿》列传用字、后世通行表或有异写，不择一抹平,生成,media/ziguangge-lubzangdorji.webp,本库据史料题名、旗籍与像赞语气生成的乾隆宫廷功臣画像风格示意图,本库自制（CC BY 4.0 文本规则下的生成图；非原像）,据史料描述生成，非原像。不是紫光阁原轴、不是清宫摹本，不得当作相貌证据。,阿拉善扎萨克郡王：赭红蒙古王公袍加白狐披肩，立马收缰，不穿满洲朝珠套装。,核心,罗卜藏多尔济  阿拉善；参赞大臣、扎萨克多罗郡王 准噶尔 回部 紫光阁
QH-ZG-0012,eminkhoja,额敏和卓,,吐鲁番回部；参赞大臣、多罗郡王,西域前五十,准噶尔、回部,12,乾隆二十五年前后图形紫光阁。御制前五十第12名。吐鲁番首领从征，赞文强调识回部情形。归正年、封爵须回方略，不在本条写死。,御制,土鲁蕃族，早年归正，命赞军务，以识回性，知无不言，言无不宜，其心匪石，弗可转移。,《御制文初集》紫光阁五十功臣像赞（识典古籍 HY0944 公开录文；标点层今人，正文层公版）,御制像赞就事直录，不另改写成演义。赞曰：土鲁蕃族，早年归正，命赞军务，以识回性，知无不言，言无不宜，其心匪石，弗可转移。「回性」是十八世纪官书用词，今只作引文，不作民族本质论。,《御制文初集》紫光阁五十功臣像赞（识典古籍 HY0944 公开录文；标点层今人，正文层公版）；名单据御制赞题名；与《清史稿》列传用字、后世通行表或有异写，不择一抹平,生成,media/ziguangge-eminkhoja.webp,本库据史料题名、旗籍与像赞语气生成的乾隆宫廷功臣画像风格示意图,本库自制（CC BY 4.0 文本规则下的生成图；非原像）,据史料描述生成，非原像。不是紫光阁原轴、不是清宫摹本，不得当作相貌证据。,吐鲁番回部郡王：回部皮帽与清廷赐褂，手指摊开的西域舆图，不持兵刃。,核心,额敏和卓  吐鲁番回部；参赞大臣、多罗郡王 准噶尔 回部 紫光阁
QH-ZG-0013,shuhede,舒赫德,舒穆禄·舒赫德,正白旗满洲；参赞大臣、工部尚书,西域前五十,准噶尔、回部,13,乾隆二十五年前后图形紫光阁。御制前五十第13名。西师参赞。赞文直写屡左迁、闻黑水而进援。金川批次再以大学士入前五十。,御制,屡授重寄，亦屡左迁。厉厥意懦，策厥材贤。白衣白水，闻黑水信。安众进援，爵秩重晋。,《御制文初集》紫光阁五十功臣像赞（识典古籍 HY0944 公开录文；标点层今人，正文层公版）,御制像赞就事直录，不另改写成演义。赞曰：屡授重寄，亦屡左迁。厉厥意懦，策厥材贤。白衣白水，闻黑水信。安众进援，爵秩重晋。左迁事由本条不扩写。,《御制文初集》紫光阁五十功臣像赞（识典古籍 HY0944 公开录文；标点层今人，正文层公版）；名单据御制赞题名；与《清史稿》列传用字、后世通行表或有异写，不择一抹平,原图,media/ziguangge-shuhede.webp,https://commons.wikimedia.org/wiki/File:Shuhede.jpg,Public domain,公版传世像。是否紫光阁原轴待核。金川批次大学士舒赫德与此为同一人重出。,舒赫德（中枢/督抚）：绛褐补服捧奏匣，持朱批匣，无刀枪。,核心,舒赫德 舒穆禄·舒赫德 正白旗满洲；参赞大臣、工部尚书 准噶尔 回部 紫光阁
QH-ZG-0014,arigun,阿里衮,钮祜禄·阿里衮,镶黄旗满洲；参赞大臣一等果毅公、兵部尚书,西域前五十,准噶尔、回部,14,乾隆二十五年前后图形紫光阁。御制前五十第14名。呼尔璊之役以马济军、夜袭，赞文点名同事鄂博什。,御制,富德入援，次呼尔璊，趱行戈壁，马不进焉，以马济军，敌营夜袭，同事建绩曰鄂博什。,《御制文初集》紫光阁五十功臣像赞（识典古籍 HY0944 公开录文；标点层今人，正文层公版）,御制像赞就事直录，不另改写成演义。赞曰：富德入援，次呼尔璊，趱行戈壁，马不进焉，以马济军，敌营夜袭，同事建绩曰鄂博什。呼尔璊即今库尔曼一带战事，战图另有《玛瑺斫阵》系统，与阁像不是一件。,《御制文初集》紫光阁五十功臣像赞（识典古籍 HY0944 公开录文；标点层今人，正文层公版）；名单据御制赞题名；与《清史稿》列传用字、后世通行表或有异写，不择一抹平,原图,media/ziguangge-arigun.webp,https://commons.wikimedia.org/wiki/File:Arigun.jpg,Public domain,Commons 文件名 Arigun。公版传世像，是否原轴待核。,阿里衮（中枢/督抚）：绀色蟒袍无甲，持台湾海图，无刀枪。,核心,阿里衮 钮祜禄·阿里衮 镶黄旗满洲；参赞大臣一等果毅公、兵部尚书 准噶尔 回部 紫光阁
QH-ZG-0015,erongan,鄂容安,西林觉罗·鄂容安,满洲；原参赞大臣三等襄勤伯、总督；鄂尔泰子,西域前五十,准噶尔、回部,15,乾隆二十五年前后图形紫光阁。御制前五十第15名。伊犁变起战死。赞文由皇帝自认「用违其材」，不是单向表彰。,御制,世臣知书，料善论兵。惜弗通语，遂弗烛情。变起仓卒，力战命毕。用违其材，实予之失。,《御制文初集》紫光阁五十功臣像赞（识典古籍 HY0944 公开录文；标点层今人，正文层公版）,御制像赞就事直录，不另改写成演义。赞曰：世臣知书，料善论兵。惜弗通语，遂弗烛情。变起仓卒，力战命毕。用违其材，实予之失。「弗通语」指不通准噶尔语，赞文原句，不作今人诊断。,《御制文初集》紫光阁五十功臣像赞（识典古籍 HY0944 公开录文；标点层今人，正文层公版）；名单据御制赞题名；与《清史稿》列传用字、后世通行表或有异写，不择一抹平,生成,media/ziguangge-erongan.webp,本库据史料题名、旗籍与像赞语气生成的乾隆宫廷功臣画像风格示意图,本库自制（CC BY 4.0 文本规则下的生成图；非原像）,据史料描述生成，非原像。不是紫光阁原轴、不是清宫摹本，不得当作相貌证据。,知书总督而战死：石青补服外罩半卸铁甲，一手持兵书、一手按剑，侧身。,核心,鄂容安 西林觉罗·鄂容安 满洲；原参赞大臣三等襄勤伯、总督；鄂尔泰子 准噶尔 回部 紫光阁
QH-ZG-0016,mingrui,明瑞,富察·明瑞,镶黄旗满洲；参赞大臣一等承恩毅勇公、户部侍郎、副都统,西域前五十,准噶尔、回部,16,乾隆二十五年前后图形紫光阁。御制前五十第16名。傅恒侄，西师参赞。后任伊犁将军，见理藩院章。缅甸之役败死是后事，不写入这次入阁理由。,御制,椒室懿亲，年少志雄。谓可造就，俾学从戎。独出独入，既忠且壮。屡立宏勋，惬予所望。,《御制文初集》紫光阁五十功臣像赞（识典古籍 HY0944 公开录文；标点层今人，正文层公版）,御制像赞就事直录，不另改写成演义。赞曰：椒室懿亲，年少志雄。谓可造就，俾学从戎。独出独入，既忠且壮。屡立宏勋，惬予所望。本纪设伊犁将军「以明瑞为之」是乾隆二十七年，晚于这批像赞。,《御制文初集》紫光阁五十功臣像赞（识典古籍 HY0944 公开录文；标点层今人，正文层公版）；名单据御制赞题名；与《清史稿》列传用字、后世通行表或有异写，不择一抹平,原图,media/ziguangge-mingrui.webp,https://commons.wikimedia.org/wiki/File:Mingrui.jpg,Public domain,Commons 文件名 Mingrui.jpg。中文说明作西域前五十第十六位明瑞、乾隆二十五年绘。2024 年自中国国家博物馆展览页上传；原件层十八世纪公版，摄影层按文件页 Public domain 使用。不作原轴认定。,明瑞（西域）：褐棉甲蹲地验箭，与邻名次服饰兵器错开。,核心,明瑞 富察·明瑞 镶黄旗满洲；参赞大臣一等承恩毅勇公、户部侍郎、副都统 准噶尔 回部 紫光阁
QH-ZG-0017,agui,阿桂,章佳·阿桂,正蓝旗满洲；参赞大臣、工部侍郎、副都统；阿克敦子,西域前五十,准噶尔、回部,17,乾隆二十五年前后图形紫光阁。御制前五十第17名。西师参赞。后来金川、台湾、廓尔喀批次再居前列，是同一人多次入图，不是四个阿桂。,御制,阿克敦子，性颇捷敏。力请从戎，宜哉惟允。身不胜衣，心可干城。楚材继出，为国之桢。,《御制文初集》紫光阁五十功臣像赞（识典古籍 HY0944 公开录文；标点层今人，正文层公版）,御制像赞就事直录，不另改写成演义。赞曰：阿克敦子，性颇捷敏。力请从戎，宜哉惟允。身不胜衣，心可干城。楚材继出，为国之桢。「身不胜衣」是赞文形容，不作体质鉴定。,《御制文初集》紫光阁五十功臣像赞（识典古籍 HY0944 公开录文；标点层今人，正文层公版）；名单据御制赞题名；与《清史稿》列传用字、后世通行表或有异写，不择一抹平,原图,media/ziguangge-agui.webp,https://commons.wikimedia.org/wiki/File:Agui.jpg,Public domain,公版传世立像。是否紫光阁原轴、是否后世摹绘，文件页未写死，不作原轴认定。,阿桂（西域）：青甲立马收缰，与邻名次服饰兵器错开。,核心,阿桂 章佳·阿桂 正蓝旗满洲；参赞大臣、工部侍郎、副都统；阿克敦子 准噶尔 回部 紫光阁
QH-ZG-0018,santai,三泰,,原参赞大臣三等子、户部侍郎、副都统,西域前五十,准噶尔、回部,18,乾隆二十五年前后图形紫光阁。御制前五十第18名。黑水之役与纳木扎尔等相关。赞文有责备（临敌而退）与痛惜（失二贤臣），不得改成纯褒。,御制,率二百人，共诣军营，临敌而退，宁谓忠诚。如早闻信，何致殒身？不前不后，失二贤臣。,《御制文初集》紫光阁五十功臣像赞（识典古籍 HY0944 公开录文；标点层今人，正文层公版）,御制像赞就事直录，不另改写成演义。赞曰：率二百人，共诣军营，临敌而退，宁谓忠诚。如早闻信，何致殒身？不前不后，失二贤臣。「二贤臣」所指须回文集上下文，不在此条指定第二人。,《御制文初集》紫光阁五十功臣像赞（识典古籍 HY0944 公开录文；标点层今人，正文层公版）；名单据御制赞题名；与《清史稿》列传用字、后世通行表或有异写，不择一抹平,生成,media/ziguangge-santai.webp,本库据史料题名、旗籍与像赞语气生成的乾隆宫廷功臣画像风格示意图,本库自制（CC BY 4.0 文本规则下的生成图；非原像）,据史料描述生成，非原像。不是紫光阁原轴、不是清宫摹本，不得当作相貌证据。,率二百人赴营的参赞：黑漆明甲、红缨胄，右手执红令旗。,核心,三泰  原参赞大臣三等子、户部侍郎、副都统 准噶尔 回部 紫光阁
QH-ZG-0019,eshi,鄂实,,原参赞大臣、前锋统领、骑都尉又一云骑尉；鄂尔泰子,西域前五十,准噶尔、回部,19,乾隆二十五年前后图形紫光阁。御制前五十第19名。兄鄂容安死后固请从军，黑水捐躯。赞文承认前罪与超雪并写。,御制,其兄徇节，其弟忍使，欲报兄雠，固请不已，黑水之挫，复以捐身，超雪前罪，赏延后昆。,《御制文初集》紫光阁五十功臣像赞（识典古籍 HY0944 公开录文；标点层今人，正文层公版）,御制像赞就事直录，不另改写成演义。赞曰：其兄徇节，其弟忍使，欲报兄雠，固请不已，黑水之挫，复以捐身，超雪前罪，赏延后昆。前罪细节本条不扩。,《御制文初集》紫光阁五十功臣像赞（识典古籍 HY0944 公开录文；标点层今人，正文层公版）；名单据御制赞题名；与《清史稿》列传用字、后世通行表或有异写，不择一抹平,生成,media/ziguangge-eshi.webp,本库据史料题名、旗籍与像赞语气生成的乾隆宫廷功臣画像风格示意图,本库自制（CC BY 4.0 文本规则下的生成图；非原像）,据史料描述生成，非原像。不是紫光阁原轴、不是清宫摹本，不得当作相貌证据。,前锋统领报兄仇：银鳞甲、朱红胄缨，双手持长枪前倾。,核心,鄂实  原参赞大臣、前锋统领、骑都尉又一云骑尉；鄂尔泰子 准噶尔 回部 紫光阁
QH-ZG-0020,borbencha,博尔奔察,,索伦；领队大臣、内大臣,西域前五十,准噶尔、回部,20,乾隆二十五年前后图形紫光阁。御制前五十第20名。索伦领队。赞文用马援典写年老请行。,御制,矍铄请行，索伦巨擘。挽五石弓，尚能杀贼。如鸷之击，不留飞鸟。马援来归，殊恩荣老。,《御制文初集》紫光阁五十功臣像赞（识典古籍 HY0944 公开录文；标点层今人，正文层公版）,御制像赞就事直录，不另改写成演义。赞曰：矍铄请行，索伦巨擘。挽五石弓，尚能杀贼。如鸷之击，不留飞鸟。马援来归，殊恩荣老。「五石弓」是赞文修辞。,《御制文初集》紫光阁五十功臣像赞（识典古籍 HY0944 公开录文；标点层今人，正文层公版）；名单据御制赞题名；与《清史稿》列传用字、后世通行表或有异写，不择一抹平,生成,media/ziguangge-borbencha.webp,本库据史料题名、旗籍与像赞语气生成的乾隆宫廷功臣画像风格示意图,本库自制（CC BY 4.0 文本规则下的生成图；非原像）,据史料描述生成，非原像。不是紫光阁原轴、不是清宫摹本，不得当作相貌证据。,索伦老将挽硬弓：褐色皮甲、灰白须，开满月硬弓，撒袋在右胯。,核心,博尔奔察  索伦；领队大臣、内大臣 准噶尔 回部 紫光阁
QH-ZG-0021,doubin,豆斌,,汉；原领队大臣、安西提督总兵官,西域前五十,准噶尔、回部,21,乾隆二十五年前后图形紫光阁。御制前五十第21名。绿营提督，队中战死。赞文明写所部是绿旗。,御制,宿将行间，久矣宣力，所董绿旗，遵其律则。队中独丧，是有命焉。裹创慰众，益廑哀怜。,《御制文初集》紫光阁五十功臣像赞（识典古籍 HY0944 公开录文；标点层今人，正文层公版）,御制像赞就事直录，不另改写成演义。赞曰：宿将行间，久矣宣力，所董绿旗，遵其律则。队中独丧，是有命焉。裹创慰众，益廑哀怜。绿营与八旗分写，不得改成满洲统领。,《御制文初集》紫光阁五十功臣像赞（识典古籍 HY0944 公开录文；标点层今人，正文层公版）；名单据御制赞题名；与《清史稿》列传用字、后世通行表或有异写，不择一抹平,原图,media/ziguangge-doubin.webp,https://commons.wikimedia.org/wiki/File:Doubin.jpg,Public domain,Commons 公版传世像。绿营提督，画面是甲胄立像传统，不是八旗朝服定妆。是否原轴待核。,豆斌（西域）：黑漆甲执火把作焚箐势，与邻名次服饰兵器错开。,核心,豆斌  汉；原领队大臣、安西提督总兵官 准噶尔 回部 紫光阁
QH-ZG-0022,gaotianxi,高天喜,,汉；原领队大臣、甘肃提督总兵官,西域前五十,准噶尔、回部,22,乾隆二十五年前后图形紫光阁。御制前五十第22名。甘肃提督，西师战死。赞文「用不拘资」是破资格用边将。,御制,爪牙之将，用不拘资。感予特达，效命何辞。百战百进，义弗旋踵。怒则面赤，是谓血勇。,《御制文初集》紫光阁五十功臣像赞（识典古籍 HY0944 公开录文；标点层今人，正文层公版）,御制像赞就事直录，不另改写成演义。赞曰：爪牙之将，用不拘资。感予特达，效命何辞。百战百进，义弗旋踵。怒则面赤，是谓血勇。「血勇」是御制用词，不作病理。,《御制文初集》紫光阁五十功臣像赞（识典古籍 HY0944 公开录文；标点层今人，正文层公版）；名单据御制赞题名；与《清史稿》列传用字、后世通行表或有异写，不择一抹平,原图,media/ziguangge-gaotianxi.webp,https://commons.wikimedia.org/wiki/File:Gaotianxi.jpg,Public domain,Commons 公版传世像。汉堡民族学博物馆藏轴见 battle-of-qurman 目录。是否紫光阁原轴待核。,高天喜（西域）：绿营甲按刀，另一手持攻碉钩，与邻名次服饰兵器错开。,核心,高天喜  汉；原领队大臣、甘肃提督总兵官 准噶尔 回部 紫光阁
QH-ZG-0023,duanjibu,端济布,塔什巴图鲁端济布,领队大臣、副都统,西域前五十,准噶尔、回部,23,乾隆二十五年前后图形紫光阁。御制前五十第23名。黑水先渡固营。巴图鲁号塔什。,御制,将军黑水，先众径渡，固营待军。实端济布。众寡稍挫，仓卒周防，夺回人马，勇且谋长。,《御制文初集》紫光阁五十功臣像赞（识典古籍 HY0944 公开录文；标点层今人，正文层公版）,御制像赞就事直录，不另改写成演义。赞曰：将军黑水，先众径渡，固营待军。实端济布。众寡稍挫，仓卒周防，夺回人马，勇且谋长。先渡与将军兆惠的关系只据赞文，不另编战术图。,《御制文初集》紫光阁五十功臣像赞（识典古籍 HY0944 公开录文；标点层今人，正文层公版）；名单据御制赞题名；与《清史稿》列传用字、后世通行表或有异写，不择一抹平,原图,media/ziguangge-duanjibu.webp,https://commons.wikimedia.org/wiki/File:Duanjibu.jpg,Public domain,Commons 公版传世像。是否原轴待核。,端济布（西域）：索伦皮甲开弓，撒袋在右胯，与邻名次服饰兵器错开。,核心,端济布 塔什巴图鲁端济布 领队大臣、副都统 准噶尔 回部 紫光阁
QH-ZG-0024,ailonga,爱隆阿,,领队大臣、护军统领,西域前五十,准噶尔、回部,24,乾隆二十五年前后图形紫光阁。御制前五十第24名。领队。赞文并记其弟巴灵阿殉节。与罗卜藏多尔济赞中「单骑见虏」相参。,御制,将门杰种，拍张抚髀。受将军檄，力战全归。整师再进，贾勇陷坚。弟巴灵阿，尽节躯捐。,《御制文初集》紫光阁五十功臣像赞（识典古籍 HY0944 公开录文；标点层今人，正文层公版）,御制像赞就事直录，不另改写成演义。赞曰：将门杰种，拍张抚髀。受将军檄，力战全归。整师再进，贾勇陷坚。弟巴灵阿，尽节躯捐。弟巴灵阿未另列五十，不在本表单独立条。,《御制文初集》紫光阁五十功臣像赞（识典古籍 HY0944 公开录文；标点层今人，正文层公版）；名单据御制赞题名；与《清史稿》列传用字、后世通行表或有异写，不择一抹平,生成,media/ziguangge-ailonga.webp,本库据史料题名、旗籍与像赞语气生成的乾隆宫廷功臣画像风格示意图,本库自制（CC BY 4.0 文本规则下的生成图；非原像）,据史料描述生成，非原像。不是紫光阁原轴、不是清宫摹本，不得当作相貌证据。,护军统领单骑见虏：明黄马褂罩铁叶甲，立马提雁翎刀。,核心,爱隆阿  领队大臣、护军统领 准噶尔 回部 紫光阁
QH-ZG-0025,macang,玛瑺,墨尔根巴图鲁玛瑺,领队大臣、前锋统领,西域前五十,准噶尔、回部,25,乾隆二十五年前后图形紫光阁。御制前五十第25名。赞文写单骑陷阵。清宫另有《玛瑺斫阵图》战卷，是战图不是阁内功臣立轴，本页不拿战图顶替阁像。,御制,侍卫从征，奇功屡立，虽贼万众，单骑直入陷阵，马仆距跃弯弓，贼人咋舌，称天上雄。,《御制文初集》紫光阁五十功臣像赞（识典古籍 HY0944 公开录文；标点层今人，正文层公版）,御制像赞就事直录，不另改写成演义。赞曰：侍卫从征，奇功屡立，虽贼万众，单骑直入陷阵，马仆距跃弯弓，贼人咋舌，称天上雄。战图见 Commons《Macang Lays Low the Enemy Ranks》，公版，但不是本条肖像。,《御制文初集》紫光阁五十功臣像赞（识典古籍 HY0944 公开录文；标点层今人，正文层公版）；名单据御制赞题名；与《清史稿》列传用字、后世通行表或有异写，不择一抹平,原图,media/ziguangge-macang.webp,https://commons.wikimedia.org/wiki/File:Machang.jpg,Public domain,Commons 公版半身像。与《玛瑺斫阵图》战卷不是一件，本页用立像/半身像，不用战图顶替。,玛瑺（西域）：银鳞甲持长枪前倾，与邻名次服饰兵器错开。,核心,玛瑺 墨尔根巴图鲁玛瑺 领队大臣、前锋统领 准噶尔 回部 紫光阁
QH-ZG-0026,batujirgal,巴图济尔噶尔,,杜尔伯特；领队大臣、内大臣、副都统,西域前五十,准噶尔、回部,26,乾隆二十五年前后图形紫光阁。御制前五十第26名。杜尔伯特来归领队，赞文点出和阗之役。,御制,都尔伯特，部中杰骁。嘉其心直，授职本朝。凡与交战，义弗返顾。师济和阗，不孤恩遇。,《御制文初集》紫光阁五十功臣像赞（识典古籍 HY0944 公开录文；标点层今人，正文层公版）,御制像赞就事直录，不另改写成演义。赞曰：都尔伯特，部中杰骁。嘉其心直，授职本朝。凡与交战，义弗返顾。师济和阗，不孤恩遇。题名御制作巴图济尔噶尔，通行表或衍「巴图鲁」，不合并。,《御制文初集》紫光阁五十功臣像赞（识典古籍 HY0944 公开录文；标点层今人，正文层公版）；名单据御制赞题名；与《清史稿》列传用字、后世通行表或有异写，不择一抹平,生成,media/ziguangge-batujirgal.webp,本库据史料题名、旗籍与像赞语气生成的乾隆宫廷功臣画像风格示意图,本库自制（CC BY 4.0 文本规则下的生成图；非原像）,据史料描述生成，非原像。不是紫光阁原轴、不是清宫摹本，不得当作相貌证据。,杜尔伯特来归领队：灰褐毛皮甲、毡帽，双手握长矛拄地。,核心,巴图济尔噶尔  杜尔伯特；领队大臣、内大臣、副都统 准噶尔 回部 紫光阁
QH-ZG-0027,qilingzhabu,齐凌扎布,穆尔德木图巴图鲁齐凌扎布,散秩大臣,西域前五十,准噶尔、回部,27,乾隆二十五年前后图形紫光阁。御制前五十第27名。与噶布舒分守和阗。蒙古旗籍偏校。,御制,旗籍蒙古偏校从军杀贼，则奋鹘入鸦群，与噶布舒分守和阗，保众集事，且有谋焉。,《御制文初集》紫光阁五十功臣像赞（识典古籍 HY0944 公开录文；标点层今人，正文层公版）,御制像赞就事直录，不另改写成演义。赞曰：旗籍蒙古偏校从军杀贼，则奋鹘入鸦群，与噶布舒分守和阗，保众集事，且有谋焉。「偏校」是赞文对起家的写法。,《御制文初集》紫光阁五十功臣像赞（识典古籍 HY0944 公开录文；标点层今人，正文层公版）；名单据御制赞题名；与《清史稿》列传用字、后世通行表或有异写，不择一抹平,生成,media/ziguangge-qilingzhabu.webp,本库据史料题名、旗籍与像赞语气生成的乾隆宫廷功臣画像风格示意图,本库自制（CC BY 4.0 文本规则下的生成图；非原像）,据史料描述生成，非原像。不是紫光阁原轴、不是清宫摹本，不得当作相貌证据。,蒙古偏校守和阗：短褐棉甲，蹲地验箭杆，弓横置膝上。,核心,齐凌扎布 穆尔德木图巴图鲁齐凌扎布 散秩大臣 准噶尔 回部 紫光阁
QH-ZG-0028,gabushu,噶布舒,哈坦巴图鲁噶布舒,散秩大臣,西域前五十,准噶尔、回部,28,乾隆二十五年前后图形紫光阁。御制前五十第28名。入俄境得阿睦尔撒纳消息，后又守和阗。,御制,跃马抨弧，先锋鏖阵。入俄罗斯，得阿逆信。和阗既定，论功策勋。衣锦归籍，散秩大臣。,《御制文初集》紫光阁五十功臣像赞（识典古籍 HY0944 公开录文；标点层今人，正文层公版）,御制像赞就事直录，不另改写成演义。赞曰：跃马抨弧，先锋鏖阵。入俄罗斯，得阿逆信。和阗既定，论功策勋。衣锦归籍，散秩大臣。入俄是赞文所记侦讯，不作外交史终审。,《御制文初集》紫光阁五十功臣像赞（识典古籍 HY0944 公开录文；标点层今人，正文层公版）；名单据御制赞题名；与《清史稿》列传用字、后世通行表或有异写，不择一抹平,生成,media/ziguangge-gabushu.webp,本库据史料题名、旗籍与像赞语气生成的乾隆宫廷功臣画像风格示意图,本库自制（CC BY 4.0 文本规则下的生成图；非原像）,据史料描述生成，非原像。不是紫光阁原轴、不是清宫摹本，不得当作相貌证据。,入俄境侦阿逆：深棕皮裘、毡靴，肩扛鸟枪，腰悬望远镜式单筒。,核心,噶布舒 哈坦巴图鲁噶布舒 散秩大臣 准噶尔 回部 紫光阁
QH-ZG-0029,erdenge,额尔登额,噶毕雅图巴图鲁额尔登额,副都统,西域前五十,准噶尔、回部,29,乾隆二十五年前后图形紫光阁。御制前五十第29名。入巴达克山索霍集占等。,御制,军门统事，诸务勤宣，亦能力战，突将无前，入拔达山，索逆狟馘，晓谕殊方，是其伟绩。,《御制文初集》紫光阁五十功臣像赞（识典古籍 HY0944 公开录文；标点层今人，正文层公版）,御制像赞就事直录，不另改写成演义。赞曰：军门统事，诸务勤宣，亦能力战，突将无前，入拔达山，索逆狟馘，晓谕殊方，是其伟绩。「拔达山」即巴达克山，用赞文原字。,《御制文初集》紫光阁五十功臣像赞（识典古籍 HY0944 公开录文；标点层今人，正文层公版）；名单据御制赞题名；与《清史稿》列传用字、后世通行表或有异写，不择一抹平,生成,media/ziguangge-erdenge.webp,本库据史料题名、旗籍与像赞语气生成的乾隆宫廷功臣画像风格示意图,本库自制（CC BY 4.0 文本规则下的生成图；非原像）,据史料描述生成，非原像。不是紫光阁原轴、不是清宫摹本，不得当作相貌证据。,入巴达克山索馘：铁甲加朱红云肩，高举令箭。,核心,额尔登额 噶毕雅图巴图鲁额尔登额 副都统 准噶尔 回部 紫光阁
QH-ZG-0030,khojis,霍集斯,,乌什回部；郡王,西域前五十,准噶尔、回部,30,乾隆二十五年前后图形紫光阁。御制前五十第30名。擒达瓦齐有功，赞文亦写「后稍观望」。黑水被围后入居京师。,御制,奉元戎檄，擒达瓦齐，后稍观望，旋迎我师，同大军进，被围。黑水回部望族，居之京邸。,《御制文初集》紫光阁五十功臣像赞（识典古籍 HY0944 公开录文；标点层今人，正文层公版）,御制像赞就事直录，不另改写成演义。赞曰：奉元戎檄，擒达瓦齐，后稍观望，旋迎我师，同大军进，被围。黑水回部望族，居之京邸。观望句不得删。回部望族是赞文口径。,《御制文初集》紫光阁五十功臣像赞（识典古籍 HY0944 公开录文；标点层今人，正文层公版）；名单据御制赞题名；与《清史稿》列传用字、后世通行表或有异写，不择一抹平,生成,media/ziguangge-khojis.webp,本库据史料题名、旗籍与像赞语气生成的乾隆宫廷功臣画像风格示意图,本库自制（CC BY 4.0 文本规则下的生成图；非原像）,据史料描述生成，非原像。不是紫光阁原轴、不是清宫摹本，不得当作相貌证据。,乌什回部郡王居京邸：回部锦袍花帽，捧清廷金印，无刀。,核心,霍集斯  乌什回部；郡王 准噶尔 回部 紫光阁
QH-ZG-0031,edui,鄂对,,库车等处回部；贝子,西域前五十,准噶尔、回部,31,乾隆二十五年前后图形紫光阁。御制前五十第31名。往谕和阗，被围三月，与噶布舒共守。,御制,平伊犁时，归顺勤王，回部杰出其心，允良往谕，和阗，被围三月，共噶布舒全守卓越。,《御制文初集》紫光阁五十功臣像赞（识典古籍 HY0944 公开录文；标点层今人，正文层公版）,御制像赞就事直录，不另改写成演义。赞曰：平伊犁时，归顺勤王，回部杰出其心，允良往谕，和阗，被围三月，共噶布舒全守卓越。「回部杰出」是赞文，不作全部回部人物谱。,《御制文初集》紫光阁五十功臣像赞（识典古籍 HY0944 公开录文；标点层今人，正文层公版）；名单据御制赞题名；与《清史稿》列传用字、后世通行表或有异写，不择一抹平,生成,media/ziguangge-edui.webp,本库据史料题名、旗籍与像赞语气生成的乾隆宫廷功臣画像风格示意图,本库自制（CC BY 4.0 文本规则下的生成图；非原像）,据史料描述生成，非原像。不是紫光阁原轴、不是清宫摹本，不得当作相貌证据。,库车贝子守和阗三月：锁子甲外罩回部袷袢，按刀凭堞回望。,核心,鄂对  库车等处回部；贝子 准噶尔 回部 紫光阁
QH-ZG-0032,echer,鄂齐尔,,准噶尔来归；内大臣,西域前五十,准噶尔、回部,32,乾隆二十五年前后图形紫光阁。御制前五十第32名。赞文称与萨拉尔同部。来归内大臣。,御制,前无坚对，后无返思。持矟一呼，千贼披靡。扬扬英气，洸洸伟身。与萨拉尔盖同部人。,《御制文初集》紫光阁五十功臣像赞（识典古籍 HY0944 公开录文；标点层今人，正文层公版）,御制像赞就事直录，不另改写成演义。赞曰：前无坚对，后无返思。持矟一呼，千贼披靡。扬扬英气，洸洸伟身。与萨拉尔盖同部人。同部是赞文判断，旗籍细目待核。,《御制文初集》紫光阁五十功臣像赞（识典古籍 HY0944 公开录文；标点层今人，正文层公版）；名单据御制赞题名；与《清史稿》列传用字、后世通行表或有异写，不择一抹平,生成,media/ziguangge-echer.webp,本库据史料题名、旗籍与像赞语气生成的乾隆宫廷功臣画像风格示意图,本库自制（CC BY 4.0 文本规则下的生成图；非原像）,据史料描述生成，非原像。不是紫光阁原轴、不是清宫摹本，不得当作相貌证据。,准噶尔来归、持矟一呼：黑铁甲，右手高举长矟。,核心,鄂齐尔  准噶尔来归；内大臣 准噶尔 回部 紫光阁
QH-ZG-0033,ayuxi,阿玉锡,喀喇巴图鲁阿玉锡 / Ayusi,厄鲁特来归；散秩大臣,西域前五十,准噶尔、回部,33,乾隆二十五年前后图形紫光阁。御制前五十第33名。格登山夜袭是西师名场面。郎世宁另绘《阿玉锡持矛荡寇图》，战图与阁像分件。,御制,于格登山，贼据险守，率廿四人间道袭后，诸贼大溃。爰以成功，本厄鲁特，降顺效忠。,《御制文初集》紫光阁五十功臣像赞（识典古籍 HY0944 公开录文；标点层今人，正文层公版）,御制像赞就事直录，不另改写成演义。赞曰：于格登山，贼据险守，率廿四人间道袭后，诸贼大溃。爰以成功，本厄鲁特，降顺效忠。「廿四人」是赞文数字，不作已核出战名册。,《御制文初集》紫光阁五十功臣像赞（识典古籍 HY0944 公开录文；标点层今人，正文层公版）；名单据御制赞题名；与《清史稿》列传用字、后世通行表或有异写，不择一抹平,原图,media/ziguangge-ayuxi.webp,https://commons.wikimedia.org/wiki/File:Ayusi.jpg,Public domain,公版半身像。与郎世宁《阿玉锡持矛荡寇图》不是同一件，后者是战图不是阁内立轴。,阿玉锡（西域）：索伦皮甲开弓，撒袋在右胯，与邻名次服饰兵器错开。,核心,阿玉锡 喀喇巴图鲁阿玉锡 / Ayusi 厄鲁特来归；散秩大臣 准噶尔 回部 紫光阁
QH-ZG-0034,dashiceleng,达什策凌,,卫拉特；原散秩大臣、骑都尉,西域前五十,准噶尔、回部,34,乾隆二十五年前后图形紫光阁。御制前五十第34名。护额驸（色布腾巴尔珠尔）受伤而出，后死于回城。与璊绰尔图赞「时共事者」互见。,御制,卫拉从征，喑哑咤叱，额驸受创，卫护以出，用赐殊恩，用益奋感。毕命回城，每怀恻怆。,《御制文初集》紫光阁五十功臣像赞（识典古籍 HY0944 公开录文；标点层今人，正文层公版）,御制像赞就事直录，不另改写成演义。赞曰：卫拉从征，喑哑咤叱，额驸受创，卫护以出，用赐殊恩，用益奋感。毕命回城，每怀恻怆。回城所指须回方略，不在此条指定城名。,《御制文初集》紫光阁五十功臣像赞（识典古籍 HY0944 公开录文；标点层今人，正文层公版）；名单据御制赞题名；与《清史稿》列传用字、后世通行表或有异写，不择一抹平,生成,media/ziguangge-dashiceleng.webp,本库据史料题名、旗籍与像赞语气生成的乾隆宫廷功臣画像风格示意图,本库自制（CC BY 4.0 文本规则下的生成图；非原像）,据史料描述生成，非原像。不是紫光阁原轴、不是清宫摹本，不得当作相貌证据。,卫拉特护额驸出围：破皮甲、肩有血迹裹布，一手挽弓一手扶伤回望。,核心,达什策凌  卫拉特；原散秩大臣、骑都尉 准噶尔 回部 紫光阁
QH-ZG-0035,eboshi,鄂博什,,索伦；副都统,西域前五十,准噶尔、回部,35,乾隆二十五年前后图形紫光阁。御制前五十第35名。乙亥（乾隆二十年）出师。阿里衮赞称呼尔璊夜袭同事。,御制,索伦营总，乙亥出师，老而益壮，颇识戎机。厄鲁回部，胥闻其名，耸身马上，如击兔鹰。,《御制文初集》紫光阁五十功臣像赞（识典古籍 HY0944 公开录文；标点层今人，正文层公版）,御制像赞就事直录，不另改写成演义。赞曰：索伦营总，乙亥出师，老而益壮，颇识戎机。厄鲁回部，胥闻其名，耸身马上，如击兔鹰。乙亥只证赞文纪年用干支。,《御制文初集》紫光阁五十功臣像赞（识典古籍 HY0944 公开录文；标点层今人，正文层公版）；名单据御制赞题名；与《清史稿》列传用字、后世通行表或有异写，不择一抹平,生成,media/ziguangge-eboshi.webp,本库据史料题名、旗籍与像赞语气生成的乾隆宫廷功臣画像风格示意图,本库自制（CC BY 4.0 文本规则下的生成图；非原像）,据史料描述生成，非原像。不是紫光阁原轴、不是清宫摹本，不得当作相貌证据。,索伦营总如击兔鹰：青铁甲，半蹲马上开弓瞄下方。,核心,鄂博什  索伦；副都统 准噶尔 回部 紫光阁
QH-ZG-0036,wenbu,温布,图布巴图鲁温布,副都统,西域前五十,准噶尔、回部,36,乾隆二十五年前后图形紫光阁。御制前五十第36名。赞文用「温侯」戏问其名。武勇描写是御制修辞。,御制,生不知惧，战不知退，亦不受伤，铜额铁背，弓可担水，箭如锹鏵。温侯名布，是耶非耶？,《御制文初集》紫光阁五十功臣像赞（识典古籍 HY0944 公开录文；标点层今人，正文层公版）,御制像赞就事直录，不另改写成演义。赞曰：生不知惧，战不知退，亦不受伤，铜额铁背，弓可担水，箭如锹鏵。温侯名布，是耶非耶？不得把「铜额铁背」写成甲胄制度说明。,《御制文初集》紫光阁五十功臣像赞（识典古籍 HY0944 公开录文；标点层今人，正文层公版）；名单据御制赞题名；与《清史稿》列传用字、后世通行表或有异写，不择一抹平,生成,media/ziguangge-wenbu.webp,本库据史料题名、旗籍与像赞语气生成的乾隆宫廷功臣画像风格示意图,本库自制（CC BY 4.0 文本规则下的生成图；非原像）,据史料描述生成，非原像。不是紫光阁原轴、不是清宫摹本，不得当作相貌证据。,铜额铁背、箭如锹鏵：铁胄护心镜，双手展示特大铁镞长箭。,核心,温布 图布巴图鲁温布 副都统 准噶尔 回部 紫光阁
QH-ZG-0037,youtun,由屯,克特尔克巴图鲁由屯,副都统,西域前五十,准噶尔、回部,37,乾隆二十五年前后图形紫光阁。御制前五十第37名。由射生手积功至副都统。,御制,本射生手，狼不暇走，以之杀贼，如探囊取，奇功屡建，亦因阅历世职崇阶，酬其劳勣。,《御制文初集》紫光阁五十功臣像赞（识典古籍 HY0944 公开录文；标点层今人，正文层公版）,御制像赞就事直录，不另改写成演义。赞曰：本射生手，狼不暇走，以之杀贼，如探囊取，奇功屡建，亦因阅历世职崇阶，酬其劳勣。起家细节待回旗档。,《御制文初集》紫光阁五十功臣像赞（识典古籍 HY0944 公开录文；标点层今人，正文层公版）；名单据御制赞题名；与《清史稿》列传用字、后世通行表或有异写，不择一抹平,生成,media/ziguangge-youtun.webp,本库据史料题名、旗籍与像赞语气生成的乾隆宫廷功臣画像风格示意图,本库自制（CC BY 4.0 文本规则下的生成图；非原像）,据史料描述生成，非原像。不是紫光阁原轴、不是清宫摹本，不得当作相貌证据。,射生手出身：深绿猎装、无朝珠，持鸟枪作瞄准。,核心,由屯 克特尔克巴图鲁由屯 副都统 准噶尔 回部 紫光阁
QH-ZG-0038,sange,三格,,原副都统、骑都尉又一云骑尉,西域前五十,准噶尔、回部,38,乾隆二十五年前后图形紫光阁。御制前五十第38名。先因疏防降谪，后从军死于黑水，以死豁罪入图。,御制,浑齐潜遁，疏防降谪。从军赎罪，每战必力。黑水殒命，豁罪论功。图像紫光，表忠无穷。,《御制文初集》紫光阁五十功臣像赞（识典古籍 HY0944 公开录文；标点层今人，正文层公版）,御制像赞就事直录，不另改写成演义。赞曰：浑齐潜遁，疏防降谪。从军赎罪，每战必力。黑水殒命，豁罪论功。图像紫光，表忠无穷。「浑齐」人名据赞文，不作另开传。,《御制文初集》紫光阁五十功臣像赞（识典古籍 HY0944 公开录文；标点层今人，正文层公版）；名单据御制赞题名；与《清史稿》列传用字、后世通行表或有异写，不择一抹平,原图,media/ziguangge-sange.webp,https://commons.wikimedia.org/wiki/File:Sange.jpg,Public domain,Commons 公版传世像。是否原轴待核。,三格（西域）：破甲裹创回望，与邻名次服饰兵器错开。,核心,三格  原副都统、骑都尉又一云骑尉 准噶尔 回部 紫光阁
QH-ZG-0039,qichebu,祁彻布,舒布图铠巴图鲁祁彻布；奇彻布,原头等侍卫,西域前五十,准噶尔、回部,39,乾隆二十五年前后图形紫光阁。御制前五十第39名。包沁之叛得巴图鲁号，后与哈萨克作战而死。题名御制卷内或残作「布」，通行表作祁彻布/奇彻布。,御制,包沁之叛，千贼一身。赐巴图鲁，昉乎斯人。后复屡战，丧哈萨克。始终于是，曷胜悼惜。,《御制文初集》紫光阁五十功臣像赞（识典古籍 HY0944 公开录文；标点层今人，正文层公版）,御制像赞就事直录，不另改写成演义。赞曰：包沁之叛，千贼一身。赐巴图鲁，昉乎斯人。后复屡战，丧哈萨克。始终于是，曷胜悼惜。异名并陈，不择一。,《御制文初集》紫光阁五十功臣像赞（识典古籍 HY0944 公开录文；标点层今人，正文层公版）；名单据御制赞题名；与《清史稿》列传用字、后世通行表或有异写，不择一抹平,生成,media/ziguangge-qichebu.webp,本库据史料题名、旗籍与像赞语气生成的乾隆宫廷功臣画像风格示意图,本库自制（CC BY 4.0 文本规则下的生成图；非原像）,据史料描述生成，非原像。不是紫光阁原轴、不是清宫摹本，不得当作相貌证据。,头等侍卫得巴图鲁号：明黄侍卫马褂，抽腰刀半出鞘。,核心,祁彻布 舒布图铠巴图鲁祁彻布；奇彻布 原头等侍卫 准噶尔 回部 紫光阁
QH-ZG-0040,laoge,老格,博克巴图鲁老格,头等侍卫,西域前五十,准噶尔、回部,40,乾隆二十五年前后图形紫光阁。御制前五十第40名。先以计解哈萨克锡拉之乱，后再从征。,御制,哈萨锡拉叫呶称乱，趋羊适过，以计解难。后复从军，屡战屡进，单马冲突，狮子奋迅。,《御制文初集》紫光阁五十功臣像赞（识典古籍 HY0944 公开录文；标点层今人，正文层公版）,御制像赞就事直录，不另改写成演义。赞曰：哈萨锡拉叫呶称乱，趋羊适过，以计解难。后复从军，屡战屡进，单马冲突，狮子奋迅。「趋羊」是赞文情节，不作民俗志。,《御制文初集》紫光阁五十功臣像赞（识典古籍 HY0944 公开录文；标点层今人，正文层公版）；名单据御制赞题名；与《清史稿》列传用字、后世通行表或有异写，不择一抹平,原图,media/ziguangge-laoge.webp,https://commons.wikimedia.org/wiki/File:Looge.jpg,Public domain,Commons 文件名 Looge。公版传世像，是否原轴待核。,老格（西域）：锈红铁甲扛云梯，瞄石碉窗口，与邻名次服饰兵器错开。,核心,老格 博克巴图鲁老格 头等侍卫 准噶尔 回部 紫光阁
QH-ZG-0041,daktana,达克塔纳,墨尔根巴图鲁达克塔纳,头等侍卫,西域前五十,准噶尔、回部,41,乾隆二十五年前后图形紫光阁。御制前五十第41名。库车围城，诱援入伏。,御制,库车围攻，命守要害，侦贼来援，周防以待。贼却乃前，贼前乃却，引至大队，是鞣是膊。,《御制文初集》紫光阁五十功臣像赞（识典古籍 HY0944 公开录文；标点层今人，正文层公版）,御制像赞就事直录，不另改写成演义。赞曰：库车围攻，命守要害，侦贼来援，周防以待。贼却乃前，贼前乃却，引至大队，是鞣是膊。战术细节只据赞文。,《御制文初集》紫光阁五十功臣像赞（识典古籍 HY0944 公开录文；标点层今人，正文层公版）；名单据御制赞题名；与《清史稿》列传用字、后世通行表或有异写，不择一抹平,原图,media/ziguangge-daktana.webp,https://commons.wikimedia.org/wiki/File:Daketana.jpg,Public domain,Commons 文件名 Daketana。公版传世像，是否原轴待核。,达克塔纳（西域）：黑漆甲执火把作焚箐势，与邻名次服饰兵器错开。,核心,达克塔纳 墨尔根巴图鲁达克塔纳 头等侍卫 准噶尔 回部 紫光阁
QH-ZG-0042,samutan,萨穆坦,,头等侍卫；厄鲁特来归,西域前五十,准噶尔、回部,42,乾隆二十五年前后图形紫光阁。御制前五十第42名。往巴达克山任通译索献。,御制,厄鲁劫运，构衅互戕，识时拔出，致力疆场。首被抡选，往拔达山，译语晓譬，共索馘还。,《御制文初集》紫光阁五十功臣像赞（识典古籍 HY0944 公开录文；标点层今人，正文层公版）,御制像赞就事直录，不另改写成演义。赞曰：厄鲁劫运，构衅互戕，识时拔出，致力疆场。首被抡选，往拔达山，译语晓譬，共索馘还。通译是赞文所记职事。,《御制文初集》紫光阁五十功臣像赞（识典古籍 HY0944 公开录文；标点层今人，正文层公版）；名单据御制赞题名；与《清史稿》列传用字、后世通行表或有异写，不择一抹平,生成,media/ziguangge-samutan.webp,本库据史料题名、旗籍与像赞语气生成的乾隆宫廷功臣画像风格示意图,本库自制（CC BY 4.0 文本规则下的生成图；非原像）,据史料描述生成，非原像。不是紫光阁原轴、不是清宫摹本，不得当作相貌证据。,厄鲁特通译往巴达克山：灰袍加回部披巾，双手展开满汉文书。,核心,萨穆坦  头等侍卫；厄鲁特来归 准噶尔 回部 紫光阁
QH-ZG-0043,manchortu,璊绰尔图,固济尔巴图鲁璊绰尔图,原二等侍卫、云骑尉,西域前五十,准噶尔、回部,43,乾隆二十五年前后图形紫光阁。御制前五十第43名。与达什策凌同事，矢尽骂贼死。,御制,捉生以出，被回所遮，众寡不敌，矢尽堪嗟。骂贼以死，虽死犹生。时共事者，达什策凌。,《御制文初集》紫光阁五十功臣像赞（识典古籍 HY0944 公开录文；标点层今人，正文层公版）,御制像赞就事直录，不另改写成演义。赞曰：捉生以出，被回所遮，众寡不敌，矢尽堪嗟。骂贼以死，虽死犹生。时共事者，达什策凌。「回」在赞文中指回部对方，不作今称。,《御制文初集》紫光阁五十功臣像赞（识典古籍 HY0944 公开录文；标点层今人，正文层公版）；名单据御制赞题名；与《清史稿》列传用字、后世通行表或有异写，不择一抹平,原图,media/ziguangge-manchortu.webp,https://commons.wikimedia.org/wiki/File:Moncartu.jpg,Public domain,Commons 文件名 Moncartu，对应璊绰尔图。公版传世像，是否原轴待核。,璊绰尔图（西域）：索伦皮甲开弓，撒袋在右胯，与邻名次服饰兵器错开。,核心,璊绰尔图 固济尔巴图鲁璊绰尔图 原二等侍卫、云骑尉 准噶尔 回部 紫光阁
QH-ZG-0044,tamanai,塔玛鼐,哈朗圭/哈朗书巴图鲁塔玛鼐,二等侍卫,西域前五十,准噶尔、回部,44,乾隆二十五年前后图形紫光阁。御制前五十第44名。五易马仍进。赞文同时说「心则乏谋」，是御制直笔。,御制,闻战则喜，无生有死。五易马进，终弗却视。身不及胆，心则乏谋。用以冲阵，胜五百牛。,《御制文初集》紫光阁五十功臣像赞（识典古籍 HY0944 公开录文；标点层今人，正文层公版）,御制像赞就事直录，不另改写成演义。赞曰：闻战则喜，无生有死。五易马进，终弗却视。身不及胆，心则乏谋。用以冲阵，胜五百牛。巴图鲁号御制或作哈朗书，通行表或作哈朗圭。,《御制文初集》紫光阁五十功臣像赞（识典古籍 HY0944 公开录文；标点层今人，正文层公版）；名单据御制赞题名；与《清史稿》列传用字、后世通行表或有异写，不择一抹平,生成,media/ziguangge-tamanai.webp,本库据史料题名、旗籍与像赞语气生成的乾隆宫廷功臣画像风格示意图,本库自制（CC BY 4.0 文本规则下的生成图；非原像）,据史料描述生成，非原像。不是紫光阁原轴、不是清宫摹本，不得当作相貌证据。,五易马仍进：尘土甲胄，左手牵第二匹战马、右手握断缰。,核心,塔玛鼐 哈朗圭/哈朗书巴图鲁塔玛鼐 二等侍卫 准噶尔 回部 紫光阁
QH-ZG-0045,fuxier,富锡尔,哈布台巴图鲁富锡尔；福锡尔,原二等侍卫,西域前五十,准噶尔、回部,45,乾隆二十五年前后图形紫光阁。御制前五十第45名。与色楞相关的遮击中战死。通行表或作福锡尔。,御制,三巴图鲁于中之一要遮色楞，忍堕其术，不及弯弓，白刃挥霍，犹斩数人之死弗却。,《御制文初集》紫光阁五十功臣像赞（识典古籍 HY0944 公开录文；标点层今人，正文层公版）,御制像赞就事直录，不另改写成演义。赞曰：三巴图鲁于中之一要遮色楞，忍堕其术，不及弯弓，白刃挥霍，犹斩数人之死弗却。「三巴图鲁」其余二人赞文未在本条点名，不补。,《御制文初集》紫光阁五十功臣像赞（识典古籍 HY0944 公开录文；标点层今人，正文层公版）；名单据御制赞题名；与《清史稿》列传用字、后世通行表或有异写，不择一抹平,生成,media/ziguangge-fuxier.webp,本库据史料题名、旗籍与像赞语气生成的乾隆宫廷功臣画像风格示意图,本库自制（CC BY 4.0 文本规则下的生成图；非原像）,据史料描述生成，非原像。不是紫光阁原轴、不是清宫摹本，不得当作相貌证据。,白刃挥霍近战：短甲无弓，双手横持腰刀作劈势。,核心,富锡尔 哈布台巴图鲁富锡尔；福锡尔 原二等侍卫 准噶尔 回部 紫光阁
QH-ZG-0046,hailancha,海兰察,额尔克巴图鲁海兰察,镶黄旗索伦；二等侍卫（入图时）,西域前五十,准噶尔、回部,46,乾隆二十五年前后图形紫光阁。御制前五十第46名。西师时尚为侍卫，赞文记塔巴台射巴雅尔。后金川晋超勇侯，台湾、廓尔喀再入图。,御制,烈风扫枯，迅其奚难。亦赖众杰，摧敌攻坚。于塔巴台，射巴雅尔。是其伟绩，勇鲜伦比。,《御制文初集》紫光阁五十功臣像赞（识典古籍 HY0944 公开录文；标点层今人，正文层公版）,御制像赞就事直录，不另改写成演义。赞曰：烈风扫枯，迅其奚难。亦赖众杰，摧敌攻坚。于塔巴台，射巴雅尔。是其伟绩，勇鲜伦比。不得把后来的公侯衔倒填进这一次像赞题名。,《御制文初集》紫光阁五十功臣像赞（识典古籍 HY0944 公开录文；标点层今人，正文层公版）；名单据御制赞题名；与《清史稿》列传用字、后世通行表或有异写，不择一抹平,原图,media/ziguangge-hailancha.webp,https://commons.wikimedia.org/wiki/File:海蘭察.jpg,Public domain,Commons 题作《御笔平定台湾二十功臣像赞》系统传世像，右侧有御笔题赞。用于海兰察相貌识别，不得写成西域前五十原轴已经对上。金川、台湾、廓尔喀批次重出，图可复用，不合并成一次入阁。,海兰察（西域）：褐棉甲蹲地验箭，与邻名次服饰兵器错开。,核心,海兰察 额尔克巴图鲁海兰察 镶黄旗索伦；二等侍卫（入图时） 准噶尔 回部 紫光阁
QH-ZG-0047,fushao,富绍,,原二等侍卫、云骑尉,西域前五十,准噶尔、回部,47,乾隆二十五年前后图形紫光阁。御制前五十第47名。黑水筑垒未成即中铳死。,御制,黑水筑垒，未毕贼侵，蜂屯蚁杂，攘攘林林。持将军令，意气昂藏。来往慰众，铳殒堪伤。,《御制文初集》紫光阁五十功臣像赞（识典古籍 HY0944 公开录文；标点层今人，正文层公版）,御制像赞就事直录，不另改写成演义。赞曰：黑水筑垒，未毕贼侵，蜂屯蚁杂，攘攘林林。持将军令，意气昂藏。来往慰众，铳殒堪伤。「铳」是火器，赞文原字。,《御制文初集》紫光阁五十功臣像赞（识典古籍 HY0944 公开录文；标点层今人，正文层公版）；名单据御制赞题名；与《清史稿》列传用字、后世通行表或有异写，不择一抹平,生成,media/ziguangge-fushao.webp,本库据史料题名、旗籍与像赞语气生成的乾隆宫廷功臣画像风格示意图,本库自制（CC BY 4.0 文本规则下的生成图；非原像）,据史料描述生成，非原像。不是紫光阁原轴、不是清宫摹本，不得当作相貌证据。,黑水筑垒中铳：半卸甲，双手持火绳枪验机。,核心,富绍  原二等侍卫、云骑尉 准噶尔 回部 紫光阁
QH-ZG-0048,zhaqitu,扎奇图,赛音博勒克巴图鲁扎奇图,三等侍卫,西域前五十,准噶尔、回部,48,乾隆二十五年前后图形紫光阁。御制前五十第48名。黑水间道送檄。与阿尔丹察「共扎奇图」互见。,御制,狗盗鸡鸣，孟尝不弃；𥩈马何害。用人之际，间道进檄，首遴斯人，双雄比肩，冲出万军。,《御制文初集》紫光阁五十功臣像赞（识典古籍 HY0944 公开录文；标点层今人，正文层公版）,御制像赞就事直录，不另改写成演义。赞曰：狗盗鸡鸣，孟尝不弃；𥩈马何害。用人之际，间道进檄，首遴斯人，双雄比肩，冲出万军。孟尝典是赞文用人说，不是列传。,《御制文初集》紫光阁五十功臣像赞（识典古籍 HY0944 公开录文；标点层今人，正文层公版）；名单据御制赞题名；与《清史稿》列传用字、后世通行表或有异写，不择一抹平,生成,media/ziguangge-zhaqitu.webp,本库据史料题名、旗籍与像赞语气生成的乾隆宫廷功臣画像风格示意图,本库自制（CC BY 4.0 文本规则下的生成图；非原像）,据史料描述生成，非原像。不是紫光阁原轴、不是清宫摹本，不得当作相貌证据。,间道送檄：青布轻袍无甲，腋下夹军檄、回身急步。,核心,扎奇图 赛音博勒克巴图鲁扎奇图 三等侍卫 准噶尔 回部 紫光阁
QH-ZG-0049,ardancha,阿尔丹察,什伦哈什哈巴图鲁阿尔丹察,三等侍卫,西域前五十,准噶尔、回部,49,乾隆二十五年前后图形紫光阁。御制前五十第49名。与扎奇图同送军信出围。,御制,骑二骏马，纵两神鹘，回如瓦雀，伏不敢发。共扎奇图，左旋右抽，卒致军信，效力独优。,《御制文初集》紫光阁五十功臣像赞（识典古籍 HY0944 公开录文；标点层今人，正文层公版）,御制像赞就事直录，不另改写成演义。赞曰：骑二骏马，纵两神鹘，回如瓦雀，伏不敢发。共扎奇图，左旋右抽，卒致军信，效力独优。「回如瓦雀」是赞文对敌方的比喻。,《御制文初集》紫光阁五十功臣像赞（识典古籍 HY0944 公开录文；标点层今人，正文层公版）；名单据御制赞题名；与《清史稿》列传用字、后世通行表或有异写，不择一抹平,生成,media/ziguangge-ardancha.webp,本库据史料题名、旗籍与像赞语气生成的乾隆宫廷功臣画像风格示意图,本库自制（CC BY 4.0 文本规则下的生成图；非原像）,据史料描述生成，非原像。不是紫光阁原轴、不是清宫摹本，不得当作相貌证据。,骑二骏纵两鹘：臂架海东青，另一手牵第二匹空鞍骏马。,核心,阿尔丹察 什伦哈什哈巴图鲁阿尔丹察 三等侍卫 准噶尔 回部 紫光阁
QH-ZG-0050,wushibao,五十保,卓里克图巴图鲁五十保,三等侍卫,西域前五十,准噶尔、回部,50,乾隆二十五年前后图形紫光阁。御制前五十第50名。再送军檄入京。赞文收束前五十：举其尤者图形。,御制,军檄再发，更抡五英，驰驿逾月，迅至北京。舍身报国，不可数算，举其尤者，图形作赞。,《御制文初集》紫光阁五十功臣像赞（识典古籍 HY0944 公开录文；标点层今人，正文层公版）,御制像赞就事直录，不另改写成演义。赞曰：军檄再发，更抡五英，驰驿逾月，迅至北京。舍身报国，不可数算，举其尤者，图形作赞。「五英」其余人名赞文未列，不补。,《御制文初集》紫光阁五十功臣像赞（识典古籍 HY0944 公开录文；标点层今人，正文层公版）；名单据御制赞题名；与《清史稿》列传用字、后世通行表或有异写，不择一抹平,生成,media/ziguangge-wushibao.webp,本库据史料题名、旗籍与像赞语气生成的乾隆宫廷功臣画像风格示意图,本库自制（CC BY 4.0 文本规则下的生成图；非原像）,据史料描述生成，非原像。不是紫光阁原轴、不是清宫摹本，不得当作相貌证据。,驰驿逾月至北京：红缨驿帽、黄包袱军书匣捧在胸前。,核心,五十保 卓里克图巴图鲁五十保 三等侍卫 准噶尔 回部 紫光阁
QH-ZG-0051,balu,巴禄,,参赞大臣一等诚勇公、都统,西域后五十,准噶尔、回部,1,斩将搴旗、建一绩致一命者，命儒臣缀辞。图志后五十第1名。后五十以《西域图志》题名与赞文为准；通行维基表与图志有异序异名（如满福/车木楚克扎布、伊登古/哈木图库），并陈待核,儒臣代撰,准部回城，咸慴将种。恸父殒贼，杀贼逾勇。两世济美，同上凌烟。古称定远，其何有焉。,《钦定皇舆西域图志》敕恭撰紫光阁次五十功臣像赞（识典古籍 SK1002；刘统勋、刘纶、于敏中恭跋）,儒臣代撰赞就事直录：准部回城，咸慴将种。恸父殒贼，杀贼逾勇。两世济美，同上凌烟。古称定远，其何有焉。 跋文称功以次及、数亦如之，不得把后五十写成无功备数。,《钦定皇舆西域图志》敕恭撰紫光阁次五十功臣像赞（识典古籍 SK1002；刘统勋、刘纶、于敏中恭跋）,生成,media/ziguangge-balu.webp,本库据史料题名、旗籍与像赞语气生成的乾隆宫廷功臣画像风格示意图,本库自制（CC BY 4.0 文本规则下的生成图；非原像）,据史料描述生成，非原像。不是紫光阁原轴、不是清宫摹本，不得当作相貌证据。,班第之子恸父：白袍外罩半甲，按刀低头。,核心,巴禄 参赞大臣一等诚勇公、都统 准噶尔 回部 紫光阁 后五十
QH-ZG-0052,fulu,福禄,,参赞大臣、杭州将军,西域后五十,准噶尔、回部,2,斩将搴旗、建一绩致一命者，命儒臣缀辞。图志后五十第2名。后五十以《西域图志》题名与赞文为准；通行维基表与图志有异序异名（如满福/车木楚克扎布、伊登古/哈木图库），并陈待核,儒臣代撰,战呼尔璊，险艰戮力。建驻和阗，亦资部勒。出襄赞画，入晋庸封。移镇武林，旌节雍容。,《钦定皇舆西域图志》敕恭撰紫光阁次五十功臣像赞（识典古籍 SK1002；刘统勋、刘纶、于敏中恭跋）,儒臣代撰赞就事直录：战呼尔璊，险艰戮力。建驻和阗，亦资部勒。出襄赞画，入晋庸封。移镇武林，旌节雍容。 跋文称功以次及、数亦如之，不得把后五十写成无功备数。,《钦定皇舆西域图志》敕恭撰紫光阁次五十功臣像赞（识典古籍 SK1002；刘统勋、刘纶、于敏中恭跋）,生成,media/ziguangge-fulu.webp,本库据史料题名、旗籍与像赞语气生成的乾隆宫廷功臣画像风格示意图,本库自制（CC BY 4.0 文本规则下的生成图；非原像）,据史料描述生成，非原像。不是紫光阁原轴、不是清宫摹本，不得当作相貌证据。,杭州将军兼和阗部勒：绿营铁甲、绿鞘佩刀，按刀而立。,核心,福禄 参赞大臣、杭州将军 准噶尔 回部 紫光阁 后五十
QH-ZG-0053,heqi,和起,,原领队大臣、宁夏将军一等子,西域后五十,准噶尔、回部,3,斩将搴旗、建一绩致一命者，命儒臣缀辞。图志后五十第3名。后五十以《西域图志》题名与赞文为准；通行维基表与图志有异序异名（如满福/车木楚克扎布、伊登古/哈木图库），并陈待核,儒臣代撰,整旅追亡，计擒巴雅。肘腋衅成，曰维呢吗。一翎归报，如生。罪人斯得，刳祭于茔。,《钦定皇舆西域图志》敕恭撰紫光阁次五十功臣像赞（识典古籍 SK1002；刘统勋、刘纶、于敏中恭跋）,儒臣代撰赞就事直录：整旅追亡，计擒巴雅。肘腋衅成，曰维呢吗。一翎归报，如生。罪人斯得，刳祭于茔。 跋文称功以次及、数亦如之，不得把后五十写成无功备数。,《钦定皇舆西域图志》敕恭撰紫光阁次五十功臣像赞（识典古籍 SK1002；刘统勋、刘纶、于敏中恭跋）,生成,media/ziguangge-heqi.webp,本库据史料题名、旗籍与像赞语气生成的乾隆宫廷功臣画像风格示意图,本库自制（CC BY 4.0 文本规则下的生成图；非原像）,据史料描述生成，非原像。不是紫光阁原轴、不是清宫摹本，不得当作相貌证据。,计擒巴雅尔：铁甲，双手持绑人绳索与腰刀。,核心,和起 原领队大臣、宁夏将军一等子 准噶尔 回部 紫光阁 后五十
QH-ZG-0054,sangzhaidorji,桑寨多尔济,,喀尔喀扎萨克和硕亲王；参赞大臣,西域后五十,准噶尔、回部,4,斩将搴旗、建一绩致一命者，命儒臣缀辞。图志后五十第4名。后五十以《西域图志》题名与赞文为准；通行维基表与图志有异序异名（如满福/车木楚克扎布、伊登古/哈木图库），并陈待核,儒臣代撰,藩部名王，英姿卓铄。缮边助讨，匪渝其恪。蒙瀛冠带，檄调不烦。归尔屏翰，以钥北门。,《钦定皇舆西域图志》敕恭撰紫光阁次五十功臣像赞（识典古籍 SK1002；刘统勋、刘纶、于敏中恭跋）,儒臣代撰赞就事直录：藩部名王，英姿卓铄。缮边助讨，匪渝其恪。蒙瀛冠带，檄调不烦。归尔屏翰，以钥北门。 跋文称功以次及、数亦如之，不得把后五十写成无功备数。,《钦定皇舆西域图志》敕恭撰紫光阁次五十功臣像赞（识典古籍 SK1002；刘统勋、刘纶、于敏中恭跋）,生成,media/ziguangge-sangzhaidorji.webp,本库据史料题名、旗籍与像赞语气生成的乾隆宫廷功臣画像风格示意图,本库自制（CC BY 4.0 文本规则下的生成图；非原像）,据史料描述生成，非原像。不是紫光阁原轴、不是清宫摹本，不得当作相貌证据。,喀尔喀亲王缮边：杏黄蒙古亲王袍，立马执令旗。,核心,桑寨多尔济 喀尔喀扎萨克和硕亲王；参赞大臣 准噶尔 回部 紫光阁 后五十
QH-ZG-0055,cemcukzhabu,车木楚克扎布,,喀尔喀扎萨克多罗郡王；参赞大臣,西域后五十,准噶尔、回部,5,斩将搴旗、建一绩致一命者，命儒臣缀辞。图志后五十第5名。后五十以《西域图志》题名与赞文为准；通行维基表与图志有异序异名（如满福/车木楚克扎布、伊登古/哈木图库），并陈待核,儒臣代撰,朔方蕃卫，忠悫夙敦。收乌梁海，瓯脱气吞。更躏叛魁，青滚杂卜。五等既崇，三迁弥速。,《钦定皇舆西域图志》敕恭撰紫光阁次五十功臣像赞（识典古籍 SK1002；刘统勋、刘纶、于敏中恭跋）,儒臣代撰赞就事直录：朔方蕃卫，忠悫夙敦。收乌梁海，瓯脱气吞。更躏叛魁，青滚杂卜。五等既崇，三迁弥速。 跋文称功以次及、数亦如之，不得把后五十写成无功备数。,《钦定皇舆西域图志》敕恭撰紫光阁次五十功臣像赞（识典古籍 SK1002；刘统勋、刘纶、于敏中恭跋）,原图,media/ziguangge-cemcukzhabu.webp,https://commons.wikimedia.org/wiki/File:Cemcukjab.jpg,Public domain,Commons 文件名 Cemcukjab，喀尔喀扎萨克郡王。公版立轴扫描，是否原轴待核。,车木楚克扎布（西域）：银鳞甲持长枪前倾，与邻名次服饰兵器错开。,核心,车木楚克扎布 喀尔喀扎萨克多罗郡王；参赞大臣 准噶尔 回部 紫光阁 后五十
QH-ZG-0056,manfu,满福,,原领队大臣、都统,西域后五十,准噶尔、回部,6,斩将搴旗、建一绩致一命者，命儒臣缀辞。图志后五十第6名。后五十以《西域图志》题名与赞文为准；通行维基表与图志有异序异名（如满福/车木楚克扎布、伊登古/哈木图库），并陈待核,儒臣代撰,言率新附，渠酋是擒。而何污裸，鼠首狼心。遇伏不挠，穿龈贼辈。眷彼阵云，精英岂昧。,《钦定皇舆西域图志》敕恭撰紫光阁次五十功臣像赞（识典古籍 SK1002；刘统勋、刘纶、于敏中恭跋）,儒臣代撰赞就事直录：言率新附，渠酋是擒。而何污裸，鼠首狼心。遇伏不挠，穿龈贼辈。眷彼阵云，精英岂昧。 跋文称功以次及、数亦如之，不得把后五十写成无功备数。,《钦定皇舆西域图志》敕恭撰紫光阁次五十功臣像赞（识典古籍 SK1002；刘统勋、刘纶、于敏中恭跋）,生成,media/ziguangge-manfu.webp,本库据史料题名、旗籍与像赞语气生成的乾隆宫廷功臣画像风格示意图,本库自制（CC BY 4.0 文本规则下的生成图；非原像）,据史料描述生成，非原像。不是紫光阁原轴、不是清宫摹本，不得当作相貌证据。,遇伏穿龈：破烂铁甲、面有创痕，持短刀前冲。,核心,满福 原领队大臣、都统 准噶尔 回部 紫光阁 后五十
QH-ZG-0057,yanxiangshi,阎相师,,领队大臣、甘州提督,西域后五十,准噶尔、回部,7,斩将搴旗、建一绩致一命者，命儒臣缀辞。图志后五十第7名。后五十以《西域图志》题名与赞文为准；通行维基表与图志有异序异名（如满福/车木楚克扎布、伊登古/哈木图库），并陈待核,儒臣代撰,薄库车门，石著于额。屹不为动，观者舌咋。叶羌之役，虚捣亢批。雄姿伟干，足镇关西。,《钦定皇舆西域图志》敕恭撰紫光阁次五十功臣像赞（识典古籍 SK1002；刘统勋、刘纶、于敏中恭跋）,儒臣代撰赞就事直录：薄库车门，石著于额。屹不为动，观者舌咋。叶羌之役，虚捣亢批。雄姿伟干，足镇关西。 跋文称功以次及、数亦如之，不得把后五十写成无功备数。,《钦定皇舆西域图志》敕恭撰紫光阁次五十功臣像赞（识典古籍 SK1002；刘统勋、刘纶、于敏中恭跋）,原图,media/ziguangge-yanxiangshi.webp,https://commons.wikimedia.org/wiki/File:YanXiangshi.jpg,Public domain,Commons 公版立像。甘州提督阎相师，西域后五十。是否原轴待核。,阎相师（西域）：青甲立马收缰，与邻名次服饰兵器错开。,核心,阎相师 领队大臣、甘州提督 准噶尔 回部 紫光阁 后五十
QH-ZG-0058,yusuf,玉素富,,领队大臣、哈密郡王品级贝勒,西域后五十,准噶尔、回部,8,斩将搴旗、建一绩致一命者，命儒臣缀辞。图志后五十第8名。后五十以《西域图志》题名与赞文为准；通行维基表与图志有异序异名（如满福/车木楚克扎布、伊登古/哈木图库），并陈待核,儒臣代撰,筠冲望族，作蕃伊昔。以通回情，军咨是择。六城既纳，二竖焉逃。其镇乌什，吠不夜嗥。,《钦定皇舆西域图志》敕恭撰紫光阁次五十功臣像赞（识典古籍 SK1002；刘统勋、刘纶、于敏中恭跋）,儒臣代撰赞就事直录：筠冲望族，作蕃伊昔。以通回情，军咨是择。六城既纳，二竖焉逃。其镇乌什，吠不夜嗥。 跋文称功以次及、数亦如之，不得把后五十写成无功备数。,《钦定皇舆西域图志》敕恭撰紫光阁次五十功臣像赞（识典古籍 SK1002；刘统勋、刘纶、于敏中恭跋）,生成,media/ziguangge-yusuf.webp,本库据史料题名、旗籍与像赞语气生成的乾隆宫廷功臣画像风格示意图,本库自制（CC BY 4.0 文本规则下的生成图；非原像）,据史料描述生成，非原像。不是紫光阁原轴、不是清宫摹本，不得当作相貌证据。,哈密贝勒通回情：回部皮帽锦袍，手持军咨卷轴。,核心,玉素富 领队大臣、哈密郡王品级贝勒 准噶尔 回部 紫光阁 后五十
QH-ZG-0059,chalafenga,查拉丰阿,,头等侍卫、副都统、西朗阿巴图鲁,西域后五十,准噶尔、回部,9,斩将搴旗、建一绩致一命者，命儒臣缀辞。图志后五十第9名。后五十以《西域图志》题名与赞文为准；通行维基表与图志有异序异名（如满福/车木楚克扎布、伊登古/哈木图库），并陈待核,儒臣代撰,手格猛虎，曾不色变。矧驱群羊，穷回敢面。昔巴图鲁，曰丁将军。孙西朗阿，克绍前闻。,《钦定皇舆西域图志》敕恭撰紫光阁次五十功臣像赞（识典古籍 SK1002；刘统勋、刘纶、于敏中恭跋）,儒臣代撰赞就事直录：手格猛虎，曾不色变。矧驱群羊，穷回敢面。昔巴图鲁，曰丁将军。孙西朗阿，克绍前闻。 跋文称功以次及、数亦如之，不得把后五十写成无功备数。,《钦定皇舆西域图志》敕恭撰紫光阁次五十功臣像赞（识典古籍 SK1002；刘统勋、刘纶、于敏中恭跋）,生成,media/ziguangge-chalafenga.webp,本库据史料题名、旗籍与像赞语气生成的乾隆宫廷功臣画像风格示意图,本库自制（CC BY 4.0 文本规则下的生成图；非原像）,据史料描述生成，非原像。不是紫光阁原轴、不是清宫摹本，不得当作相貌证据。,西朗阿巴图鲁手格猛虎：侍卫衣，徒手格斗势，腰刀在胯，无弓。,核心,查拉丰阿 头等侍卫、副都统、西朗阿巴图鲁 准噶尔 回部 紫光阁 后五十
QH-ZG-0060,huerqi,瑚尔起,,领队大臣、副都统,西域后五十,准噶尔、回部,10,斩将搴旗、建一绩致一命者，命儒臣缀辞。图志后五十第10名。后五十以《西域图志》题名与赞文为准；通行维基表与图志有异序异名（如满福/车木楚克扎布、伊登古/哈木图库），并陈待核,儒臣代撰,突擒浑齐，其气如虹。及降勃律，乌幕占风。围解和阗，战鏖大食。麾蝥而登，威著西域。,《钦定皇舆西域图志》敕恭撰紫光阁次五十功臣像赞（识典古籍 SK1002；刘统勋、刘纶、于敏中恭跋）,儒臣代撰赞就事直录：突擒浑齐，其气如虹。及降勃律，乌幕占风。围解和阗，战鏖大食。麾蝥而登，威著西域。 跋文称功以次及、数亦如之，不得把后五十写成无功备数。,《钦定皇舆西域图志》敕恭撰紫光阁次五十功臣像赞（识典古籍 SK1002；刘统勋、刘纶、于敏中恭跋）,生成,media/ziguangge-huerqi.webp,本库据史料题名、旗籍与像赞语气生成的乾隆宫廷功臣画像风格示意图,本库自制（CC BY 4.0 文本规则下的生成图；非原像）,据史料描述生成，非原像。不是紫光阁原轴、不是清宫摹本，不得当作相貌证据。,突擒浑齐：铁甲，持锁链与短枪。,核心,瑚尔起 领队大臣、副都统 准噶尔 回部 紫光阁 后五十
QH-ZG-0061,amindao,阿敏道,,原领队大臣、副都统,西域后五十,准噶尔、回部,11,斩将搴旗、建一绩致一命者，命儒臣缀辞。图志后五十第11名。后五十以《西域图志》题名与赞文为准；通行维基表与图志有异序异名（如满福/车木楚克扎布、伊登古/哈木图库），并陈待核,儒臣代撰,逆回反噬，狂同猰狗。往谕变生，耻污贼手。裂眦唾詈，止水明操。阿克苏河，犹闻怒涛。,《钦定皇舆西域图志》敕恭撰紫光阁次五十功臣像赞（识典古籍 SK1002；刘统勋、刘纶、于敏中恭跋）,儒臣代撰赞就事直录：逆回反噬，狂同猰狗。往谕变生，耻污贼手。裂眦唾詈，止水明操。阿克苏河，犹闻怒涛。 跋文称功以次及、数亦如之，不得把后五十写成无功备数。,《钦定皇舆西域图志》敕恭撰紫光阁次五十功臣像赞（识典古籍 SK1002；刘统勋、刘纶、于敏中恭跋）,生成,media/ziguangge-amindao.webp,本库据史料题名、旗籍与像赞语气生成的乾隆宫廷功臣画像风格示意图,本库自制（CC BY 4.0 文本规则下的生成图；非原像）,据史料描述生成，非原像。不是紫光阁原轴、不是清宫摹本，不得当作相貌证据。,往谕变生骂贼：便服捧黄谕旨，无甲。,核心,阿敏道 原领队大臣、副都统 准噶尔 回部 紫光阁 后五十
QH-ZG-0062,wudai,伍岱,,副都统、墨尔根巴图鲁,西域后五十,准噶尔、回部,12,斩将搴旗、建一绩致一命者，命儒臣缀辞。图志后五十第12名。后五十以《西域图志》题名与赞文为准；通行维基表与图志有异序异名（如满福/车木楚克扎布、伊登古/哈木图库），并陈待核,儒臣代撰,转战朔庭，铠尽虮虱。射昂可图，组縻尺一。拔戟成队，绩著回中。摧坚入险，积健为雄。,《钦定皇舆西域图志》敕恭撰紫光阁次五十功臣像赞（识典古籍 SK1002；刘统勋、刘纶、于敏中恭跋）,儒臣代撰赞就事直录：转战朔庭，铠尽虮虱。射昂可图，组縻尺一。拔戟成队，绩著回中。摧坚入险，积健为雄。 跋文称功以次及、数亦如之，不得把后五十写成无功备数。,《钦定皇舆西域图志》敕恭撰紫光阁次五十功臣像赞（识典古籍 SK1002；刘统勋、刘纶、于敏中恭跋）,生成,media/ziguangge-wudai.webp,本库据史料题名、旗籍与像赞语气生成的乾隆宫廷功臣画像风格示意图,本库自制（CC BY 4.0 文本规则下的生成图；非原像）,据史料描述生成，非原像。不是紫光阁原轴、不是清宫摹本，不得当作相貌证据。,铠尽虮虱：敝旧铁甲、须发蓬乱，拄弓而立。,核心,伍岱 副都统、墨尔根巴图鲁 准噶尔 回部 紫光阁 后五十
QH-ZG-0063,guanyinbao,观音保,,副都统,西域后五十,准噶尔、回部,13,斩将搴旗、建一绩致一命者，命儒臣缀辞。图志后五十第13名。后五十以《西域图志》题名与赞文为准；通行维基表与图志有异序异名（如满福/车木楚克扎布、伊登古/哈木图库），并陈待核,儒臣代撰,济尔哈朗，力固噶兰。喀喇乌苏，袭迫复完。众谓神兵，出两奇厄。论据守功，兵一贼百。,《钦定皇舆西域图志》敕恭撰紫光阁次五十功臣像赞（识典古籍 SK1002；刘统勋、刘纶、于敏中恭跋）,儒臣代撰赞就事直录：济尔哈朗，力固噶兰。喀喇乌苏，袭迫复完。众谓神兵，出两奇厄。论据守功，兵一贼百。 跋文称功以次及、数亦如之，不得把后五十写成无功备数。,《钦定皇舆西域图志》敕恭撰紫光阁次五十功臣像赞（识典古籍 SK1002；刘统勋、刘纶、于敏中恭跋）,生成,media/ziguangge-guanyinbao.webp,本库据史料题名、旗籍与像赞语气生成的乾隆宫廷功臣画像风格示意图,本库自制（CC BY 4.0 文本规则下的生成图；非原像）,据史料描述生成，非原像。不是紫光阁原轴、不是清宫摹本，不得当作相貌证据。,济尔哈朗力守：藤牌在左、腰刀在右的守营姿态。,核心,观音保 副都统 准噶尔 回部 紫光阁 后五十
QH-ZG-0064,wufu,五福,,领队大臣、肃州镇总兵官,西域后五十,准噶尔、回部,14,斩将搴旗、建一绩致一命者，命儒臣缀辞。图志后五十第14名。后五十以《西域图志》题名与赞文为准；通行维基表与图志有异序异名（如满福/车木楚克扎布、伊登古/哈木图库），并陈待核,儒臣代撰,辎车失卫，谪官示惩。辎重克全，复镇旌能。功于过观，瑕不瑜匿。况同苦甘，允率尔职。,《钦定皇舆西域图志》敕恭撰紫光阁次五十功臣像赞（识典古籍 SK1002；刘统勋、刘纶、于敏中恭跋）,儒臣代撰赞就事直录：辎车失卫，谪官示惩。辎重克全，复镇旌能。功于过观，瑕不瑜匿。况同苦甘，允率尔职。 跋文称功以次及、数亦如之，不得把后五十写成无功备数。,《钦定皇舆西域图志》敕恭撰紫光阁次五十功臣像赞（识典古籍 SK1002；刘统勋、刘纶、于敏中恭跋）,生成,media/ziguangge-wufu.webp,本库据史料题名、旗籍与像赞语气生成的乾隆宫廷功臣画像风格示意图,本库自制（CC BY 4.0 文本规则下的生成图；非原像）,据史料描述生成，非原像。不是紫光阁原轴、不是清宫摹本，不得当作相貌证据。,肃州镇总兵管辎重：绿营铁甲，双手护住粮车辕木，佩刀入鞘未拔。,核心,五福 领队大臣、肃州镇总兵官 准噶尔 回部 紫光阁 后五十
QH-ZG-0065,ashimet,阿什默特,,回部公、和阗阿奇木伯克,西域后五十,准噶尔、回部,15,斩将搴旗、建一绩致一命者，命儒臣缀辞。图志后五十第15名。后五十以《西域图志》题名与赞文为准；通行维基表与图志有异序异名（如满福/车木楚克扎布、伊登古/哈木图库），并陈待核,儒臣代撰,乌什右姓，负弩最先。偕我虎臣，往收和阗。风鹤之时，孤城兀守。嘉此忠勤，俾劝尔后。,《钦定皇舆西域图志》敕恭撰紫光阁次五十功臣像赞（识典古籍 SK1002；刘统勋、刘纶、于敏中恭跋）,儒臣代撰赞就事直录：乌什右姓，负弩最先。偕我虎臣，往收和阗。风鹤之时，孤城兀守。嘉此忠勤，俾劝尔后。 跋文称功以次及、数亦如之，不得把后五十写成无功备数。,《钦定皇舆西域图志》敕恭撰紫光阁次五十功臣像赞（识典古籍 SK1002；刘统勋、刘纶、于敏中恭跋）,生成,media/ziguangge-ashimet.webp,本库据史料题名、旗籍与像赞语气生成的乾隆宫廷功臣画像风格示意图,本库自制（CC BY 4.0 文本规则下的生成图；非原像）,据史料描述生成，非原像。不是紫光阁原轴、不是清宫摹本，不得当作相貌证据。,和阗阿奇木伯克：伯克花帽、青袷袢，持城门钥匙。,核心,阿什默特 回部公、和阗阿奇木伯克 准噶尔 回部 紫光阁 后五十
QH-ZG-0066,gadaimet,噶岱默特,,回部公、喀什噶尔阿奇木伯克,西域后五十,准噶尔、回部,16,斩将搴旗、建一绩致一命者，命儒臣缀辞。图志后五十第16名。后五十以《西域图志》题名与赞文为准；通行维基表与图志有异序异名（如满福/车木楚克扎布、伊登古/哈木图库），并陈待核,儒臣代撰,身本回族，愿效前驱。军门再款，道梗勿渝。出入诸艰，始终一节。列爵专城，以旌英杰。,《钦定皇舆西域图志》敕恭撰紫光阁次五十功臣像赞（识典古籍 SK1002；刘统勋、刘纶、于敏中恭跋）,儒臣代撰赞就事直录：身本回族，愿效前驱。军门再款，道梗勿渝。出入诸艰，始终一节。列爵专城，以旌英杰。 跋文称功以次及、数亦如之，不得把后五十写成无功备数。,《钦定皇舆西域图志》敕恭撰紫光阁次五十功臣像赞（识典古籍 SK1002；刘统勋、刘纶、于敏中恭跋）,生成,media/ziguangge-gadaimet.webp,本库据史料题名、旗籍与像赞语气生成的乾隆宫廷功臣画像风格示意图,本库自制（CC BY 4.0 文本规则下的生成图；非原像）,据史料描述生成，非原像。不是紫光阁原轴、不是清宫摹本，不得当作相貌证据。,喀什噶尔阿奇木：伯克金锦袍，捧降书。,核心,噶岱默特 回部公、喀什噶尔阿奇木伯克 准噶尔 回部 紫光阁 后五十
QH-ZG-0067,genyintai,艮音太,,前锋参领、特古尔得尔巴图鲁,西域后五十,准噶尔、回部,17,斩将搴旗、建一绩致一命者，命儒臣缀辞。图志后五十第17名。后五十以《西域图志》题名与赞文为准；通行维基表与图志有异序异名（如满福/车木楚克扎布、伊登古/哈木图库），并陈待核,儒臣代撰,焚箐轰碉，金川著绩。历战西陲，每当锋镝。准夷既喙，回部斯瞠。所向披靡，健锐之英。,《钦定皇舆西域图志》敕恭撰紫光阁次五十功臣像赞（识典古籍 SK1002；刘统勋、刘纶、于敏中恭跋）,儒臣代撰赞就事直录：焚箐轰碉，金川著绩。历战西陲，每当锋镝。准夷既喙，回部斯瞠。所向披靡，健锐之英。 跋文称功以次及、数亦如之，不得把后五十写成无功备数。,《钦定皇舆西域图志》敕恭撰紫光阁次五十功臣像赞（识典古籍 SK1002；刘统勋、刘纶、于敏中恭跋）,生成,media/ziguangge-genyintai.webp,本库据史料题名、旗籍与像赞语气生成的乾隆宫廷功臣画像风格示意图,本库自制（CC BY 4.0 文本规则下的生成图；非原像）,据史料描述生成，非原像。不是紫光阁原轴、不是清宫摹本，不得当作相貌证据。,健锐营金川老兵转战西陲：铁甲外罩焦黑战袍，肩扛攻碉鸟枪。,核心,艮音太 前锋参领、特古尔得尔巴图鲁 准噶尔 回部 紫光阁 后五十
QH-ZG-0068,badai,巴岱,,署参领、额尔克巴图鲁,西域后五十,准噶尔、回部,18,斩将搴旗、建一绩致一命者，命儒臣缀辞。图志后五十第18名。后五十以《西域图志》题名与赞文为准；通行维基表与图志有异序异名（如满福/车木楚克扎布、伊登古/哈木图库），并陈待核,儒臣代撰,扼博罗特，贼魁莫逋。迨捍和阗，独入其郛。坠马骁腾，裹创草草。犹左右射，应弦辄倒。,《钦定皇舆西域图志》敕恭撰紫光阁次五十功臣像赞（识典古籍 SK1002；刘统勋、刘纶、于敏中恭跋）,儒臣代撰赞就事直录：扼博罗特，贼魁莫逋。迨捍和阗，独入其郛。坠马骁腾，裹创草草。犹左右射，应弦辄倒。 跋文称功以次及、数亦如之，不得把后五十写成无功备数。,《钦定皇舆西域图志》敕恭撰紫光阁次五十功臣像赞（识典古籍 SK1002；刘统勋、刘纶、于敏中恭跋）,原图,media/ziguangge-badai.webp,https://commons.wikimedia.org/wiki/File:Badai.jpg,Public domain,Commons 说明称绢本设色，高约155厘米。公版立轴扫描，是否原轴待核。,巴岱（西域）：破甲裹创回望，与邻名次服饰兵器错开。,核心,巴岱 署参领、额尔克巴图鲁 准噶尔 回部 紫光阁 后五十
QH-ZG-0069,buerha,布尔哈,,协领、布彦图巴图鲁,西域后五十,准噶尔、回部,19,斩将搴旗、建一绩致一命者，命儒臣缀辞。图志后五十第19名。后五十以《西域图志》题名与赞文为准；通行维基表与图志有异序异名（如满福/车木楚克扎布、伊登古/哈木图库），并陈待核,儒臣代撰,掉鞅伊犁，弯弧洱海。入阵拍张，不烦厉乃。逾沟拔寨，夺垒倾台。肯辜缨组，擒生始回。,《钦定皇舆西域图志》敕恭撰紫光阁次五十功臣像赞（识典古籍 SK1002；刘统勋、刘纶、于敏中恭跋）,儒臣代撰赞就事直录：掉鞅伊犁，弯弧洱海。入阵拍张，不烦厉乃。逾沟拔寨，夺垒倾台。肯辜缨组，擒生始回。 跋文称功以次及、数亦如之，不得把后五十写成无功备数。,《钦定皇舆西域图志》敕恭撰紫光阁次五十功臣像赞（识典古籍 SK1002；刘统勋、刘纶、于敏中恭跋）,生成,media/ziguangge-buerha.webp,本库据史料题名、旗籍与像赞语气生成的乾隆宫廷功臣画像风格示意图,本库自制（CC BY 4.0 文本规则下的生成图；非原像）,据史料描述生成，非原像。不是紫光阁原轴、不是清宫摹本，不得当作相貌证据。,伊犁弯弧逾沟拔寨：赤铜甲，马上回身弯弓。,核心,布尔哈 协领、布彦图巴图鲁 准噶尔 回部 紫光阁 后五十
QH-ZG-0070,nalantu,纳兰图,,察哈尔总管、苏朱克图巴图鲁,西域后五十,准噶尔、回部,20,斩将搴旗、建一绩致一命者，命儒臣缀辞。图志后五十第20名。后五十以《西域图志》题名与赞文为准；通行维基表与图志有异序异名（如满福/车木楚克扎布、伊登古/哈木图库），并陈待核,儒臣代撰,随征绝漠，战则请前。旋上和门，计级累然。手夺贼械，还以刺贼。浑齐之追，厥功尤特。,《钦定皇舆西域图志》敕恭撰紫光阁次五十功臣像赞（识典古籍 SK1002；刘统勋、刘纶、于敏中恭跋）,儒臣代撰赞就事直录：随征绝漠，战则请前。旋上和门，计级累然。手夺贼械，还以刺贼。浑齐之追，厥功尤特。 跋文称功以次及、数亦如之，不得把后五十写成无功备数。,《钦定皇舆西域图志》敕恭撰紫光阁次五十功臣像赞（识典古籍 SK1002；刘统勋、刘纶、于敏中恭跋）,生成,media/ziguangge-nalantu.webp,本库据史料题名、旗籍与像赞语气生成的乾隆宫廷功臣画像风格示意图,本库自制（CC BY 4.0 文本规则下的生成图；非原像）,据史料描述生成，非原像。不是紫光阁原轴、不是清宫摹本，不得当作相貌证据。,察哈尔总管手夺贼械：灰毡袍，双手反持夺来的长矛。,核心,纳兰图 察哈尔总管、苏朱克图巴图鲁 准噶尔 回部 紫光阁 后五十
QH-ZG-0071,baninga,巴宁阿,,原领队大臣、察哈尔总管、坤都尔巴图鲁,西域后五十,准噶尔、回部,21,斩将搴旗、建一绩致一命者，命儒臣缀辞。图志后五十第21名。后五十以《西域图志》题名与赞文为准；通行维基表与图志有异序异名（如满福/车木楚克扎布、伊登古/哈木图库），并陈待核,儒臣代撰,见贼辄怒，如刺必拔。战布拉齐，矢石交戛。奋身挥突，竟殒贼中。既脔叛首，祭以报忠。,《钦定皇舆西域图志》敕恭撰紫光阁次五十功臣像赞（识典古籍 SK1002；刘统勋、刘纶、于敏中恭跋）,儒臣代撰赞就事直录：见贼辄怒，如刺必拔。战布拉齐，矢石交戛。奋身挥突，竟殒贼中。既脔叛首，祭以报忠。 跋文称功以次及、数亦如之，不得把后五十写成无功备数。,《钦定皇舆西域图志》敕恭撰紫光阁次五十功臣像赞（识典古籍 SK1002；刘统勋、刘纶、于敏中恭跋）,原图,media/ziguangge-baninga.webp,https://commons.wikimedia.org/wiki/File:Baningga.jpg,Public domain,Commons 文件名 Baningga，对应巴宁阿。公版立轴扫描，是否原轴待核。,巴宁阿（西域）：黑漆甲执火把作焚箐势，与邻名次服饰兵器错开。,核心,巴宁阿 原领队大臣、察哈尔总管、坤都尔巴图鲁 准噶尔 回部 紫光阁 后五十
QH-ZG-0072,arharcin,阿尔哈尔沁,,索伦总管、齐达克齐巴图鲁,西域后五十,准噶尔、回部,22,斩将搴旗、建一绩致一命者，命儒臣缀辞。图志后五十第22名。后五十以《西域图志》题名与赞文为准；通行维基表与图志有异序异名（如满福/车木楚克扎布、伊登古/哈木图库），并陈待核,儒臣代撰,背城阻水，兼临断桥。濡泥入坎，神力独超。历事戎行，金创常满。遂由伍卒，跻阶总管。,《钦定皇舆西域图志》敕恭撰紫光阁次五十功臣像赞（识典古籍 SK1002；刘统勋、刘纶、于敏中恭跋）,儒臣代撰赞就事直录：背城阻水，兼临断桥。濡泥入坎，神力独超。历事戎行，金创常满。遂由伍卒，跻阶总管。 跋文称功以次及、数亦如之，不得把后五十写成无功备数。,《钦定皇舆西域图志》敕恭撰紫光阁次五十功臣像赞（识典古籍 SK1002；刘统勋、刘纶、于敏中恭跋）,生成,media/ziguangge-arharcin.webp,本库据史料题名、旗籍与像赞语气生成的乾隆宫廷功臣画像风格示意图,本库自制（CC BY 4.0 文本规则下的生成图；非原像）,据史料描述生成，非原像。不是紫光阁原轴、不是清宫摹本，不得当作相貌证据。,索伦总管濡泥入坎：泥污皮甲，涉水提刀，无朝珠。,核心,阿尔哈尔沁 索伦总管、齐达克齐巴图鲁 准噶尔 回部 紫光阁 后五十
QH-ZG-0073,salei,萨垒,,索伦总管、哈坦巴图鲁,西域后五十,准噶尔、回部,23,斩将搴旗、建一绩致一命者，命儒臣缀辞。图志后五十第23名。后五十以《西域图志》题名与赞文为准；通行维基表与图志有异序异名（如满福/车木楚克扎布、伊登古/哈木图库），并陈待核,儒臣代撰,重围趣援，衔枚听令。阅五日夜，冲锋弥劲。不宁惟是，军伐夙优。招三戎部，蹙两叛酋。,《钦定皇舆西域图志》敕恭撰紫光阁次五十功臣像赞（识典古籍 SK1002；刘统勋、刘纶、于敏中恭跋）,儒臣代撰赞就事直录：重围趣援，衔枚听令。阅五日夜，冲锋弥劲。不宁惟是，军伐夙优。招三戎部，蹙两叛酋。 跋文称功以次及、数亦如之，不得把后五十写成无功备数。,《钦定皇舆西域图志》敕恭撰紫光阁次五十功臣像赞（识典古籍 SK1002；刘统勋、刘纶、于敏中恭跋）,生成,media/ziguangge-salei.webp,本库据史料题名、旗籍与像赞语气生成的乾隆宫廷功臣画像风格示意图,本库自制（CC BY 4.0 文本规则下的生成图；非原像）,据史料描述生成，非原像。不是紫光阁原轴、不是清宫摹本，不得当作相貌证据。,索伦总管五日夜衔枚：深青棉甲，以指按唇作衔枚状，腰悬令箭。,核心,萨垒 索伦总管、哈坦巴图鲁 准噶尔 回部 紫光阁 后五十
QH-ZG-0074,zharshan,扎尔善,,原索伦总管、赛沙尔泰巴图鲁,西域后五十,准噶尔、回部,24,斩将搴旗、建一绩致一命者，命儒臣缀辞。图志后五十第24名。后五十以《西域图志》题名与赞文为准；通行维基表与图志有异序异名（如满福/车木楚克扎布、伊登古/哈木图库），并陈待核,儒臣代撰,黑水一彴，跃马横戈。如入无人，格杀独多。讵云力尽，结缨气倍。乌孙大宛，屡试功在。,《钦定皇舆西域图志》敕恭撰紫光阁次五十功臣像赞（识典古籍 SK1002；刘统勋、刘纶、于敏中恭跋）,儒臣代撰赞就事直录：黑水一彴，跃马横戈。如入无人，格杀独多。讵云力尽，结缨气倍。乌孙大宛，屡试功在。 跋文称功以次及、数亦如之，不得把后五十写成无功备数。,《钦定皇舆西域图志》敕恭撰紫光阁次五十功臣像赞（识典古籍 SK1002；刘统勋、刘纶、于敏中恭跋）,原图,media/ziguangge-zharshan.webp,https://commons.wikimedia.org/wiki/File:Zha_Ershen.jpg,Public domain,Commons 文件名 Zha Ershen，对应扎尔善。公版扫描，是否原轴待核。,扎尔善（西域）：明黄马褂抽腰刀半出鞘，与邻名次服饰兵器错开。,核心,扎尔善 原索伦总管、赛沙尔泰巴图鲁 准噶尔 回部 紫光阁 后五十
QH-ZG-0075,nuomancha,诺满察,,索伦佐领、克图尔克巴图鲁,西域后五十,准噶尔、回部,25,斩将搴旗、建一绩致一命者，命儒臣缀辞。图志后五十第25名。后五十以《西域图志》题名与赞文为准；通行维基表与图志有异序异名（如满福/车木楚克扎布、伊登古/哈木图库），并陈待核,儒臣代撰,追固尔板，战哈萨克。手与贼持，纵衔弛勒。屡踬屡起，卒俘以还。征袍不解，创血常殷。,《钦定皇舆西域图志》敕恭撰紫光阁次五十功臣像赞（识典古籍 SK1002；刘统勋、刘纶、于敏中恭跋）,儒臣代撰赞就事直录：追固尔板，战哈萨克。手与贼持，纵衔弛勒。屡踬屡起，卒俘以还。征袍不解，创血常殷。 跋文称功以次及、数亦如之，不得把后五十写成无功备数。,《钦定皇舆西域图志》敕恭撰紫光阁次五十功臣像赞（识典古籍 SK1002；刘统勋、刘纶、于敏中恭跋）,生成,media/ziguangge-nuomancha.webp,本库据史料题名、旗籍与像赞语气生成的乾隆宫廷功臣画像风格示意图,本库自制（CC BY 4.0 文本规则下的生成图；非原像）,据史料描述生成，非原像。不是紫光阁原轴、不是清宫摹本，不得当作相貌证据。,索伦佐领屡踬屡起：破甲跪起势，一手按地一手捉俘索。,核心,诺满察 索伦佐领、克图尔克巴图鲁 准噶尔 回部 紫光阁 后五十
QH-ZG-0076,deersenbao,德尔森保,,头等侍卫、什尔玛海巴图鲁,西域后五十,准噶尔、回部,26,斩将搴旗、建一绩致一命者，命儒臣缀辞。图志后五十第26名。后五十以《西域图志》题名与赞文为准；通行维基表与图志有异序异名（如满福/车木楚克扎布、伊登古/哈木图库），并陈待核,儒臣代撰,桓桓虎贲，擢俊龙江。回湟济师，鞚飞骏驔。屡蹴逆渠，誓作菹醢。实副嘉名，什尔玛海。,《钦定皇舆西域图志》敕恭撰紫光阁次五十功臣像赞（识典古籍 SK1002；刘统勋、刘纶、于敏中恭跋）,儒臣代撰赞就事直录：桓桓虎贲，擢俊龙江。回湟济师，鞚飞骏驔。屡蹴逆渠，誓作菹醢。实副嘉名，什尔玛海。 跋文称功以次及、数亦如之，不得把后五十写成无功备数。,《钦定皇舆西域图志》敕恭撰紫光阁次五十功臣像赞（识典古籍 SK1002；刘统勋、刘纶、于敏中恭跋）,生成,media/ziguangge-deersenbao.webp,本库据史料题名、旗籍与像赞语气生成的乾隆宫廷功臣画像风格示意图,本库自制（CC BY 4.0 文本规则下的生成图；非原像）,据史料描述生成，非原像。不是紫光阁原轴、不是清宫摹本，不得当作相貌证据。,黑龙江侍卫回湟济师：黑马、青甲，马鞭前指。,核心,德尔森保 头等侍卫、什尔玛海巴图鲁 准噶尔 回部 紫光阁 后五十
QH-ZG-0077,zhanpotu,占颇图,,头等侍卫、塔苏尔海巴图鲁,西域后五十,准噶尔、回部,27,斩将搴旗、建一绩致一命者，命儒臣缀辞。图志后五十第27名。后五十以《西域图志》题名与赞文为准；通行维基表与图志有异序异名（如满福/车木楚克扎布、伊登古/哈木图库），并陈待核,儒臣代撰,修罗障日，恃其有手。一矢洞之，血及于肘。射巴雅尔，能事不虚。问所挽弓，十四力余。,《钦定皇舆西域图志》敕恭撰紫光阁次五十功臣像赞（识典古籍 SK1002；刘统勋、刘纶、于敏中恭跋）,儒臣代撰赞就事直录：修罗障日，恃其有手。一矢洞之，血及于肘。射巴雅尔，能事不虚。问所挽弓，十四力余。 跋文称功以次及、数亦如之，不得把后五十写成无功备数。,《钦定皇舆西域图志》敕恭撰紫光阁次五十功臣像赞（识典古籍 SK1002；刘统勋、刘纶、于敏中恭跋）,生成,media/ziguangge-zhanpotu.webp,本库据史料题名、旗籍与像赞语气生成的乾隆宫廷功臣画像风格示意图,本库自制（CC BY 4.0 文本规则下的生成图；非原像）,据史料描述生成，非原像。不是紫光阁原轴、不是清宫摹本，不得当作相貌证据。,十四力硬弓射巴雅尔：半裸臂挽超长硬弓，箭在弦。,核心,占颇图 头等侍卫、塔苏尔海巴图鲁 准噶尔 回部 紫光阁 后五十
QH-ZG-0078,yisamu,伊萨穆,,头等侍卫、固勇巴图鲁,西域后五十,准噶尔、回部,28,斩将搴旗、建一绩致一命者，命儒臣缀辞。图志后五十第28名。后五十以《西域图志》题名与赞文为准；通行维基表与图志有异序异名（如满福/车木楚克扎布、伊登古/哈木图库），并陈待核,儒臣代撰,援兵虽来，画堑相望。孰骑而呼，为告无恙。维巴图鲁，偕往趣师。其冲贼队，如分水犀。,《钦定皇舆西域图志》敕恭撰紫光阁次五十功臣像赞（识典古籍 SK1002；刘统勋、刘纶、于敏中恭跋）,儒臣代撰赞就事直录：援兵虽来，画堑相望。孰骑而呼，为告无恙。维巴图鲁，偕往趣师。其冲贼队，如分水犀。 跋文称功以次及、数亦如之，不得把后五十写成无功备数。,《钦定皇舆西域图志》敕恭撰紫光阁次五十功臣像赞（识典古籍 SK1002；刘统勋、刘纶、于敏中恭跋）,原图,media/ziguangge-yisamu.webp,https://commons.wikimedia.org/wiki/File:Yisamu.jpg,Public domain,Commons 文件名 Yisamu。公版立轴扫描，是否原轴待核。,伊萨穆（西域）：破甲裹创回望，与邻名次服饰兵器错开。,核心,伊萨穆 头等侍卫、固勇巴图鲁 准噶尔 回部 紫光阁 后五十
QH-ZG-0079,wukeshertu,伍克什尔图,,三等侍卫、克什克巴图鲁,西域后五十,准噶尔、回部,29,斩将搴旗、建一绩致一命者，命儒臣缀辞。图志后五十第29名。后五十以《西域图志》题名与赞文为准；通行维基表与图志有异序异名（如满福/车木楚克扎布、伊登古/哈木图库），并陈待核,儒臣代撰,预军门选，联镳致书。缠头几万，翩如入虚。达阿克苏，趼将及膝。铅弹在背，至今未出。,《钦定皇舆西域图志》敕恭撰紫光阁次五十功臣像赞（识典古籍 SK1002；刘统勋、刘纶、于敏中恭跋）,儒臣代撰赞就事直录：预军门选，联镳致书。缠头几万，翩如入虚。达阿克苏，趼将及膝。铅弹在背，至今未出。 跋文称功以次及、数亦如之，不得把后五十写成无功备数。,《钦定皇舆西域图志》敕恭撰紫光阁次五十功臣像赞（识典古籍 SK1002；刘统勋、刘纶、于敏中恭跋）,生成,media/ziguangge-wukeshertu.webp,本库据史料题名、旗籍与像赞语气生成的乾隆宫廷功臣画像风格示意图,本库自制（CC BY 4.0 文本规则下的生成图；非原像）,据史料描述生成，非原像。不是紫光阁原轴、不是清宫摹本，不得当作相貌证据。,铅弹在背未出：褐甲回望，手按背心创口，另一手仍持军书。,核心,伍克什尔图 三等侍卫、克什克巴图鲁 准噶尔 回部 紫光阁 后五十
QH-ZG-0080,shajincha,沙津察,,三等侍卫、克尔车赫巴图鲁,西域后五十,准噶尔、回部,30,斩将搴旗、建一绩致一命者，命儒臣缀辞。图志后五十第30名。后五十以《西域图志》题名与赞文为准；通行维基表与图志有异序异名（如满福/车木楚克扎布、伊登古/哈木图库），并陈待核,儒臣代撰,谁从间道，同缄蜡丸。瞋目大叫，势无万难。矢石之交，得路一线。克尔车赫，洵称胆练。,《钦定皇舆西域图志》敕恭撰紫光阁次五十功臣像赞（识典古籍 SK1002；刘统勋、刘纶、于敏中恭跋）,儒臣代撰赞就事直录：谁从间道，同缄蜡丸。瞋目大叫，势无万难。矢石之交，得路一线。克尔车赫，洵称胆练。 跋文称功以次及、数亦如之，不得把后五十写成无功备数。,《钦定皇舆西域图志》敕恭撰紫光阁次五十功臣像赞（识典古籍 SK1002；刘统勋、刘纶、于敏中恭跋）,生成,media/ziguangge-shajincha.webp,本库据史料题名、旗籍与像赞语气生成的乾隆宫廷功臣画像风格示意图,本库自制（CC BY 4.0 文本规则下的生成图；非原像）,据史料描述生成，非原像。不是紫光阁原轴、不是清宫摹本，不得当作相貌证据。,间道蜡丸：青布夜行衣，齿咬蜡丸、手拨荆棘。,核心,沙津察 三等侍卫、克尔车赫巴图鲁 准噶尔 回部 紫光阁 后五十
QH-ZG-0081,zhaduncha,扎敦察,,三等侍卫、坤都尔巴图鲁,西域后五十,准噶尔、回部,31,斩将搴旗、建一绩致一命者，命儒臣缀辞。图志后五十第31名。后五十以《西域图志》题名与赞文为准；通行维基表与图志有异序异名（如满福/车木楚克扎布、伊登古/哈木图库），并陈待核,儒臣代撰,超距长才，且战且走。非突围者，乃斩关手。待我具五，壮哉此行。奚啻同袍，盖心胆并。,《钦定皇舆西域图志》敕恭撰紫光阁次五十功臣像赞（识典古籍 SK1002；刘统勋、刘纶、于敏中恭跋）,儒臣代撰赞就事直录：超距长才，且战且走。非突围者，乃斩关手。待我具五，壮哉此行。奚啻同袍，盖心胆并。 跋文称功以次及、数亦如之，不得把后五十写成无功备数。,《钦定皇舆西域图志》敕恭撰紫光阁次五十功臣像赞（识典古籍 SK1002；刘统勋、刘纶、于敏中恭跋）,生成,media/ziguangge-zhaduncha.webp,本库据史料题名、旗籍与像赞语气生成的乾隆宫廷功臣画像风格示意图,本库自制（CC BY 4.0 文本规则下的生成图；非原像）,据史料描述生成，非原像。不是紫光阁原轴、不是清宫摹本，不得当作相貌证据。,且战且走斩关：轻甲疾奔回身，短刀后劈。,核心,扎敦察 三等侍卫、坤都尔巴图鲁 准噶尔 回部 紫光阁 后五十
QH-ZG-0082,mangkacha,莽喀察,,头等侍卫、丹巴巴图鲁,西域后五十,准噶尔、回部,32,斩将搴旗、建一绩致一命者，命儒臣缀辞。图志后五十第32名。后五十以《西域图志》题名与赞文为准；通行维基表与图志有异序异名（如满福/车木楚克扎布、伊登古/哈木图库），并陈待核,儒臣代撰,控弦疆场，横槊沙碛。还经黑水，中流投策。蜂屯蚁聚，跳荡只身。捉生烧寨，勇著索伦。,《钦定皇舆西域图志》敕恭撰紫光阁次五十功臣像赞（识典古籍 SK1002；刘统勋、刘纶、于敏中恭跋）,儒臣代撰赞就事直录：控弦疆场，横槊沙碛。还经黑水，中流投策。蜂屯蚁聚，跳荡只身。捉生烧寨，勇著索伦。 跋文称功以次及、数亦如之，不得把后五十写成无功备数。,《钦定皇舆西域图志》敕恭撰紫光阁次五十功臣像赞（识典古籍 SK1002；刘统勋、刘纶、于敏中恭跋）,生成,media/ziguangge-mangkacha.webp,本库据史料题名、旗籍与像赞语气生成的乾隆宫廷功臣画像风格示意图,本库自制（CC BY 4.0 文本规则下的生成图；非原像）,据史料描述生成，非原像。不是紫光阁原轴、不是清宫摹本，不得当作相貌证据。,索伦捉生烧寨：皮甲投火把，腰悬生俘绳。,核心,莽喀察 头等侍卫、丹巴巴图鲁 准噶尔 回部 紫光阁 后五十
QH-ZG-0083,qilikeqi,齐里克齐,,头等侍卫、布哈巴图鲁,西域后五十,准噶尔、回部,33,斩将搴旗、建一绩致一命者，命儒臣缀辞。图志后五十第33名。后五十以《西域图志》题名与赞文为准；通行维基表与图志有异序异名（如满福/车木楚克扎布、伊登古/哈木图库），并陈待核,儒臣代撰,行不旋顾，战不待援。既征朔漠，还使西宛。万里折冲，千夫辟易。锡号布哈，实惟名核。,《钦定皇舆西域图志》敕恭撰紫光阁次五十功臣像赞（识典古籍 SK1002；刘统勋、刘纶、于敏中恭跋）,儒臣代撰赞就事直录：行不旋顾，战不待援。既征朔漠，还使西宛。万里折冲，千夫辟易。锡号布哈，实惟名核。 跋文称功以次及、数亦如之，不得把后五十写成无功备数。,《钦定皇舆西域图志》敕恭撰紫光阁次五十功臣像赞（识典古籍 SK1002；刘统勋、刘纶、于敏中恭跋）,生成,media/ziguangge-qilikeqi.webp,本库据史料题名、旗籍与像赞语气生成的乾隆宫廷功臣画像风格示意图,本库自制（CC BY 4.0 文本规则下的生成图；非原像）,据史料描述生成，非原像。不是紫光阁原轴、不是清宫摹本，不得当作相貌证据。,行不旋顾：铁甲持槊直刺，绝不回头。,核心,齐里克齐 头等侍卫、布哈巴图鲁 准噶尔 回部 紫光阁 后五十
QH-ZG-0084,eneshen,额讷慎,,头等侍卫、卓里克图巴图鲁,西域后五十,准噶尔、回部,34,斩将搴旗、建一绩致一命者，命儒臣缀辞。图志后五十第34名。后五十以《西域图志》题名与赞文为准；通行维基表与图志有异序异名（如满福/车木楚克扎布、伊登古/哈木图库），并陈待核,儒臣代撰,一战伊犁，再呼尔璊。挺身入贼，贼营夜翻。被刺者三，创痕斜竖。牌以纪功，勇犹可贾。,《钦定皇舆西域图志》敕恭撰紫光阁次五十功臣像赞（识典古籍 SK1002；刘统勋、刘纶、于敏中恭跋）,儒臣代撰赞就事直录：一战伊犁，再呼尔璊。挺身入贼，贼营夜翻。被刺者三，创痕斜竖。牌以纪功，勇犹可贾。 跋文称功以次及、数亦如之，不得把后五十写成无功备数。,《钦定皇舆西域图志》敕恭撰紫光阁次五十功臣像赞（识典古籍 SK1002；刘统勋、刘纶、于敏中恭跋）,生成,media/ziguangge-eneshen.webp,本库据史料题名、旗籍与像赞语气生成的乾隆宫廷功臣画像风格示意图,本库自制（CC BY 4.0 文本规则下的生成图；非原像）,据史料描述生成，非原像。不是紫光阁原轴、不是清宫摹本，不得当作相貌证据。,被刺者三：甲上三处补丁创痕，牌纪功挂胸，仍挺矛。,核心,额讷慎 头等侍卫、卓里克图巴图鲁 准噶尔 回部 紫光阁 后五十
QH-ZG-0085,hujitu,瑚集图,,原头等侍卫,西域后五十,准噶尔、回部,35,斩将搴旗、建一绩致一命者，命儒臣缀辞。图志后五十第35名。后五十以《西域图志》题名与赞文为准；通行维基表与图志有异序异名（如满福/车木楚克扎布、伊登古/哈木图库），并陈待核,儒臣代撰,以五十人，断河源路，七千余众，莫敢泅渡。既彰嘉绩，还送急徵。遇贼捐躯，悼惜曷胜。,《钦定皇舆西域图志》敕恭撰紫光阁次五十功臣像赞（识典古籍 SK1002；刘统勋、刘纶、于敏中恭跋）,儒臣代撰赞就事直录：以五十人，断河源路，七千余众，莫敢泅渡。既彰嘉绩，还送急徵。遇贼捐躯，悼惜曷胜。 跋文称功以次及、数亦如之，不得把后五十写成无功备数。,《钦定皇舆西域图志》敕恭撰紫光阁次五十功臣像赞（识典古籍 SK1002；刘统勋、刘纶、于敏中恭跋）,生成,media/ziguangge-hujitu.webp,本库据史料题名、旗籍与像赞语气生成的乾隆宫廷功臣画像风格示意图,本库自制（CC BY 4.0 文本规则下的生成图；非原像）,据史料描述生成，非原像。不是紫光阁原轴、不是清宫摹本，不得当作相貌证据。,五十人断河源：青甲立河岸，长戈横拦，无第二人入画。,核心,瑚集图 原头等侍卫 准噶尔 回部 紫光阁 后五十
QH-ZG-0086,ningguli,宁古礼,,原二等侍卫、克丑巴图鲁,西域后五十,准噶尔、回部,36,斩将搴旗、建一绩致一命者，命儒臣缀辞。图志后五十第36名。后五十以《西域图志》题名与赞文为准；通行维基表与图志有异序异名（如满福/车木楚克扎布、伊登古/哈木图库），并陈待核,儒臣代撰,羽林材武，奋迹岩疆。单骑深入，捷若探囊。花门堞摧，黑水垒夺。裹革而还，生气咄咄。,《钦定皇舆西域图志》敕恭撰紫光阁次五十功臣像赞（识典古籍 SK1002；刘统勋、刘纶、于敏中恭跋）,儒臣代撰赞就事直录：羽林材武，奋迹岩疆。单骑深入，捷若探囊。花门堞摧，黑水垒夺。裹革而还，生气咄咄。 跋文称功以次及、数亦如之，不得把后五十写成无功备数。,《钦定皇舆西域图志》敕恭撰紫光阁次五十功臣像赞（识典古籍 SK1002；刘统勋、刘纶、于敏中恭跋）,生成,media/ziguangge-ningguli.webp,本库据史料题名、旗籍与像赞语气生成的乾隆宫廷功臣画像风格示意图,本库自制（CC BY 4.0 文本规则下的生成图；非原像）,据史料描述生成，非原像。不是紫光阁原轴、不是清宫摹本，不得当作相貌证据。,单骑深入：黄马褂轻甲，单骑侧身探囊势。,核心,宁古礼 原二等侍卫、克丑巴图鲁 准噶尔 回部 紫光阁 后五十
QH-ZG-0087,kuimadai,奎玛岱,,原三等侍卫、伊德尔巴图鲁,西域后五十,准噶尔、回部,37,斩将搴旗、建一绩致一命者，命儒臣缀辞。图志后五十第37名。后五十以《西域图志》题名与赞文为准；通行维基表与图志有异序异名（如满福/车木楚克扎布、伊登古/哈木图库），并陈待核,儒臣代撰,枕戈幕庭，有进无退。更随大帅，驰壁往代。长蛇封豕，首涂告侦。死绥仓猝，犹挥短兵。,《钦定皇舆西域图志》敕恭撰紫光阁次五十功臣像赞（识典古籍 SK1002；刘统勋、刘纶、于敏中恭跋）,儒臣代撰赞就事直录：枕戈幕庭，有进无退。更随大帅，驰壁往代。长蛇封豕，首涂告侦。死绥仓猝，犹挥短兵。 跋文称功以次及、数亦如之，不得把后五十写成无功备数。,《钦定皇舆西域图志》敕恭撰紫光阁次五十功臣像赞（识典古籍 SK1002；刘统勋、刘纶、于敏中恭跋）,生成,media/ziguangge-kuimadai.webp,本库据史料题名、旗籍与像赞语气生成的乾隆宫廷功臣画像风格示意图,本库自制（CC BY 4.0 文本规则下的生成图；非原像）,据史料描述生成，非原像。不是紫光阁原轴、不是清宫摹本，不得当作相貌证据。,死绥犹挥短兵：半跪，短刀上格，甲胄不全。,核心,奎玛岱 原三等侍卫、伊德尔巴图鲁 准噶尔 回部 紫光阁 后五十
QH-ZG-0088,tetongge,特通额,,原三等侍卫,西域后五十,准噶尔、回部,38,斩将搴旗、建一绩致一命者，命儒臣缀辞。图志后五十第38名。后五十以《西域图志》题名与赞文为准；通行维基表与图志有异序异名（如满福/车木楚克扎布、伊登古/哈木图库），并陈待核,儒臣代撰,绝徼折冲，志存干蛊。所向无前，不待㭎鼓。渡河遘险，矢尽于房。骂贼以殉，嚼齿勿忘。,《钦定皇舆西域图志》敕恭撰紫光阁次五十功臣像赞（识典古籍 SK1002；刘统勋、刘纶、于敏中恭跋）,儒臣代撰赞就事直录：绝徼折冲，志存干蛊。所向无前，不待㭎鼓。渡河遘险，矢尽于房。骂贼以殉，嚼齿勿忘。 跋文称功以次及、数亦如之，不得把后五十写成无功备数。,《钦定皇舆西域图志》敕恭撰紫光阁次五十功臣像赞（识典古籍 SK1002；刘统勋、刘纶、于敏中恭跋）,生成,media/ziguangge-tetongge.webp,本库据史料题名、旗籍与像赞语气生成的乾隆宫廷功臣画像风格示意图,本库自制（CC BY 4.0 文本规则下的生成图；非原像）,据史料描述生成，非原像。不是紫光阁原轴、不是清宫摹本，不得当作相貌证据。,矢尽骂贼：空撒袋、张口怒骂，双手只剩折箭。,核心,特通额 原三等侍卫 准噶尔 回部 紫光阁 后五十
QH-ZG-0089,moningcha,莫宁察,,原蓝翎侍卫,西域后五十,准噶尔、回部,39,斩将搴旗、建一绩致一命者，命儒臣缀辞。图志后五十第39名。后五十以《西域图志》题名与赞文为准；通行维基表与图志有异序异名（如满福/车木楚克扎布、伊登古/哈木图库），并陈待核,儒臣代撰,略地湟中，啸聚云火。霹雳弦鸣，箙无余笴。一间老屋，固垒坐焚。昆冈贞玉，气尚干云。,《钦定皇舆西域图志》敕恭撰紫光阁次五十功臣像赞（识典古籍 SK1002；刘统勋、刘纶、于敏中恭跋）,儒臣代撰赞就事直录：略地湟中，啸聚云火。霹雳弦鸣，箙无余笴。一间老屋，固垒坐焚。昆冈贞玉，气尚干云。 跋文称功以次及、数亦如之，不得把后五十写成无功备数。,《钦定皇舆西域图志》敕恭撰紫光阁次五十功臣像赞（识典古籍 SK1002；刘统勋、刘纶、于敏中恭跋）,原图,media/ziguangge-moningcha.webp,https://commons.wikimedia.org/wiki/File:Meningca.jpg,Public domain,Commons 文件名 Meningca，对应莫宁察。公版立轴扫描，是否原轴待核。,莫宁察（西域）：铁胄护心镜双手举令旗，与邻名次服饰兵器错开。,核心,莫宁察 原蓝翎侍卫 准噶尔 回部 紫光阁 后五十
QH-ZG-0090,namuzhar-er,那木查尔,,二等侍卫、丹巴巴图鲁,西域后五十,准噶尔、回部,40,斩将搴旗、建一绩致一命者，命儒臣缀辞。图志后五十第40名。后五十以《西域图志》题名与赞文为准；通行维基表与图志有异序异名（如满福/车木楚克扎布、伊登古/哈木图库），并陈待核,儒臣代撰,于思弃甲，谁当一队。径率百人，攻其腹背。手取回垒，回胆尽寒。铁绣模糊，横捎左鞍。,《钦定皇舆西域图志》敕恭撰紫光阁次五十功臣像赞（识典古籍 SK1002；刘统勋、刘纶、于敏中恭跋）,儒臣代撰赞就事直录：于思弃甲，谁当一队。径率百人，攻其腹背。手取回垒，回胆尽寒。铁绣模糊，横捎左鞍。 跋文称功以次及、数亦如之，不得把后五十写成无功备数。,《钦定皇舆西域图志》敕恭撰紫光阁次五十功臣像赞（识典古籍 SK1002；刘统勋、刘纶、于敏中恭跋）,生成,media/ziguangge-namuzhar-er.webp,本库据史料题名、旗籍与像赞语气生成的乾隆宫廷功臣画像风格示意图,本库自制（CC BY 4.0 文本规则下的生成图；非原像）,据史料描述生成，非原像。不是紫光阁原轴、不是清宫摹本，不得当作相貌证据。,百人攻腹背：铁甲攀回垒，左手抓垛口右手举刀。,核心,那木查尔 二等侍卫、丹巴巴图鲁 准噶尔 回部 紫光阁 后五十
QH-ZG-0091,tanibu,塔尼布,,二等侍卫、特古思巴图鲁,西域后五十,准噶尔、回部,41,斩将搴旗、建一绩致一命者，命儒臣缀辞。图志后五十第41名。后五十以《西域图志》题名与赞文为准；通行维基表与图志有异序异名（如满福/车木楚克扎布、伊登古/哈木图库），并陈待核,儒臣代撰,唾手缚贼，贼莫能夺。引身救人，人无不脱。西拔达山，北俄罗斯。独来独往，翳特古思。,《钦定皇舆西域图志》敕恭撰紫光阁次五十功臣像赞（识典古籍 SK1002；刘统勋、刘纶、于敏中恭跋）,儒臣代撰赞就事直录：唾手缚贼，贼莫能夺。引身救人，人无不脱。西拔达山，北俄罗斯。独来独往，翳特古思。 跋文称功以次及、数亦如之，不得把后五十写成无功备数。,《钦定皇舆西域图志》敕恭撰紫光阁次五十功臣像赞（识典古籍 SK1002；刘统勋、刘纶、于敏中恭跋）,原图,media/ziguangge-tanibu.webp,https://commons.wikimedia.org/wiki/File:Taniku.jpg,Public domain,Commons 说明作 Tanibu/Taniku，对应塔尼布。公版立轴扫描，是否原轴待核。,塔尼布（西域）：黑漆甲执火把作焚箐势，与邻名次服饰兵器错开。,核心,塔尼布 二等侍卫、特古思巴图鲁 准噶尔 回部 紫光阁 后五十
QH-ZG-0092,mage,玛格,,二等侍卫、哈什哈巴图鲁,西域后五十,准噶尔、回部,42,斩将搴旗、建一绩致一命者，命儒臣缀辞。图志后五十第42名。后五十以《西域图志》题名与赞文为准；通行维基表与图志有异序异名（如满福/车木楚克扎布、伊登古/哈木图库），并陈待核,儒臣代撰,往来哈萨，讫于诸回。长身善战，辰韩异才。肉薄叶羌，筑堡自缮。凡三阅月，独当一面。,《钦定皇舆西域图志》敕恭撰紫光阁次五十功臣像赞（识典古籍 SK1002；刘统勋、刘纶、于敏中恭跋）,儒臣代撰赞就事直录：往来哈萨，讫于诸回。长身善战，辰韩异才。肉薄叶羌，筑堡自缮。凡三阅月，独当一面。 跋文称功以次及、数亦如之，不得把后五十写成无功备数。,《钦定皇舆西域图志》敕恭撰紫光阁次五十功臣像赞（识典古籍 SK1002；刘统勋、刘纶、于敏中恭跋）,生成,media/ziguangge-mage.webp,本库据史料题名、旗籍与像赞语气生成的乾隆宫廷功臣画像风格示意图,本库自制（CC BY 4.0 文本规则下的生成图；非原像）,据史料描述生成，非原像。不是紫光阁原轴、不是清宫摹本，不得当作相貌证据。,长身守叶羌三月：高个子褐甲，拄矛凭堡。,核心,玛格 二等侍卫、哈什哈巴图鲁 准噶尔 回部 紫光阁 后五十
QH-ZG-0093,darhan,达尔汉,,原二等侍卫、哈什哈巴图鲁,西域后五十,准噶尔、回部,43,斩将搴旗、建一绩致一命者，命儒臣缀辞。图志后五十第43名。后五十以《西域图志》题名与赞文为准；通行维基表与图志有异序异名（如满福/车木楚克扎布、伊登古/哈木图库），并陈待核,儒臣代撰,济尔哈朗，如薜生苞。提几步卒，突出前茅。谕贼捐身，惊呼健者。旧隶名蕃，达什达瓦。,《钦定皇舆西域图志》敕恭撰紫光阁次五十功臣像赞（识典古籍 SK1002；刘统勋、刘纶、于敏中恭跋）,儒臣代撰赞就事直录：济尔哈朗，如薜生苞。提几步卒，突出前茅。谕贼捐身，惊呼健者。旧隶名蕃，达什达瓦。 跋文称功以次及、数亦如之，不得把后五十写成无功备数。,《钦定皇舆西域图志》敕恭撰紫光阁次五十功臣像赞（识典古籍 SK1002；刘统勋、刘纶、于敏中恭跋）,原图,media/ziguangge-darhan.webp,https://commons.wikimedia.org/wiki/File:Dalhan.jpg,Public domain,Commons 文件名 Dalhan。公版半身像，是否原轴待核。,达尔汉（西域）：索伦皮甲开弓，撒袋在右胯，与邻名次服饰兵器错开。,核心,达尔汉 原二等侍卫、哈什哈巴图鲁 准噶尔 回部 紫光阁 后五十
QH-ZG-0094,ente,恩特,,三等侍卫、卓克托巴图鲁,西域后五十,准噶尔、回部,44,斩将搴旗、建一绩致一命者，命儒臣缀辞。图志后五十第44名。后五十以《西域图志》题名与赞文为准；通行维基表与图志有异序异名（如满福/车木楚克扎布、伊登古/哈木图库），并陈待核,儒臣代撰,初从参赞，追奔漠北。复从将军，蹴围西极。路逾万里，时阅百旬。洗甲蒲昌，余瘢满身。,《钦定皇舆西域图志》敕恭撰紫光阁次五十功臣像赞（识典古籍 SK1002；刘统勋、刘纶、于敏中恭跋）,儒臣代撰赞就事直录：初从参赞，追奔漠北。复从将军，蹴围西极。路逾万里，时阅百旬。洗甲蒲昌，余瘢满身。 跋文称功以次及、数亦如之，不得把后五十写成无功备数。,《钦定皇舆西域图志》敕恭撰紫光阁次五十功臣像赞（识典古籍 SK1002；刘统勋、刘纶、于敏中恭跋）,生成,media/ziguangge-ente.webp,本库据史料题名、旗籍与像赞语气生成的乾隆宫廷功臣画像风格示意图,本库自制（CC BY 4.0 文本规则下的生成图；非原像）,据史料描述生成，非原像。不是紫光阁原轴、不是清宫摹本，不得当作相貌证据。,洗甲蒲昌：半卸甲在水边涮甲片，刀插地。,核心,恩特 三等侍卫、卓克托巴图鲁 准噶尔 回部 紫光阁 后五十
QH-ZG-0095,idamzhabu,伊达木扎布,,三等侍卫、西尔库济巴图鲁,西域后五十,准噶尔、回部,45,斩将搴旗、建一绩致一命者，命儒臣缀辞。图志后五十第45名。后五十以《西域图志》题名与赞文为准；通行维基表与图志有异序异名（如满福/车木楚克扎布、伊登古/哈木图库），并陈待核,儒臣代撰,佽飞之杰，凌厉朔陲。谕降别部，介马而驰。援呼尔璊，蹑伊西洱。彼竭我盈，么麽魄褫。,《钦定皇舆西域图志》敕恭撰紫光阁次五十功臣像赞（识典古籍 SK1002；刘统勋、刘纶、于敏中恭跋）,儒臣代撰赞就事直录：佽飞之杰，凌厉朔陲。谕降别部，介马而驰。援呼尔璊，蹑伊西洱。彼竭我盈，么麽魄褫。 跋文称功以次及、数亦如之，不得把后五十写成无功备数。,《钦定皇舆西域图志》敕恭撰紫光阁次五十功臣像赞（识典古籍 SK1002；刘统勋、刘纶、于敏中恭跋）,生成,media/ziguangge-idamzhabu.webp,本库据史料题名、旗籍与像赞语气生成的乾隆宫廷功臣画像风格示意图,本库自制（CC BY 4.0 文本规则下的生成图；非原像）,据史料描述生成，非原像。不是紫光阁原轴、不是清宫摹本，不得当作相貌证据。,介马谕降：立马举空右手作宣谕，刀不出鞘。,核心,伊达木扎布 三等侍卫、西尔库济巴图鲁 准噶尔 回部 紫光阁 后五十
QH-ZG-0096,maohan,茂汉,,三等侍卫、库尔察巴图鲁,西域后五十,准噶尔、回部,46,斩将搴旗、建一绩致一命者，命儒臣缀辞。图志后五十第46名。后五十以《西域图志》题名与赞文为准；通行维基表与图志有异序异名（如满福/车木楚克扎布、伊登古/哈木图库），并陈待核,儒臣代撰,北路西川，旧劳弗替。载进祁连，新庸孰逮。阿尔泰岭，玛那斯河。讷可之获，其功实多。,《钦定皇舆西域图志》敕恭撰紫光阁次五十功臣像赞（识典古籍 SK1002；刘统勋、刘纶、于敏中恭跋）,儒臣代撰赞就事直录：北路西川，旧劳弗替。载进祁连，新庸孰逮。阿尔泰岭，玛那斯河。讷可之获，其功实多。 跋文称功以次及、数亦如之，不得把后五十写成无功备数。,《钦定皇舆西域图志》敕恭撰紫光阁次五十功臣像赞（识典古籍 SK1002；刘统勋、刘纶、于敏中恭跋）,生成,media/ziguangge-maohan.webp,本库据史料题名、旗籍与像赞语气生成的乾隆宫廷功臣画像风格示意图,本库自制（CC BY 4.0 文本规则下的生成图；非原像）,据史料描述生成，非原像。不是紫光阁原轴、不是清宫摹本，不得当作相貌证据。,阿尔泰岭玛那斯：皮裘甲，踏雪持鸟枪。,核心,茂汉 三等侍卫、库尔察巴图鲁 准噶尔 回部 紫光阁 后五十
QH-ZG-0097,xierkuier,西尔库尔,,三等侍卫、舒都拉呼巴图鲁,西域后五十,准噶尔、回部,47,斩将搴旗、建一绩致一命者，命儒臣缀辞。图志后五十第47名。后五十以《西域图志》题名与赞文为准；通行维基表与图志有异序异名（如满福/车木楚克扎布、伊登古/哈木图库），并陈待核,儒臣代撰,龙武健士，袴褶从戎。战经十数，甲不一衷。古亦有言，杀敌致果。闻桴跃鞍，金疮未裹。,《钦定皇舆西域图志》敕恭撰紫光阁次五十功臣像赞（识典古籍 SK1002；刘统勋、刘纶、于敏中恭跋）,儒臣代撰赞就事直录：龙武健士，袴褶从戎。战经十数，甲不一衷。古亦有言，杀敌致果。闻桴跃鞍，金疮未裹。 跋文称功以次及、数亦如之，不得把后五十写成无功备数。,《钦定皇舆西域图志》敕恭撰紫光阁次五十功臣像赞（识典古籍 SK1002；刘统勋、刘纶、于敏中恭跋）,生成,media/ziguangge-xierkuier.webp,本库据史料题名、旗籍与像赞语气生成的乾隆宫廷功臣画像风格示意图,本库自制（CC BY 4.0 文本规则下的生成图；非原像）,据史料描述生成，非原像。不是紫光阁原轴、不是清宫摹本，不得当作相貌证据。,金疮未裹闻桴跃鞍：裸创臂跃上马，金鼓在侧。,核心,西尔库尔 三等侍卫、舒都拉呼巴图鲁 准噶尔 回部 紫光阁 后五十
QH-ZG-0098,baidar,拜达尔,,原三等侍卫,西域后五十,准噶尔、回部,48,斩将搴旗、建一绩致一命者，命儒臣缀辞。图志后五十第48名。后五十以《西域图志》题名与赞文为准；通行维基表与图志有异序异名（如满福/车木楚克扎布、伊登古/哈木图库），并陈待核,儒臣代撰,别将百人，往探回窟。遇贼辄歼，如手扪虱。鏖两昼夜，入围出围，英姿飒爽，仗节一挥。,《钦定皇舆西域图志》敕恭撰紫光阁次五十功臣像赞（识典古籍 SK1002；刘统勋、刘纶、于敏中恭跋）,儒臣代撰赞就事直录：别将百人，往探回窟。遇贼辄歼，如手扪虱。鏖两昼夜，入围出围，英姿飒爽，仗节一挥。 跋文称功以次及、数亦如之，不得把后五十写成无功备数。,《钦定皇舆西域图志》敕恭撰紫光阁次五十功臣像赞（识典古籍 SK1002；刘统勋、刘纶、于敏中恭跋）,生成,media/ziguangge-baidar.webp,本库据史料题名、旗籍与像赞语气生成的乾隆宫廷功臣画像风格示意图,本库自制（CC BY 4.0 文本规则下的生成图；非原像）,据史料描述生成，非原像。不是紫光阁原轴、不是清宫摹本，不得当作相貌证据。,探回窟两昼夜：夜行短甲，手提灯与血刃。,核心,拜达尔 原三等侍卫 准噶尔 回部 紫光阁 后五十
QH-ZG-0099,kala,喀拉,,原蓝翎侍卫、舒伦巴图鲁,西域后五十,准噶尔、回部,49,斩将搴旗、建一绩致一命者，命儒臣缀辞。图志后五十第49名。后五十以《西域图志》题名与赞文为准；通行维基表与图志有异序异名（如满福/车木楚克扎布、伊登古/哈木图库），并陈待核,儒臣代撰,偕拜达尔结队前锋，射生被遮，援绝数重，焚栅蹈火，火烈具举，望者愕眙，谓目光炬。,《钦定皇舆西域图志》敕恭撰紫光阁次五十功臣像赞（识典古籍 SK1002；刘统勋、刘纶、于敏中恭跋）,儒臣代撰赞就事直录：偕拜达尔结队前锋，射生被遮，援绝数重，焚栅蹈火，火烈具举，望者愕眙，谓目光炬。 跋文称功以次及、数亦如之，不得把后五十写成无功备数。,《钦定皇舆西域图志》敕恭撰紫光阁次五十功臣像赞（识典古籍 SK1002；刘统勋、刘纶、于敏中恭跋）,生成,media/ziguangge-kala.webp,本库据史料题名、旗籍与像赞语气生成的乾隆宫廷功臣画像风格示意图,本库自制（CC BY 4.0 文本规则下的生成图；非原像）,据史料描述生成，非原像。不是紫光阁原轴、不是清宫摹本，不得当作相貌证据。,焚栅蹈火：火焰映面，踏烧栅，目光如炬，无弓。,核心,喀拉 原蓝翎侍卫、舒伦巴图鲁 准噶尔 回部 紫光阁 后五十
QH-ZG-0100,idenggu,伊登古,,蓝翎侍卫、固济尔巴图鲁,西域后五十,准噶尔、回部,50,斩将搴旗、建一绩致一命者，命儒臣缀辞。图志后五十第50名。后五十以《西域图志》题名与赞文为准；通行维基表与图志有异序异名（如满福/车木楚克扎布、伊登古/哈木图库），并陈待核,儒臣代撰,蹑巴雅尔，战不避艰，追霍集占，抵拔达山，显号克膺。宜固济尔用厉颜行，成劳是纪。,《钦定皇舆西域图志》敕恭撰紫光阁次五十功臣像赞（识典古籍 SK1002；刘统勋、刘纶、于敏中恭跋）,儒臣代撰赞就事直录：蹑巴雅尔，战不避艰，追霍集占，抵拔达山，显号克膺。宜固济尔用厉颜行，成劳是纪。 跋文称功以次及、数亦如之，不得把后五十写成无功备数。,《钦定皇舆西域图志》敕恭撰紫光阁次五十功臣像赞（识典古籍 SK1002；刘统勋、刘纶、于敏中恭跋）,生成,media/ziguangge-idenggu.webp,本库据史料题名、旗籍与像赞语气生成的乾隆宫廷功臣画像风格示意图,本库自制（CC BY 4.0 文本规则下的生成图；非原像）,据史料描述生成，非原像。不是紫光阁原轴、不是清宫摹本，不得当作相貌证据。,追至巴达克山：风尘铁甲，手指西方令旗。,核心,伊登古 蓝翎侍卫、固济尔巴图鲁 准噶尔 回部 紫光阁 后五十
QH-ZG-0101,agui-jinchuan,阿桂,,定西将军一等诚谋英勇公、协办大学士、吏部尚书,金川前五十,两金川,1,乾隆四十一年诏：大学士定西将军阿桂、定边右副将军丰升额等一百人，列为前后五十。此为前五十第1名。,未见御制赞回库,,金川前五十有御制赞，本库尚未回《御制文》对应卷，不臆补,西域前五十已入图，此条是金川再图。,《日下旧闻考》转述及通行紫光阁功臣表；后出转写，待核原书卷页,原图,media/ziguangge-agui.webp,https://commons.wikimedia.org/wiki/File:Agui.jpg,Public domain,公版传世立像。是否紫光阁原轴、是否后世摹绘，文件页未写死，不作原轴认定。 本条复用 agui 的公版像，因跨批为同一人。,阿桂（中枢/督抚）：绛褐补服捧奏匣，持朱批匣，无刀枪。,骨架,阿桂 定西将军一等诚谋英勇公、协办大学士、吏部尚书 金川前五十 两金川 紫光阁
QH-ZG-0102,fengshenge,丰升额,,定边右副将军一等果毅继勇公加一等子、户部尚书,金川前五十,两金川,2,乾隆四十一年诏：大学士定西将军阿桂、定边右副将军丰升额等一百人，列为前后五十。此为前五十第2名。,未见御制赞回库,,金川前五十有御制赞，本库尚未回《御制文》对应卷，不臆补,据通行表，以「定边右副将军一等果毅继勇公加一等子、户部尚书」入金川前五十第2名。事迹须回该役方略、列传，本条只证位列，不编战史。,《日下旧闻考》转述及通行紫光阁功臣表；后出转写，待核原书卷页,生成,media/ziguangge-fengshenge.webp,本库据史料题名、旗籍与像赞语气生成的乾隆宫廷功臣画像风格示意图,本库自制（CC BY 4.0 文本规则下的生成图；非原像）,据史料描述生成，非原像。不是紫光阁原轴、不是清宫摹本，不得当作相貌证据。,定边右副将军：黑铁甲红披肩，立马按刀，背景仅留一角石碉轮廓。,骨架,丰升额 定边右副将军一等果毅继勇公加一等子、户部尚书 金川前五十 两金川 紫光阁
QH-ZG-0103,mingliang,明亮,,定边右副将军一等襄勇伯、成都将军,金川前五十,两金川,3,乾隆四十一年诏：大学士定西将军阿桂、定边右副将军丰升额等一百人，列为前后五十。此为前五十第3名。,未见御制赞回库,,金川前五十有御制赞，本库尚未回《御制文》对应卷，不臆补,据通行表，以「定边右副将军一等襄勇伯、成都将军」入金川前五十第3名。事迹须回该役方略、列传，本条只证位列，不编战史。,《日下旧闻考》转述及通行紫光阁功臣表；后出转写，待核原书卷页,生成,media/ziguangge-mingliang.webp,本库据史料题名、旗籍与像赞语气生成的乾隆宫廷功臣画像风格示意图,本库自制（CC BY 4.0 文本规则下的生成图；非原像）,据史料描述生成，非原像。不是紫光阁原轴、不是清宫摹本，不得当作相貌证据。,成都将军攻碉：锈红甲，手持望远镜式单筒眺碉卡。,骨架,明亮 定边右副将军一等襄勇伯、成都将军 金川前五十 两金川 紫光阁
QH-ZG-0104,shuhede-jinchuan,舒赫德,,大学士,金川前五十,两金川,4,乾隆四十一年诏：大学士定西将军阿桂、定边右副将军丰升额等一百人，列为前后五十。此为前五十第4名。,未见御制赞回库,,金川前五十有御制赞，本库尚未回《御制文》对应卷，不臆补,西域前五十已入图，此条是金川再图。,《日下旧闻考》转述及通行紫光阁功臣表；后出转写，待核原书卷页,原图,media/ziguangge-shuhede.webp,https://commons.wikimedia.org/wiki/File:Shuhede.jpg,Public domain,公版传世像。是否紫光阁原轴待核。金川批次大学士舒赫德与此为同一人重出。 本条复用 shuhede 的公版像，因跨批为同一人。,舒赫德（中枢/督抚）：石青仙鹤补服，持藏边驿报，无刀枪。,骨架,舒赫德 大学士 金川前五十 两金川 紫光阁
QH-ZG-0105,yuminzhong,于敏中,,大学士一等轻车都尉,金川前五十,两金川,5,乾隆四十一年诏：大学士定西将军阿桂、定边右副将军丰升额等一百人，列为前后五十。此为前五十第5名。,未见御制赞回库,,金川前五十有御制赞，本库尚未回《御制文》对应卷，不臆补,据通行表，以「大学士一等轻车都尉」入金川前五十第5名。事迹须回该役方略、列传，本条只证位列，不编战史。,《日下旧闻考》转述及通行紫光阁功臣表；后出转写，待核原书卷页,生成,media/ziguangge-yuminzhong.webp,本库据史料题名、旗籍与像赞语气生成的乾隆宫廷功臣画像风格示意图,本库自制（CC BY 4.0 文本规则下的生成图；非原像）,据史料描述生成，非原像。不是紫光阁原轴、不是清宫摹本，不得当作相貌证据。,大学士一等轻车都尉：石青补服，展金川军报，无甲无刀。,骨架,于敏中 大学士一等轻车都尉 金川前五十 两金川 紫光阁
QH-ZG-0106,fulongan,福隆安,,兵部尚书一等忠勇公、和硕额驸,金川前五十,两金川,6,乾隆四十一年诏：大学士定西将军阿桂、定边右副将军丰升额等一百人，列为前后五十。此为前五十第6名。,未见御制赞回库,,金川前五十有御制赞，本库尚未回《御制文》对应卷，不臆补,据通行表，以「兵部尚书一等忠勇公、和硕额驸」入金川前五十第6名。事迹须回该役方略、列传，本条只证位列，不编战史。,《日下旧闻考》转述及通行紫光阁功臣表；后出转写，待核原书卷页,生成,media/ziguangge-fulongan.webp,本库据史料题名、旗籍与像赞语气生成的乾隆宫廷功臣画像风格示意图,本库自制（CC BY 4.0 文本规则下的生成图；非原像）,据史料描述生成，非原像。不是紫光阁原轴、不是清宫摹本，不得当作相貌证据。,忠勇公和硕额驸：石青金龙袍、杏黄腰带，捧兵部印匣，不披甲。,骨架,福隆安 兵部尚书一等忠勇公、和硕额驸 金川前五十 两金川 紫光阁
QH-ZG-0107,sebten-jinchuan,色布腾巴尔珠尔,,原参赞大臣、固伦额驸，赠和硕亲王,金川前五十,两金川,7,乾隆四十一年诏：大学士定西将军阿桂、定边右副将军丰升额等一百人，列为前后五十。此为前五十第7名。,未见御制赞回库,,金川前五十有御制赞，本库尚未回《御制文》对应卷，不臆补,西域前五十已入图，此条是金川再图。,《日下旧闻考》转述及通行紫光阁功臣表；后出转写，待核原书卷页,原图,media/ziguangge-sebtenbaljur.webp,https://commons.wikimedia.org/wiki/File:Septen_Baljur.jpg,Public domain,Commons 公版立像。金川批次复用此图，不合并成一次入阁。是否原轴待核。 本条复用 sebtenbaljur 的公版像，因跨批为同一人。,色布腾巴尔珠尔（中枢/督抚）：沉香色公服展军报，持朱批匣，无刀枪。,骨架,色布腾巴尔珠尔 原参赞大臣、固伦额驸，赠和硕亲王 金川前五十 两金川 紫光阁
QH-ZG-0108,hailancha-jinchuan,海兰察,,参赞大臣一等超勇侯、都统,金川前五十,两金川,8,乾隆四十一年诏：大学士定西将军阿桂、定边右副将军丰升额等一百人，列为前后五十。此为前五十第8名。,未见御制赞回库,,金川前五十有御制赞，本库尚未回《御制文》对应卷，不臆补,西域前五十已入图，此条是金川再图。,《日下旧闻考》转述及通行紫光阁功臣表；后出转写，待核原书卷页,原图,media/ziguangge-hailancha.webp,https://commons.wikimedia.org/wiki/File:海蘭察.jpg,Public domain,Commons 题作《御笔平定台湾二十功臣像赞》系统传世像，右侧有御笔题赞。用于海兰察相貌识别，不得写成西域前五十原轴已经对上。金川、台湾、廓尔喀批次重出，图可复用，不合并成一次入阁。 本条复用 hailancha 的公版像，因跨批为同一人。,海兰察（金川）：破甲裹创回望，与邻名次服饰兵器错开。,骨架,海兰察 参赞大臣一等超勇侯、都统 金川前五十 两金川 紫光阁
QH-ZG-0109,esente,额森特,,参赞大臣一等娴勇男、护军统领、副都统,金川前五十,两金川,9,乾隆四十一年诏：大学士定西将军阿桂、定边右副将军丰升额等一百人，列为前后五十。此为前五十第9名。,未见御制赞回库,,金川前五十有御制赞，本库尚未回《御制文》对应卷，不臆补,据通行表，以「参赞大臣一等娴勇男、护军统领、副都统」入金川前五十第9名。事迹须回该役方略、列传，本条只证位列，不编战史。,《日下旧闻考》转述及通行紫光阁功臣表；后出转写，待核原书卷页,生成,media/ziguangge-esente.webp,本库据史料题名、旗籍与像赞语气生成的乾隆宫廷功臣画像风格示意图,本库自制（CC BY 4.0 文本规则下的生成图；非原像）,据史料描述生成，非原像。不是紫光阁原轴、不是清宫摹本，不得当作相貌证据。,娴勇男护军统领：明黄马褂，持红令旗指挥攻碉。,骨架,额森特 参赞大臣一等娴勇男、护军统领、副都统 金川前五十 两金川 紫光阁
QH-ZG-0110,shuchang,舒常,,参赞大臣、护军统领,金川前五十,两金川,10,乾隆四十一年诏：大学士定西将军阿桂、定边右副将军丰升额等一百人，列为前后五十。此为前五十第10名。,未见御制赞回库,,金川前五十有御制赞，本库尚未回《御制文》对应卷，不臆补,据通行表，以「参赞大臣、护军统领」入金川前五十第10名。事迹须回该役方略、列传，本条只证位列，不编战史。,《日下旧闻考》转述及通行紫光阁功臣表；后出转写，待核原书卷页,生成,media/ziguangge-shuchang.webp,本库据史料题名、旗籍与像赞语气生成的乾隆宫廷功臣画像风格示意图,本库自制（CC BY 4.0 文本规则下的生成图；非原像）,据史料描述生成，非原像。不是紫光阁原轴、不是清宫摹本，不得当作相貌证据。,护军统领：青甲双手持云梯，梯高于人头。,骨架,舒常 参赞大臣、护军统领 金川前五十 两金川 紫光阁
QH-ZG-0111,kuilin,奎林,,领队大臣一等承恩武勇公加一等男、都统,金川前五十,两金川,11,乾隆四十一年诏：大学士定西将军阿桂、定边右副将军丰升额等一百人，列为前后五十。此为前五十第11名。,未见御制赞回库,,金川前五十有御制赞，本库尚未回《御制文》对应卷，不臆补,据通行表，以「领队大臣一等承恩武勇公加一等男、都统」入金川前五十第11名。事迹须回该役方略、列传，本条只证位列，不编战史。,《日下旧闻考》转述及通行紫光阁功臣表；后出转写，待核原书卷页,生成,media/ziguangge-kuilin.webp,本库据史料题名、旗籍与像赞语气生成的乾隆宫廷功臣画像风格示意图,本库自制（CC BY 4.0 文本规则下的生成图；非原像）,据史料描述生成，非原像。不是紫光阁原轴、不是清宫摹本，不得当作相貌证据。,承恩武勇公：银甲红缨胄，长枪前倾。,骨架,奎林 领队大臣一等承恩武勇公加一等男、都统 金川前五十 两金川 紫光阁
QH-ZG-0112,helongwu,和隆武,,领队大臣三等果勇侯、都统,金川前五十,两金川,12,乾隆四十一年诏：大学士定西将军阿桂、定边右副将军丰升额等一百人，列为前后五十。此为前五十第12名。,未见御制赞回库,,金川前五十有御制赞，本库尚未回《御制文》对应卷，不臆补,据通行表，以「领队大臣三等果勇侯、都统」入金川前五十第12名。事迹须回该役方略、列传，本条只证位列，不编战史。,《日下旧闻考》转述及通行紫光阁功臣表；后出转写，待核原书卷页,生成,media/ziguangge-helongwu.webp,本库据史料题名、旗籍与像赞语气生成的乾隆宫廷功臣画像风格示意图,本库自制（CC BY 4.0 文本规则下的生成图；非原像）,据史料描述生成，非原像。不是紫光阁原轴、不是清宫摹本，不得当作相貌证据。,果勇侯：褐甲开硬弓瞄碉窗。,骨架,和隆武 领队大臣三等果勇侯、都统 金川前五十 两金川 紫光阁
QH-ZG-0113,fukangan,福康安,,领队大臣、内大臣、都统、户部侍郎、三等嘉勇男,金川前五十,两金川,13,乾隆四十一年诏：大学士定西将军阿桂、定边右副将军丰升额等一百人，列为前后五十。此为前五十第13名。,未见御制赞回库,,金川前五十有御制赞，本库尚未回《御制文》对应卷，不臆补,西域前五十已入图，此条是金川再图。,《日下旧闻考》转述及通行紫光阁功臣表；后出转写，待核原书卷页,原图,media/ziguangge-fukangan.webp,https://commons.wikimedia.org/wiki/File:福康安.jpg,Public domain,公版传世像。福康安在金川、台湾、廓尔喀批次重出；是否紫光阁原轴待核。,福康安（金川）：索伦皮甲开弓，撒袋在右胯，与邻名次服饰兵器错开。,骨架,福康安 领队大臣、内大臣、都统、户部侍郎、三等嘉勇男 金川前五十 两金川 紫光阁
QH-ZG-0114,puerpu,普尔普,,领队大臣、副都统、三等奋勇男,金川前五十,两金川,14,乾隆四十一年诏：大学士定西将军阿桂、定边右副将军丰升额等一百人，列为前后五十。此为前五十第14名。,未见御制赞回库,,金川前五十有御制赞，本库尚未回《御制文》对应卷，不臆补,据通行表，以「领队大臣、副都统、三等奋勇男」入金川前五十第14名。事迹须回该役方略、列传，本条只证位列，不编战史。,《日下旧闻考》转述及通行紫光阁功臣表；后出转写，待核原书卷页,生成,media/ziguangge-puerpu.webp,本库据史料题名、旗籍与像赞语气生成的乾隆宫廷功臣画像风格示意图,本库自制（CC BY 4.0 文本规则下的生成图；非原像）,据史料描述生成，非原像。不是紫光阁原轴、不是清宫摹本，不得当作相貌证据。,奋勇男：黑甲投掷火罐。,骨架,普尔普 领队大臣、副都统、三等奋勇男 金川前五十 两金川 紫光阁
QH-ZG-0115,xingzhao,兴兆,,领队大臣、荆州将军、辅国公,金川前五十,两金川,15,乾隆四十一年诏：大学士定西将军阿桂、定边右副将军丰升额等一百人，列为前后五十。此为前五十第15名。,未见御制赞回库,,金川前五十有御制赞，本库尚未回《御制文》对应卷，不臆补,据通行表，以「领队大臣、荆州将军、辅国公」入金川前五十第15名。事迹须回该役方略、列传，本条只证位列，不编战史。,《日下旧闻考》转述及通行紫光阁功臣表；后出转写，待核原书卷页,生成,media/ziguangge-xingzhao.webp,本库据史料题名、旗籍与像赞语气生成的乾隆宫廷功臣画像风格示意图,本库自制（CC BY 4.0 文本规则下的生成图；非原像）,据史料描述生成，非原像。不是紫光阁原轴、不是清宫摹本，不得当作相貌证据。,荆州将军辅国公：石青公服外罩半甲，按剑侧立。,骨架,兴兆 领队大臣、荆州将军、辅国公 金川前五十 两金川 紫光阁
QH-ZG-0116,haguoxing,哈国兴,,原参赞大臣、西安提督,金川前五十,两金川,16,乾隆四十一年诏：大学士定西将军阿桂、定边右副将军丰升额等一百人，列为前后五十。此为前五十第16名。,未见御制赞回库,,金川前五十有御制赞，本库尚未回《御制文》对应卷，不臆补,据通行表，以「原参赞大臣、西安提督」入金川前五十第16名。事迹须回该役方略、列传，本条只证位列，不编战史。,《日下旧闻考》转述及通行紫光阁功臣表；后出转写，待核原书卷页,生成,media/ziguangge-haguoxing.webp,本库据史料题名、旗籍与像赞语气生成的乾隆宫廷功臣画像风格示意图,本库自制（CC BY 4.0 文本规则下的生成图；非原像）,据史料描述生成，非原像。不是紫光阁原轴、不是清宫摹本，不得当作相貌证据。,西安提督：绿营铁甲绿鞘刀，另一手持攻山钩。,骨架,哈国兴 原参赞大臣、西安提督 金川前五十 两金川 紫光阁
QH-ZG-0117,mabiao,马彪,,领队大臣、西安提督,金川前五十,两金川,17,乾隆四十一年诏：大学士定西将军阿桂、定边右副将军丰升额等一百人，列为前后五十。此为前五十第17名。,未见御制赞回库,,金川前五十有御制赞，本库尚未回《御制文》对应卷，不臆补,据通行表，以「领队大臣、西安提督」入金川前五十第17名。事迹须回该役方略、列传，本条只证位列，不编战史。,《日下旧闻考》转述及通行紫光阁功臣表；后出转写，待核原书卷页,生成,media/ziguangge-mabiao.webp,本库据史料题名、旗籍与像赞语气生成的乾隆宫廷功臣画像风格示意图,本库自制（CC BY 4.0 文本规则下的生成图；非原像）,据史料描述生成，非原像。不是紫光阁原轴、不是清宫摹本，不得当作相貌证据。,西安提督马彪：绿营甲立马，马首向碉。,骨架,马彪 领队大臣、西安提督 金川前五十 两金川 紫光阁
QH-ZG-0118,maquan,马全,,原领队大臣、江南提督,金川前五十,两金川,18,乾隆四十一年诏：大学士定西将军阿桂、定边右副将军丰升额等一百人，列为前后五十。此为前五十第18名。,未见御制赞回库,,金川前五十有御制赞，本库尚未回《御制文》对应卷，不臆补,据通行表，以「原领队大臣、江南提督」入金川前五十第18名。事迹须回该役方略、列传，本条只证位列，不编战史。,《日下旧闻考》转述及通行紫光阁功臣表；后出转写，待核原书卷页,生成,media/ziguangge-maquan.webp,本库据史料题名、旗籍与像赞语气生成的乾隆宫廷功臣画像风格示意图,本库自制（CC BY 4.0 文本规则下的生成图；非原像）,据史料描述生成，非原像。不是紫光阁原轴、不是清宫摹本，不得当作相貌证据。,江南提督：绿营甲验抬枪，不用弓。,骨架,马全 原领队大臣、江南提督 金川前五十 两金川 紫光阁
QH-ZG-0119,shulin,书麟,,领队大臣、广西提督,金川前五十,两金川,19,乾隆四十一年诏：大学士定西将军阿桂、定边右副将军丰升额等一百人，列为前后五十。此为前五十第19名。,未见御制赞回库,,金川前五十有御制赞，本库尚未回《御制文》对应卷，不臆补,据通行表，以「领队大臣、广西提督」入金川前五十第19名。事迹须回该役方略、列传，本条只证位列，不编战史。,《日下旧闻考》转述及通行紫光阁功臣表；后出转写，待核原书卷页,生成,media/ziguangge-shulin.webp,本库据史料题名、旗籍与像赞语气生成的乾隆宫廷功臣画像风格示意图,本库自制（CC BY 4.0 文本规则下的生成图；非原像）,据史料描述生成，非原像。不是紫光阁原轴、不是清宫摹本，不得当作相貌证据。,广西提督：绿营藤牌短刀步战姿。,骨架,书麟 领队大臣、广西提督 金川前五十 两金川 紫光阁
QH-ZG-0120,sanbao,三保,,领队大臣、副都统、绰克托巴图鲁,金川前五十,两金川,20,乾隆四十一年诏：大学士定西将军阿桂、定边右副将军丰升额等一百人，列为前后五十。此为前五十第20名。,未见御制赞回库,,金川前五十有御制赞，本库尚未回《御制文》对应卷，不臆补,据通行表，以「领队大臣、副都统、绰克托巴图鲁」入金川前五十第20名。事迹须回该役方略、列传，本条只证位列，不编战史。,《日下旧闻考》转述及通行紫光阁功臣表；后出转写，待核原书卷页,生成,media/ziguangge-sanbao.webp,本库据史料题名、旗籍与像赞语气生成的乾隆宫廷功臣画像风格示意图,本库自制（CC BY 4.0 文本规则下的生成图；非原像）,据史料描述生成，非原像。不是紫光阁原轴、不是清宫摹本，不得当作相貌证据。,绰克托巴图鲁：皮甲捉生绳加腰刀。,骨架,三保 领队大臣、副都统、绰克托巴图鲁 金川前五十 两金川 紫光阁
QH-ZG-0121,wushihada,乌什哈达,,领队大臣、副都统、法福里巴图鲁,金川前五十,两金川,21,乾隆四十一年诏：大学士定西将军阿桂、定边右副将军丰升额等一百人，列为前后五十。此为前五十第21名。,未见御制赞回库,,金川前五十有御制赞，本库尚未回《御制文》对应卷，不臆补,据通行表，以「领队大臣、副都统、法福里巴图鲁」入金川前五十第21名。事迹须回该役方略、列传，本条只证位列，不编战史。,《日下旧闻考》转述及通行紫光阁功臣表；后出转写，待核原书卷页,生成,media/ziguangge-wushihada.webp,本库据史料题名、旗籍与像赞语气生成的乾隆宫廷功臣画像风格示意图,本库自制（CC BY 4.0 文本规则下的生成图；非原像）,据史料描述生成，非原像。不是紫光阁原轴、不是清宫摹本，不得当作相貌证据。,法福里巴图鲁：青甲鸟枪抵碉眼。,骨架,乌什哈达 领队大臣、副都统、法福里巴图鲁 金川前五十 两金川 紫光阁
QH-ZG-0122,huniertu,瑚尼尔图,,领队大臣、副都统、多布坦巴图鲁,金川前五十,两金川,22,乾隆四十一年诏：大学士定西将军阿桂、定边右副将军丰升额等一百人，列为前后五十。此为前五十第22名。,未见御制赞回库,,金川前五十有御制赞，本库尚未回《御制文》对应卷，不臆补,据通行表，以「领队大臣、副都统、多布坦巴图鲁」入金川前五十第22名。事迹须回该役方略、列传，本条只证位列，不编战史。,《日下旧闻考》转述及通行紫光阁功臣表；后出转写，待核原书卷页,生成,media/ziguangge-huniertu.webp,本库据史料题名、旗籍与像赞语气生成的乾隆宫廷功臣画像风格示意图,本库自制（CC BY 4.0 文本规则下的生成图；非原像）,据史料描述生成，非原像。不是紫光阁原轴、不是清宫摹本，不得当作相貌证据。,多布坦巴图鲁：褐甲双手举石块作填壕。,骨架,瑚尼尔图 领队大臣、副都统、多布坦巴图鲁 金川前五十 两金川 紫光阁
QH-ZG-0123,ergede,尔格德,,领队大臣、副都统、札克博巴图鲁,金川前五十,两金川,23,乾隆四十一年诏：大学士定西将军阿桂、定边右副将军丰升额等一百人，列为前后五十。此为前五十第23名。,未见御制赞回库,,金川前五十有御制赞，本库尚未回《御制文》对应卷，不臆补,据通行表，以「领队大臣、副都统、札克博巴图鲁」入金川前五十第23名。事迹须回该役方略、列传，本条只证位列，不编战史。,《日下旧闻考》转述及通行紫光阁功臣表；后出转写，待核原书卷页,生成,media/ziguangge-ergede.webp,本库据史料题名、旗籍与像赞语气生成的乾隆宫廷功臣画像风格示意图,本库自制（CC BY 4.0 文本规则下的生成图；非原像）,据史料描述生成，非原像。不是紫光阁原轴、不是清宫摹本，不得当作相貌证据。,札克博巴图鲁：铁甲持钩镰枪拉碉木。,骨架,尔格德 领队大臣、副都统、札克博巴图鲁 金川前五十 两金川 紫光阁
QH-ZG-0124,aerdu,阿尔都,,领队大臣、副都统、咱尔亲巴图鲁,金川前五十,两金川,24,乾隆四十一年诏：大学士定西将军阿桂、定边右副将军丰升额等一百人，列为前后五十。此为前五十第24名。,未见御制赞回库,,金川前五十有御制赞，本库尚未回《御制文》对应卷，不臆补,据通行表，以「领队大臣、副都统、咱尔亲巴图鲁」入金川前五十第24名。事迹须回该役方略、列传，本条只证位列，不编战史。,《日下旧闻考》转述及通行紫光阁功臣表；后出转写，待核原书卷页,生成,media/ziguangge-aerdu.webp,本库据史料题名、旗籍与像赞语气生成的乾隆宫廷功臣画像风格示意图,本库自制（CC BY 4.0 文本规则下的生成图；非原像）,据史料描述生成，非原像。不是紫光阁原轴、不是清宫摹本，不得当作相貌证据。,咱尔亲巴图鲁：黄马褂抽刀，碉影在肩后。,骨架,阿尔都 领队大臣、副都统、咱尔亲巴图鲁 金川前五十 两金川 紫光阁
QH-ZG-0125,aersalang,阿尔萨朗,,领队大臣、副都统、阿尔杭阿巴图鲁,金川前五十,两金川,25,乾隆四十一年诏：大学士定西将军阿桂、定边右副将军丰升额等一百人，列为前后五十。此为前五十第25名。,未见御制赞回库,,金川前五十有御制赞，本库尚未回《御制文》对应卷，不臆补,据通行表，以「领队大臣、副都统、阿尔杭阿巴图鲁」入金川前五十第25名。事迹须回该役方略、列传，本条只证位列，不编战史。,《日下旧闻考》转述及通行紫光阁功臣表；后出转写，待核原书卷页,生成,media/ziguangge-aersalang.webp,本库据史料题名、旗籍与像赞语气生成的乾隆宫廷功臣画像风格示意图,本库自制（CC BY 4.0 文本规则下的生成图；非原像）,据史料描述生成，非原像。不是紫光阁原轴、不是清宫摹本，不得当作相貌证据。,阿尔杭阿巴图鲁：银甲持盾牌推进。,骨架,阿尔萨朗 领队大臣、副都统、阿尔杭阿巴图鲁 金川前五十 两金川 紫光阁
QH-ZG-0126,shuliang,舒亮,,领队大臣、副都统、穆腾额巴图鲁,金川前五十,两金川,26,乾隆四十一年诏：大学士定西将军阿桂、定边右副将军丰升额等一百人，列为前后五十。此为前五十第26名。,未见御制赞回库,,金川前五十有御制赞，本库尚未回《御制文》对应卷，不臆补,据通行表，以「领队大臣、副都统、穆腾额巴图鲁」入金川前五十第26名。事迹须回该役方略、列传，本条只证位列，不编战史。,《日下旧闻考》转述及通行紫光阁功臣表；后出转写，待核原书卷页,生成,media/ziguangge-shuliang.webp,本库据史料题名、旗籍与像赞语气生成的乾隆宫廷功臣画像风格示意图,本库自制（CC BY 4.0 文本规则下的生成图；非原像）,据史料描述生成，非原像。不是紫光阁原轴、不是清宫摹本，不得当作相貌证据。,穆腾额巴图鲁：黑甲攀云梯中段。,骨架,舒亮 领队大臣、副都统、穆腾额巴图鲁 金川前五十 两金川 紫光阁
QH-ZG-0127,kema,科玛,,原领队大臣、副都统衔、纳亲巴图鲁,金川前五十,两金川,27,乾隆四十一年诏：大学士定西将军阿桂、定边右副将军丰升额等一百人，列为前后五十。此为前五十第27名。,未见御制赞回库,,金川前五十有御制赞，本库尚未回《御制文》对应卷，不臆补,据通行表，以「原领队大臣、副都统衔、纳亲巴图鲁」入金川前五十第27名。事迹须回该役方略、列传，本条只证位列，不编战史。,《日下旧闻考》转述及通行紫光阁功臣表；后出转写，待核原书卷页,生成,media/ziguangge-kema.webp,本库据史料题名、旗籍与像赞语气生成的乾隆宫廷功臣画像风格示意图,本库自制（CC BY 4.0 文本规则下的生成图；非原像）,据史料描述生成，非原像。不是紫光阁原轴、不是清宫摹本，不得当作相貌证据。,纳亲巴图鲁：破甲裹创仍指前方。,骨架,科玛 原领队大臣、副都统衔、纳亲巴图鲁 金川前五十 两金川 紫光阁
QH-ZG-0128,yilanbao,伊兰保,,领队大臣、副都统衔、扎济克巴图鲁,金川前五十,两金川,28,乾隆四十一年诏：大学士定西将军阿桂、定边右副将军丰升额等一百人，列为前后五十。此为前五十第28名。,未见御制赞回库,,金川前五十有御制赞，本库尚未回《御制文》对应卷，不臆补,据通行表，以「领队大臣、副都统衔、扎济克巴图鲁」入金川前五十第28名。事迹须回该役方略、列传，本条只证位列，不编战史。,《日下旧闻考》转述及通行紫光阁功臣表；后出转写，待核原书卷页,生成,media/ziguangge-yilanbao.webp,本库据史料题名、旗籍与像赞语气生成的乾隆宫廷功臣画像风格示意图,本库自制（CC BY 4.0 文本规则下的生成图；非原像）,据史料描述生成，非原像。不是紫光阁原轴、不是清宫摹本，不得当作相貌证据。,扎济克巴图鲁：青甲蹲地安地雷药线。,骨架,伊兰保 领队大臣、副都统衔、扎济克巴图鲁 金川前五十 两金川 紫光阁
QH-ZG-0129,fuluntai,佛伦泰,,原领队大臣、副都统衔、扎尔巴图鲁,金川前五十,两金川,29,乾隆四十一年诏：大学士定西将军阿桂、定边右副将军丰升额等一百人，列为前后五十。此为前五十第29名。,未见御制赞回库,,金川前五十有御制赞，本库尚未回《御制文》对应卷，不臆补,据通行表，以「原领队大臣、副都统衔、扎尔巴图鲁」入金川前五十第29名。事迹须回该役方略、列传，本条只证位列，不编战史。,《日下旧闻考》转述及通行紫光阁功臣表；后出转写，待核原书卷页,生成,media/ziguangge-fuluntai.webp,本库据史料题名、旗籍与像赞语气生成的乾隆宫廷功臣画像风格示意图,本库自制（CC BY 4.0 文本规则下的生成图；非原像）,据史料描述生成，非原像。不是紫光阁原轴、不是清宫摹本，不得当作相貌证据。,扎尔巴图鲁：铁甲吹号角。,骨架,佛伦泰 原领队大臣、副都统衔、扎尔巴图鲁 金川前五十 两金川 紫光阁
QH-ZG-0130,fuxing,富兴,,领队大臣、副都统、三等信勇公,金川前五十,两金川,30,乾隆四十一年诏：大学士定西将军阿桂、定边右副将军丰升额等一百人，列为前后五十。此为前五十第30名。,未见御制赞回库,,金川前五十有御制赞，本库尚未回《御制文》对应卷，不臆补,据通行表，以「领队大臣、副都统、三等信勇公」入金川前五十第30名。事迹须回该役方略、列传，本条只证位列，不编战史。,《日下旧闻考》转述及通行紫光阁功臣表；后出转写，待核原书卷页,生成,media/ziguangge-fuxing.webp,本库据史料题名、旗籍与像赞语气生成的乾隆宫廷功臣画像风格示意图,本库自制（CC BY 4.0 文本规则下的生成图；非原像）,据史料描述生成，非原像。不是紫光阁原轴、不是清宫摹本，不得当作相貌证据。,三等信勇公：石青半甲捧令箭。,骨架,富兴 领队大臣、副都统、三等信勇公 金川前五十 两金川 紫光阁
QH-ZG-0131,dehebu,德赫布,,领队大臣、副都统,金川前五十,两金川,31,乾隆四十一年诏：大学士定西将军阿桂、定边右副将军丰升额等一百人，列为前后五十。此为前五十第31名。,未见御制赞回库,,金川前五十有御制赞，本库尚未回《御制文》对应卷，不臆补,据通行表，以「领队大臣、副都统」入金川前五十第31名。事迹须回该役方略、列传，本条只证位列，不编战史。,《日下旧闻考》转述及通行紫光阁功臣表；后出转写，待核原书卷页,生成,media/ziguangge-dehebu.webp,本库据史料题名、旗籍与像赞语气生成的乾隆宫廷功臣画像风格示意图,本库自制（CC BY 4.0 文本规则下的生成图；非原像）,据史料描述生成，非原像。不是紫光阁原轴、不是清宫摹本，不得当作相貌证据。,副都统：褐甲双手抱炮子。,骨架,德赫布 领队大臣、副都统 金川前五十 两金川 紫光阁
QH-ZG-0132,mangkacha-jc,莽喀察,,原领队大臣、副都统,金川前五十,两金川,32,乾隆四十一年诏：大学士定西将军阿桂、定边右副将军丰升额等一百人，列为前后五十。此为前五十第32名。,未见御制赞回库,,金川前五十有御制赞，本库尚未回《御制文》对应卷，不臆补,据通行表，以「原领队大臣、副都统」入金川前五十第32名。事迹须回该役方略、列传，本条只证位列，不编战史。,《日下旧闻考》转述及通行紫光阁功臣表；后出转写，待核原书卷页,生成,media/ziguangge-mangkacha-jc.webp,本库据史料题名、旗籍与像赞语气生成的乾隆宫廷功臣画像风格示意图,本库自制（CC BY 4.0 文本规则下的生成图；非原像）,据史料描述生成，非原像。不是紫光阁原轴、不是清宫摹本，不得当作相貌证据。,金川再图莽喀察：皮甲火把，与西域烧寨同人不同役。,骨架,莽喀察 原领队大臣、副都统 金川前五十 两金川 紫光阁
QH-ZG-0133,hailu,海禄,,领队大臣、直隶天津镇总兵、噶布什海巴图鲁,金川前五十,两金川,33,乾隆四十一年诏：大学士定西将军阿桂、定边右副将军丰升额等一百人，列为前后五十。此为前五十第33名。,未见御制赞回库,,金川前五十有御制赞，本库尚未回《御制文》对应卷，不臆补,据通行表，以「领队大臣、直隶天津镇总兵、噶布什海巴图鲁」入金川前五十第33名。事迹须回该役方略、列传，本条只证位列，不编战史。,《日下旧闻考》转述及通行紫光阁功臣表；后出转写，待核原书卷页,生成,media/ziguangge-hailu.webp,本库据史料题名、旗籍与像赞语气生成的乾隆宫廷功臣画像风格示意图,本库自制（CC BY 4.0 文本规则下的生成图；非原像）,据史料描述生成，非原像。不是紫光阁原轴、不是清宫摹本，不得当作相貌证据。,天津镇总兵：绿营甲持攻城槌。,骨架,海禄 领队大臣、直隶天津镇总兵、噶布什海巴图鲁 金川前五十 两金川 紫光阁
QH-ZG-0134,aocheng,敖成,,领队大臣、贵州镇远镇总兵、巴格巴图鲁,金川前五十,两金川,34,乾隆四十一年诏：大学士定西将军阿桂、定边右副将军丰升额等一百人，列为前后五十。此为前五十第34名。,未见御制赞回库,,金川前五十有御制赞，本库尚未回《御制文》对应卷，不臆补,据通行表，以「领队大臣、贵州镇远镇总兵、巴格巴图鲁」入金川前五十第34名。事迹须回该役方略、列传，本条只证位列，不编战史。,《日下旧闻考》转述及通行紫光阁功臣表；后出转写，待核原书卷页,生成,media/ziguangge-aocheng.webp,本库据史料题名、旗籍与像赞语气生成的乾隆宫廷功臣画像风格示意图,本库自制（CC BY 4.0 文本规则下的生成图；非原像）,据史料描述生成，非原像。不是紫光阁原轴、不是清宫摹本，不得当作相貌证据。,贵州镇远镇：绿营铁甲，苗疆藤盔，持鸟枪。,骨架,敖成 领队大臣、贵州镇远镇总兵、巴格巴图鲁 金川前五十 两金川 紫光阁
QH-ZG-0135,guandase,官达色,,领队大臣、山西大同镇总兵、巴尔丹巴图鲁,金川前五十,两金川,35,乾隆四十一年诏：大学士定西将军阿桂、定边右副将军丰升额等一百人，列为前后五十。此为前五十第35名。,未见御制赞回库,,金川前五十有御制赞，本库尚未回《御制文》对应卷，不臆补,据通行表，以「领队大臣、山西大同镇总兵、巴尔丹巴图鲁」入金川前五十第35名。事迹须回该役方略、列传，本条只证位列，不编战史。,《日下旧闻考》转述及通行紫光阁功臣表；后出转写，待核原书卷页,生成,media/ziguangge-guandase.webp,本库据史料题名、旗籍与像赞语气生成的乾隆宫廷功臣画像风格示意图,本库自制（CC BY 4.0 文本规则下的生成图；非原像）,据史料描述生成，非原像。不是紫光阁原轴、不是清宫摹本，不得当作相貌证据。,大同镇：绿营甲按刀回望粮道。,骨架,官达色 领队大臣、山西大同镇总兵、巴尔丹巴图鲁 金川前五十 两金川 紫光阁
QH-ZG-0136,chengde,成德,,领队大臣、四川川北镇总兵、赛尚阿巴图鲁,金川前五十,两金川,36,乾隆四十一年诏：大学士定西将军阿桂、定边右副将军丰升额等一百人，列为前后五十。此为前五十第36名。,未见御制赞回库,,金川前五十有御制赞，本库尚未回《御制文》对应卷，不臆补,据通行表，以「领队大臣、四川川北镇总兵、赛尚阿巴图鲁」入金川前五十第36名。事迹须回该役方略、列传，本条只证位列，不编战史。,《日下旧闻考》转述及通行紫光阁功臣表；后出转写，待核原书卷页,生成,media/ziguangge-chengde.webp,本库据史料题名、旗籍与像赞语气生成的乾隆宫廷功臣画像风格示意图,本库自制（CC BY 4.0 文本规则下的生成图；非原像）,据史料描述生成，非原像。不是紫光阁原轴、不是清宫摹本，不得当作相貌证据。,川北镇：绿营甲指点碉卡沙盘。,骨架,成德 领队大臣、四川川北镇总兵、赛尚阿巴图鲁 金川前五十 两金川 紫光阁
QH-ZG-0137,tuqinbao,图钦保,,领队大臣、陕西固原镇总兵、法福里巴图鲁,金川前五十,两金川,37,乾隆四十一年诏：大学士定西将军阿桂、定边右副将军丰升额等一百人，列为前后五十。此为前五十第37名。,未见御制赞回库,,金川前五十有御制赞，本库尚未回《御制文》对应卷，不臆补,据通行表，以「领队大臣、陕西固原镇总兵、法福里巴图鲁」入金川前五十第37名。事迹须回该役方略、列传，本条只证位列，不编战史。,《日下旧闻考》转述及通行紫光阁功臣表；后出转写，待核原书卷页,生成,media/ziguangge-tuqinbao.webp,本库据史料题名、旗籍与像赞语气生成的乾隆宫廷功臣画像风格示意图,本库自制（CC BY 4.0 文本规则下的生成图；非原像）,据史料描述生成，非原像。不是紫光阁原轴、不是清宫摹本，不得当作相貌证据。,固原镇：绿营甲立马举矛。,骨架,图钦保 领队大臣、陕西固原镇总兵、法福里巴图鲁 金川前五十 两金川 紫光阁
QH-ZG-0138,caoshun,曹顺,,原甘肃肃州镇总兵、札亲巴图鲁,金川前五十,两金川,38,乾隆四十一年诏：大学士定西将军阿桂、定边右副将军丰升额等一百人，列为前后五十。此为前五十第38名。,未见御制赞回库,,金川前五十有御制赞，本库尚未回《御制文》对应卷，不臆补,据通行表，以「原甘肃肃州镇总兵、札亲巴图鲁」入金川前五十第38名。事迹须回该役方略、列传，本条只证位列，不编战史。,《日下旧闻考》转述及通行紫光阁功臣表；后出转写，待核原书卷页,生成,media/ziguangge-caoshun.webp,本库据史料题名、旗籍与像赞语气生成的乾隆宫廷功臣画像风格示意图,本库自制（CC BY 4.0 文本规则下的生成图；非原像）,据史料描述生成，非原像。不是紫光阁原轴、不是清宫摹本，不得当作相貌证据。,肃州镇：绿营甲护创，刀拄地。,骨架,曹顺 原甘肃肃州镇总兵、札亲巴图鲁 金川前五十 两金川 紫光阁
QH-ZG-0139,baoning,保宁,,领队大臣、陕西兴汉镇总兵、三等义烈公,金川前五十,两金川,39,乾隆四十一年诏：大学士定西将军阿桂、定边右副将军丰升额等一百人，列为前后五十。此为前五十第39名。,未见御制赞回库,,金川前五十有御制赞，本库尚未回《御制文》对应卷，不臆补,据通行表，以「领队大臣、陕西兴汉镇总兵、三等义烈公」入金川前五十第39名。事迹须回该役方略、列传，本条只证位列，不编战史。,《日下旧闻考》转述及通行紫光阁功臣表；后出转写，待核原书卷页,生成,media/ziguangge-baoning.webp,本库据史料题名、旗籍与像赞语气生成的乾隆宫廷功臣画像风格示意图,本库自制（CC BY 4.0 文本规则下的生成图；非原像）,据史料描述生成，非原像。不是紫光阁原轴、不是清宫摹本，不得当作相貌证据。,义烈公：缟素外罩半甲，按刀低头。,骨架,保宁 领队大臣、陕西兴汉镇总兵、三等义烈公 金川前五十 两金川 紫光阁
QH-ZG-0140,techengge,特成额,,领队大臣、山西太原镇总兵,金川前五十,两金川,40,乾隆四十一年诏：大学士定西将军阿桂、定边右副将军丰升额等一百人，列为前后五十。此为前五十第40名。,未见御制赞回库,,金川前五十有御制赞，本库尚未回《御制文》对应卷，不臆补,据通行表，以「领队大臣、山西太原镇总兵」入金川前五十第40名。事迹须回该役方略、列传，本条只证位列，不编战史。,《日下旧闻考》转述及通行紫光阁功臣表；后出转写，待核原书卷页,生成,media/ziguangge-techengge.webp,本库据史料题名、旗籍与像赞语气生成的乾隆宫廷功臣画像风格示意图,本库自制（CC BY 4.0 文本规则下的生成图；非原像）,据史料描述生成，非原像。不是紫光阁原轴、不是清宫摹本，不得当作相貌证据。,太原镇：绿营甲验火药桶。,骨架,特成额 领队大臣、山西太原镇总兵 金川前五十 两金川 紫光阁
QH-ZG-0141,wurna,乌尔纳,,原领队大臣、陕西延绥镇总兵,金川前五十,两金川,41,乾隆四十一年诏：大学士定西将军阿桂、定边右副将军丰升额等一百人，列为前后五十。此为前五十第41名。,未见御制赞回库,,金川前五十有御制赞，本库尚未回《御制文》对应卷，不臆补,据通行表，以「原领队大臣、陕西延绥镇总兵」入金川前五十第41名。事迹须回该役方略、列传，本条只证位列，不编战史。,《日下旧闻考》转述及通行紫光阁功臣表；后出转写，待核原书卷页,生成,media/ziguangge-wurna.webp,本库据史料题名、旗籍与像赞语气生成的乾隆宫廷功臣画像风格示意图,本库自制（CC BY 4.0 文本规则下的生成图；非原像）,据史料描述生成，非原像。不是紫光阁原轴、不是清宫摹本，不得当作相貌证据。,延绥镇：绿营甲持钩拒马。,骨架,乌尔纳 原领队大臣、陕西延绥镇总兵 金川前五十 两金川 紫光阁
QH-ZG-0142,dunzhu,敦柱,,原署福建建宁镇总兵,金川前五十,两金川,42,乾隆四十一年诏：大学士定西将军阿桂、定边右副将军丰升额等一百人，列为前后五十。此为前五十第42名。,未见御制赞回库,,金川前五十有御制赞，本库尚未回《御制文》对应卷，不臆补,据通行表，以「原署福建建宁镇总兵」入金川前五十第42名。事迹须回该役方略、列传，本条只证位列，不编战史。,《日下旧闻考》转述及通行紫光阁功臣表；后出转写，待核原书卷页,生成,media/ziguangge-dunzhu.webp,本库据史料题名、旗籍与像赞语气生成的乾隆宫廷功臣画像风格示意图,本库自制（CC BY 4.0 文本规则下的生成图；非原像）,据史料描述生成，非原像。不是紫光阁原轴、不是清宫摹本，不得当作相貌证据。,建宁镇：绿营轻甲，手持火绳。,骨架,敦柱 原署福建建宁镇总兵 金川前五十 两金川 紫光阁
QH-ZG-0143,erte,额尔特,,头等侍卫、扎卓穆巴巴图鲁,金川前五十,两金川,43,乾隆四十一年诏：大学士定西将军阿桂、定边右副将军丰升额等一百人，列为前后五十。此为前五十第43名。,未见御制赞回库,,金川前五十有御制赞，本库尚未回《御制文》对应卷，不臆补,据通行表，以「头等侍卫、扎卓穆巴巴图鲁」入金川前五十第43名。事迹须回该役方略、列传，本条只证位列，不编战史。,《日下旧闻考》转述及通行紫光阁功臣表；后出转写，待核原书卷页,生成,media/ziguangge-erte.webp,本库据史料题名、旗籍与像赞语气生成的乾隆宫廷功臣画像风格示意图,本库自制（CC BY 4.0 文本规则下的生成图；非原像）,据史料描述生成，非原像。不是紫光阁原轴、不是清宫摹本，不得当作相貌证据。,头等侍卫：黄马褂开弓。,骨架,额尔特 头等侍卫、扎卓穆巴巴图鲁 金川前五十 两金川 紫光阁
QH-ZG-0144,tuotuobao,托尔托保,,头等侍卫、扬达克巴图鲁,金川前五十,两金川,44,乾隆四十一年诏：大学士定西将军阿桂、定边右副将军丰升额等一百人，列为前后五十。此为前五十第44名。,未见御制赞回库,,金川前五十有御制赞，本库尚未回《御制文》对应卷，不臆补,据通行表，以「头等侍卫、扬达克巴图鲁」入金川前五十第44名。事迹须回该役方略、列传，本条只证位列，不编战史。,《日下旧闻考》转述及通行紫光阁功臣表；后出转写，待核原书卷页,生成,media/ziguangge-tuotuobao.webp,本库据史料题名、旗籍与像赞语气生成的乾隆宫廷功臣画像风格示意图,本库自制（CC BY 4.0 文本规则下的生成图；非原像）,据史料描述生成，非原像。不是紫光阁原轴、不是清宫摹本，不得当作相貌证据。,头等侍卫：黄马褂持长矛。,骨架,托尔托保 头等侍卫、扬达克巴图鲁 金川前五十 两金川 紫光阁
QH-ZG-0145,taifeiyinga,泰斐英阿,,二等侍卫、拉布凯巴图鲁,金川前五十,两金川,45,乾隆四十一年诏：大学士定西将军阿桂、定边右副将军丰升额等一百人，列为前后五十。此为前五十第45名。,未见御制赞回库,,金川前五十有御制赞，本库尚未回《御制文》对应卷，不臆补,据通行表，以「二等侍卫、拉布凯巴图鲁」入金川前五十第45名。事迹须回该役方略、列传，本条只证位列，不编战史。,《日下旧闻考》转述及通行紫光阁功臣表；后出转写，待核原书卷页,生成,media/ziguangge-taifeiyinga.webp,本库据史料题名、旗籍与像赞语气生成的乾隆宫廷功臣画像风格示意图,本库自制（CC BY 4.0 文本规则下的生成图；非原像）,据史料描述生成，非原像。不是紫光阁原轴、不是清宫摹本，不得当作相貌证据。,二等侍卫：侍卫衣藤牌。,骨架,泰斐英阿 二等侍卫、拉布凯巴图鲁 金川前五十 两金川 紫光阁
QH-ZG-0146,bailing,柏凌,,二等侍卫、崇茜巴图鲁,金川前五十,两金川,46,乾隆四十一年诏：大学士定西将军阿桂、定边右副将军丰升额等一百人，列为前后五十。此为前五十第46名。,未见御制赞回库,,金川前五十有御制赞，本库尚未回《御制文》对应卷，不臆补,据通行表，以「二等侍卫、崇茜巴图鲁」入金川前五十第46名。事迹须回该役方略、列传，本条只证位列，不编战史。,《日下旧闻考》转述及通行紫光阁功臣表；后出转写，待核原书卷页,生成,media/ziguangge-bailing.webp,本库据史料题名、旗籍与像赞语气生成的乾隆宫廷功臣画像风格示意图,本库自制（CC BY 4.0 文本规则下的生成图；非原像）,据史料描述生成，非原像。不是紫光阁原轴、不是清宫摹本，不得当作相貌证据。,二等侍卫：侍卫衣双手举石。,骨架,柏凌 二等侍卫、崇茜巴图鲁 金川前五十 两金川 紫光阁
QH-ZG-0147,dalantai,达兰泰,,原二等侍卫、额依巴尔巴图鲁,金川前五十,两金川,47,乾隆四十一年诏：大学士定西将军阿桂、定边右副将军丰升额等一百人，列为前后五十。此为前五十第47名。,未见御制赞回库,,金川前五十有御制赞，本库尚未回《御制文》对应卷，不臆补,据通行表，以「原二等侍卫、额依巴尔巴图鲁」入金川前五十第47名。事迹须回该役方略、列传，本条只证位列，不编战史。,《日下旧闻考》转述及通行紫光阁功臣表；后出转写，待核原书卷页,生成,media/ziguangge-dalantai.webp,本库据史料题名、旗籍与像赞语气生成的乾隆宫廷功臣画像风格示意图,本库自制（CC BY 4.0 文本规则下的生成图；非原像）,据史料描述生成，非原像。不是紫光阁原轴、不是清宫摹本，不得当作相貌证据。,二等侍卫：轻甲夜行提灯。,骨架,达兰泰 原二等侍卫、额依巴尔巴图鲁 金川前五十 两金川 紫光阁
QH-ZG-0148,sarjidai,萨尔吉岱,,原二等侍卫、善巴巴图鲁,金川前五十,两金川,48,乾隆四十一年诏：大学士定西将军阿桂、定边右副将军丰升额等一百人，列为前后五十。此为前五十第48名。,未见御制赞回库,,金川前五十有御制赞，本库尚未回《御制文》对应卷，不臆补,据通行表，以「原二等侍卫、善巴巴图鲁」入金川前五十第48名。事迹须回该役方略、列传，本条只证位列，不编战史。,《日下旧闻考》转述及通行紫光阁功臣表；后出转写，待核原书卷页,生成,media/ziguangge-sarjidai.webp,本库据史料题名、旗籍与像赞语气生成的乾隆宫廷功臣画像风格示意图,本库自制（CC BY 4.0 文本规则下的生成图；非原像）,据史料描述生成，非原像。不是紫光阁原轴、不是清宫摹本，不得当作相貌证据。,二等侍卫：皮甲牵第二匹马。,骨架,萨尔吉岱 原二等侍卫、善巴巴图鲁 金川前五十 两金川 紫光阁
QH-ZG-0149,terdunche,特尔惇澈,,索伦佐领、舒克丹巴图鲁,金川前五十,两金川,49,乾隆四十一年诏：大学士定西将军阿桂、定边右副将军丰升额等一百人，列为前后五十。此为前五十第49名。,未见御制赞回库,,金川前五十有御制赞，本库尚未回《御制文》对应卷，不臆补,据通行表，以「索伦佐领、舒克丹巴图鲁」入金川前五十第49名。事迹须回该役方略、列传，本条只证位列，不编战史。,《日下旧闻考》转述及通行紫光阁功臣表；后出转写，待核原书卷页,生成,media/ziguangge-terdunche.webp,本库据史料题名、旗籍与像赞语气生成的乾隆宫廷功臣画像风格示意图,本库自制（CC BY 4.0 文本规则下的生成图；非原像）,据史料描述生成，非原像。不是紫光阁原轴、不是清宫摹本，不得当作相貌证据。,索伦佐领：皮甲硬弓，撒袋右胯。,骨架,特尔惇澈 索伦佐领、舒克丹巴图鲁 金川前五十 两金川 紫光阁
QH-ZG-0150,xingkui,兴奎,,贵州副将、奢特陈巴图鲁,金川前五十,两金川,50,乾隆四十一年诏：大学士定西将军阿桂、定边右副将军丰升额等一百人，列为前后五十。此为前五十第50名。,未见御制赞回库,,金川前五十有御制赞，本库尚未回《御制文》对应卷，不臆补,据通行表，以「贵州副将、奢特陈巴图鲁」入金川前五十第50名。事迹须回该役方略、列传，本条只证位列，不编战史。,《日下旧闻考》转述及通行紫光阁功臣表；后出转写，待核原书卷页,生成,media/ziguangge-xingkui.webp,本库据史料题名、旗籍与像赞语气生成的乾隆宫廷功臣画像风格示意图,本库自制（CC BY 4.0 文本规则下的生成图；非原像）,据史料描述生成，非原像。不是紫光阁原轴、不是清宫摹本，不得当作相貌证据。,贵州副将：绿营甲扛云梯。,骨架,兴奎 贵州副将、奢特陈巴图鲁 金川前五十 两金川 紫光阁
QH-ZG-0151,durjia,都尔嘉,,领队大臣、副都统、奉恩将军,金川后五十,两金川,1,金川后五十第1名，儒臣代撰赞，一如伊犁回部例。土司土舍入图者须与州县将领分看。,儒臣代撰（原文未回库）,,未见本库已回的御制赞原文；位列据《日下旧闻考》转述及通行表，待核文集,据通行表，以「领队大臣、副都统、奉恩将军」入金川后五十第1名。事迹须回该役方略、列传，本条只证位列，不编战史。,《日下旧闻考》转述及通行紫光阁功臣表；后出转写，待核原书卷页,生成,media/ziguangge-durjia.webp,本库据史料题名、旗籍与像赞语气生成的乾隆宫廷功臣画像风格示意图,本库自制（CC BY 4.0 文本规则下的生成图；非原像）,据史料描述生成，非原像。不是紫光阁原轴、不是清宫摹本，不得当作相貌证据。,都尔嘉（金川）：黑漆甲执火把作焚箐势，与邻名次服饰兵器错开。,骨架,都尔嘉 领队大臣、副都统、奉恩将军 金川后五十 两金川 紫光阁
QH-ZG-0152,shujingan,舒景安,,领队大臣、成都副都统、奉恩将军,金川后五十,两金川,2,金川后五十第2名，儒臣代撰赞，一如伊犁回部例。土司土舍入图者须与州县将领分看。,儒臣代撰（原文未回库）,,未见本库已回的御制赞原文；位列据《日下旧闻考》转述及通行表，待核文集,据通行表，以「领队大臣、成都副都统、奉恩将军」入金川后五十第2名。事迹须回该役方略、列传，本条只证位列，不编战史。,《日下旧闻考》转述及通行紫光阁功臣表；后出转写，待核原书卷页,生成,media/ziguangge-shujingan.webp,本库据史料题名、旗籍与像赞语气生成的乾隆宫廷功臣画像风格示意图,本库自制（CC BY 4.0 文本规则下的生成图；非原像）,据史料描述生成，非原像。不是紫光阁原轴、不是清宫摹本，不得当作相貌证据。,舒景安（金川）：绿营甲按刀，另一手持攻碉钩，与邻名次服饰兵器错开。,骨架,舒景安 领队大臣、成都副都统、奉恩将军 金川后五十 两金川 紫光阁
QH-ZG-0153,wudai-jc,五岱,,领队大臣、副都统、墨尔根巴图鲁,金川后五十,两金川,3,金川后五十第3名，儒臣代撰赞，一如伊犁回部例。土司土舍入图者须与州县将领分看。,儒臣代撰（原文未回库）,,未见本库已回的御制赞原文；位列据《日下旧闻考》转述及通行表，待核文集,据通行表，以「领队大臣、副都统、墨尔根巴图鲁」入金川后五十第3名。事迹须回该役方略、列传，本条只证位列，不编战史。,《日下旧闻考》转述及通行紫光阁功臣表；后出转写，待核原书卷页,生成,media/ziguangge-wudai-jc.webp,本库据史料题名、旗籍与像赞语气生成的乾隆宫廷功臣画像风格示意图,本库自制（CC BY 4.0 文本规则下的生成图；非原像）,据史料描述生成，非原像。不是紫光阁原轴、不是清宫摹本，不得当作相貌证据。,五岱（金川）：索伦皮甲开弓，撒袋在右胯，与邻名次服饰兵器错开。,骨架,五岱 领队大臣、副都统、墨尔根巴图鲁 金川后五十 两金川 紫光阁
QH-ZG-0154,gatabu,噶塔布,,领队大臣、副都统衔,金川后五十,两金川,4,金川后五十第4名，儒臣代撰赞，一如伊犁回部例。土司土舍入图者须与州县将领分看。,儒臣代撰（原文未回库）,,未见本库已回的御制赞原文；位列据《日下旧闻考》转述及通行表，待核文集,据通行表，以「领队大臣、副都统衔」入金川后五十第4名。事迹须回该役方略、列传，本条只证位列，不编战史。,《日下旧闻考》转述及通行紫光阁功臣表；后出转写，待核原书卷页,生成,media/ziguangge-gatabu.webp,本库据史料题名、旗籍与像赞语气生成的乾隆宫廷功臣画像风格示意图,本库自制（CC BY 4.0 文本规则下的生成图；非原像）,据史料描述生成，非原像。不是紫光阁原轴、不是清宫摹本，不得当作相貌证据。,噶塔布（金川）：明黄马褂抽腰刀半出鞘，与邻名次服饰兵器错开。,骨架,噶塔布 领队大臣、副都统衔 金川后五十 两金川 紫光阁
QH-ZG-0155,zharsang,扎尔桑,,领队大臣、副都统、喀拉巴图鲁,金川后五十,两金川,5,金川后五十第5名，儒臣代撰赞，一如伊犁回部例。土司土舍入图者须与州县将领分看。,儒臣代撰（原文未回库）,,未见本库已回的御制赞原文；位列据《日下旧闻考》转述及通行表，待核文集,据通行表，以「领队大臣、副都统、喀拉巴图鲁」入金川后五十第5名。事迹须回该役方略、列传，本条只证位列，不编战史。,《日下旧闻考》转述及通行紫光阁功臣表；后出转写，待核原书卷页,生成,media/ziguangge-zharsang.webp,本库据史料题名、旗籍与像赞语气生成的乾隆宫廷功臣画像风格示意图,本库自制（CC BY 4.0 文本规则下的生成图；非原像）,据史料描述生成，非原像。不是紫光阁原轴、不是清宫摹本，不得当作相貌证据。,扎尔桑（金川）：银鳞甲持长枪前倾，与邻名次服饰兵器错开。,骨架,扎尔桑 领队大臣、副都统、喀拉巴图鲁 金川后五十 两金川 紫光阁
QH-ZG-0156,maerzhan,玛尔占,,原领队大臣、副都统衔、拉布巴图鲁,金川后五十,两金川,6,金川后五十第6名，儒臣代撰赞，一如伊犁回部例。土司土舍入图者须与州县将领分看。,儒臣代撰（原文未回库）,,未见本库已回的御制赞原文；位列据《日下旧闻考》转述及通行表，待核文集,据通行表，以「原领队大臣、副都统衔、拉布巴图鲁」入金川后五十第6名。事迹须回该役方略、列传，本条只证位列，不编战史。,《日下旧闻考》转述及通行紫光阁功臣表；后出转写，待核原书卷页,生成,media/ziguangge-maerzhan.webp,本库据史料题名、旗籍与像赞语气生成的乾隆宫廷功臣画像风格示意图,本库自制（CC BY 4.0 文本规则下的生成图；非原像）,据史料描述生成，非原像。不是紫光阁原轴、不是清宫摹本，不得当作相貌证据。,玛尔占（金川）：褐棉甲蹲地验箭，与邻名次服饰兵器错开。,骨架,玛尔占 原领队大臣、副都统衔、拉布巴图鲁 金川后五十 两金川 紫光阁
QH-ZG-0157,aersuna,阿尔素纳,,原副都统加赠都统,金川后五十,两金川,7,金川后五十第7名，儒臣代撰赞，一如伊犁回部例。土司土舍入图者须与州县将领分看。,儒臣代撰（原文未回库）,,未见本库已回的御制赞原文；位列据《日下旧闻考》转述及通行表，待核文集,据通行表，以「原副都统加赠都统」入金川后五十第7名。事迹须回该役方略、列传，本条只证位列，不编战史。,《日下旧闻考》转述及通行紫光阁功臣表；后出转写，待核原书卷页,生成,media/ziguangge-aersuna.webp,本库据史料题名、旗籍与像赞语气生成的乾隆宫廷功臣画像风格示意图,本库自制（CC BY 4.0 文本规则下的生成图；非原像）,据史料描述生成，非原像。不是紫光阁原轴、不是清宫摹本，不得当作相貌证据。,阿尔素纳（金川）：青甲立马收缰，与邻名次服饰兵器错开。,骨架,阿尔素纳 原副都统加赠都统 金川后五十 两金川 紫光阁
QH-ZG-0158,bolinga,博灵阿,,原副都统加赠都统,金川后五十,两金川,8,金川后五十第8名，儒臣代撰赞，一如伊犁回部例。土司土舍入图者须与州县将领分看。,儒臣代撰（原文未回库）,,未见本库已回的御制赞原文；位列据《日下旧闻考》转述及通行表，待核文集,据通行表，以「原副都统加赠都统」入金川后五十第8名。事迹须回该役方略、列传，本条只证位列，不编战史。,《日下旧闻考》转述及通行紫光阁功臣表；后出转写，待核原书卷页,生成,media/ziguangge-bolinga.webp,本库据史料题名、旗籍与像赞语气生成的乾隆宫廷功臣画像风格示意图,本库自制（CC BY 4.0 文本规则下的生成图；非原像）,据史料描述生成，非原像。不是紫光阁原轴、不是清宫摹本，不得当作相貌证据。,博灵阿（金川）：破甲裹创回望，与邻名次服饰兵器错开。,骨架,博灵阿 原副都统加赠都统 金川后五十 两金川 紫光阁
QH-ZG-0159,changqing,常青,,云南提督,金川后五十,两金川,9,金川后五十第9名，儒臣代撰赞，一如伊犁回部例。土司土舍入图者须与州县将领分看。,儒臣代撰（原文未回库）,,未见本库已回的御制赞原文；位列据《日下旧闻考》转述及通行表，待核文集,据通行表，以「云南提督」入金川后五十第9名。事迹须回该役方略、列传，本条只证位列，不编战史。,《日下旧闻考》转述及通行紫光阁功臣表；后出转写，待核原书卷页,生成,media/ziguangge-changqing.webp,本库据史料题名、旗籍与像赞语气生成的乾隆宫廷功臣画像风格示意图,本库自制（CC BY 4.0 文本规则下的生成图；非原像）,据史料描述生成，非原像。不是紫光阁原轴、不是清宫摹本，不得当作相貌证据。,常青（金川）：铁胄护心镜双手举令旗，与邻名次服饰兵器错开。,骨架,常青 云南提督 金川后五十 两金川 紫光阁
QH-ZG-0160,niutianbi,牛天畀,,原署贵州提督,金川后五十,两金川,10,金川后五十第10名，儒臣代撰赞，一如伊犁回部例。土司土舍入图者须与州县将领分看。,儒臣代撰（原文未回库）,,未见本库已回的御制赞原文；位列据《日下旧闻考》转述及通行表，待核文集,据通行表，以「原署贵州提督」入金川后五十第10名。事迹须回该役方略、列传，本条只证位列，不编战史。,《日下旧闻考》转述及通行紫光阁功臣表；后出转写，待核原书卷页,生成,media/ziguangge-niutianbi.webp,本库据史料题名、旗籍与像赞语气生成的乾隆宫廷功臣画像风格示意图,本库自制（CC BY 4.0 文本规则下的生成图；非原像）,据史料描述生成，非原像。不是紫光阁原轴、不是清宫摹本，不得当作相貌证据。,牛天畀（金川）：锈红铁甲扛云梯，瞄石碉窗口，与邻名次服饰兵器错开。,骨架,牛天畀 原署贵州提督 金川后五十 两金川 紫光阁
QH-ZG-0161,mingren,明仁,,原头等侍卫加赠副都统,金川后五十,两金川,11,金川后五十第11名，儒臣代撰赞，一如伊犁回部例。土司土舍入图者须与州县将领分看。,儒臣代撰（原文未回库）,,未见本库已回的御制赞原文；位列据《日下旧闻考》转述及通行表，待核文集,据通行表，以「原头等侍卫加赠副都统」入金川后五十第11名。事迹须回该役方略、列传，本条只证位列，不编战史。,《日下旧闻考》转述及通行紫光阁功臣表；后出转写，待核原书卷页,生成,media/ziguangge-mingren.webp,本库据史料题名、旗籍与像赞语气生成的乾隆宫廷功臣画像风格示意图,本库自制（CC BY 4.0 文本规则下的生成图；非原像）,据史料描述生成，非原像。不是紫光阁原轴、不是清宫摹本，不得当作相貌证据。,明仁（金川）：黑漆甲执火把作焚箐势，与邻名次服饰兵器错开。,骨架,明仁 原头等侍卫加赠副都统 金川后五十 两金川 紫光阁
QH-ZG-0162,wufu-jc,五福,,四川松潘镇总兵,金川后五十,两金川,12,金川后五十第12名，儒臣代撰赞，一如伊犁回部例。土司土舍入图者须与州县将领分看。,儒臣代撰（原文未回库）,,未见本库已回的御制赞原文；位列据《日下旧闻考》转述及通行表，待核文集,据通行表，以「四川松潘镇总兵」入金川后五十第12名。事迹须回该役方略、列传，本条只证位列，不编战史。,《日下旧闻考》转述及通行紫光阁功臣表；后出转写，待核原书卷页,生成,media/ziguangge-wufu-jc.webp,本库据史料题名、旗籍与像赞语气生成的乾隆宫廷功臣画像风格示意图,本库自制（CC BY 4.0 文本规则下的生成图；非原像）,据史料描述生成，非原像。不是紫光阁原轴、不是清宫摹本，不得当作相貌证据。,五福（金川）：绿营甲按刀，另一手持攻碉钩，与邻名次服饰兵器错开。,骨架,五福 四川松潘镇总兵 金川后五十 两金川 紫光阁
QH-ZG-0163,liuguoliang,刘国樑,,云南永顺镇总兵,金川后五十,两金川,13,金川后五十第13名，儒臣代撰赞，一如伊犁回部例。土司土舍入图者须与州县将领分看。,儒臣代撰（原文未回库）,,未见本库已回的御制赞原文；位列据《日下旧闻考》转述及通行表，待核文集,据通行表，以「云南永顺镇总兵」入金川后五十第13名。事迹须回该役方略、列传，本条只证位列，不编战史。,《日下旧闻考》转述及通行紫光阁功臣表；后出转写，待核原书卷页,生成,media/ziguangge-liuguoliang.webp,本库据史料题名、旗籍与像赞语气生成的乾隆宫廷功臣画像风格示意图,本库自制（CC BY 4.0 文本规则下的生成图；非原像）,据史料描述生成，非原像。不是紫光阁原轴、不是清宫摹本，不得当作相貌证据。,刘国樑（金川）：索伦皮甲开弓，撒袋在右胯，与邻名次服饰兵器错开。,骨架,刘国樑 云南永顺镇总兵 金川后五十 两金川 紫光阁
QH-ZG-0164,baketanbu,巴克坦布,,云南昭通镇总兵,金川后五十,两金川,14,金川后五十第14名，儒臣代撰赞，一如伊犁回部例。土司土舍入图者须与州县将领分看。,儒臣代撰（原文未回库）,,未见本库已回的御制赞原文；位列据《日下旧闻考》转述及通行表，待核文集,据通行表，以「云南昭通镇总兵」入金川后五十第14名。事迹须回该役方略、列传，本条只证位列，不编战史。,《日下旧闻考》转述及通行紫光阁功臣表；后出转写，待核原书卷页,生成,media/ziguangge-baketanbu.webp,本库据史料题名、旗籍与像赞语气生成的乾隆宫廷功臣画像风格示意图,本库自制（CC BY 4.0 文本规则下的生成图；非原像）,据史料描述生成，非原像。不是紫光阁原轴、不是清宫摹本，不得当作相貌证据。,巴克坦布（金川）：明黄马褂抽腰刀半出鞘，与邻名次服饰兵器错开。,骨架,巴克坦布 云南昭通镇总兵 金川后五十 两金川 紫光阁
QH-ZG-0165,feishen,斐慎,,甘肃宁夏镇总兵,金川后五十,两金川,15,金川后五十第15名，儒臣代撰赞，一如伊犁回部例。土司土舍入图者须与州县将领分看。,儒臣代撰（原文未回库）,,未见本库已回的御制赞原文；位列据《日下旧闻考》转述及通行表，待核文集,据通行表，以「甘肃宁夏镇总兵」入金川后五十第15名。事迹须回该役方略、列传，本条只证位列，不编战史。,《日下旧闻考》转述及通行紫光阁功臣表；后出转写，待核原书卷页,生成,media/ziguangge-feishen.webp,本库据史料题名、旗籍与像赞语气生成的乾隆宫廷功臣画像风格示意图,本库自制（CC BY 4.0 文本规则下的生成图；非原像）,据史料描述生成，非原像。不是紫光阁原轴、不是清宫摹本，不得当作相貌证据。,斐慎（金川）：银鳞甲持长枪前倾，与邻名次服饰兵器错开。,骨架,斐慎 甘肃宁夏镇总兵 金川后五十 两金川 紫光阁
QH-ZG-0166,mabiao-jc,马彪,,原湖北襄阳镇总兵,金川后五十,两金川,16,金川后五十第16名，儒臣代撰赞，一如伊犁回部例。土司土舍入图者须与州县将领分看。,儒臣代撰（原文未回库）,,未见本库已回的御制赞原文；位列据《日下旧闻考》转述及通行表，待核文集,据通行表，以「原湖北襄阳镇总兵」入金川后五十第16名。事迹须回该役方略、列传，本条只证位列，不编战史。,《日下旧闻考》转述及通行紫光阁功臣表；后出转写，待核原书卷页,生成,media/ziguangge-mabiao-jc.webp,本库据史料题名、旗籍与像赞语气生成的乾隆宫廷功臣画像风格示意图,本库自制（CC BY 4.0 文本规则下的生成图；非原像）,据史料描述生成，非原像。不是紫光阁原轴、不是清宫摹本，不得当作相貌证据。,马彪（金川）：褐棉甲蹲地验箭，与邻名次服饰兵器错开。,骨架,马彪 原湖北襄阳镇总兵 金川后五十 两金川 紫光阁
QH-ZG-0167,changlubao,常禄保,,原广东高廉镇总兵、西尔努恩巴图鲁,金川后五十,两金川,17,金川后五十第17名，儒臣代撰赞，一如伊犁回部例。土司土舍入图者须与州县将领分看。,儒臣代撰（原文未回库）,,未见本库已回的御制赞原文；位列据《日下旧闻考》转述及通行表，待核文集,据通行表，以「原广东高廉镇总兵、西尔努恩巴图鲁」入金川后五十第17名。事迹须回该役方略、列传，本条只证位列，不编战史。,《日下旧闻考》转述及通行紫光阁功臣表；后出转写，待核原书卷页,生成,media/ziguangge-changlubao.webp,本库据史料题名、旗籍与像赞语气生成的乾隆宫廷功臣画像风格示意图,本库自制（CC BY 4.0 文本规则下的生成图；非原像）,据史料描述生成，非原像。不是紫光阁原轴、不是清宫摹本，不得当作相貌证据。,常禄保（金川）：青甲立马收缰，与邻名次服饰兵器错开。,骨架,常禄保 原广东高廉镇总兵、西尔努恩巴图鲁 金川后五十 两金川 紫光阁
QH-ZG-0168,liangchaogui,梁朝桂,,陕西兴汉镇总兵,金川后五十,两金川,18,金川后五十第18名，儒臣代撰赞，一如伊犁回部例。土司土舍入图者须与州县将领分看。,儒臣代撰（原文未回库）,,未见本库已回的御制赞原文；位列据《日下旧闻考》转述及通行表，待核文集,据通行表，以「陕西兴汉镇总兵」入金川后五十第18名。事迹须回该役方略、列传，本条只证位列，不编战史。,《日下旧闻考》转述及通行紫光阁功臣表；后出转写，待核原书卷页,生成,media/ziguangge-liangchaogui.webp,本库据史料题名、旗籍与像赞语气生成的乾隆宫廷功臣画像风格示意图,本库自制（CC BY 4.0 文本规则下的生成图；非原像）,据史料描述生成，非原像。不是紫光阁原轴、不是清宫摹本，不得当作相貌证据。,梁朝桂（金川）：破甲裹创回望，与邻名次服饰兵器错开。,骨架,梁朝桂 陕西兴汉镇总兵 金川后五十 两金川 紫光阁
QH-ZG-0169,lingshan,灵山,,四川建昌镇总兵,金川后五十,两金川,19,金川后五十第19名，儒臣代撰赞，一如伊犁回部例。土司土舍入图者须与州县将领分看。,儒臣代撰（原文未回库）,,未见本库已回的御制赞原文；位列据《日下旧闻考》转述及通行表，待核文集,据通行表，以「四川建昌镇总兵」入金川后五十第19名。事迹须回该役方略、列传，本条只证位列，不编战史。,《日下旧闻考》转述及通行紫光阁功臣表；后出转写，待核原书卷页,生成,media/ziguangge-lingshan.webp,本库据史料题名、旗籍与像赞语气生成的乾隆宫廷功臣画像风格示意图,本库自制（CC BY 4.0 文本规则下的生成图；非原像）,据史料描述生成，非原像。不是紫光阁原轴、不是清宫摹本，不得当作相貌证据。,灵山（金川）：铁胄护心镜双手举令旗，与邻名次服饰兵器错开。,骨架,灵山 四川建昌镇总兵 金川后五十 两金川 紫光阁
QH-ZG-0170,songan,嵩安,,直隶正定镇总兵,金川后五十,两金川,20,金川后五十第20名，儒臣代撰赞，一如伊犁回部例。土司土舍入图者须与州县将领分看。,儒臣代撰（原文未回库）,,未见本库已回的御制赞原文；位列据《日下旧闻考》转述及通行表，待核文集,据通行表，以「直隶正定镇总兵」入金川后五十第20名。事迹须回该役方略、列传，本条只证位列，不编战史。,《日下旧闻考》转述及通行紫光阁功臣表；后出转写，待核原书卷页,生成,media/ziguangge-songan.webp,本库据史料题名、旗籍与像赞语气生成的乾隆宫廷功臣画像风格示意图,本库自制（CC BY 4.0 文本规则下的生成图；非原像）,据史料描述生成，非原像。不是紫光阁原轴、不是清宫摹本，不得当作相貌证据。,嵩安（金川）：锈红铁甲扛云梯，瞄石碉窗口，与邻名次服饰兵器错开。,骨架,嵩安 直隶正定镇总兵 金川后五十 两金川 紫光阁
QH-ZG-0171,sande,三德,,甘肃延绥镇总兵、纳尔珠克巴图鲁,金川后五十,两金川,21,金川后五十第21名，儒臣代撰赞，一如伊犁回部例。土司土舍入图者须与州县将领分看。,儒臣代撰（原文未回库）,,未见本库已回的御制赞原文；位列据《日下旧闻考》转述及通行表，待核文集,据通行表，以「甘肃延绥镇总兵、纳尔珠克巴图鲁」入金川后五十第21名。事迹须回该役方略、列传，本条只证位列，不编战史。,《日下旧闻考》转述及通行紫光阁功臣表；后出转写，待核原书卷页,生成,media/ziguangge-sande.webp,本库据史料题名、旗籍与像赞语气生成的乾隆宫廷功臣画像风格示意图,本库自制（CC BY 4.0 文本规则下的生成图；非原像）,据史料描述生成，非原像。不是紫光阁原轴、不是清宫摹本，不得当作相貌证据。,三德（金川）：黑漆甲执火把作焚箐势，与邻名次服饰兵器错开。,骨架,三德 甘肃延绥镇总兵、纳尔珠克巴图鲁 金川后五十 两金川 紫光阁
QH-ZG-0172,liuhuizu,刘辉祖,,原甘肃宁夏镇总兵,金川后五十,两金川,22,金川后五十第22名，儒臣代撰赞，一如伊犁回部例。土司土舍入图者须与州县将领分看。,儒臣代撰（原文未回库）,,未见本库已回的御制赞原文；位列据《日下旧闻考》转述及通行表，待核文集,据通行表，以「原甘肃宁夏镇总兵」入金川后五十第22名。事迹须回该役方略、列传，本条只证位列，不编战史。,《日下旧闻考》转述及通行紫光阁功臣表；后出转写，待核原书卷页,生成,media/ziguangge-liuhuizu.webp,本库据史料题名、旗籍与像赞语气生成的乾隆宫廷功臣画像风格示意图,本库自制（CC BY 4.0 文本规则下的生成图；非原像）,据史料描述生成，非原像。不是紫光阁原轴、不是清宫摹本，不得当作相貌证据。,刘辉祖（金川）：绿营甲按刀，另一手持攻碉钩，与邻名次服饰兵器错开。,骨架,刘辉祖 原甘肃宁夏镇总兵 金川后五十 两金川 紫光阁
QH-ZG-0173,zhangai,彰霭,,乾清门头等侍卫、托克莫特巴图鲁,金川后五十,两金川,23,金川后五十第23名，儒臣代撰赞，一如伊犁回部例。土司土舍入图者须与州县将领分看。,儒臣代撰（原文未回库）,,未见本库已回的御制赞原文；位列据《日下旧闻考》转述及通行表，待核文集,据通行表，以「乾清门头等侍卫、托克莫特巴图鲁」入金川后五十第23名。事迹须回该役方略、列传，本条只证位列，不编战史。,《日下旧闻考》转述及通行紫光阁功臣表；后出转写，待核原书卷页,生成,media/ziguangge-zhangai.webp,本库据史料题名、旗籍与像赞语气生成的乾隆宫廷功臣画像风格示意图,本库自制（CC BY 4.0 文本规则下的生成图；非原像）,据史料描述生成，非原像。不是紫光阁原轴、不是清宫摹本，不得当作相貌证据。,彰霭（金川）：索伦皮甲开弓，撒袋在右胯，与邻名次服饰兵器错开。,骨架,彰霭 乾清门头等侍卫、托克莫特巴图鲁 金川后五十 两金川 紫光阁
QH-ZG-0174,namuzha,那木扎,,乾清门头等侍卫、托克巴图鲁,金川后五十,两金川,24,金川后五十第24名，儒臣代撰赞，一如伊犁回部例。土司土舍入图者须与州县将领分看。,儒臣代撰（原文未回库）,,未见本库已回的御制赞原文；位列据《日下旧闻考》转述及通行表，待核文集,据通行表，以「乾清门头等侍卫、托克巴图鲁」入金川后五十第24名。事迹须回该役方略、列传，本条只证位列，不编战史。,《日下旧闻考》转述及通行紫光阁功臣表；后出转写，待核原书卷页,生成,media/ziguangge-namuzha.webp,本库据史料题名、旗籍与像赞语气生成的乾隆宫廷功臣画像风格示意图,本库自制（CC BY 4.0 文本规则下的生成图；非原像）,据史料描述生成，非原像。不是紫光阁原轴、不是清宫摹本，不得当作相貌证据。,那木扎（金川）：明黄马褂抽腰刀半出鞘，与邻名次服饰兵器错开。,骨架,那木扎 乾清门头等侍卫、托克巴图鲁 金川后五十 两金川 紫光阁
QH-ZG-0175,jincaibao,进财保,,头等侍卫、扎拉克巴图鲁,金川后五十,两金川,25,金川后五十第25名，儒臣代撰赞，一如伊犁回部例。土司土舍入图者须与州县将领分看。,儒臣代撰（原文未回库）,,未见本库已回的御制赞原文；位列据《日下旧闻考》转述及通行表，待核文集,据通行表，以「头等侍卫、扎拉克巴图鲁」入金川后五十第25名。事迹须回该役方略、列传，本条只证位列，不编战史。,《日下旧闻考》转述及通行紫光阁功臣表；后出转写，待核原书卷页,生成,media/ziguangge-jincaibao.webp,本库据史料题名、旗籍与像赞语气生成的乾隆宫廷功臣画像风格示意图,本库自制（CC BY 4.0 文本规则下的生成图；非原像）,据史料描述生成，非原像。不是紫光阁原轴、不是清宫摹本，不得当作相貌证据。,进财保（金川）：银鳞甲持长枪前倾，与邻名次服饰兵器错开。,骨架,进财保 头等侍卫、扎拉克巴图鲁 金川后五十 两金川 紫光阁
QH-ZG-0176,yilibu,伊立布,,头等侍卫、诺阿尔巴图鲁,金川后五十,两金川,26,金川后五十第26名，儒臣代撰赞，一如伊犁回部例。土司土舍入图者须与州县将领分看。,儒臣代撰（原文未回库）,,未见本库已回的御制赞原文；位列据《日下旧闻考》转述及通行表，待核文集,据通行表，以「头等侍卫、诺阿尔巴图鲁」入金川后五十第26名。事迹须回该役方略、列传，本条只证位列，不编战史。,《日下旧闻考》转述及通行紫光阁功臣表；后出转写，待核原书卷页,生成,media/ziguangge-yilibu.webp,本库据史料题名、旗籍与像赞语气生成的乾隆宫廷功臣画像风格示意图,本库自制（CC BY 4.0 文本规则下的生成图；非原像）,据史料描述生成，非原像。不是紫光阁原轴、不是清宫摹本，不得当作相貌证据。,伊立布（金川）：褐棉甲蹲地验箭，与邻名次服饰兵器错开。,骨架,伊立布 头等侍卫、诺阿尔巴图鲁 金川后五十 两金川 紫光阁
QH-ZG-0177,daisenbao,岱森保,,头等侍卫、布隆巴图鲁,金川后五十,两金川,27,金川后五十第27名，儒臣代撰赞，一如伊犁回部例。土司土舍入图者须与州县将领分看。,儒臣代撰（原文未回库）,,未见本库已回的御制赞原文；位列据《日下旧闻考》转述及通行表，待核文集,据通行表，以「头等侍卫、布隆巴图鲁」入金川后五十第27名。事迹须回该役方略、列传，本条只证位列，不编战史。,《日下旧闻考》转述及通行紫光阁功臣表；后出转写，待核原书卷页,生成,media/ziguangge-daisenbao.webp,本库据史料题名、旗籍与像赞语气生成的乾隆宫廷功臣画像风格示意图,本库自制（CC BY 4.0 文本规则下的生成图；非原像）,据史料描述生成，非原像。不是紫光阁原轴、不是清宫摹本，不得当作相貌证据。,岱森保（金川）：青甲立马收缰，与邻名次服饰兵器错开。,骨架,岱森保 头等侍卫、布隆巴图鲁 金川后五十 两金川 紫光阁
QH-ZG-0178,muhana,穆哈纳,,原二等侍卫、巴尔丹巴图鲁,金川后五十,两金川,28,金川后五十第28名，儒臣代撰赞，一如伊犁回部例。土司土舍入图者须与州县将领分看。,儒臣代撰（原文未回库）,,未见本库已回的御制赞原文；位列据《日下旧闻考》转述及通行表，待核文集,据通行表，以「原二等侍卫、巴尔丹巴图鲁」入金川后五十第28名。事迹须回该役方略、列传，本条只证位列，不编战史。,《日下旧闻考》转述及通行紫光阁功臣表；后出转写，待核原书卷页,生成,media/ziguangge-muhana.webp,本库据史料题名、旗籍与像赞语气生成的乾隆宫廷功臣画像风格示意图,本库自制（CC BY 4.0 文本规则下的生成图；非原像）,据史料描述生成，非原像。不是紫光阁原轴、不是清宫摹本，不得当作相貌证据。,穆哈纳（金川）：破甲裹创回望，与邻名次服饰兵器错开。,骨架,穆哈纳 原二等侍卫、巴尔丹巴图鲁 金川后五十 两金川 紫光阁
QH-ZG-0179,wurtunasun,乌尔图纳逊,,乾清门二等侍卫,金川后五十,两金川,29,金川后五十第29名，儒臣代撰赞，一如伊犁回部例。土司土舍入图者须与州县将领分看。,儒臣代撰（原文未回库）,,未见本库已回的御制赞原文；位列据《日下旧闻考》转述及通行表，待核文集,据通行表，以「乾清门二等侍卫」入金川后五十第29名。事迹须回该役方略、列传，本条只证位列，不编战史。,《日下旧闻考》转述及通行紫光阁功臣表；后出转写，待核原书卷页,生成,media/ziguangge-wurtunasun.webp,本库据史料题名、旗籍与像赞语气生成的乾隆宫廷功臣画像风格示意图,本库自制（CC BY 4.0 文本规则下的生成图；非原像）,据史料描述生成，非原像。不是紫光阁原轴、不是清宫摹本，不得当作相貌证据。,乌尔图纳逊（金川）：铁胄护心镜双手举令旗，与邻名次服饰兵器错开。,骨架,乌尔图纳逊 乾清门二等侍卫 金川后五十 两金川 紫光阁
QH-ZG-0180,funing,富宁,,乾清门二等侍卫、奇彻伯巴图鲁,金川后五十,两金川,30,金川后五十第30名，儒臣代撰赞，一如伊犁回部例。土司土舍入图者须与州县将领分看。,儒臣代撰（原文未回库）,,未见本库已回的御制赞原文；位列据《日下旧闻考》转述及通行表，待核文集,据通行表，以「乾清门二等侍卫、奇彻伯巴图鲁」入金川后五十第30名。事迹须回该役方略、列传，本条只证位列，不编战史。,《日下旧闻考》转述及通行紫光阁功臣表；后出转写，待核原书卷页,生成,media/ziguangge-funing.webp,本库据史料题名、旗籍与像赞语气生成的乾隆宫廷功臣画像风格示意图,本库自制（CC BY 4.0 文本规则下的生成图；非原像）,据史料描述生成，非原像。不是紫光阁原轴、不是清宫摹本，不得当作相貌证据。,富宁（金川）：锈红铁甲扛云梯，瞄石碉窗口，与邻名次服饰兵器错开。,骨架,富宁 乾清门二等侍卫、奇彻伯巴图鲁 金川后五十 两金川 紫光阁
QH-ZG-0181,mingshan,明山,,二等侍卫、定凯巴图鲁,金川后五十,两金川,31,金川后五十第31名，儒臣代撰赞，一如伊犁回部例。土司土舍入图者须与州县将领分看。,儒臣代撰（原文未回库）,,未见本库已回的御制赞原文；位列据《日下旧闻考》转述及通行表，待核文集,据通行表，以「二等侍卫、定凯巴图鲁」入金川后五十第31名。事迹须回该役方略、列传，本条只证位列，不编战史。,《日下旧闻考》转述及通行紫光阁功臣表；后出转写，待核原书卷页,生成,media/ziguangge-mingshan.webp,本库据史料题名、旗籍与像赞语气生成的乾隆宫廷功臣画像风格示意图,本库自制（CC BY 4.0 文本规则下的生成图；非原像）,据史料描述生成，非原像。不是紫光阁原轴、不是清宫摹本，不得当作相貌证据。,明山（金川）：黑漆甲执火把作焚箐势，与邻名次服饰兵器错开。,骨架,明山 二等侍卫、定凯巴图鲁 金川后五十 两金川 紫光阁
QH-ZG-0182,yishi,伊史,,二等侍卫,金川后五十,两金川,32,金川后五十第32名，儒臣代撰赞，一如伊犁回部例。土司土舍入图者须与州县将领分看。,儒臣代撰（原文未回库）,,未见本库已回的御制赞原文；位列据《日下旧闻考》转述及通行表，待核文集,据通行表，以「二等侍卫」入金川后五十第32名。事迹须回该役方略、列传，本条只证位列，不编战史。,《日下旧闻考》转述及通行紫光阁功臣表；后出转写，待核原书卷页,生成,media/ziguangge-yishi.webp,本库据史料题名、旗籍与像赞语气生成的乾隆宫廷功臣画像风格示意图,本库自制（CC BY 4.0 文本规则下的生成图；非原像）,据史料描述生成，非原像。不是紫光阁原轴、不是清宫摹本，不得当作相貌证据。,伊史（金川）：绿营甲按刀，另一手持攻碉钩，与邻名次服饰兵器错开。,骨架,伊史 二等侍卫 金川后五十 两金川 紫光阁
QH-ZG-0183,badama,巴达玛,,二等侍卫、德捷特巴图鲁,金川后五十,两金川,33,金川后五十第33名，儒臣代撰赞，一如伊犁回部例。土司土舍入图者须与州县将领分看。,儒臣代撰（原文未回库）,,未见本库已回的御制赞原文；位列据《日下旧闻考》转述及通行表，待核文集,据通行表，以「二等侍卫、德捷特巴图鲁」入金川后五十第33名。事迹须回该役方略、列传，本条只证位列，不编战史。,《日下旧闻考》转述及通行紫光阁功臣表；后出转写，待核原书卷页,生成,media/ziguangge-badama.webp,本库据史料题名、旗籍与像赞语气生成的乾隆宫廷功臣画像风格示意图,本库自制（CC BY 4.0 文本规则下的生成图；非原像）,据史料描述生成，非原像。不是紫光阁原轴、不是清宫摹本，不得当作相貌证据。,巴达玛（金川）：索伦皮甲开弓，撒袋在右胯，与邻名次服饰兵器错开。,骨架,巴达玛 二等侍卫、德捷特巴图鲁 金川后五十 两金川 紫光阁
QH-ZG-0184,kurde,库尔德,,原二等侍卫、朗勤巴图鲁,金川后五十,两金川,34,金川后五十第34名，儒臣代撰赞，一如伊犁回部例。土司土舍入图者须与州县将领分看。,儒臣代撰（原文未回库）,,未见本库已回的御制赞原文；位列据《日下旧闻考》转述及通行表，待核文集,据通行表，以「原二等侍卫、朗勤巴图鲁」入金川后五十第34名。事迹须回该役方略、列传，本条只证位列，不编战史。,《日下旧闻考》转述及通行紫光阁功臣表；后出转写，待核原书卷页,生成,media/ziguangge-kurde.webp,本库据史料题名、旗籍与像赞语气生成的乾隆宫廷功臣画像风格示意图,本库自制（CC BY 4.0 文本规则下的生成图；非原像）,据史料描述生成，非原像。不是紫光阁原轴、不是清宫摹本，不得当作相貌证据。,库尔德（金川）：明黄马褂抽腰刀半出鞘，与邻名次服饰兵器错开。,骨架,库尔德 原二等侍卫、朗勤巴图鲁 金川后五十 两金川 紫光阁
QH-ZG-0185,alanbao,阿兰保,,乾清门二等侍卫、噶布什克巴图鲁,金川后五十,两金川,35,金川后五十第35名，儒臣代撰赞，一如伊犁回部例。土司土舍入图者须与州县将领分看。,儒臣代撰（原文未回库）,,未见本库已回的御制赞原文；位列据《日下旧闻考》转述及通行表，待核文集,据通行表，以「乾清门二等侍卫、噶布什克巴图鲁」入金川后五十第35名。事迹须回该役方略、列传，本条只证位列，不编战史。,《日下旧闻考》转述及通行紫光阁功臣表；后出转写，待核原书卷页,生成,media/ziguangge-alanbao.webp,本库据史料题名、旗籍与像赞语气生成的乾隆宫廷功臣画像风格示意图,本库自制（CC BY 4.0 文本规则下的生成图；非原像）,据史料描述生成，非原像。不是紫光阁原轴、不是清宫摹本，不得当作相貌证据。,阿兰保（金川）：银鳞甲持长枪前倾，与邻名次服饰兵器错开。,骨架,阿兰保 乾清门二等侍卫、噶布什克巴图鲁 金川后五十 两金川 紫光阁
QH-ZG-0186,amantai,阿满泰,,三等侍卫、札努恩巴图鲁,金川后五十,两金川,36,金川后五十第36名，儒臣代撰赞，一如伊犁回部例。土司土舍入图者须与州县将领分看。,儒臣代撰（原文未回库）,,未见本库已回的御制赞原文；位列据《日下旧闻考》转述及通行表，待核文集,据通行表，以「三等侍卫、札努恩巴图鲁」入金川后五十第36名。事迹须回该役方略、列传，本条只证位列，不编战史。,《日下旧闻考》转述及通行紫光阁功臣表；后出转写，待核原书卷页,生成,media/ziguangge-amantai.webp,本库据史料题名、旗籍与像赞语气生成的乾隆宫廷功臣画像风格示意图,本库自制（CC BY 4.0 文本规则下的生成图；非原像）,据史料描述生成，非原像。不是紫光阁原轴、不是清宫摹本，不得当作相貌证据。,阿满泰（金川）：褐棉甲蹲地验箭，与邻名次服饰兵器错开。,骨架,阿满泰 三等侍卫、札努恩巴图鲁 金川后五十 两金川 紫光阁
QH-ZG-0187,xindasu,新达苏,,护军参领、僧格巴图鲁,金川后五十,两金川,37,金川后五十第37名，儒臣代撰赞，一如伊犁回部例。土司土舍入图者须与州县将领分看。,儒臣代撰（原文未回库）,,未见本库已回的御制赞原文；位列据《日下旧闻考》转述及通行表，待核文集,据通行表，以「护军参领、僧格巴图鲁」入金川后五十第37名。事迹须回该役方略、列传，本条只证位列，不编战史。,《日下旧闻考》转述及通行紫光阁功臣表；后出转写，待核原书卷页,生成,media/ziguangge-xindasu.webp,本库据史料题名、旗籍与像赞语气生成的乾隆宫廷功臣画像风格示意图,本库自制（CC BY 4.0 文本规则下的生成图；非原像）,据史料描述生成，非原像。不是紫光阁原轴、不是清宫摹本，不得当作相貌证据。,新达苏（金川）：青甲立马收缰，与邻名次服饰兵器错开。,骨架,新达苏 护军参领、僧格巴图鲁 金川后五十 两金川 紫光阁
QH-ZG-0188,fursai,富尔赛,,护军参领、僧笃尔颇特巴图鲁,金川后五十,两金川,38,金川后五十第38名，儒臣代撰赞，一如伊犁回部例。土司土舍入图者须与州县将领分看。,儒臣代撰（原文未回库）,,未见本库已回的御制赞原文；位列据《日下旧闻考》转述及通行表，待核文集,据通行表，以「护军参领、僧笃尔颇特巴图鲁」入金川后五十第38名。事迹须回该役方略、列传，本条只证位列，不编战史。,《日下旧闻考》转述及通行紫光阁功臣表；后出转写，待核原书卷页,生成,media/ziguangge-fursai.webp,本库据史料题名、旗籍与像赞语气生成的乾隆宫廷功臣画像风格示意图,本库自制（CC BY 4.0 文本规则下的生成图；非原像）,据史料描述生成，非原像。不是紫光阁原轴、不是清宫摹本，不得当作相貌证据。,富尔赛（金川）：破甲裹创回望，与邻名次服饰兵器错开。,骨架,富尔赛 护军参领、僧笃尔颇特巴图鲁 金川后五十 两金川 紫光阁
QH-ZG-0189,erbeke,额尔伯克,,护军参领、甲图布巴图鲁,金川后五十,两金川,39,金川后五十第39名，儒臣代撰赞，一如伊犁回部例。土司土舍入图者须与州县将领分看。,儒臣代撰（原文未回库）,,未见本库已回的御制赞原文；位列据《日下旧闻考》转述及通行表，待核文集,据通行表，以「护军参领、甲图布巴图鲁」入金川后五十第39名。事迹须回该役方略、列传，本条只证位列，不编战史。,《日下旧闻考》转述及通行紫光阁功臣表；后出转写，待核原书卷页,生成,media/ziguangge-erbeke.webp,本库据史料题名、旗籍与像赞语气生成的乾隆宫廷功臣画像风格示意图,本库自制（CC BY 4.0 文本规则下的生成图；非原像）,据史料描述生成，非原像。不是紫光阁原轴、不是清宫摹本，不得当作相貌证据。,额尔伯克（金川）：铁胄护心镜双手举令旗，与邻名次服饰兵器错开。,骨架,额尔伯克 护军参领、甲图布巴图鲁 金川后五十 两金川 紫光阁
QH-ZG-0190,aixingga,爱星阿,,副护军参领,金川后五十,两金川,40,金川后五十第40名，儒臣代撰赞，一如伊犁回部例。土司土舍入图者须与州县将领分看。,儒臣代撰（原文未回库）,,未见本库已回的御制赞原文；位列据《日下旧闻考》转述及通行表，待核文集,据通行表，以「副护军参领」入金川后五十第40名。事迹须回该役方略、列传，本条只证位列，不编战史。,《日下旧闻考》转述及通行紫光阁功臣表；后出转写，待核原书卷页,生成,media/ziguangge-aixingga.webp,本库据史料题名、旗籍与像赞语气生成的乾隆宫廷功臣画像风格示意图,本库自制（CC BY 4.0 文本规则下的生成图；非原像）,据史料描述生成，非原像。不是紫光阁原轴、不是清宫摹本，不得当作相貌证据。,爱星阿（金川）：锈红铁甲扛云梯，瞄石碉窗口，与邻名次服饰兵器错开。,骨架,爱星阿 副护军参领 金川后五十 两金川 紫光阁
QH-ZG-0191,baxisa,巴西萨,,原索伦佐领、塔尔济特巴图鲁,金川后五十,两金川,41,金川后五十第41名，儒臣代撰赞，一如伊犁回部例。土司土舍入图者须与州县将领分看。,儒臣代撰（原文未回库）,,未见本库已回的御制赞原文；位列据《日下旧闻考》转述及通行表，待核文集,据通行表，以「原索伦佐领、塔尔济特巴图鲁」入金川后五十第41名。事迹须回该役方略、列传，本条只证位列，不编战史。,《日下旧闻考》转述及通行紫光阁功臣表；后出转写，待核原书卷页,生成,media/ziguangge-baxisa.webp,本库据史料题名、旗籍与像赞语气生成的乾隆宫廷功臣画像风格示意图,本库自制（CC BY 4.0 文本规则下的生成图；非原像）,据史料描述生成，非原像。不是紫光阁原轴、不是清宫摹本，不得当作相貌证据。,巴西萨（金川）：黑漆甲执火把作焚箐势，与邻名次服饰兵器错开。,骨架,巴西萨 原索伦佐领、塔尔济特巴图鲁 金川后五十 两金川 紫光阁
QH-ZG-0192,xushiheng,许世亨,,江南漕标副将、经勒巴图鲁,金川后五十,两金川,42,金川后五十第42名，儒臣代撰赞，一如伊犁回部例。土司土舍入图者须与州县将领分看。,儒臣代撰（原文未回库）,,未见本库已回的御制赞原文；位列据《日下旧闻考》转述及通行表，待核文集,据通行表，以「江南漕标副将、经勒巴图鲁」入金川后五十第42名。事迹须回该役方略、列传，本条只证位列，不编战史。,《日下旧闻考》转述及通行紫光阁功臣表；后出转写，待核原书卷页,生成,media/ziguangge-xushiheng.webp,本库据史料题名、旗籍与像赞语气生成的乾隆宫廷功臣画像风格示意图,本库自制（CC BY 4.0 文本规则下的生成图；非原像）,据史料描述生成，非原像。不是紫光阁原轴、不是清宫摹本，不得当作相貌证据。,许世亨（金川）：绿营甲按刀，另一手持攻碉钩，与邻名次服饰兵器错开。,骨架,许世亨 江南漕标副将、经勒巴图鲁 金川后五十 两金川 紫光阁
QH-ZG-0193,guoxing,国兴,,原贵州参将、图多布巴图鲁,金川后五十,两金川,43,金川后五十第43名，儒臣代撰赞，一如伊犁回部例。土司土舍入图者须与州县将领分看。,儒臣代撰（原文未回库）,,未见本库已回的御制赞原文；位列据《日下旧闻考》转述及通行表，待核文集,据通行表，以「原贵州参将、图多布巴图鲁」入金川后五十第43名。事迹须回该役方略、列传，本条只证位列，不编战史。,《日下旧闻考》转述及通行紫光阁功臣表；后出转写，待核原书卷页,生成,media/ziguangge-guoxing.webp,本库据史料题名、旗籍与像赞语气生成的乾隆宫廷功臣画像风格示意图,本库自制（CC BY 4.0 文本规则下的生成图；非原像）,据史料描述生成，非原像。不是紫光阁原轴、不是清宫摹本，不得当作相貌证据。,国兴（金川）：索伦皮甲开弓，撒袋在右胯，与邻名次服饰兵器错开。,骨架,国兴 原贵州参将、图多布巴图鲁 金川后五十 两金川 紫光阁
QH-ZG-0194,jianmucan,坚木参那木喀,,木坪土司,金川后五十,两金川,44,金川后五十第44名，儒臣代撰赞，一如伊犁回部例。土司土舍入图者须与州县将领分看。,儒臣代撰（原文未回库）,,未见本库已回的御制赞原文；位列据《日下旧闻考》转述及通行表，待核文集,据通行表，以「木坪土司」入金川后五十第44名。事迹须回该役方略、列传，本条只证位列，不编战史。,《日下旧闻考》转述及通行紫光阁功臣表；后出转写，待核原书卷页,生成,media/ziguangge-jianmucan.webp,本库据史料题名、旗籍与像赞语气生成的乾隆宫廷功臣画像风格示意图,本库自制（CC BY 4.0 文本规则下的生成图；非原像）,据史料描述生成，非原像。不是紫光阁原轴、不是清宫摹本，不得当作相貌证据。,坚木参那木喀（金川土司/屯练）：藤帽短甲蹲验火药，不穿满洲朝珠套装。,骨架,坚木参那木喀 木坪土司 金川后五十 两金川 紫光阁
QH-ZG-0195,yongzhong,雍中旺尔结,,绰斯甲布土司,金川后五十,两金川,45,金川后五十第45名，儒臣代撰赞，一如伊犁回部例。土司土舍入图者须与州县将领分看。,儒臣代撰（原文未回库）,,未见本库已回的御制赞原文；位列据《日下旧闻考》转述及通行表，待核文集,据通行表，以「绰斯甲布土司」入金川后五十第45名。事迹须回该役方略、列传，本条只证位列，不编战史。,《日下旧闻考》转述及通行紫光阁功臣表；后出转写，待核原书卷页,生成,media/ziguangge-yongzhong.webp,本库据史料题名、旗籍与像赞语气生成的乾隆宫廷功臣画像风格示意图,本库自制（CC BY 4.0 文本规则下的生成图；非原像）,据史料描述生成，非原像。不是紫光阁原轴、不是清宫摹本，不得当作相貌证据。,雍中旺尔结（金川土司/屯练）：披氆氇按刀立于石碉侧，不穿满洲朝珠套装。,骨架,雍中旺尔结 绰斯甲布土司 金川后五十 两金川 紫光阁
QH-ZG-0196,yamantaer,雅满塔尔,,鄂克什土舍、图克则恩巴图鲁,金川后五十,两金川,46,金川后五十第46名，儒臣代撰赞，一如伊犁回部例。土司土舍入图者须与州县将领分看。,儒臣代撰（原文未回库）,,未见本库已回的御制赞原文；位列据《日下旧闻考》转述及通行表，待核文集,据通行表，以「鄂克什土舍、图克则恩巴图鲁」入金川后五十第46名。事迹须回该役方略、列传，本条只证位列，不编战史。,《日下旧闻考》转述及通行紫光阁功臣表；后出转写，待核原书卷页,生成,media/ziguangge-yamantaer.webp,本库据史料题名、旗籍与像赞语气生成的乾隆宫廷功臣画像风格示意图,本库自制（CC BY 4.0 文本规则下的生成图；非原像）,据史料描述生成，非原像。不是紫光阁原轴、不是清宫摹本，不得当作相貌证据。,雅满塔尔（金川土司/屯练）：褐毡披风双手持鸟枪，不穿满洲朝珠套装。,骨架,雅满塔尔 鄂克什土舍、图克则恩巴图鲁 金川后五十 两金川 紫光阁
QH-ZG-0197,chuoerjiamucan,绰尔嘉木灿,,绰罗斯布土舍,金川后五十,两金川,47,金川后五十第47名，儒臣代撰赞，一如伊犁回部例。土司土舍入图者须与州县将领分看。,儒臣代撰（原文未回库）,,未见本库已回的御制赞原文；位列据《日下旧闻考》转述及通行表，待核文集,据通行表，以「绰罗斯布土舍」入金川后五十第47名。事迹须回该役方略、列传，本条只证位列，不编战史。,《日下旧闻考》转述及通行紫光阁功臣表；后出转写，待核原书卷页,生成,media/ziguangge-chuoerjiamucan.webp,本库据史料题名、旗籍与像赞语气生成的乾隆宫廷功臣画像风格示意图,本库自制（CC BY 4.0 文本规则下的生成图；非原像）,据史料描述生成，非原像。不是紫光阁原轴、不是清宫摹本，不得当作相貌证据。,绰尔嘉木灿（金川土司/屯练）：红呢边衣扛云梯，不穿满洲朝珠套装。,骨架,绰尔嘉木灿 绰罗斯布土舍 金川后五十 两金川 紫光阁
QH-ZG-0198,azhongbao,阿忠保,,屯练土都司、舒克丹鄂巴图鲁,金川后五十,两金川,48,金川后五十第48名，儒臣代撰赞，一如伊犁回部例。土司土舍入图者须与州县将领分看。,儒臣代撰（原文未回库）,,未见本库已回的御制赞原文；位列据《日下旧闻考》转述及通行表，待核文集,据通行表，以「屯练土都司、舒克丹鄂巴图鲁」入金川后五十第48名。事迹须回该役方略、列传，本条只证位列，不编战史。,《日下旧闻考》转述及通行紫光阁功臣表；后出转写，待核原书卷页,生成,media/ziguangge-azhongbao.webp,本库据史料题名、旗籍与像赞语气生成的乾隆宫廷功臣画像风格示意图,本库自制（CC BY 4.0 文本规则下的生成图；非原像）,据史料描述生成，非原像。不是紫光阁原轴、不是清宫摹本，不得当作相貌证据。,阿忠保（金川土司/屯练）：青稞皮袍捧清廷赐翎，不穿满洲朝珠套装。,骨架,阿忠保 屯练土都司、舒克丹鄂巴图鲁 金川后五十 两金川 紫光阁
QH-ZG-0199,mutaer,木塔尔,,小金川赏给头等侍卫,金川后五十,两金川,49,金川后五十第49名，儒臣代撰赞，一如伊犁回部例。土司土舍入图者须与州县将领分看。,儒臣代撰（原文未回库）,,未见本库已回的御制赞原文；位列据《日下旧闻考》转述及通行表，待核文集,据通行表，以「小金川赏给头等侍卫」入金川后五十第49名。事迹须回该役方略、列传，本条只证位列，不编战史。,《日下旧闻考》转述及通行紫光阁功臣表；后出转写，待核原书卷页,生成,media/ziguangge-mutaer.webp,本库据史料题名、旗籍与像赞语气生成的乾隆宫廷功臣画像风格示意图,本库自制（CC BY 4.0 文本规则下的生成图；非原像）,据史料描述生成，非原像。不是紫光阁原轴、不是清宫摹本，不得当作相貌证据。,木塔尔（金川）：铁胄护心镜双手举令旗，与邻名次服饰兵器错开。,骨架,木塔尔 小金川赏给头等侍卫 金川后五十 两金川 紫光阁
QH-ZG-0200,yongzhongerjie,雍中尔结,,头人、阿尔莫巴鄂巴图鲁,金川后五十,两金川,50,金川后五十第50名，儒臣代撰赞，一如伊犁回部例。土司土舍入图者须与州县将领分看。,儒臣代撰（原文未回库）,,未见本库已回的御制赞原文；位列据《日下旧闻考》转述及通行表，待核文集,据通行表，以「头人、阿尔莫巴鄂巴图鲁」入金川后五十第50名。事迹须回该役方略、列传，本条只证位列，不编战史。,《日下旧闻考》转述及通行紫光阁功臣表；后出转写，待核原书卷页,生成,media/ziguangge-yongzhongerjie.webp,本库据史料题名、旗籍与像赞语气生成的乾隆宫廷功臣画像风格示意图,本库自制（CC BY 4.0 文本规则下的生成图；非原像）,据史料描述生成，非原像。不是紫光阁原轴、不是清宫摹本，不得当作相貌证据。,雍中尔结（金川土司/屯练）：披氆氇按刀立于石碉侧，不穿满洲朝珠套装。,骨架,雍中尔结 头人、阿尔莫巴鄂巴图鲁 金川后五十 两金川 紫光阁
QH-ZG-0201,agui-taiwan,阿桂,,大学士一等诚谋英勇公,台湾前二十,林爽文之役,1,御笔平定台湾二十功臣像赞第1名。五十幅分前二十、后三十。,未见御制赞回库,,未见本库已回的御制赞原文；位列据《日下旧闻考》转述及通行表，待核文集,中枢大学士入图，不等于亲临台湾前线。,《日下旧闻考》转述及通行紫光阁功臣表；后出转写，待核原书卷页,原图,media/ziguangge-agui.webp,https://commons.wikimedia.org/wiki/File:Agui.jpg,Public domain,公版传世立像。是否紫光阁原轴、是否后世摹绘，文件页未写死，不作原轴认定。 本条复用 agui 的公版像，因跨批为同一人。,阿桂（中枢/督抚）：绛褐补服捧奏匣，持朱批匣，无刀枪。,骨架,阿桂 大学士一等诚谋英勇公 台湾前二十 林爽文之役 紫光阁
QH-ZG-0202,heshen,和珅,,大学士三等忠襄伯,台湾前二十,林爽文之役,2,御笔平定台湾二十功臣像赞第2名。五十幅分前二十、后三十。,未见御制赞回库,,未见本库已回的御制赞原文；位列据《日下旧闻考》转述及通行表，待核文集,中枢大学士入图，不等于亲临台湾前线。,《日下旧闻考》转述及通行紫光阁功臣表；后出转写，待核原书卷页,原图,media/ziguangge-heshen.webp,https://commons.wikimedia.org/wiki/File:Heshen.jpg,Public domain,公版传世像，本库人物画像表已收。台湾、廓尔喀表列大学士和珅，属中枢入图，不是前线统兵。绘制年代依文件页待核。,和珅（中枢/督抚）：绀色蟒袍无甲，持台湾海图，无刀枪。,骨架,和珅 大学士三等忠襄伯 台湾前二十 林爽文之役 紫光阁
QH-ZG-0203,wangjie,王杰,,大学士,台湾前二十,林爽文之役,3,御笔平定台湾二十功臣像赞第3名。五十幅分前二十、后三十。,未见御制赞回库,,未见本库已回的御制赞原文；位列据《日下旧闻考》转述及通行表，待核文集,中枢大学士入图，不等于亲临台湾前线。,《日下旧闻考》转述及通行紫光阁功臣表；后出转写，待核原书卷页,生成,media/ziguangge-wangjie.webp,本库据史料题名、旗籍与像赞语气生成的乾隆宫廷功臣画像风格示意图,本库自制（CC BY 4.0 文本规则下的生成图；非原像）,据史料描述生成，非原像。不是紫光阁原轴、不是清宫摹本，不得当作相貌证据。,王杰（中枢/督抚）：沉香色公服展军报，持金川碉卡图，无刀枪。,骨架,王杰 大学士 台湾前二十 林爽文之役 紫光阁
QH-ZG-0204,fukangan-taiwan,福康安,,协办大学士、吏部尚书、陕甘总督、一等嘉勇公,台湾前二十,林爽文之役,4,御笔平定台湾二十功臣像赞第4名。五十幅分前二十、后三十。,未见御制赞回库,,未见本库已回的御制赞原文；位列据《日下旧闻考》转述及通行表，待核文集,据通行表，以「协办大学士、吏部尚书、陕甘总督、一等嘉勇公」入台湾前二十第4名。事迹须回该役方略、列传，本条只证位列，不编战史。,《日下旧闻考》转述及通行紫光阁功臣表；后出转写，待核原书卷页,原图,media/ziguangge-fukangan.webp,https://commons.wikimedia.org/wiki/File:福康安.jpg,Public domain,公版传世像。福康安在金川、台湾、廓尔喀批次重出；是否紫光阁原轴待核。 本条复用 fukangan 的公版像，因跨批为同一人。,福康安（中枢/督抚）：石青仙鹤补服，持藏边驿报，无刀枪。,骨架,福康安 协办大学士、吏部尚书、陕甘总督、一等嘉勇公 台湾前二十 林爽文之役 紫光阁
QH-ZG-0205,hailancha-tw,海兰察,,领侍卫内大臣、二等超勇公,台湾前二十,林爽文之役,5,御笔平定台湾二十功臣像赞第5名。五十幅分前二十、后三十。,未见御制赞回库,,未见本库已回的御制赞原文；位列据《日下旧闻考》转述及通行表，待核文集,据通行表，以「领侍卫内大臣、二等超勇公」入台湾前二十第5名。事迹须回该役方略、列传，本条只证位列，不编战史。,《日下旧闻考》转述及通行紫光阁功臣表；后出转写，待核原书卷页,原图,media/ziguangge-hailancha.webp,https://commons.wikimedia.org/wiki/File:海蘭察.jpg,Public domain,Commons 题作《御笔平定台湾二十功臣像赞》系统传世像，右侧有御笔题赞。用于海兰察相貌识别，不得写成西域前五十原轴已经对上。金川、台湾、廓尔喀批次重出，图可复用，不合并成一次入阁。 本条复用 hailancha 的公版像，因跨批为同一人。,海兰察（林爽文之役）：藤盔验火药罐，湿热轻装，不用西师皮裘。,骨架,海兰察 领侍卫内大臣、二等超勇公 台湾前二十 林爽文之役 紫光阁
QH-ZG-0206,fuchangan,福长安,,工部尚书,台湾前二十,林爽文之役,6,御笔平定台湾二十功臣像赞第6名。五十幅分前二十、后三十。,未见御制赞回库,,未见本库已回的御制赞原文；位列据《日下旧闻考》转述及通行表，待核文集,据通行表，以「工部尚书」入台湾前二十第6名。事迹须回该役方略、列传，本条只证位列，不编战史。,《日下旧闻考》转述及通行紫光阁功臣表；后出转写，待核原书卷页,生成,media/ziguangge-fuchangan.webp,本库据史料题名、旗籍与像赞语气生成的乾隆宫廷功臣画像风格示意图,本库自制（CC BY 4.0 文本规则下的生成图；非原像）,据史料描述生成，非原像。不是紫光阁原轴、不是清宫摹本，不得当作相貌证据。,福长安（中枢/督抚）：绀色蟒袍无甲，持粮台册，无刀枪。,骨架,福长安 工部尚书 台湾前二十 林爽文之役 紫光阁
QH-ZG-0207,donggao,董诰,,户部尚书,台湾前二十,林爽文之役,7,御笔平定台湾二十功臣像赞第7名。五十幅分前二十、后三十。,未见御制赞回库,,未见本库已回的御制赞原文；位列据《日下旧闻考》转述及通行表，待核文集,据通行表，以「户部尚书」入台湾前二十第7名。事迹须回该役方略、列传，本条只证位列，不编战史。,《日下旧闻考》转述及通行紫光阁功臣表；后出转写，待核原书卷页,生成,media/ziguangge-donggao.webp,本库据史料题名、旗籍与像赞语气生成的乾隆宫廷功臣画像风格示意图,本库自制（CC BY 4.0 文本规则下的生成图；非原像）,据史料描述生成，非原像。不是紫光阁原轴、不是清宫摹本，不得当作相貌证据。,董诰（中枢/督抚）：沉香色公服展军报，持朱批匣，无刀枪。,骨架,董诰 户部尚书 台湾前二十 林爽文之役 紫光阁
QH-ZG-0208,lishiyao,李侍尧,,闽浙总督,台湾前二十,林爽文之役,8,御笔平定台湾二十功臣像赞第8名。五十幅分前二十、后三十。,未见御制赞回库,,未见本库已回的御制赞原文；位列据《日下旧闻考》转述及通行表，待核文集,据通行表，以「闽浙总督」入台湾前二十第8名。事迹须回该役方略、列传，本条只证位列，不编战史。,《日下旧闻考》转述及通行紫光阁功臣表；后出转写，待核原书卷页,生成,media/ziguangge-lishiyao.webp,本库据史料题名、旗籍与像赞语气生成的乾隆宫廷功臣画像风格示意图,本库自制（CC BY 4.0 文本规则下的生成图；非原像）,据史料描述生成，非原像。不是紫光阁原轴、不是清宫摹本，不得当作相貌证据。,李侍尧（林爽文之役）：绿营铁甲按锚形令箭，湿热轻装，不用西师皮裘。,骨架,李侍尧 闽浙总督 台湾前二十 林爽文之役 紫光阁
QH-ZG-0209,sunshiyi,孙士毅,,两广总督、一等轻车都尉,台湾前二十,林爽文之役,9,御笔平定台湾二十功臣像赞第9名。五十幅分前二十、后三十。,未见御制赞回库,,未见本库已回的御制赞原文；位列据《日下旧闻考》转述及通行表，待核文集,据通行表，以「两广总督、一等轻车都尉」入台湾前二十第9名。事迹须回该役方略、列传，本条只证位列，不编战史。,《日下旧闻考》转述及通行紫光阁功臣表；后出转写，待核原书卷页,生成,media/ziguangge-sunshiyi.webp,本库据史料题名、旗籍与像赞语气生成的乾隆宫廷功臣画像风格示意图,本库自制（CC BY 4.0 文本规则下的生成图；非原像）,据史料描述生成，非原像。不是紫光阁原轴、不是清宫摹本，不得当作相貌证据。,孙士毅（林爽文之役）：黄马褂持红令旗立于岸礁暗示，湿热轻装，不用西师皮裘。,骨架,孙士毅 两广总督、一等轻车都尉 台湾前二十 林爽文之役 紫光阁
QH-ZG-0210,xusizeng,徐嗣曾,,福建巡抚,台湾前二十,林爽文之役,10,御笔平定台湾二十功臣像赞第10名。五十幅分前二十、后三十。,未见御制赞回库,,未见本库已回的御制赞原文；位列据《日下旧闻考》转述及通行表，待核文集,据通行表，以「福建巡抚」入台湾前二十第10名。事迹须回该役方略、列传，本条只证位列，不编战史。,《日下旧闻考》转述及通行紫光阁功臣表；后出转写，待核原书卷页,生成,media/ziguangge-xusizeng.webp,本库据史料题名、旗籍与像赞语气生成的乾隆宫廷功臣画像风格示意图,本库自制（CC BY 4.0 文本规则下的生成图；非原像）,据史料描述生成，非原像。不是紫光阁原轴、不是清宫摹本，不得当作相貌证据。,徐嗣曾（中枢/督抚）：绀色蟒袍无甲，持藏边驿报，无刀枪。,骨架,徐嗣曾 福建巡抚 台湾前二十 林爽文之役 紫光阁
QH-ZG-0211,ehui,鄂辉,,成都将军、法什尚阿巴图鲁、云骑尉,台湾前二十,林爽文之役,11,御笔平定台湾二十功臣像赞第11名。五十幅分前二十、后三十。,未见御制赞回库,,未见本库已回的御制赞原文；位列据《日下旧闻考》转述及通行表，待核文集,据通行表，以「成都将军、法什尚阿巴图鲁、云骑尉」入台湾前二十第11名。事迹须回该役方略、列传，本条只证位列，不编战史。,《日下旧闻考》转述及通行紫光阁功臣表；后出转写，待核原书卷页,生成,media/ziguangge-ehui.webp,本库据史料题名、旗籍与像赞语气生成的乾隆宫廷功臣画像风格示意图,本库自制（CC BY 4.0 文本规则下的生成图；非原像）,据史料描述生成，非原像。不是紫光阁原轴、不是清宫摹本，不得当作相貌证据。,鄂辉（林爽文之役）：藤盔验火药罐，湿热轻装，不用西师皮裘。,骨架,鄂辉 成都将军、法什尚阿巴图鲁、云骑尉 台湾前二十 林爽文之役 紫光阁
QH-ZG-0212,shuliang-tw,舒亮,,护军统领、穆腾额巴图鲁、云骑尉,台湾前二十,林爽文之役,12,御笔平定台湾二十功臣像赞第12名。五十幅分前二十、后三十。,未见御制赞回库,,未见本库已回的御制赞原文；位列据《日下旧闻考》转述及通行表，待核文集,据通行表，以「护军统领、穆腾额巴图鲁、云骑尉」入台湾前二十第12名。事迹须回该役方略、列传，本条只证位列，不编战史。,《日下旧闻考》转述及通行紫光阁功臣表；后出转写，待核原书卷页,生成,media/ziguangge-shuliang-tw.webp,本库据史料题名、旗籍与像赞语气生成的乾隆宫廷功臣画像风格示意图,本库自制（CC BY 4.0 文本规则下的生成图；非原像）,据史料描述生成，非原像。不是紫光阁原轴、不是清宫摹本，不得当作相貌证据。,舒亮（林爽文之役）：藤牌在左、短刀在右的水师步战姿，湿热轻装，不用西师皮裘。,骨架,舒亮 护军统领、穆腾额巴图鲁、云骑尉 台湾前二十 林爽文之役 紫光阁
QH-ZG-0213,puerpu-tw,普尔普,,护军统领、沙尔玛海巴图鲁、三等奋勇男、云骑尉,台湾前二十,林爽文之役,13,御笔平定台湾二十功臣像赞第13名。五十幅分前二十、后三十。,未见御制赞回库,,未见本库已回的御制赞原文；位列据《日下旧闻考》转述及通行表，待核文集,据通行表，以「护军统领、沙尔玛海巴图鲁、三等奋勇男、云骑尉」入台湾前二十第13名。事迹须回该役方略、列传，本条只证位列，不编战史。,《日下旧闻考》转述及通行紫光阁功臣表；后出转写，待核原书卷页,生成,media/ziguangge-puerpu-tw.webp,本库据史料题名、旗籍与像赞语气生成的乾隆宫廷功臣画像风格示意图,本库自制（CC BY 4.0 文本规则下的生成图；非原像）,据史料描述生成，非原像。不是紫光阁原轴、不是清宫摹本，不得当作相貌证据。,普尔普（林爽文之役）：浅褐棉甲肩扛鸟枪，斗笠挂腰，湿热轻装，不用西师皮裘。,骨架,普尔普 护军统领、沙尔玛海巴图鲁、三等奋勇男、云骑尉 台湾前二十 林爽文之役 紫光阁
QH-ZG-0214,caipanlong,蔡攀龙,,福建水师提督、健勇巴图鲁,台湾前二十,林爽文之役,14,御笔平定台湾二十功臣像赞第14名。五十幅分前二十、后三十。,未见御制赞回库,,未见本库已回的御制赞原文；位列据《日下旧闻考》转述及通行表，待核文集,据通行表，以「福建水师提督、健勇巴图鲁」入台湾前二十第14名。事迹须回该役方略、列传，本条只证位列，不编战史。,《日下旧闻考》转述及通行紫光阁功臣表；后出转写，待核原书卷页,生成,media/ziguangge-caipanlong.webp,本库据史料题名、旗籍与像赞语气生成的乾隆宫廷功臣画像风格示意图,本库自制（CC BY 4.0 文本规则下的生成图；非原像）,据史料描述生成，非原像。不是紫光阁原轴、不是清宫摹本，不得当作相貌证据。,蔡攀龙（林爽文之役）：绿营铁甲按锚形令箭，湿热轻装，不用西师皮裘。,骨架,蔡攀龙 福建水师提督、健勇巴图鲁 台湾前二十 林爽文之役 紫光阁
QH-ZG-0215,liangchaogui-tw,梁朝桂,,福建陆路提督、奋勇巴图鲁,台湾前二十,林爽文之役,15,御笔平定台湾二十功臣像赞第15名。五十幅分前二十、后三十。,未见御制赞回库,,未见本库已回的御制赞原文；位列据《日下旧闻考》转述及通行表，待核文集,据通行表，以「福建陆路提督、奋勇巴图鲁」入台湾前二十第15名。事迹须回该役方略、列传，本条只证位列，不编战史。,《日下旧闻考》转述及通行紫光阁功臣表；后出转写，待核原书卷页,生成,media/ziguangge-liangchaogui-tw.webp,本库据史料题名、旗籍与像赞语气生成的乾隆宫廷功臣画像风格示意图,本库自制（CC BY 4.0 文本规则下的生成图；非原像）,据史料描述生成，非原像。不是紫光阁原轴、不是清宫摹本，不得当作相貌证据。,梁朝桂（林爽文之役）：黄马褂持红令旗立于岸礁暗示，湿热轻装，不用西师皮裘。,骨架,梁朝桂 福建陆路提督、奋勇巴图鲁 台湾前二十 林爽文之役 紫光阁
QH-ZG-0216,xushiheng-tw,许世亨,,浙江提督、坚勇巴图鲁,台湾前二十,林爽文之役,16,御笔平定台湾二十功臣像赞第16名。五十幅分前二十、后三十。,未见御制赞回库,,未见本库已回的御制赞原文；位列据《日下旧闻考》转述及通行表，待核文集,据通行表，以「浙江提督、坚勇巴图鲁」入台湾前二十第16名。事迹须回该役方略、列传，本条只证位列，不编战史。,《日下旧闻考》转述及通行紫光阁功臣表；后出转写，待核原书卷页,生成,media/ziguangge-xushiheng-tw.webp,本库据史料题名、旗籍与像赞语气生成的乾隆宫廷功臣画像风格示意图,本库自制（CC BY 4.0 文本规则下的生成图；非原像）,据史料描述生成，非原像。不是紫光阁原轴、不是清宫摹本，不得当作相貌证据。,许世亨（林爽文之役）：轻甲回身抽刀，撒袋空置，湿热轻装，不用西师皮裘。,骨架,许世亨 浙江提督、坚勇巴图鲁 台湾前二十 林爽文之役 紫光阁
QH-ZG-0217,mukedenga,穆克登阿,,四川松潘镇总兵、奋图礼巴图鲁,台湾前二十,林爽文之役,17,御笔平定台湾二十功臣像赞第17名。五十幅分前二十、后三十。,未见御制赞回库,,未见本库已回的御制赞原文；位列据《日下旧闻考》转述及通行表，待核文集,据通行表，以「四川松潘镇总兵、奋图礼巴图鲁」入台湾前二十第17名。事迹须回该役方略、列传，本条只证位列，不编战史。,《日下旧闻考》转述及通行紫光阁功臣表；后出转写，待核原书卷页,生成,media/ziguangge-mukedenga.webp,本库据史料题名、旗籍与像赞语气生成的乾隆宫廷功臣画像风格示意图,本库自制（CC BY 4.0 文本规则下的生成图；非原像）,据史料描述生成，非原像。不是紫光阁原轴、不是清宫摹本，不得当作相貌证据。,穆克登阿（林爽文之役）：藤盔验火药罐，湿热轻装，不用西师皮裘。,骨架,穆克登阿 四川松潘镇总兵、奋图礼巴图鲁 台湾前二十 林爽文之役 紫光阁
QH-ZG-0218,zhangzhiyuan,张芝元,,四川建昌镇总兵、札敦巴巴图鲁,台湾前二十,林爽文之役,18,御笔平定台湾二十功臣像赞第18名。五十幅分前二十、后三十。,未见御制赞回库,,未见本库已回的御制赞原文；位列据《日下旧闻考》转述及通行表，待核文集,据通行表，以「四川建昌镇总兵、札敦巴巴图鲁」入台湾前二十第18名。事迹须回该役方略、列传，本条只证位列，不编战史。,《日下旧闻考》转述及通行紫光阁功臣表；后出转写，待核原书卷页,生成,media/ziguangge-zhangzhiyuan.webp,本库据史料题名、旗籍与像赞语气生成的乾隆宫廷功臣画像风格示意图,本库自制（CC BY 4.0 文本规则下的生成图；非原像）,据史料描述生成，非原像。不是紫光阁原轴、不是清宫摹本，不得当作相貌证据。,张芝元（林爽文之役）：藤牌在左、短刀在右的水师步战姿，湿热轻装，不用西师皮裘。,骨架,张芝元 四川建昌镇总兵、札敦巴巴图鲁 台湾前二十 林爽文之役 紫光阁
QH-ZG-0219,pujibao,普吉保,,台湾镇总兵、冲捷巴图鲁,台湾前二十,林爽文之役,19,御笔平定台湾二十功臣像赞第19名。五十幅分前二十、后三十。,未见御制赞回库,,未见本库已回的御制赞原文；位列据《日下旧闻考》转述及通行表，待核文集,据通行表，以「台湾镇总兵、冲捷巴图鲁」入台湾前二十第19名。事迹须回该役方略、列传，本条只证位列，不编战史。,《日下旧闻考》转述及通行紫光阁功臣表；后出转写，待核原书卷页,生成,media/ziguangge-pujibao.webp,本库据史料题名、旗籍与像赞语气生成的乾隆宫廷功臣画像风格示意图,本库自制（CC BY 4.0 文本规则下的生成图；非原像）,据史料描述生成，非原像。不是紫光阁原轴、不是清宫摹本，不得当作相貌证据。,普吉保（林爽文之役）：浅褐棉甲肩扛鸟枪，斗笠挂腰，湿热轻装，不用西师皮裘。,骨架,普吉保 台湾镇总兵、冲捷巴图鲁 台湾前二十 林爽文之役 紫光阁
QH-ZG-0220,mutaer-tw,穆塔尔,,散秩大臣、赞巴巴图鲁、四川土参将,台湾前二十,林爽文之役,20,御笔平定台湾二十功臣像赞第20名。五十幅分前二十、后三十。,未见御制赞回库,,未见本库已回的御制赞原文；位列据《日下旧闻考》转述及通行表，待核文集,据通行表，以「散秩大臣、赞巴巴图鲁、四川土参将」入台湾前二十第20名。事迹须回该役方略、列传，本条只证位列，不编战史。,《日下旧闻考》转述及通行紫光阁功臣表；后出转写，待核原书卷页,生成,media/ziguangge-mutaer-tw.webp,本库据史料题名、旗籍与像赞语气生成的乾隆宫廷功臣画像风格示意图,本库自制（CC BY 4.0 文本规则下的生成图；非原像）,据史料描述生成，非原像。不是紫光阁原轴、不是清宫摹本，不得当作相貌证据。,穆塔尔（台湾土司/屯练）：披氆氇按刀立于石碉侧，不穿满洲朝珠套装。,骨架,穆塔尔 散秩大臣、赞巴巴图鲁、四川土参将 台湾前二十 林爽文之役 紫光阁
QH-ZG-0221,wushihada-tw,乌什哈达,,吉林副都统、法福礼巴图鲁,台湾后三十,林爽文之役,1,平定台湾后三十功臣第1名。儒臣拟赞，原文未回库。,儒臣代撰（原文未回库）,,未见本库已回的御制赞原文；位列据《日下旧闻考》转述及通行表，待核文集,据通行表，以「吉林副都统、法福礼巴图鲁」入台湾后三十第1名。事迹须回该役方略、列传，本条只证位列，不编战史。,《日下旧闻考》转述及通行紫光阁功臣表；后出转写，待核原书卷页,生成,media/ziguangge-wushihada-tw.webp,本库据史料题名、旗籍与像赞语气生成的乾隆宫廷功臣画像风格示意图,本库自制（CC BY 4.0 文本规则下的生成图；非原像）,据史料描述生成，非原像。不是紫光阁原轴、不是清宫摹本，不得当作相貌证据。,乌什哈达（林爽文之役）：浅褐棉甲肩扛鸟枪，斗笠挂腰，湿热轻装，不用西师皮裘。,骨架,乌什哈达 吉林副都统、法福礼巴图鲁 台湾后三十 林爽文之役 紫光阁
QH-ZG-0222,daisenbao-tw,岱森保,,署正白旗蒙古副都统、布陇巴图鲁,台湾后三十,林爽文之役,2,平定台湾后三十功臣第2名。儒臣拟赞，原文未回库。,儒臣代撰（原文未回库）,,未见本库已回的御制赞原文；位列据《日下旧闻考》转述及通行表，待核文集,据通行表，以「署正白旗蒙古副都统、布陇巴图鲁」入台湾后三十第2名。事迹须回该役方略、列传，本条只证位列，不编战史。,《日下旧闻考》转述及通行紫光阁功臣表；后出转写，待核原书卷页,生成,media/ziguangge-daisenbao-tw.webp,本库据史料题名、旗籍与像赞语气生成的乾隆宫廷功臣画像风格示意图,本库自制（CC BY 4.0 文本规则下的生成图；非原像）,据史料描述生成，非原像。不是紫光阁原轴、不是清宫摹本，不得当作相貌证据。,岱森保（林爽文之役）：绿营铁甲按锚形令箭，湿热轻装，不用西师皮裘。,骨架,岱森保 署正白旗蒙古副都统、布陇巴图鲁 台湾后三十 林爽文之役 紫光阁
QH-ZG-0223,yuanguohuang,袁国璜,,江南狼山镇总兵、坚勇巴图鲁,台湾后三十,林爽文之役,3,平定台湾后三十功臣第3名。儒臣拟赞，原文未回库。,儒臣代撰（原文未回库）,,未见本库已回的御制赞原文；位列据《日下旧闻考》转述及通行表，待核文集,据通行表，以「江南狼山镇总兵、坚勇巴图鲁」入台湾后三十第3名。事迹须回该役方略、列传，本条只证位列，不编战史。,《日下旧闻考》转述及通行紫光阁功臣表；后出转写，待核原书卷页,生成,media/ziguangge-yuanguohuang.webp,本库据史料题名、旗籍与像赞语气生成的乾隆宫廷功臣画像风格示意图,本库自制（CC BY 4.0 文本规则下的生成图；非原像）,据史料描述生成，非原像。不是紫光阁原轴、不是清宫摹本，不得当作相貌证据。,袁国璜（林爽文之役）：黄马褂持红令旗立于岸礁暗示，湿热轻装，不用西师皮裘。,骨架,袁国璜 江南狼山镇总兵、坚勇巴图鲁 台湾后三十 林爽文之役 紫光阁
QH-ZG-0224,zhangchaolong,张朝龙,,南澳镇总兵、诚勇巴图鲁,台湾后三十,林爽文之役,4,平定台湾后三十功臣第4名。儒臣拟赞，原文未回库。,儒臣代撰（原文未回库）,,未见本库已回的御制赞原文；位列据《日下旧闻考》转述及通行表，待核文集,据通行表，以「南澳镇总兵、诚勇巴图鲁」入台湾后三十第4名。事迹须回该役方略、列传，本条只证位列，不编战史。,《日下旧闻考》转述及通行紫光阁功臣表；后出转写，待核原书卷页,生成,media/ziguangge-zhangchaolong.webp,本库据史料题名、旗籍与像赞语气生成的乾隆宫廷功臣画像风格示意图,本库自制（CC BY 4.0 文本规则下的生成图；非原像）,据史料描述生成，非原像。不是紫光阁原轴、不是清宫摹本，不得当作相貌证据。,张朝龙（林爽文之役）：轻甲回身抽刀，撒袋空置，湿热轻装，不用西师皮裘。,骨架,张朝龙 南澳镇总兵、诚勇巴图鲁 台湾后三十 林爽文之役 紫光阁
QH-ZG-0225,terdenche-tw,特尔登彻,,原副都统衔总管、舒克丹巴图鲁,台湾后三十,林爽文之役,5,平定台湾后三十功臣第5名。儒臣拟赞，原文未回库。,儒臣代撰（原文未回库）,,未见本库已回的御制赞原文；位列据《日下旧闻考》转述及通行表，待核文集,据通行表，以「原副都统衔总管、舒克丹巴图鲁」入台湾后三十第5名。事迹须回该役方略、列传，本条只证位列，不编战史。,《日下旧闻考》转述及通行紫光阁功臣表；后出转写，待核原书卷页,生成,media/ziguangge-terdenche-tw.webp,本库据史料题名、旗籍与像赞语气生成的乾隆宫廷功臣画像风格示意图,本库自制（CC BY 4.0 文本规则下的生成图；非原像）,据史料描述生成，非原像。不是紫光阁原轴、不是清宫摹本，不得当作相貌证据。,特尔登彻（林爽文之役）：藤盔验火药罐，湿热轻装，不用西师皮裘。,骨架,特尔登彻 原副都统衔总管、舒克丹巴图鲁 台湾后三十 林爽文之役 紫光阁
QH-ZG-0226,bobin,博宾,,副都统衔头等侍卫、呼嵩额巴图鲁,台湾后三十,林爽文之役,6,平定台湾后三十功臣第6名。儒臣拟赞，原文未回库。,儒臣代撰（原文未回库）,,未见本库已回的御制赞原文；位列据《日下旧闻考》转述及通行表，待核文集,据通行表，以「副都统衔头等侍卫、呼嵩额巴图鲁」入台湾后三十第6名。事迹须回该役方略、列传，本条只证位列，不编战史。,《日下旧闻考》转述及通行紫光阁功臣表；后出转写，待核原书卷页,生成,media/ziguangge-bobin.webp,本库据史料题名、旗籍与像赞语气生成的乾隆宫廷功臣画像风格示意图,本库自制（CC BY 4.0 文本规则下的生成图；非原像）,据史料描述生成，非原像。不是紫光阁原轴、不是清宫摹本，不得当作相貌证据。,博宾（林爽文之役）：藤牌在左、短刀在右的水师步战姿，湿热轻装，不用西师皮裘。,骨架,博宾 副都统衔头等侍卫、呼嵩额巴图鲁 台湾后三十 林爽文之役 紫光阁
QH-ZG-0227,guanfubin,官福宾,,广东肇庆协副将、库尔库巴图鲁,台湾后三十,林爽文之役,7,平定台湾后三十功臣第7名。儒臣拟赞，原文未回库。,儒臣代撰（原文未回库）,,未见本库已回的御制赞原文；位列据《日下旧闻考》转述及通行表，待核文集,据通行表，以「广东肇庆协副将、库尔库巴图鲁」入台湾后三十第7名。事迹须回该役方略、列传，本条只证位列，不编战史。,《日下旧闻考》转述及通行紫光阁功臣表；后出转写，待核原书卷页,生成,media/ziguangge-guanfubin.webp,本库据史料题名、旗籍与像赞语气生成的乾隆宫廷功臣画像风格示意图,本库自制（CC BY 4.0 文本规则下的生成图；非原像）,据史料描述生成，非原像。不是紫光阁原轴、不是清宫摹本，不得当作相貌证据。,官福宾（林爽文之役）：浅褐棉甲肩扛鸟枪，斗笠挂腰，湿热轻装，不用西师皮裘。,骨架,官福宾 广东肇庆协副将、库尔库巴图鲁 台湾后三十 林爽文之役 紫光阁
QH-ZG-0228,eldengbao-tw,额尔登保,,头等侍卫、和隆武巴图鲁,台湾后三十,林爽文之役,8,平定台湾后三十功臣第8名。儒臣拟赞，原文未回库。,儒臣代撰（原文未回库）,,未见本库已回的御制赞原文；位列据《日下旧闻考》转述及通行表，待核文集,据通行表，以「头等侍卫、和隆武巴图鲁」入台湾后三十第8名。事迹须回该役方略、列传，本条只证位列，不编战史。,《日下旧闻考》转述及通行紫光阁功臣表；后出转写，待核原书卷页,生成,media/ziguangge-eldengbao-tw.webp,本库据史料题名、旗籍与像赞语气生成的乾隆宫廷功臣画像风格示意图,本库自制（CC BY 4.0 文本规则下的生成图；非原像）,据史料描述生成，非原像。不是紫光阁原轴、不是清宫摹本，不得当作相貌证据。,额尔登保（林爽文之役）：绿营铁甲按锚形令箭，湿热轻装，不用西师皮裘。,骨架,额尔登保 头等侍卫、和隆武巴图鲁 台湾后三十 林爽文之役 紫光阁
QH-ZG-0229,chunning,春宁,,头等侍卫、费扬阿巴图鲁,台湾后三十,林爽文之役,9,平定台湾后三十功臣第9名。儒臣拟赞，原文未回库。,儒臣代撰（原文未回库）,,未见本库已回的御制赞原文；位列据《日下旧闻考》转述及通行表，待核文集,据通行表，以「头等侍卫、费扬阿巴图鲁」入台湾后三十第9名。事迹须回该役方略、列传，本条只证位列，不编战史。,《日下旧闻考》转述及通行紫光阁功臣表；后出转写，待核原书卷页,生成,media/ziguangge-chunning.webp,本库据史料题名、旗籍与像赞语气生成的乾隆宫廷功臣画像风格示意图,本库自制（CC BY 4.0 文本规则下的生成图；非原像）,据史料描述生成，非原像。不是紫光阁原轴、不是清宫摹本，不得当作相貌证据。,春宁（林爽文之役）：黄马褂持红令旗立于岸礁暗示，湿热轻装，不用西师皮裘。,骨架,春宁 头等侍卫、费扬阿巴图鲁 台湾后三十 林爽文之役 紫光阁
QH-ZG-0230,amurta,阿穆尔塔,,头等侍卫佐领、能登额巴图鲁,台湾后三十,林爽文之役,10,平定台湾后三十功臣第10名。儒臣拟赞，原文未回库。,儒臣代撰（原文未回库）,,未见本库已回的御制赞原文；位列据《日下旧闻考》转述及通行表，待核文集,据通行表，以「头等侍卫佐领、能登额巴图鲁」入台湾后三十第10名。事迹须回该役方略、列传，本条只证位列，不编战史。,《日下旧闻考》转述及通行紫光阁功臣表；后出转写，待核原书卷页,生成,media/ziguangge-amurta.webp,本库据史料题名、旗籍与像赞语气生成的乾隆宫廷功臣画像风格示意图,本库自制（CC BY 4.0 文本规则下的生成图；非原像）,据史料描述生成，非原像。不是紫光阁原轴、不是清宫摹本，不得当作相貌证据。,阿穆尔塔（林爽文之役）：轻甲回身抽刀，撒袋空置，湿热轻装，不用西师皮裘。,骨架,阿穆尔塔 头等侍卫佐领、能登额巴图鲁 台湾后三十 林爽文之役 紫光阁
QH-ZG-0231,saichonga,赛崇阿,,健锐营前锋参领、斐灵阿巴图鲁,台湾后三十,林爽文之役,11,平定台湾后三十功臣第11名。儒臣拟赞，原文未回库。,儒臣代撰（原文未回库）,,未见本库已回的御制赞原文；位列据《日下旧闻考》转述及通行表，待核文集,据通行表，以「健锐营前锋参领、斐灵阿巴图鲁」入台湾后三十第11名。事迹须回该役方略、列传，本条只证位列，不编战史。,《日下旧闻考》转述及通行紫光阁功臣表；后出转写，待核原书卷页,生成,media/ziguangge-saichonga.webp,本库据史料题名、旗籍与像赞语气生成的乾隆宫廷功臣画像风格示意图,本库自制（CC BY 4.0 文本规则下的生成图；非原像）,据史料描述生成，非原像。不是紫光阁原轴、不是清宫摹本，不得当作相貌证据。,赛崇阿（林爽文之役）：藤盔验火药罐，湿热轻装，不用西师皮裘。,骨架,赛崇阿 健锐营前锋参领、斐灵阿巴图鲁 台湾后三十 林爽文之役 紫光阁
QH-ZG-0232,shuoyunbao,硕允保,,护军参领、锡林巴图鲁,台湾后三十,林爽文之役,12,平定台湾后三十功臣第12名。儒臣拟赞，原文未回库。,儒臣代撰（原文未回库）,,未见本库已回的御制赞原文；位列据《日下旧闻考》转述及通行表，待核文集,据通行表，以「护军参领、锡林巴图鲁」入台湾后三十第12名。事迹须回该役方略、列传，本条只证位列，不编战史。,《日下旧闻考》转述及通行紫光阁功臣表；后出转写，待核原书卷页,生成,media/ziguangge-shuoyunbao.webp,本库据史料题名、旗籍与像赞语气生成的乾隆宫廷功臣画像风格示意图,本库自制（CC BY 4.0 文本规则下的生成图；非原像）,据史料描述生成，非原像。不是紫光阁原轴、不是清宫摹本，不得当作相貌证据。,硕允保（林爽文之役）：藤牌在左、短刀在右的水师步战姿，湿热轻装，不用西师皮裘。,骨架,硕允保 护军参领、锡林巴图鲁 台湾后三十 林爽文之役 紫光阁
QH-ZG-0233,wanting,万廷,,护军参领、喀尔春巴图鲁,台湾后三十,林爽文之役,13,平定台湾后三十功臣第13名。儒臣拟赞，原文未回库。,儒臣代撰（原文未回库）,,未见本库已回的御制赞原文；位列据《日下旧闻考》转述及通行表，待核文集,据通行表，以「护军参领、喀尔春巴图鲁」入台湾后三十第13名。事迹须回该役方略、列传，本条只证位列，不编战史。,《日下旧闻考》转述及通行紫光阁功臣表；后出转写，待核原书卷页,生成,media/ziguangge-wanting.webp,本库据史料题名、旗籍与像赞语气生成的乾隆宫廷功臣画像风格示意图,本库自制（CC BY 4.0 文本规则下的生成图；非原像）,据史料描述生成，非原像。不是紫光阁原轴、不是清宫摹本，不得当作相貌证据。,万廷（林爽文之役）：浅褐棉甲肩扛鸟枪，斗笠挂腰，湿热轻装，不用西师皮裘。,骨架,万廷 护军参领、喀尔春巴图鲁 台湾后三十 林爽文之役 紫光阁
QH-ZG-0234,wuzongmao,吴宗茂,,兰州城守参将、果勇巴图鲁,台湾后三十,林爽文之役,14,平定台湾后三十功臣第14名。儒臣拟赞，原文未回库。,儒臣代撰（原文未回库）,,未见本库已回的御制赞原文；位列据《日下旧闻考》转述及通行表，待核文集,据通行表，以「兰州城守参将、果勇巴图鲁」入台湾后三十第14名。事迹须回该役方略、列传，本条只证位列，不编战史。,《日下旧闻考》转述及通行紫光阁功臣表；后出转写，待核原书卷页,生成,media/ziguangge-wuzongmao.webp,本库据史料题名、旗籍与像赞语气生成的乾隆宫廷功臣画像风格示意图,本库自制（CC BY 4.0 文本规则下的生成图；非原像）,据史料描述生成，非原像。不是紫光阁原轴、不是清宫摹本，不得当作相貌证据。,吴宗茂（林爽文之役）：绿营铁甲按锚形令箭，湿热轻装，不用西师皮裘。,骨架,吴宗茂 兰州城守参将、果勇巴图鲁 台湾后三十 林爽文之役 紫光阁
QH-ZG-0235,xijintai,锡津泰,,副前锋参领、发拉萨台巴图鲁,台湾后三十,林爽文之役,15,平定台湾后三十功臣第15名。儒臣拟赞，原文未回库。,儒臣代撰（原文未回库）,,未见本库已回的御制赞原文；位列据《日下旧闻考》转述及通行表，待核文集,据通行表，以「副前锋参领、发拉萨台巴图鲁」入台湾后三十第15名。事迹须回该役方略、列传，本条只证位列，不编战史。,《日下旧闻考》转述及通行紫光阁功臣表；后出转写，待核原书卷页,生成,media/ziguangge-xijintai.webp,本库据史料题名、旗籍与像赞语气生成的乾隆宫廷功臣画像风格示意图,本库自制（CC BY 4.0 文本规则下的生成图；非原像）,据史料描述生成，非原像。不是紫光阁原轴、不是清宫摹本，不得当作相貌证据。,锡津泰（林爽文之役）：黄马褂持红令旗立于岸礁暗示，湿热轻装，不用西师皮裘。,骨架,锡津泰 副前锋参领、发拉萨台巴图鲁 台湾后三十 林爽文之役 紫光阁
QH-ZG-0236,yanjinbao,彦津保,,副前锋参领、哲布铿额巴图鲁,台湾后三十,林爽文之役,16,平定台湾后三十功臣第16名。儒臣拟赞，原文未回库。,儒臣代撰（原文未回库）,,未见本库已回的御制赞原文；位列据《日下旧闻考》转述及通行表，待核文集,据通行表，以「副前锋参领、哲布铿额巴图鲁」入台湾后三十第16名。事迹须回该役方略、列传，本条只证位列，不编战史。,《日下旧闻考》转述及通行紫光阁功臣表；后出转写，待核原书卷页,生成,media/ziguangge-yanjinbao.webp,本库据史料题名、旗籍与像赞语气生成的乾隆宫廷功臣画像风格示意图,本库自制（CC BY 4.0 文本规则下的生成图；非原像）,据史料描述生成，非原像。不是紫光阁原轴、不是清宫摹本，不得当作相貌证据。,彦津保（林爽文之役）：轻甲回身抽刀，撒袋空置，湿热轻装，不用西师皮裘。,骨架,彦津保 副前锋参领、哲布铿额巴图鲁 台湾后三十 林爽文之役 紫光阁
QH-ZG-0237,wude,五德,,吉林佐领、噶尔萨巴图鲁,台湾后三十,林爽文之役,17,平定台湾后三十功臣第17名。儒臣拟赞，原文未回库。,儒臣代撰（原文未回库）,,未见本库已回的御制赞原文；位列据《日下旧闻考》转述及通行表，待核文集,据通行表，以「吉林佐领、噶尔萨巴图鲁」入台湾后三十第17名。事迹须回该役方略、列传，本条只证位列，不编战史。,《日下旧闻考》转述及通行紫光阁功臣表；后出转写，待核原书卷页,生成,media/ziguangge-wude.webp,本库据史料题名、旗籍与像赞语气生成的乾隆宫廷功臣画像风格示意图,本库自制（CC BY 4.0 文本规则下的生成图；非原像）,据史料描述生成，非原像。不是紫光阁原轴、不是清宫摹本，不得当作相貌证据。,五德（林爽文之役）：藤盔验火药罐，湿热轻装，不用西师皮裘。,骨架,五德 吉林佐领、噶尔萨巴图鲁 台湾后三十 林爽文之役 紫光阁
QH-ZG-0238,sanyinku,三音库,,三等侍卫、达春巴图鲁,台湾后三十,林爽文之役,18,平定台湾后三十功臣第18名。儒臣拟赞，原文未回库。,儒臣代撰（原文未回库）,,未见本库已回的御制赞原文；位列据《日下旧闻考》转述及通行表，待核文集,据通行表，以「三等侍卫、达春巴图鲁」入台湾后三十第18名。事迹须回该役方略、列传，本条只证位列，不编战史。,《日下旧闻考》转述及通行紫光阁功臣表；后出转写，待核原书卷页,生成,media/ziguangge-sanyinku.webp,本库据史料题名、旗籍与像赞语气生成的乾隆宫廷功臣画像风格示意图,本库自制（CC BY 4.0 文本规则下的生成图；非原像）,据史料描述生成，非原像。不是紫光阁原轴、不是清宫摹本，不得当作相貌证据。,三音库（林爽文之役）：藤牌在左、短刀在右的水师步战姿，湿热轻装，不用西师皮裘。,骨架,三音库 三等侍卫、达春巴图鲁 台湾后三十 林爽文之役 紫光阁
QH-ZG-0239,tunbao,屯保,,三等侍卫、什勒敏巴图鲁,台湾后三十,林爽文之役,19,平定台湾后三十功臣第19名。儒臣拟赞，原文未回库。,儒臣代撰（原文未回库）,,未见本库已回的御制赞原文；位列据《日下旧闻考》转述及通行表，待核文集,据通行表，以「三等侍卫、什勒敏巴图鲁」入台湾后三十第19名。事迹须回该役方略、列传，本条只证位列，不编战史。,《日下旧闻考》转述及通行紫光阁功臣表；后出转写，待核原书卷页,生成,media/ziguangge-tunbao.webp,本库据史料题名、旗籍与像赞语气生成的乾隆宫廷功臣画像风格示意图,本库自制（CC BY 4.0 文本规则下的生成图；非原像）,据史料描述生成，非原像。不是紫光阁原轴、不是清宫摹本，不得当作相貌证据。,屯保（林爽文之役）：浅褐棉甲肩扛鸟枪，斗笠挂腰，湿热轻装，不用西师皮裘。,骨架,屯保 三等侍卫、什勒敏巴图鲁 台湾后三十 林爽文之役 紫光阁
QH-ZG-0240,zheke,哲克,,三等侍卫、奇成额巴图鲁,台湾后三十,林爽文之役,20,平定台湾后三十功臣第20名。儒臣拟赞，原文未回库。,儒臣代撰（原文未回库）,,未见本库已回的御制赞原文；位列据《日下旧闻考》转述及通行表，待核文集,据通行表，以「三等侍卫、奇成额巴图鲁」入台湾后三十第20名。事迹须回该役方略、列传，本条只证位列，不编战史。,《日下旧闻考》转述及通行紫光阁功臣表；后出转写，待核原书卷页,生成,media/ziguangge-zheke.webp,本库据史料题名、旗籍与像赞语气生成的乾隆宫廷功臣画像风格示意图,本库自制（CC BY 4.0 文本规则下的生成图；非原像）,据史料描述生成，非原像。不是紫光阁原轴、不是清宫摹本，不得当作相貌证据。,哲克（林爽文之役）：绿营铁甲按锚形令箭，湿热轻装，不用西师皮裘。,骨架,哲克 三等侍卫、奇成额巴图鲁 台湾后三十 林爽文之役 紫光阁
QH-ZG-0241,saninga,萨宁阿,,三等侍卫、额尔克巴图鲁,台湾后三十,林爽文之役,21,平定台湾后三十功臣第21名。儒臣拟赞，原文未回库。,儒臣代撰（原文未回库）,,未见本库已回的御制赞原文；位列据《日下旧闻考》转述及通行表，待核文集,据通行表，以「三等侍卫、额尔克巴图鲁」入台湾后三十第21名。事迹须回该役方略、列传，本条只证位列，不编战史。,《日下旧闻考》转述及通行紫光阁功臣表；后出转写，待核原书卷页,生成,media/ziguangge-saninga.webp,本库据史料题名、旗籍与像赞语气生成的乾隆宫廷功臣画像风格示意图,本库自制（CC BY 4.0 文本规则下的生成图；非原像）,据史料描述生成，非原像。不是紫光阁原轴、不是清宫摹本，不得当作相貌证据。,萨宁阿（林爽文之役）：黄马褂持红令旗立于岸礁暗示，湿热轻装，不用西师皮裘。,骨架,萨宁阿 三等侍卫、额尔克巴图鲁 台湾后三十 林爽文之役 紫光阁
QH-ZG-0242,keshengge,克升额,,三等侍卫、额腾伊巴图鲁,台湾后三十,林爽文之役,22,平定台湾后三十功臣第22名。儒臣拟赞，原文未回库。,儒臣代撰（原文未回库）,,未见本库已回的御制赞原文；位列据《日下旧闻考》转述及通行表，待核文集,据通行表，以「三等侍卫、额腾伊巴图鲁」入台湾后三十第22名。事迹须回该役方略、列传，本条只证位列，不编战史。,《日下旧闻考》转述及通行紫光阁功臣表；后出转写，待核原书卷页,生成,media/ziguangge-keshengge.webp,本库据史料题名、旗籍与像赞语气生成的乾隆宫廷功臣画像风格示意图,本库自制（CC BY 4.0 文本规则下的生成图；非原像）,据史料描述生成，非原像。不是紫光阁原轴、不是清宫摹本，不得当作相貌证据。,克升额（林爽文之役）：轻甲回身抽刀，撒袋空置，湿热轻装，不用西师皮裘。,骨架,克升额 三等侍卫、额腾伊巴图鲁 台湾后三十 林爽文之役 紫光阁
QH-ZG-0243,sakdanbu,萨克丹布,,三等侍卫、伯奇图巴图鲁,台湾后三十,林爽文之役,23,平定台湾后三十功臣第23名。儒臣拟赞，原文未回库。,儒臣代撰（原文未回库）,,未见本库已回的御制赞原文；位列据《日下旧闻考》转述及通行表，待核文集,据通行表，以「三等侍卫、伯奇图巴图鲁」入台湾后三十第23名。事迹须回该役方略、列传，本条只证位列，不编战史。,《日下旧闻考》转述及通行紫光阁功臣表；后出转写，待核原书卷页,生成,media/ziguangge-sakdanbu.webp,本库据史料题名、旗籍与像赞语气生成的乾隆宫廷功臣画像风格示意图,本库自制（CC BY 4.0 文本规则下的生成图；非原像）,据史料描述生成，非原像。不是紫光阁原轴、不是清宫摹本，不得当作相貌证据。,萨克丹布（林爽文之役）：藤盔验火药罐，湿热轻装，不用西师皮裘。,骨架,萨克丹布 三等侍卫、伯奇图巴图鲁 台湾后三十 林爽文之役 紫光阁
QH-ZG-0244,bochuonuoke,博绰诺克,,三等侍卫、能登巴图鲁,台湾后三十,林爽文之役,24,平定台湾后三十功臣第24名。儒臣拟赞，原文未回库。,儒臣代撰（原文未回库）,,未见本库已回的御制赞原文；位列据《日下旧闻考》转述及通行表，待核文集,据通行表，以「三等侍卫、能登巴图鲁」入台湾后三十第24名。事迹须回该役方略、列传，本条只证位列，不编战史。,《日下旧闻考》转述及通行紫光阁功臣表；后出转写，待核原书卷页,生成,media/ziguangge-bochuonuoke.webp,本库据史料题名、旗籍与像赞语气生成的乾隆宫廷功臣画像风格示意图,本库自制（CC BY 4.0 文本规则下的生成图；非原像）,据史料描述生成，非原像。不是紫光阁原轴、不是清宫摹本，不得当作相貌证据。,博绰诺克（林爽文之役）：藤牌在左、短刀在右的水师步战姿，湿热轻装，不用西师皮裘。,骨架,博绰诺克 三等侍卫、能登巴图鲁 台湾后三十 林爽文之役 紫光阁
QH-ZG-0245,teledenge,特勒登额,,三等侍卫、珠勒星额巴图鲁,台湾后三十,林爽文之役,25,平定台湾后三十功臣第25名。儒臣拟赞，原文未回库。,儒臣代撰（原文未回库）,,未见本库已回的御制赞原文；位列据《日下旧闻考》转述及通行表，待核文集,据通行表，以「三等侍卫、珠勒星额巴图鲁」入台湾后三十第25名。事迹须回该役方略、列传，本条只证位列，不编战史。,《日下旧闻考》转述及通行紫光阁功臣表；后出转写，待核原书卷页,生成,media/ziguangge-teledenge.webp,本库据史料题名、旗籍与像赞语气生成的乾隆宫廷功臣画像风格示意图,本库自制（CC BY 4.0 文本规则下的生成图；非原像）,据史料描述生成，非原像。不是紫光阁原轴、不是清宫摹本，不得当作相貌证据。,特勒登额（林爽文之役）：浅褐棉甲肩扛鸟枪，斗笠挂腰，湿热轻装，不用西师皮裘。,骨架,特勒登额 三等侍卫、珠勒星额巴图鲁 台湾后三十 林爽文之役 紫光阁
QH-ZG-0246,bayantai,巴彦泰,,三等侍卫、扬桑阿巴图鲁,台湾后三十,林爽文之役,26,平定台湾后三十功臣第26名。儒臣拟赞，原文未回库。,儒臣代撰（原文未回库）,,未见本库已回的御制赞原文；位列据《日下旧闻考》转述及通行表，待核文集,据通行表，以「三等侍卫、扬桑阿巴图鲁」入台湾后三十第26名。事迹须回该役方略、列传，本条只证位列，不编战史。,《日下旧闻考》转述及通行紫光阁功臣表；后出转写，待核原书卷页,生成,media/ziguangge-bayantai.webp,本库据史料题名、旗籍与像赞语气生成的乾隆宫廷功臣画像风格示意图,本库自制（CC BY 4.0 文本规则下的生成图；非原像）,据史料描述生成，非原像。不是紫光阁原轴、不是清宫摹本，不得当作相貌证据。,巴彦泰（林爽文之役）：绿营铁甲按锚形令箭，湿热轻装，不用西师皮裘。,骨架,巴彦泰 三等侍卫、扬桑阿巴图鲁 台湾后三十 林爽文之役 紫光阁
QH-ZG-0247,dingxinai,定锡鼐,,三等侍卫、瑚东阿巴图鲁,台湾后三十,林爽文之役,27,平定台湾后三十功臣第27名。儒臣拟赞，原文未回库。,儒臣代撰（原文未回库）,,未见本库已回的御制赞原文；位列据《日下旧闻考》转述及通行表，待核文集,据通行表，以「三等侍卫、瑚东阿巴图鲁」入台湾后三十第27名。事迹须回该役方略、列传，本条只证位列，不编战史。,《日下旧闻考》转述及通行紫光阁功臣表；后出转写，待核原书卷页,生成,media/ziguangge-dingxinai.webp,本库据史料题名、旗籍与像赞语气生成的乾隆宫廷功臣画像风格示意图,本库自制（CC BY 4.0 文本规则下的生成图；非原像）,据史料描述生成，非原像。不是紫光阁原轴、不是清宫摹本，不得当作相貌证据。,定锡鼐（林爽文之役）：黄马褂持红令旗立于岸礁暗示，湿热轻装，不用西师皮裘。,骨架,定锡鼐 三等侍卫、瑚东阿巴图鲁 台湾后三十 林爽文之役 紫光阁
QH-ZG-0248,ahabao,阿哈保,,三等侍卫、锡特洪阿巴图鲁,台湾后三十,林爽文之役,28,平定台湾后三十功臣第28名。儒臣拟赞，原文未回库。,儒臣代撰（原文未回库）,,未见本库已回的御制赞原文；位列据《日下旧闻考》转述及通行表，待核文集,据通行表，以「三等侍卫、锡特洪阿巴图鲁」入台湾后三十第28名。事迹须回该役方略、列传，本条只证位列，不编战史。,《日下旧闻考》转述及通行紫光阁功臣表；后出转写，待核原书卷页,生成,media/ziguangge-ahabao.webp,本库据史料题名、旗籍与像赞语气生成的乾隆宫廷功臣画像风格示意图,本库自制（CC BY 4.0 文本规则下的生成图；非原像）,据史料描述生成，非原像。不是紫光阁原轴、不是清宫摹本，不得当作相貌证据。,阿哈保（林爽文之役）：轻甲回身抽刀，撒袋空置，湿热轻装，不用西师皮裘。,骨架,阿哈保 三等侍卫、锡特洪阿巴图鲁 台湾后三十 林爽文之役 紫光阁
QH-ZG-0249,danbaixilabu,丹拜锡拉布,,屯练二等侍卫、多布藏巴图鲁,台湾后三十,林爽文之役,29,平定台湾后三十功臣第29名。儒臣拟赞，原文未回库。,儒臣代撰（原文未回库）,,未见本库已回的御制赞原文；位列据《日下旧闻考》转述及通行表，待核文集,据通行表，以「屯练二等侍卫、多布藏巴图鲁」入台湾后三十第29名。事迹须回该役方略、列传，本条只证位列，不编战史。,《日下旧闻考》转述及通行紫光阁功臣表；后出转写，待核原书卷页,生成,media/ziguangge-danbaixilabu.webp,本库据史料题名、旗籍与像赞语气生成的乾隆宫廷功臣画像风格示意图,本库自制（CC BY 4.0 文本规则下的生成图；非原像）,据史料描述生成，非原像。不是紫光阁原轴、不是清宫摹本，不得当作相貌证据。,丹拜锡拉布（台湾土司/屯练）：藤帽短甲蹲验火药，不穿满洲朝珠套装。,骨架,丹拜锡拉布 屯练二等侍卫、多布藏巴图鲁 台湾后三十 林爽文之役 紫光阁
QH-ZG-0250,azhong-tw,阿忠,,屯练守备、扎克布巴图鲁,台湾后三十,林爽文之役,30,平定台湾后三十功臣第30名。儒臣拟赞，原文未回库。,儒臣代撰（原文未回库）,,未见本库已回的御制赞原文；位列据《日下旧闻考》转述及通行表，待核文集,据通行表，以「屯练守备、扎克布巴图鲁」入台湾后三十第30名。事迹须回该役方略、列传，本条只证位列，不编战史。,《日下旧闻考》转述及通行紫光阁功臣表；后出转写，待核原书卷页,生成,media/ziguangge-azhong-tw.webp,本库据史料题名、旗籍与像赞语气生成的乾隆宫廷功臣画像风格示意图,本库自制（CC BY 4.0 文本规则下的生成图；非原像）,据史料描述生成，非原像。不是紫光阁原轴、不是清宫摹本，不得当作相貌证据。,阿忠（台湾土司/屯练）：披氆氇按刀立于石碉侧，不穿满洲朝珠套装。,骨架,阿忠 屯练守备、扎克布巴图鲁 台湾后三十 林爽文之役 紫光阁
QH-ZG-0251,fukangan-gurkha,福康安,,大学士一等忠锐嘉勇公、两广总督,廓尔喀前十五,廓尔喀之役,1,平定廓尔喀十五功臣第1名。中枢与前敌须分开看。海兰察此条题「原任」，其人已卒于入图前后，待核传文。,未见御制赞回库,,未见本库已回的御制赞原文；位列据《日下旧闻考》转述及通行表，待核文集,据通行表，以「大学士一等忠锐嘉勇公、两广总督」入廓尔喀前十五第1名。事迹须回该役方略、列传，本条只证位列，不编战史。,《日下旧闻考》转述及通行紫光阁功臣表；后出转写，待核原书卷页,原图,media/ziguangge-fukangan.webp,https://commons.wikimedia.org/wiki/File:福康安.jpg,Public domain,公版传世像。福康安在金川、台湾、廓尔喀批次重出；是否紫光阁原轴待核。 本条复用 fukangan 的公版像，因跨批为同一人。,福康安（中枢/督抚）：绛褐补服捧奏匣，持朱批匣，无刀枪。,骨架,福康安 大学士一等忠锐嘉勇公、两广总督 廓尔喀前十五 廓尔喀之役 紫光阁
QH-ZG-0252,agui-gurkha,阿桂,,大学士一等诚谋英勇公,廓尔喀前十五,廓尔喀之役,2,平定廓尔喀十五功臣第2名。中枢与前敌须分开看。海兰察此条题「原任」，其人已卒于入图前后，待核传文。,未见御制赞回库,,未见本库已回的御制赞原文；位列据《日下旧闻考》转述及通行表，待核文集,据通行表，以「大学士一等诚谋英勇公」入廓尔喀前十五第2名。事迹须回该役方略、列传，本条只证位列，不编战史。,《日下旧闻考》转述及通行紫光阁功臣表；后出转写，待核原书卷页,原图,media/ziguangge-agui.webp,https://commons.wikimedia.org/wiki/File:Agui.jpg,Public domain,公版传世立像。是否紫光阁原轴、是否后世摹绘，文件页未写死，不作原轴认定。 本条复用 agui 的公版像，因跨批为同一人。,阿桂（中枢/督抚）：绀色蟒袍无甲，持台湾海图，无刀枪。,骨架,阿桂 大学士一等诚谋英勇公 廓尔喀前十五 廓尔喀之役 紫光阁
QH-ZG-0253,heshen-gurkha,和珅,,大学士三等忠襄伯,廓尔喀前十五,廓尔喀之役,3,平定廓尔喀十五功臣第3名。中枢与前敌须分开看。海兰察此条题「原任」，其人已卒于入图前后，待核传文。,未见御制赞回库,,未见本库已回的御制赞原文；位列据《日下旧闻考》转述及通行表，待核文集,据通行表，以「大学士三等忠襄伯」入廓尔喀前十五第3名。事迹须回该役方略、列传，本条只证位列，不编战史。,《日下旧闻考》转述及通行紫光阁功臣表；后出转写，待核原书卷页,原图,media/ziguangge-heshen.webp,https://commons.wikimedia.org/wiki/File:Heshen.jpg,Public domain,公版传世像，本库人物画像表已收。台湾、廓尔喀表列大学士和珅，属中枢入图，不是前线统兵。绘制年代依文件页待核。 本条复用 heshen 的公版像，因跨批为同一人。,和珅（中枢/督抚）：沉香色公服展军报，持金川碉卡图，无刀枪。,骨架,和珅 大学士三等忠襄伯 廓尔喀前十五 廓尔喀之役 紫光阁
QH-ZG-0254,wangjie-gk,王杰,,大学士,廓尔喀前十五,廓尔喀之役,4,平定廓尔喀十五功臣第4名。中枢与前敌须分开看。海兰察此条题「原任」，其人已卒于入图前后，待核传文。,未见御制赞回库,,未见本库已回的御制赞原文；位列据《日下旧闻考》转述及通行表，待核文集,据通行表，以「大学士」入廓尔喀前十五第4名。事迹须回该役方略、列传，本条只证位列，不编战史。,《日下旧闻考》转述及通行紫光阁功臣表；后出转写，待核原书卷页,生成,media/ziguangge-wangjie-gk.webp,本库据史料题名、旗籍与像赞语气生成的乾隆宫廷功臣画像风格示意图,本库自制（CC BY 4.0 文本规则下的生成图；非原像）,据史料描述生成，非原像。不是紫光阁原轴、不是清宫摹本，不得当作相貌证据。,王杰（中枢/督抚）：石青仙鹤补服，持藏边驿报，无刀枪。,骨架,王杰 大学士 廓尔喀前十五 廓尔喀之役 紫光阁
QH-ZG-0255,sunshiyi-gk,孙士毅,,大学士,廓尔喀前十五,廓尔喀之役,5,平定廓尔喀十五功臣第5名。中枢与前敌须分开看。海兰察此条题「原任」，其人已卒于入图前后，待核传文。,未见御制赞回库,,未见本库已回的御制赞原文；位列据《日下旧闻考》转述及通行表，待核文集,据通行表，以「大学士」入廓尔喀前十五第5名。事迹须回该役方略、列传，本条只证位列，不编战史。,《日下旧闻考》转述及通行紫光阁功臣表；后出转写，待核原书卷页,生成,media/ziguangge-sunshiyi-gk.webp,本库据史料题名、旗籍与像赞语气生成的乾隆宫廷功臣画像风格示意图,本库自制（CC BY 4.0 文本规则下的生成图；非原像）,据史料描述生成，非原像。不是紫光阁原轴、不是清宫摹本，不得当作相貌证据。,孙士毅（中枢/督抚）：绛褐补服捧奏匣，持廷寄封套，无刀枪。,骨架,孙士毅 大学士 廓尔喀前十五 廓尔喀之役 紫光阁
QH-ZG-0256,hailancha-gurkha,海兰察,,原任领侍卫内大臣一等超勇公,廓尔喀前十五,廓尔喀之役,6,平定廓尔喀十五功臣第6名。中枢与前敌须分开看。海兰察此条题「原任」，其人已卒于入图前后，待核传文。,未见御制赞回库,,未见本库已回的御制赞原文；位列据《日下旧闻考》转述及通行表，待核文集,据通行表，以「原任领侍卫内大臣一等超勇公」入廓尔喀前十五第6名。事迹须回该役方略、列传，本条只证位列，不编战史。,《日下旧闻考》转述及通行紫光阁功臣表；后出转写，待核原书卷页,原图,media/ziguangge-hailancha.webp,https://commons.wikimedia.org/wiki/File:海蘭察.jpg,Public domain,Commons 题作《御笔平定台湾二十功臣像赞》系统传世像，右侧有御笔题赞。用于海兰察相貌识别，不得写成西域前五十原轴已经对上。金川、台湾、廓尔喀批次重出，图可复用，不合并成一次入阁。 本条复用 hailancha 的公版像，因跨批为同一人。,海兰察（廓尔喀之役）：灰白皮裘铁甲，拄登山杖兼矛，高原装，不穿蓝龙袍拱手。,骨架,海兰察 原任领侍卫内大臣一等超勇公 廓尔喀前十五 廓尔喀之役 紫光阁
QH-ZG-0257,fuchangan-gk,福长安,,户部尚书,廓尔喀前十五,廓尔喀之役,7,平定廓尔喀十五功臣第7名。中枢与前敌须分开看。海兰察此条题「原任」，其人已卒于入图前后，待核传文。,未见御制赞回库,,未见本库已回的御制赞原文；位列据《日下旧闻考》转述及通行表，待核文集,据通行表，以「户部尚书」入廓尔喀前十五第7名。事迹须回该役方略、列传，本条只证位列，不编战史。,《日下旧闻考》转述及通行紫光阁功臣表；后出转写，待核原书卷页,生成,media/ziguangge-fuchangan-gk.webp,本库据史料题名、旗籍与像赞语气生成的乾隆宫廷功臣画像风格示意图,本库自制（CC BY 4.0 文本规则下的生成图；非原像）,据史料描述生成，非原像。不是紫光阁原轴、不是清宫摹本，不得当作相貌证据。,福长安（中枢/督抚）：沉香色公服展军报，持朱批匣，无刀枪。,骨架,福长安 户部尚书 廓尔喀前十五 廓尔喀之役 紫光阁
QH-ZG-0258,donggao-gk,董诰,,户部尚书,廓尔喀前十五,廓尔喀之役,8,平定廓尔喀十五功臣第8名。中枢与前敌须分开看。海兰察此条题「原任」，其人已卒于入图前后，待核传文。,未见御制赞回库,,未见本库已回的御制赞原文；位列据《日下旧闻考》转述及通行表，待核文集,据通行表，以「户部尚书」入廓尔喀前十五第8名。事迹须回该役方略、列传，本条只证位列，不编战史。,《日下旧闻考》转述及通行紫光阁功臣表；后出转写，待核原书卷页,生成,media/ziguangge-donggao-gk.webp,本库据史料题名、旗籍与像赞语气生成的乾隆宫廷功臣画像风格示意图,本库自制（CC BY 4.0 文本规则下的生成图；非原像）,据史料描述生成，非原像。不是紫光阁原轴、不是清宫摹本，不得当作相貌证据。,董诰（中枢/督抚）：石青仙鹤补服，持藏边驿路图，无刀枪。,骨架,董诰 户部尚书 廓尔喀前十五 廓尔喀之役 紫光阁
QH-ZG-0259,qinggui,庆桂,,兵部尚书,廓尔喀前十五,廓尔喀之役,9,平定廓尔喀十五功臣第9名。中枢与前敌须分开看。海兰察此条题「原任」，其人已卒于入图前后，待核传文。,未见御制赞回库,,未见本库已回的御制赞原文；位列据《日下旧闻考》转述及通行表，待核文集,据通行表，以「兵部尚书」入廓尔喀前十五第9名。事迹须回该役方略、列传，本条只证位列，不编战史。,《日下旧闻考》转述及通行紫光阁功臣表；后出转写，待核原书卷页,生成,media/ziguangge-qinggui.webp,本库据史料题名、旗籍与像赞语气生成的乾隆宫廷功臣画像风格示意图,本库自制（CC BY 4.0 文本规则下的生成图；非原像）,据史料描述生成，非原像。不是紫光阁原轴、不是清宫摹本，不得当作相貌证据。,庆桂（中枢/督抚）：绛褐补服捧奏匣，持金川碉卡图，无刀枪。,骨架,庆桂 兵部尚书 廓尔喀前十五 廓尔喀之役 紫光阁
QH-ZG-0260,helin,和琳,,工部尚书,廓尔喀前十五,廓尔喀之役,10,平定廓尔喀十五功臣第10名。中枢与前敌须分开看。海兰察此条题「原任」，其人已卒于入图前后，待核传文。,未见御制赞回库,,未见本库已回的御制赞原文；位列据《日下旧闻考》转述及通行表，待核文集,据通行表，以「工部尚书」入廓尔喀前十五第10名。事迹须回该役方略、列传，本条只证位列，不编战史。,《日下旧闻考》转述及通行紫光阁功臣表；后出转写，待核原书卷页,生成,media/ziguangge-helin.webp,本库据史料题名、旗籍与像赞语气生成的乾隆宫廷功臣画像风格示意图,本库自制（CC BY 4.0 文本规则下的生成图；非原像）,据史料描述生成，非原像。不是紫光阁原轴、不是清宫摹本，不得当作相貌证据。,和琳（中枢/督抚）：绀色蟒袍无甲，持藏边驿报，无刀枪。,骨架,和琳 工部尚书 廓尔喀前十五 廓尔喀之役 紫光阁
QH-ZG-0261,huiling,惠龄,,四川总督,廓尔喀前十五,廓尔喀之役,11,平定廓尔喀十五功臣第11名。中枢与前敌须分开看。海兰察此条题「原任」，其人已卒于入图前后，待核传文。,未见御制赞回库,,未见本库已回的御制赞原文；位列据《日下旧闻考》转述及通行表，待核文集,据通行表，以「四川总督」入廓尔喀前十五第11名。事迹须回该役方略、列传，本条只证位列，不编战史。,《日下旧闻考》转述及通行紫光阁功臣表；后出转写，待核原书卷页,生成,media/ziguangge-huiling.webp,本库据史料题名、旗籍与像赞语气生成的乾隆宫廷功臣画像风格示意图,本库自制（CC BY 4.0 文本规则下的生成图；非原像）,据史料描述生成，非原像。不是紫光阁原轴、不是清宫摹本，不得当作相貌证据。,惠龄（廓尔喀之役）：黑甲持令箭，远处仅留雪山色块不作风景画，高原装，不穿蓝龙袍拱手。,骨架,惠龄 四川总督 廓尔喀前十五 廓尔喀之役 紫光阁
QH-ZG-0262,taifeiyinga-gk,台斐英阿,,原任都统衔防军统领、喇布凯巴图鲁,廓尔喀前十五,廓尔喀之役,12,平定廓尔喀十五功臣第12名。中枢与前敌须分开看。海兰察此条题「原任」，其人已卒于入图前后，待核传文。,未见御制赞回库,,未见本库已回的御制赞原文；位列据《日下旧闻考》转述及通行表，待核文集,据通行表，以「原任都统衔防军统领、喇布凯巴图鲁」入廓尔喀前十五第12名。事迹须回该役方略、列传，本条只证位列，不编战史。,《日下旧闻考》转述及通行紫光阁功臣表；后出转写，待核原书卷页,生成,media/ziguangge-taifeiyinga-gk.webp,本库据史料题名、旗籍与像赞语气生成的乾隆宫廷功臣画像风格示意图,本库自制（CC BY 4.0 文本规则下的生成图；非原像）,据史料描述生成，非原像。不是紫光阁原轴、不是清宫摹本，不得当作相貌证据。,台斐英阿（廓尔喀之役）：灰白皮裘铁甲，拄登山杖兼矛，高原装，不穿蓝龙袍拱手。,骨架,台斐英阿 原任都统衔防军统领、喇布凯巴图鲁 廓尔喀前十五 廓尔喀之役 紫光阁
QH-ZG-0263,eldengbao-gk,额勒登保,,防军统领、和隆武巴图鲁,廓尔喀前十五,廓尔喀之役,13,平定廓尔喀十五功臣第13名。中枢与前敌须分开看。海兰察此条题「原任」，其人已卒于入图前后，待核传文。,未见御制赞回库,,未见本库已回的御制赞原文；位列据《日下旧闻考》转述及通行表，待核文集,据通行表，以「防军统领、和隆武巴图鲁」入廓尔喀前十五第13名。事迹须回该役方略、列传，本条只证位列，不编战史。,《日下旧闻考》转述及通行紫光阁功臣表；后出转写，待核原书卷页,生成,media/ziguangge-eldengbao-gk.webp,本库据史料题名、旗籍与像赞语气生成的乾隆宫廷功臣画像风格示意图,本库自制（CC BY 4.0 文本规则下的生成图；非原像）,据史料描述生成，非原像。不是紫光阁原轴、不是清宫摹本，不得当作相貌证据。,额勒登保（廓尔喀之役）：青铁甲开硬弓，靴裹毛毡，高原装，不穿蓝龙袍拱手。,骨架,额勒登保 防军统领、和隆武巴图鲁 廓尔喀前十五 廓尔喀之役 紫光阁
QH-ZG-0264,amantai-gk,阿满泰,,原任副都统、扎弩巴图鲁,廓尔喀前十五,廓尔喀之役,14,平定廓尔喀十五功臣第14名。中枢与前敌须分开看。海兰察此条题「原任」，其人已卒于入图前后，待核传文。,未见御制赞回库,,未见本库已回的御制赞原文；位列据《日下旧闻考》转述及通行表，待核文集,据通行表，以「原任副都统、扎弩巴图鲁」入廓尔喀前十五第14名。事迹须回该役方略、列传，本条只证位列，不编战史。,《日下旧闻考》转述及通行紫光阁功臣表；后出转写，待核原书卷页,生成,media/ziguangge-amantai-gk.webp,本库据史料题名、旗籍与像赞语气生成的乾隆宫廷功臣画像风格示意图,本库自制（CC BY 4.0 文本规则下的生成图；非原像）,据史料描述生成，非原像。不是紫光阁原轴、不是清宫摹本，不得当作相貌证据。,阿满泰（廓尔喀之役）：褐甲双手持火绳枪，对高原风雪，高原装，不穿蓝龙袍拱手。,骨架,阿满泰 原任副都统、扎弩巴图鲁 廓尔喀前十五 廓尔喀之役 紫光阁
QH-ZG-0265,chengde-gk,成德,,副都统衔驻扎西藏协办事务大臣、赛尚阿巴图鲁,廓尔喀前十五,廓尔喀之役,15,平定廓尔喀十五功臣第15名。中枢与前敌须分开看。海兰察此条题「原任」，其人已卒于入图前后，待核传文。,未见御制赞回库,,未见本库已回的御制赞原文；位列据《日下旧闻考》转述及通行表，待核文集,据通行表，以「副都统衔驻扎西藏协办事务大臣、赛尚阿巴图鲁」入廓尔喀前十五第15名。事迹须回该役方略、列传，本条只证位列，不编战史。,《日下旧闻考》转述及通行紫光阁功臣表；后出转写，待核原书卷页,生成,media/ziguangge-chengde-gk.webp,本库据史料题名、旗籍与像赞语气生成的乾隆宫廷功臣画像风格示意图,本库自制（CC BY 4.0 文本规则下的生成图；非原像）,据史料描述生成，非原像。不是紫光阁原轴、不是清宫摹本，不得当作相貌证据。,成德（廓尔喀之役）：红缨胄提雁翎刀，肩披氆氇，高原装，不穿蓝龙袍拱手。,骨架,成德 副都统衔驻扎西藏协办事务大臣、赛尚阿巴图鲁 廓尔喀前十五 廓尔喀之役 紫光阁
QH-ZG-0266,pengchengyao,彭承尧,,四川总督,廓尔喀后十五,廓尔喀之役,1,平定廓尔喀后十五功臣第1名。儒臣拟赞未回库。,儒臣代撰（原文未回库）,,未见本库已回的御制赞原文；位列据《日下旧闻考》转述及通行表，待核文集,据通行表，以「四川总督」入廓尔喀后十五第1名。事迹须回该役方略、列传，本条只证位列，不编战史。,《日下旧闻考》转述及通行紫光阁功臣表；后出转写，待核原书卷页,生成,media/ziguangge-pengchengyao.webp,本库据史料题名、旗籍与像赞语气生成的乾隆宫廷功臣画像风格示意图,本库自制（CC BY 4.0 文本规则下的生成图；非原像）,据史料描述生成，非原像。不是紫光阁原轴、不是清宫摹本，不得当作相貌证据。,彭承尧（中枢/督抚）：石青补服持高原粮台册，无甲无弓。,骨架,彭承尧 四川总督 廓尔喀后十五 廓尔喀之役 紫光阁
QH-ZG-0267,daisenbao-gk,岱森保,,副都统、布隆巴图鲁,廓尔喀后十五,廓尔喀之役,2,平定廓尔喀后十五功臣第2名。儒臣拟赞未回库。,儒臣代撰（原文未回库）,,未见本库已回的御制赞原文；位列据《日下旧闻考》转述及通行表，待核文集,据通行表，以「副都统、布隆巴图鲁」入廓尔喀后十五第2名。事迹须回该役方略、列传，本条只证位列，不编战史。,《日下旧闻考》转述及通行紫光阁功臣表；后出转写，待核原书卷页,生成,media/ziguangge-daisenbao-gk.webp,本库据史料题名、旗籍与像赞语气生成的乾隆宫廷功臣画像风格示意图,本库自制（CC BY 4.0 文本规则下的生成图；非原像）,据史料描述生成，非原像。不是紫光阁原轴、不是清宫摹本，不得当作相貌证据。,岱森保（廓尔喀之役）：褐甲双手持火绳枪，对高原风雪，高原装，不穿蓝龙袍拱手。,骨架,岱森保 副都统、布隆巴图鲁 廓尔喀后十五 廓尔喀之役 紫光阁
QH-ZG-0268,wushihada-gk,乌什哈达,,副都统、法福礼巴图鲁,廓尔喀后十五,廓尔喀之役,3,平定廓尔喀后十五功臣第3名。儒臣拟赞未回库。,儒臣代撰（原文未回库）,,未见本库已回的御制赞原文；位列据《日下旧闻考》转述及通行表，待核文集,据通行表，以「副都统、法福礼巴图鲁」入廓尔喀后十五第3名。事迹须回该役方略、列传，本条只证位列，不编战史。,《日下旧闻考》转述及通行紫光阁功臣表；后出转写，待核原书卷页,生成,media/ziguangge-wushihada-gk.webp,本库据史料题名、旗籍与像赞语气生成的乾隆宫廷功臣画像风格示意图,本库自制（CC BY 4.0 文本规则下的生成图；非原像）,据史料描述生成，非原像。不是紫光阁原轴、不是清宫摹本，不得当作相貌证据。,乌什哈达（廓尔喀之役）：红缨胄提雁翎刀，肩披氆氇，高原装，不穿蓝龙袍拱手。,骨架,乌什哈达 副都统、法福礼巴图鲁 廓尔喀后十五 廓尔喀之役 紫光阁
QH-ZG-0269,delengtai,德楞泰,,副都统、锡阿朗巴图鲁,廓尔喀后十五,廓尔喀之役,4,平定廓尔喀后十五功臣第4名。儒臣拟赞未回库。,儒臣代撰（原文未回库）,,未见本库已回的御制赞原文；位列据《日下旧闻考》转述及通行表，待核文集,据通行表，以「副都统、锡阿朗巴图鲁」入廓尔喀后十五第4名。事迹须回该役方略、列传，本条只证位列，不编战史。,《日下旧闻考》转述及通行紫光阁功臣表；后出转写，待核原书卷页,生成,media/ziguangge-delengtai.webp,本库据史料题名、旗籍与像赞语气生成的乾隆宫廷功臣画像风格示意图,本库自制（CC BY 4.0 文本规则下的生成图；非原像）,据史料描述生成，非原像。不是紫光阁原轴、不是清宫摹本，不得当作相貌证据。,德楞泰（廓尔喀之役）：半卸甲捧军书匣，冻裂唇色，高原装，不穿蓝龙袍拱手。,骨架,德楞泰 副都统、锡阿朗巴图鲁 廓尔喀后十五 廓尔喀之役 紫光阁
QH-ZG-0270,zhuerhanga,珠尔杭阿,,副都统、锡利巴图鲁,廓尔喀后十五,廓尔喀之役,5,平定廓尔喀后十五功臣第5名。儒臣拟赞未回库。,儒臣代撰（原文未回库）,,未见本库已回的御制赞原文；位列据《日下旧闻考》转述及通行表，待核文集,据通行表，以「副都统、锡利巴图鲁」入廓尔喀后十五第5名。事迹须回该役方略、列传，本条只证位列，不编战史。,《日下旧闻考》转述及通行紫光阁功臣表；后出转写，待核原书卷页,生成,media/ziguangge-zhuerhanga.webp,本库据史料题名、旗籍与像赞语气生成的乾隆宫廷功臣画像风格示意图,本库自制（CC BY 4.0 文本规则下的生成图；非原像）,据史料描述生成，非原像。不是紫光阁原轴、不是清宫摹本，不得当作相貌证据。,珠尔杭阿（廓尔喀之役）：黑甲持令箭，远处仅留雪山色块不作风景画，高原装，不穿蓝龙袍拱手。,骨架,珠尔杭阿 副都统、锡利巴图鲁 廓尔喀后十五 廓尔喀之役 紫光阁
QH-ZG-0271,wengguerhai,翁果尔海,,副都统、额腾额巴图鲁,廓尔喀后十五,廓尔喀之役,6,平定廓尔喀后十五功臣第6名。儒臣拟赞未回库。,儒臣代撰（原文未回库）,,未见本库已回的御制赞原文；位列据《日下旧闻考》转述及通行表，待核文集,据通行表，以「副都统、额腾额巴图鲁」入廓尔喀后十五第6名。事迹须回该役方略、列传，本条只证位列，不编战史。,《日下旧闻考》转述及通行紫光阁功臣表；后出转写，待核原书卷页,生成,media/ziguangge-wengguerhai.webp,本库据史料题名、旗籍与像赞语气生成的乾隆宫廷功臣画像风格示意图,本库自制（CC BY 4.0 文本规则下的生成图；非原像）,据史料描述生成，非原像。不是紫光阁原轴、不是清宫摹本，不得当作相貌证据。,翁果尔海（廓尔喀之役）：灰白皮裘铁甲，拄登山杖兼矛，高原装，不穿蓝龙袍拱手。,骨架,翁果尔海 副都统、额腾额巴图鲁 廓尔喀后十五 廓尔喀之役 紫光阁
QH-ZG-0272,zhesenbao,哲森保,,原任副都统衔、法福礼巴图鲁,廓尔喀后十五,廓尔喀之役,7,平定廓尔喀后十五功臣第7名。儒臣拟赞未回库。,儒臣代撰（原文未回库）,,未见本库已回的御制赞原文；位列据《日下旧闻考》转述及通行表，待核文集,据通行表，以「原任副都统衔、法福礼巴图鲁」入廓尔喀后十五第7名。事迹须回该役方略、列传，本条只证位列，不编战史。,《日下旧闻考》转述及通行紫光阁功臣表；后出转写，待核原书卷页,生成,media/ziguangge-zhesenbao.webp,本库据史料题名、旗籍与像赞语气生成的乾隆宫廷功臣画像风格示意图,本库自制（CC BY 4.0 文本规则下的生成图；非原像）,据史料描述生成，非原像。不是紫光阁原轴、不是清宫摹本，不得当作相貌证据。,哲森保（廓尔喀之役）：青铁甲开硬弓，靴裹毛毡，高原装，不穿蓝龙袍拱手。,骨架,哲森保 原任副都统衔、法福礼巴图鲁 廓尔喀后十五 廓尔喀之役 紫光阁
QH-ZG-0273,amurta-gk,阿穆尔塔,,副都统衔、能登额巴图鲁,廓尔喀后十五,廓尔喀之役,8,平定廓尔喀后十五功臣第8名。儒臣拟赞未回库。,儒臣代撰（原文未回库）,,未见本库已回的御制赞原文；位列据《日下旧闻考》转述及通行表，待核文集,据通行表，以「副都统衔、能登额巴图鲁」入廓尔喀后十五第8名。事迹须回该役方略、列传，本条只证位列，不编战史。,《日下旧闻考》转述及通行紫光阁功臣表；后出转写，待核原书卷页,生成,media/ziguangge-amurta-gk.webp,本库据史料题名、旗籍与像赞语气生成的乾隆宫廷功臣画像风格示意图,本库自制（CC BY 4.0 文本规则下的生成图；非原像）,据史料描述生成，非原像。不是紫光阁原轴、不是清宫摹本，不得当作相貌证据。,阿穆尔塔（廓尔喀之役）：褐甲双手持火绳枪，对高原风雪，高原装，不穿蓝龙袍拱手。,骨架,阿穆尔塔 副都统衔、能登额巴图鲁 廓尔喀后十五 廓尔喀之役 紫光阁
QH-ZG-0274,mutaer-gk,木塔尔,,副都统衔四川土守备、赞巴巴图鲁,廓尔喀后十五,廓尔喀之役,9,平定廓尔喀后十五功臣第9名。儒臣拟赞未回库。,儒臣代撰（原文未回库）,,未见本库已回的御制赞原文；位列据《日下旧闻考》转述及通行表，待核文集,据通行表，以「副都统衔四川土守备、赞巴巴图鲁」入廓尔喀后十五第9名。事迹须回该役方略、列传，本条只证位列，不编战史。,《日下旧闻考》转述及通行紫光阁功臣表；后出转写，待核原书卷页,生成,media/ziguangge-mutaer-gk.webp,本库据史料题名、旗籍与像赞语气生成的乾隆宫廷功臣画像风格示意图,本库自制（CC BY 4.0 文本规则下的生成图；非原像）,据史料描述生成，非原像。不是紫光阁原轴、不是清宫摹本，不得当作相貌证据。,木塔尔（廓尔喀土司/屯练）：藤帽短甲蹲验火药，不穿满洲朝珠套装。,骨架,木塔尔 副都统衔四川土守备、赞巴巴图鲁 廓尔喀后十五 廓尔喀之役 紫光阁
QH-ZG-0275,yuanguohuang-gk,袁国璜,,四川重庆镇总兵、博齐巴图鲁,廓尔喀后十五,廓尔喀之役,10,平定廓尔喀后十五功臣第10名。儒臣拟赞未回库。,儒臣代撰（原文未回库）,,未见本库已回的御制赞原文；位列据《日下旧闻考》转述及通行表，待核文集,据通行表，以「四川重庆镇总兵、博齐巴图鲁」入廓尔喀后十五第10名。事迹须回该役方略、列传，本条只证位列，不编战史。,《日下旧闻考》转述及通行紫光阁功臣表；后出转写，待核原书卷页,生成,media/ziguangge-yuanguohuang-gk.webp,本库据史料题名、旗籍与像赞语气生成的乾隆宫廷功臣画像风格示意图,本库自制（CC BY 4.0 文本规则下的生成图；非原像）,据史料描述生成，非原像。不是紫光阁原轴、不是清宫摹本，不得当作相貌证据。,袁国璜（廓尔喀之役）：半卸甲捧军书匣，冻裂唇色，高原装，不穿蓝龙袍拱手。,骨架,袁国璜 四川重庆镇总兵、博齐巴图鲁 廓尔喀后十五 廓尔喀之役 紫光阁
QH-ZG-0276,mukedenga-gk,穆克登阿,,四川建昌镇芬图哩巴图鲁总兵,廓尔喀后十五,廓尔喀之役,11,平定廓尔喀后十五功臣第11名。儒臣拟赞未回库。,儒臣代撰（原文未回库）,,未见本库已回的御制赞原文；位列据《日下旧闻考》转述及通行表，待核文集,据通行表，以「四川建昌镇芬图哩巴图鲁总兵」入廓尔喀后十五第11名。事迹须回该役方略、列传，本条只证位列，不编战史。,《日下旧闻考》转述及通行紫光阁功臣表；后出转写，待核原书卷页,生成,media/ziguangge-mukedenga-gk.webp,本库据史料题名、旗籍与像赞语气生成的乾隆宫廷功臣画像风格示意图,本库自制（CC BY 4.0 文本规则下的生成图；非原像）,据史料描述生成，非原像。不是紫光阁原轴、不是清宫摹本，不得当作相貌证据。,穆克登阿（廓尔喀之役）：黑甲持令箭，远处仅留雪山色块不作风景画，高原装，不穿蓝龙袍拱手。,骨架,穆克登阿 四川建昌镇芬图哩巴图鲁总兵 廓尔喀后十五 廓尔喀之役 紫光阁
QH-ZG-0277,zhangzhiyuan-gk,张芝元,,原任四川松潘镇总兵、扎敦巴巴图鲁,廓尔喀后十五,廓尔喀之役,12,平定廓尔喀后十五功臣第12名。儒臣拟赞未回库。,儒臣代撰（原文未回库）,,未见本库已回的御制赞原文；位列据《日下旧闻考》转述及通行表，待核文集,据通行表，以「原任四川松潘镇总兵、扎敦巴巴图鲁」入廓尔喀后十五第12名。事迹须回该役方略、列传，本条只证位列，不编战史。,《日下旧闻考》转述及通行紫光阁功臣表；后出转写，待核原书卷页,生成,media/ziguangge-zhangzhiyuan-gk.webp,本库据史料题名、旗籍与像赞语气生成的乾隆宫廷功臣画像风格示意图,本库自制（CC BY 4.0 文本规则下的生成图；非原像）,据史料描述生成，非原像。不是紫光阁原轴、不是清宫摹本，不得当作相貌证据。,张芝元（廓尔喀之役）：灰白皮裘铁甲，拄登山杖兼矛，高原装，不穿蓝龙袍拱手。,骨架,张芝元 原任四川松潘镇总兵、扎敦巴巴图鲁 廓尔喀后十五 廓尔喀之役 紫光阁
QH-ZG-0278,mutaier-gk,木泰尔,,原任副将衔四川土都司、宁多布巴图鲁,廓尔喀后十五,廓尔喀之役,13,平定廓尔喀后十五功臣第13名。儒臣拟赞未回库。,儒臣代撰（原文未回库）,,未见本库已回的御制赞原文；位列据《日下旧闻考》转述及通行表，待核文集,据通行表，以「原任副将衔四川土都司、宁多布巴图鲁」入廓尔喀后十五第13名。事迹须回该役方略、列传，本条只证位列，不编战史。,《日下旧闻考》转述及通行紫光阁功臣表；后出转写，待核原书卷页,生成,media/ziguangge-mutaier-gk.webp,本库据史料题名、旗籍与像赞语气生成的乾隆宫廷功臣画像风格示意图,本库自制（CC BY 4.0 文本规则下的生成图；非原像）,据史料描述生成，非原像。不是紫光阁原轴、不是清宫摹本，不得当作相貌证据。,木泰尔（廓尔喀土司/屯练）：青稞皮袍捧清廷赐翎，不穿满洲朝珠套装。,骨架,木泰尔 原任副将衔四川土都司、宁多布巴图鲁 廓尔喀后十五 廓尔喀之役 紫光阁
QH-ZG-0279,moergenbao,莫尔根保,,原任二等侍卫,廓尔喀后十五,廓尔喀之役,14,平定廓尔喀后十五功臣第14名。儒臣拟赞未回库。,儒臣代撰（原文未回库）,,未见本库已回的御制赞原文；位列据《日下旧闻考》转述及通行表，待核文集,据通行表，以「原任二等侍卫」入廓尔喀后十五第14名。事迹须回该役方略、列传，本条只证位列，不编战史。,《日下旧闻考》转述及通行紫光阁功臣表；后出转写，待核原书卷页,生成,media/ziguangge-moergenbao.webp,本库据史料题名、旗籍与像赞语气生成的乾隆宫廷功臣画像风格示意图,本库自制（CC BY 4.0 文本规则下的生成图；非原像）,据史料描述生成，非原像。不是紫光阁原轴、不是清宫摹本，不得当作相貌证据。,莫尔根保（廓尔喀之役）：褐甲双手持火绳枪，对高原风雪，高原装，不穿蓝龙袍拱手。,骨架,莫尔根保 原任二等侍卫 廓尔喀后十五 廓尔喀之役 紫光阁
QH-ZG-0280,dayintai,达音泰,,甘肃副将、乌尔固额济巴图鲁,廓尔喀后十五,廓尔喀之役,15,平定廓尔喀后十五功臣第15名。儒臣拟赞未回库。,儒臣代撰（原文未回库）,,未见本库已回的御制赞原文；位列据《日下旧闻考》转述及通行表，待核文集,据通行表，以「甘肃副将、乌尔固额济巴图鲁」入廓尔喀后十五第15名。事迹须回该役方略、列传，本条只证位列，不编战史。,《日下旧闻考》转述及通行紫光阁功臣表；后出转写，待核原书卷页,生成,media/ziguangge-dayintai.webp,本库据史料题名、旗籍与像赞语气生成的乾隆宫廷功臣画像风格示意图,本库自制（CC BY 4.0 文本规则下的生成图；非原像）,据史料描述生成，非原像。不是紫光阁原轴、不是清宫摹本，不得当作相貌证据。,达音泰（廓尔喀之役）：红缨胄提雁翎刀，肩披氆氇，高原装，不穿蓝龙袍拱手。,骨架,达音泰 甘肃副将、乌尔固额济巴图鲁 廓尔喀后十五 廓尔喀之役 紫光阁
